# Exported NavMesh for DX12 Server
# Coordinate System: Y-up, Left-Handed, 1 unit = 1m

v -98.799995 5.330000 187.720001
v -98.799995 5.330000 182.589996
v -101.079994 5.330000 180.119995
v -102.790001 5.330000 179.929993
v -103.360001 5.330000 179.360001
v -103.360001 5.730000 178.409988
v -105.070000 5.330000 179.360001
v -106.779999 5.330000 179.360001
v -106.970001 5.730000 178.599991
v -106.399994 5.930000 178.409988
v -106.779999 6.030000 177.839996
v -107.349998 5.930000 177.839996
v -107.729996 5.330000 178.409988
v -108.680000 5.330000 178.029999
v -108.680000 5.330000 184.869995
v -106.399994 5.330000 187.720001
v -107.919998 5.330000 187.720001
v -108.680000 5.330000 186.580002
v -108.680000 5.330000 187.720001
v -101.459999 5.330000 177.839996
v -102.029999 5.330000 177.839996
v -102.409996 5.330000 178.220001
v -101.650002 5.330000 178.220001
f 9 10 11 12 13
f 2 3 4
f 4 8 15 16 1 2
f 8 9 13
f 5 6 7
f 8 13 14 15
f 4 5 7
f 4 7 8
f 17 18 19
f 21 22 23 20
v -108.680000 5.130000 128.440002
v -108.680000 5.130000 122.360001
v -112.479996 5.130000 122.360001
v -112.669998 5.130000 124.639999
v -112.099998 5.130000 124.829994
v -112.099998 5.130000 128.059998
v -112.669998 5.130000 128.440002
v -115.709999 5.130000 128.250000
v -115.899994 5.130000 127.680000
v -118.559998 5.130000 127.680000
v -118.559998 5.130000 128.440002
v -115.139999 5.130000 128.440002
v -115.899994 5.330000 125.399994
v -115.709999 5.330000 124.639999
v -114.949997 5.330000 124.639999
v -114.949997 5.330000 123.500000
v -115.519997 5.330000 123.119995
v -115.329994 5.330000 121.979996
v -112.669998 5.130000 121.979996
v -108.680000 5.130000 118.559998
v -112.669998 5.130000 118.559998
v -112.669998 5.130000 119.699997
v -115.329994 5.330000 119.699997
v -115.329994 5.330000 118.559998
v -116.659996 5.330000 118.559998
v -115.899994 5.330000 119.509995
v -116.279999 5.330000 120.649994
v -117.610001 5.330000 120.649994
v -118.559998 5.330000 119.509995
v -118.559998 5.330000 122.360001
v -117.610001 5.330000 121.219994
v -116.279999 5.330000 121.219994
v -115.899994 5.330000 121.599998
v -115.899994 5.330000 122.549995
v -116.469994 5.330000 122.739998
v -117.419998 5.330000 124.070000
v -118.559998 5.330000 124.449997
v -118.559998 5.330000 125.399994
f 26 27 28 25
f 29 30 24
f 24 25 28 29
f 32 33 34 31
f 31 34 35
f 47 48 49 46
f 45 42 26
f 46 49 50
f 37 38 39 40 58 59
f 57 58 40
f 59 60 61 36 37
f 51 52 53 54
f 41 56 57 40
f 50 51 54 55
f 44 45 26 25 43
f 50 55 56
f 46 50 56 41 42 45
v -101.269997 5.130000 137.750000
v -100.320000 5.630000 137.750000
v -100.129997 5.130000 135.849991
v -101.459999 5.130000 136.039993
v -102.599998 5.130000 138.319992
v -101.650002 5.130000 138.319992
v -104.119995 5.130000 138.319992
v -104.119995 5.130000 137.559998
v -102.979996 5.130000 135.849991
v -105.070000 5.130000 136.039993
v -104.879997 5.130000 138.319992
v -106.209999 5.230000 137.750000
v -106.399994 5.730000 136.229996
v -107.159996 5.730000 136.610001
v -106.970001 5.230000 137.559998
v -107.540001 5.230000 138.129990
v -108.680000 5.230000 137.940002
v -108.680000 5.230000 138.319992
v -106.589996 5.230000 138.319992
v -107.919998 5.230000 136.039993
v -107.919998 5.230000 135.660004
v -108.680000 5.230000 135.660004
v -108.680000 5.230000 136.610001
v -106.779999 5.130000 133.759995
v -106.779999 5.130000 132.429993
v -106.019997 5.130000 132.239990
v -106.019997 5.130000 128.440002
v -108.680000 5.130000 128.440002
v -108.680000 5.130000 134.139999
v -107.159996 5.130000 134.139999
v -98.799995 5.330000 132.809998
v -98.799995 5.330000 128.440002
v -103.549995 5.330000 128.440002
v -103.549995 5.330000 132.239990
v -103.169998 5.330000 132.809998
f 66 67 62 65
f 63 64 65 62
f 72 68 69
f 69 70 71 72
f 77 78 79 80
f 74 75 76 73
f 76 77 80 73
f 81 82 83 84
f 91 85 86
f 90 91 86 88 89
f 86 87 88
f 94 95 96 92 93
v -148.199997 5.330000 128.440002
v -148.199997 5.330000 123.689995
v -149.339996 5.330000 123.689995
v -149.720001 5.330000 124.449997
v -150.669998 5.330000 124.070000
v -154.470001 5.330000 124.829994
v -154.470001 5.330000 125.399994
v -154.089996 5.330000 125.779999
v -154.089996 5.330000 126.729996
v -154.849991 5.330000 127.110001
v -154.849991 5.330000 127.680000
v -154.279999 5.330000 127.869995
v -154.279999 5.330000 128.440002
v -155.610001 5.330000 128.440002
v -155.419998 5.330000 127.680000
v -155.610001 5.330000 126.919998
v -155.610001 5.330000 125.779999
v -154.470001 5.330000 121.599998
v -155.800003 5.330000 121.599998
v -155.800003 5.330000 120.459999
v -155.039993 5.330000 120.269997
v -155.039993 5.330000 118.559998
v -158.080002 5.330000 118.559998
v -158.080002 5.330000 120.459999
v -157.129990 5.330000 120.649994
v -157.129990 5.330000 121.409996
v -158.080002 5.330000 121.599998
v -158.080002 5.330000 128.440002
v -150.479996 5.330000 123.119995
v -149.720001 5.330000 123.119995
v -148.199997 5.330000 118.559998
v -154.470001 5.330000 120.459999
f 106 107 108 105
f 102 103 104 101
f 101 104 105
f 98 99 100 97
f 105 108 109 97 100 101
f 111 107 106 112
f 102 114 115 113
f 113 103 102
f 110 111 112 124
f 116 117 118 119 120 121
f 121 122 115 116
f 123 124 112 113 115 122
f 126 99 98 127
f 118 117 128
f 102 101 125 114
f 125 126 127 118 128
f 128 114 125
v -167.959991 5.530000 167.959991
v -167.959991 5.530000 167.199997
v -167.959991 5.530000 166.250000
v -167.959991 5.530000 164.919998
v -168.720001 5.530000 164.539993
v -170.429993 5.530000 165.869995
v -170.050003 5.530000 166.819992
v -170.429993 5.530000 167.009995
v -170.429993 5.530000 167.769989
v -169.860001 5.530000 167.959991
v -173.279999 5.330000 167.199997
v -173.849991 5.330000 167.199997
v -174.610001 5.330000 166.440002
v -174.989990 5.330000 165.110001
v -173.849991 5.330000 163.970001
v -172.709991 5.330000 164.160004
v -169.479996 5.330000 161.500000
v -168.910004 5.330000 160.929993
v -169.099991 5.330000 159.789993
v -168.149994 5.330000 159.220001
v -170.809998 5.330000 158.649994
v -171.000000 5.330000 159.410004
v -172.139999 5.330000 159.410004
v -172.139999 5.330000 158.080002
v -175.750000 5.330000 158.080002
v -175.179993 5.330000 163.970001
v -175.559998 5.330000 164.349991
v -176.889999 5.330000 164.349991
v -176.889999 5.330000 165.300003
v -177.839996 5.330000 165.679993
v -177.839996 5.330000 167.580002
v -176.889999 5.330000 167.959991
v -174.039993 5.330000 167.959991
v -167.959991 5.530000 162.639999
v -167.959991 5.530000 162.449997
v -168.339996 5.530000 162.449997
v -168.339996 5.930000 163.019989
v -169.289993 5.930000 163.399994
v -169.289993 5.930000 163.779999
v -168.339996 5.930000 163.779999
v -176.889999 5.330000 162.830002
v -177.080002 5.330000 158.080002
v -177.839996 5.330000 158.080002
v -177.839996 5.330000 162.830002
f 135 136 137 138 129 130
f 135 130 131 133 134
f 131 132 133
f 161 139 140
f 161 140 141
f 155 156 157 141 142
f 145 146 147
f 147 148 149 150
f 143 151 152 153 154 142
f 157 158 159 160 161 141
f 145 147 150 151 143 144
f 154 155 142
f 162 163 164 165
f 166 167 168 165
f 168 162 165
f 170 171 172 169
v -168.720001 5.330000 157.509995
v -168.720001 5.330000 157.129990
v -169.479996 5.330000 156.750000
v -169.860001 5.330000 156.750000
v -170.050003 5.330000 157.319992
v -170.050003 5.330000 157.699997
v -169.099991 5.330000 158.080002
v -171.190002 5.330000 158.080002
v -170.809998 5.330000 155.989990
v -173.470001 5.330000 155.800003
v -176.509995 5.330000 154.660004
v -177.839996 5.330000 154.849991
v -177.839996 5.330000 155.989990
v -175.940002 5.330000 155.800003
v -175.559998 5.330000 156.179993
v -175.750000 5.330000 158.080002
v -172.139999 5.330000 158.080002
v -177.269989 5.330000 157.319992
v -177.839996 5.330000 157.509995
v -177.839996 5.330000 158.080002
v -177.080002 5.330000 158.080002
v -167.959991 5.330000 156.179993
v -167.959991 5.330000 152.949997
v -170.050003 5.330000 151.619995
v -170.429993 5.330000 151.619995
v -170.809998 5.330000 152.379990
v -171.759995 5.330000 152.379990
v -172.139999 5.330000 151.239990
v -175.179993 5.330000 150.860001
v -175.179993 5.330000 149.529999
v -175.559998 5.330000 149.529999
v -175.750000 5.330000 150.860001
v -177.839996 5.330000 150.669998
v -177.839996 5.330000 153.709991
v -176.129990 5.330000 153.519989
v -173.089996 5.330000 154.660004
v -171.000000 5.330000 154.849991
v -170.429993 5.330000 155.610001
v -167.959991 5.330000 151.429993
v -167.959991 5.330000 148.199997
v -169.669998 5.330000 148.199997
v -169.669998 5.330000 149.910004
v -171.379990 5.330000 149.910004
v -171.379990 5.330000 150.289993
v -169.479996 5.330000 150.479996
f 175 176 177
f 179 173 174 175 177 178
f 183 184 185 186
f 189 181 182 187 188
f 183 186 187 182
f 189 180 181
f 190 191 192 193
f 196 197 198
f 201 202 203 204
f 199 208 209 198
f 195 196 198 209 210 194
f 207 208 199 200 201 204
f 205 206 207 204
f 214 215 216 217
f 213 214 217 211 212
v -160.739990 5.330000 187.339996
v -160.739990 5.330000 185.819992
v -159.410004 5.430000 185.629990
v -159.220001 5.430000 186.769989
v -158.080002 5.430000 186.580002
v -158.080002 5.430000 184.869995
v -161.119995 5.330000 185.059998
v -161.309998 5.330000 184.110001
v -161.690002 5.330000 183.919998
v -162.069992 5.330000 184.679993
v -164.160004 5.330000 184.489990
v -165.489990 5.330000 183.919998
v -165.679993 5.330000 184.869995
v -165.300003 5.330000 185.059998
v -165.300003 5.330000 186.199997
v -165.679993 5.530000 187.149994
v -166.629990 5.530000 187.339996
v -167.959991 5.530000 186.959991
v -167.959991 5.530000 187.720001
v -164.729996 5.330000 187.720001
v -164.349991 5.330000 187.339996
v -163.589996 5.330000 187.529999
v -162.259995 5.330000 186.009995
v -161.500000 5.330000 186.009995
v -161.309998 5.330000 186.959991
v -162.069992 5.330000 187.720001
v -161.309998 5.330000 187.720001
v -161.879990 5.330000 183.729996
v -161.879990 5.330000 182.970001
v -163.779999 5.330000 183.159988
v -158.080002 5.430000 183.539993
v -158.080002 5.430000 181.259995
v -159.220001 5.430000 181.449997
v -158.649994 5.430000 181.830002
v -158.649994 5.430000 182.589996
v -159.410004 5.730000 182.970001
v -158.649994 5.430000 182.970001
v -158.459991 5.430000 183.539993
v -164.919998 5.330000 179.169998
v -162.830002 5.330000 178.599991
v -162.449997 5.330000 177.839996
v -167.959991 5.330000 177.839996
v -167.769989 5.330000 179.169998
v -165.869995 5.330000 182.209991
v -164.349991 5.330000 182.970001
v -167.580002 5.330000 182.209991
v -167.959991 5.330000 181.449997
v -167.959991 5.330000 182.589996
v -161.879990 5.330000 181.639999
v -162.069992 5.330000 180.119995
v -163.399994 5.330000 180.119995
v -163.209991 5.330000 181.830002
f 242 243 244 218
f 220 223 224 219
f 225 226 227 224
f 228 231 232
f 229 230 231 228
f 234 236 237 233
f 242 218 219 241
f 232 238 239 240 227 228
f 234 235 236
f 240 241 219 224 227
f 220 221 222 223
f 238 232 233 237
f 245 246 247
f 252 253 254
f 249 250 251
f 254 255 248 252
f 249 251 252 248
f 256 257 258 259 260
f 261 262 256 260
f 263 264 265
f 267 268 269 266
v -118.559998 5.330000 197.599991
v -118.559998 5.330000 187.720001
v -122.739998 5.330000 187.720001
v -122.930000 5.330000 188.289993
v -123.500000 5.330000 188.289993
v -123.689995 5.330000 197.599991
v -125.969994 5.330000 197.599991
v -126.349998 5.330000 197.029999
v -126.349998 5.330000 195.129990
v -125.969994 5.330000 194.940002
v -125.969994 5.330000 188.289993
v -126.349998 5.330000 187.720001
v -127.299995 5.330000 187.720001
v -127.680000 5.330000 193.419998
v -127.489998 5.330000 197.599991
f 271 272 273 275 270
f 273 274 275
f 284 276 277
f 280 281 282 283 278 279
f 284 277 278 283
v -158.080002 5.330000 138.319992
v -158.080002 5.330000 131.860001
v -163.970001 5.330000 132.050003
v -163.970001 5.330000 132.809998
v -165.110001 5.330000 133.190002
v -165.489990 5.330000 132.050003
v -164.539993 5.330000 131.669998
v -164.729996 5.330000 130.910004
v -165.489990 5.330000 130.720001
v -165.489990 5.330000 129.580002
v -164.729996 5.330000 129.199997
v -164.729996 5.330000 128.440002
v -167.959991 5.330000 128.440002
v -167.959991 5.330000 138.319992
v -158.080002 5.330000 128.440002
v -163.970001 5.330000 129.580002
v -163.970001 5.330000 130.720001
f 291 292 293 290
f 288 289 298 285 286
f 294 295 296 297
f 286 287 288
f 293 294 297
f 290 293 297
f 289 290 297 298
f 301 292 291 287 286
f 286 299 300 301
f 296 295 300 299
v -138.319992 5.330000 197.599991
v -138.319992 5.330000 195.319992
v -138.699997 5.330000 195.319992
v -139.080002 5.330000 197.599991
v -140.029999 5.930000 197.599991
v -140.029999 5.930000 196.269989
v -140.410004 5.930000 195.889999
v -140.789993 5.930000 196.080002
v -140.979996 5.930000 197.599991
v -141.929993 5.330000 197.599991
v -141.739990 5.330000 195.699997
v -141.169998 5.330000 194.940002
v -139.839996 5.330000 195.129990
v -139.459991 5.330000 194.369995
v -138.319992 5.330000 193.989990
v -138.319992 5.330000 193.039993
v -139.649994 5.330000 193.419998
v -140.029999 5.330000 192.470001
v -140.979996 5.330000 192.659988
v -141.360001 5.330000 192.089996
v -141.169998 5.330000 190.949997
v -139.649994 5.330000 190.569992
v -139.649994 5.330000 188.669998
v -140.029999 5.330000 187.720001
v -143.830002 5.330000 187.720001
v -142.879990 5.330000 190.949997
v -142.879990 5.330000 193.989990
v -144.779999 5.330000 197.599991
v -147.059998 5.330000 196.459991
v -146.679993 5.330000 196.080002
v -145.349991 5.330000 196.080002
v -144.020004 5.330000 193.419998
v -144.020004 5.330000 191.330002
v -145.160004 5.330000 187.720001
v -148.199997 5.330000 187.720001
v -148.199997 5.330000 197.599991
v -146.869995 5.330000 197.599991
f 302 303 304 305
f 307 308 309 310 306
f 316 317 318 315
f 322 323 324 325 326 327
f 318 319 320 313 314 315
f 313 320 321 327 328 312
f 329 311 312 328
f 327 321 322
f 337 338 330
f 331 332 333 334
f 330 331 334
f 334 335 336 337 330
v -118.559998 5.130000 128.440002
v -118.559998 5.130000 127.680000
v -122.930000 5.130000 127.680000
v -123.500000 5.130000 128.440002
v -126.540001 5.130000 128.059998
v -126.349998 5.130000 118.559998
v -128.440002 5.130000 118.559998
v -128.440002 5.130000 128.440002
v -125.969994 5.130000 128.440002
v -118.559998 5.330000 125.399994
v -118.559998 5.330000 124.449997
v -120.459999 5.330000 124.639999
v -121.599998 5.330000 124.259995
v -122.930000 5.330000 122.930000
v -123.309998 5.330000 120.269997
v -122.549995 5.330000 118.559998
v -123.879997 5.330000 118.559998
v -123.879997 5.330000 124.639999
v -123.119995 5.330000 124.639999
v -122.930000 5.330000 125.399994
v -124.829994 5.330000 124.639999
v -124.829994 5.330000 118.559998
v -125.019997 5.330000 118.559998
v -118.559998 5.330000 122.360001
v -118.559998 5.330000 119.509995
v -119.129997 5.430000 119.129997
v -120.459999 5.730000 119.320000
v -118.939995 5.330000 120.269997
v -119.129997 5.330000 121.599998
v -120.269997 5.330000 121.599998
v -121.029999 5.330000 120.269997
v -121.409996 5.330000 120.269997
v -121.409996 5.330000 121.599998
v -120.269997 5.330000 122.739998
v -118.939995 5.330000 122.739998
f 339 340 341 342
f 346 347 343
f 343 344 345 346
f 353 354 355
f 348 349 350
f 358 348 350 351 357
f 352 353 355 356 357
f 357 351 352
f 359 360 361
f 364 365 366 363
f 362 363 366 367
f 368 369 370 371 372
f 373 362 367 368 372
v -131.479996 5.830000 197.220001
v -131.860001 5.930000 197.599991
v -131.289993 5.930000 197.599991
v -137.940002 5.330000 197.599991
v -137.750000 5.330000 195.129990
v -138.319992 5.330000 195.319992
v -138.319992 5.330000 197.599991
v -133.190002 5.530000 196.269989
v -132.239990 5.530000 196.459991
v -131.860001 5.530000 195.509995
v -129.199997 5.530000 195.889999
v -129.389999 5.930000 195.129990
v -130.910004 5.530000 195.129990
v -130.529999 5.530000 192.089996
v -131.099991 5.530000 192.089996
v -131.289993 5.530000 191.519989
v -131.669998 5.530000 191.330002
v -131.860001 5.530000 191.709991
v -133.000000 5.530000 191.519989
v -133.569992 5.530000 192.089996
v -133.759995 5.530000 192.849991
v -134.520004 5.530000 192.849991
v -137.369995 5.330000 191.899994
v -137.369995 5.330000 192.659988
v -138.319992 5.330000 193.039993
v -138.319992 5.330000 193.989990
v -137.179993 5.330000 193.800003
v -136.989990 5.330000 193.039993
v -135.470001 5.530000 193.039993
v -135.470001 5.530000 194.369995
v -134.330002 5.530000 194.369995
v -133.949997 5.530000 194.750000
v -133.949997 5.530000 196.459991
v -135.470001 5.530000 196.839996
v -134.139999 5.530000 196.839996
v -133.759995 5.530000 197.409988
v -129.389999 5.530000 194.559998
v -129.389999 5.530000 193.039993
v -129.009995 5.530000 192.279999
v -129.389999 5.530000 190.190002
v -131.289993 5.530000 190.379990
v -131.669998 5.530000 188.669998
v -134.139999 5.530000 188.479996
v -134.139999 5.530000 189.050003
v -135.279999 5.530000 189.619995
v -135.279999 5.530000 191.330002
v -133.949997 5.530000 191.519989
v -132.809998 5.530000 190.379990
v -132.050003 5.530000 190.379990
v -131.099991 5.530000 190.949997
v -130.529999 5.530000 190.949997
v -130.339996 5.930000 191.519989
v -129.580002 5.930000 191.709991
v -129.959991 5.530000 193.039993
v -129.770004 5.530000 194.559998
v -137.179993 5.330000 190.569992
v -136.989990 5.330000 190.000000
v -136.989990 5.330000 188.860001
v -138.319992 5.330000 188.860001
v -138.319992 5.330000 190.569992
v -129.009995 5.530000 189.239990
v -129.009995 5.530000 188.669998
v -130.339996 5.530000 188.860001
v -130.529999 5.830000 187.909988
v -131.099991 5.930000 187.720001
v -130.910004 5.930000 188.289993
f 374 375 376
f 377 378 379 380
f 406 407 408
f 389 390 391 388
f 402 403 404 395
f 406 408 409 381
f 384 385 386 383
f 397 398 399 400 401
f 401 402 395 396 397
f 394 395 404 405
f 386 387 388 394 405 383
f 381 382 383
f 392 393 394 388 391
f 405 406 381 383
f 390 389 423 414 422
f 420 393 392
f 424 413 414 423
f 424 425 426 413
f 428 410 411 427
f 421 422 415 416 417
f 427 411 412 426
f 420 392 421 417 418 419
f 426 412 413
f 422 414 415
f 433 429 430 431 432
f 434 435 436
f 437 438 439
v -101.079994 5.330000 177.459991
v -101.839996 5.330000 177.459991
v -102.029999 5.330000 177.839996
v -101.459999 5.330000 177.839996
v -103.739998 5.330000 176.699997
v -103.930000 5.330000 176.319992
v -104.879997 5.330000 176.319992
v -105.829994 5.330000 175.369995
v -107.349998 5.330000 176.319992
v -106.209999 5.330000 176.699997
v -105.639999 5.330000 177.459991
v -99.559998 5.330000 176.129990
v -99.939995 5.330000 175.940002
v -99.939995 5.330000 176.319992
v -107.159996 5.330000 174.229996
v -108.680000 5.330000 172.709991
v -108.680000 5.330000 175.559998
v -98.799995 5.530000 174.800003
v -98.799995 5.330000 167.959991
v -103.169998 5.330000 167.959991
v -99.939995 5.330000 171.190002
v -100.129997 5.330000 172.519989
v -99.369995 5.330000 173.279999
v -99.559998 5.630000 174.419998
v -100.889999 5.430000 173.849991
v -101.269997 5.330000 173.660004
v -102.029999 5.330000 174.419998
v -102.029999 5.330000 174.800003
v -101.650002 5.330000 174.800003
v -102.979996 5.330000 171.759995
v -105.639999 5.330000 168.910004
v -107.159996 5.330000 170.239990
v -106.399994 5.330000 171.379990
v -106.019997 5.330000 170.619995
v -105.070000 5.330000 170.619995
v -104.689995 5.330000 171.000000
v -104.689995 5.330000 171.949997
v -105.449997 5.330000 172.330002
v -104.689995 5.330000 173.089996
v -106.589996 5.330000 172.899994
v -106.589996 5.330000 172.519989
v -107.159996 5.330000 172.330002
v -106.970001 5.330000 172.899994
v -107.919998 5.330000 171.569992
v -107.919998 5.330000 171.190002
v -108.299995 5.330000 171.379990
v -103.739998 5.330000 169.099991
v -103.739998 5.330000 169.479996
v -103.360001 5.330000 169.479996
v -107.159996 5.330000 168.910004
v -107.159996 5.330000 168.529999
v -107.729996 5.330000 168.720001
v -107.540001 5.330000 169.099991
v -108.489998 5.330000 167.959991
v -108.680000 5.330000 167.959991
v -108.680000 5.330000 168.149994
f 441 442 443 440
f 444 445 446 449 450
f 447 448 449 446
f 451 452 453
f 454 455 456
f 462 463 457
f 460 461 462
f 458 459 460
f 457 458 460 462
f 466 467 468 464 465
f 476 477 478 469
f 471 472 473
f 475 476 469
f 470 471 473 474
f 470 474 475 469
f 480 481 482 479
f 483 484 485
f 486 487 488
f 489 490 491 492
f 493 494 495
v -138.319992 5.330000 128.440002
v -138.319992 5.330000 118.559998
v -141.169998 5.330000 118.559998
v -141.169998 5.330000 121.219994
v -140.220001 5.330000 121.409996
v -140.220001 5.330000 122.360001
v -140.979996 5.330000 122.549995
v -140.979996 5.330000 123.689995
v -140.029999 5.330000 124.070000
v -140.029999 5.330000 125.019997
v -141.169998 5.330000 125.399994
v -141.169998 5.330000 128.440002
v -141.739990 5.330000 125.019997
v -141.739990 5.330000 124.259995
v -146.489990 5.330000 123.879997
v -146.869995 5.330000 124.449997
v -147.819992 5.330000 124.449997
v -148.009995 5.330000 123.879997
v -148.199997 5.330000 123.879997
v -148.199997 5.330000 128.440002
v -141.550003 5.330000 122.360001
v -141.550003 5.330000 121.409996
v -148.199997 5.330000 118.559998
v -147.629990 5.330000 122.930000
v -146.869995 5.330000 122.930000
f 501 502 503 504
f 505 506 507 496
f 500 501 504 496 497
f 498 499 500 497
f 504 505 496
f 512 513 514 515
f 507 506 508 510 511 515
f 508 509 510
f 511 512 515
f 514 513 519 518
f 503 502 516 509
f 517 499 498 518 519 520
f 509 516 517 520 510
v -105.259995 5.330000 148.009995
v -102.599998 5.230000 145.160004
v -101.459999 5.230000 145.160004
v -98.799995 5.230000 147.819992
v -98.799995 5.630000 140.789993
v -99.180000 5.730000 140.220001
v -99.939995 5.730000 140.789993
v -99.939995 5.130000 141.739990
v -100.889999 5.130000 141.739990
v -101.269997 5.130000 140.979996
v -102.409996 5.130000 140.979996
v -104.119995 5.130000 139.649994
v -104.119995 5.130000 138.319992
v -104.879997 5.130000 138.319992
v -106.209999 5.230000 140.220001
v -107.729996 5.230000 140.410004
v -107.919998 5.230000 139.080002
v -106.589996 5.230000 138.319992
v -108.680000 5.230000 138.319992
v -108.680000 5.230000 138.889999
v -108.110001 5.230000 139.080002
v -108.110001 5.230000 140.410004
v -108.680000 5.230000 141.169998
v -108.680000 5.330000 148.199997
v -105.829994 5.330000 148.199997
v -101.650002 5.130000 139.459991
v -101.650002 5.130000 138.319992
v -102.599998 5.130000 138.319992
v -102.979996 5.130000 139.080002
v -102.029999 5.130000 139.649994
f 539 540 541 537 538
f 544 545 521
f 531 532 535
f 525 526 527 528
f 537 541 542 536
f 522 531 535 543 544 521
f 536 542 543
f 523 524 525 528
f 532 533 534 535
f 529 530 531 522 523
f 523 528 529
f 535 536 543
f 549 550 546 547 548
v -128.440002 5.130000 128.440002
v -128.440002 5.130000 121.599998
v -129.199997 5.130000 121.599998
v -129.580002 5.130000 122.360001
v -130.339996 5.130000 122.360001
v -130.720001 5.130000 121.599998
v -133.569992 5.130000 121.599998
v -134.139999 5.230000 122.360001
v -134.139999 5.230000 128.440002
v -135.089996 5.230000 122.360001
v -135.279999 5.230000 121.979996
v -138.319992 5.330000 121.979996
v -138.319992 5.330000 128.440002
v -135.279999 5.230000 121.029999
v -134.899994 5.230000 120.649994
v -133.949997 5.230000 120.649994
v -130.339996 5.130000 120.839996
v -129.580002 5.130000 120.839996
v -128.440002 5.130000 118.559998
v -138.319992 5.330000 118.559998
f 552 553 554 551
f 555 556 557 558 559 551
f 551 554 555
f 560 561 562 563 559
f 559 558 560
f 568 553 552 569
f 562 564 565 570
f 567 568 569 570 566
f 562 561 564
f 557 556 567 566
f 570 565 566
v -108.680000 5.330000 187.720001
v -108.680000 5.330000 186.580002
v -109.059998 5.330000 186.199997
v -111.149994 5.330000 186.389999
v -112.099998 5.330000 187.149994
v -112.099998 5.330000 187.720001
v -115.709999 5.330000 185.440002
v -115.519997 5.330000 184.679993
v -114.949997 5.330000 184.679993
v -114.949997 5.330000 183.539993
v -115.519997 5.330000 182.970001
v -115.329994 5.330000 182.019989
v -112.669998 5.230000 182.019989
v -112.290001 5.230000 182.589996
v -112.290001 5.330000 184.300003
v -111.720001 5.330000 184.300003
v -111.339996 5.330000 184.869995
v -109.250000 5.330000 184.489990
v -108.680000 5.330000 184.869995
v -108.680000 5.330000 178.029999
v -108.869995 5.330000 177.839996
v -112.099998 5.230000 177.839996
v -111.909996 5.230000 178.979996
v -112.669998 5.230000 179.739990
v -115.329994 5.330000 179.739990
v -115.519997 5.330000 178.789993
v -114.949997 5.330000 177.839996
v -117.419998 5.330000 177.839996
v -115.709999 5.330000 179.550003
v -115.709999 5.330000 180.309998
v -116.089996 5.330000 180.690002
v -117.610001 5.330000 180.690002
v -118.180000 5.330000 180.309998
v -118.180000 5.330000 179.550003
v -118.559998 5.330000 179.550003
v -118.559998 5.330000 182.399994
v -117.610001 5.330000 181.259995
v -116.089996 5.330000 181.259995
v -115.709999 5.330000 181.639999
v -115.709999 5.330000 182.399994
v -116.279999 5.330000 182.589996
v -116.659996 5.330000 183.539993
v -117.610001 5.330000 184.300003
v -118.559998 5.330000 184.489990
v -118.559998 5.330000 185.440002
f 571 572 573 574 575 576
f 603 604 605 606
f 578 579 580 581 612
f 610 611 612 581
f 613 614 615
f 582 609 610 581
f 584 585 586
f 596 597 598
f 596 598 599 595
f 594 583 584
f 595 599 600
f 591 592 593 590
f 603 606 607 602
f 588 589 590
f 601 602 607 608
f 584 586 587
f 600 601 608 609
f 584 587 588 590 593 594
f 595 600 609 582 583 594
f 612 613 615 577 578
v -108.680000 5.230000 138.319992
v -108.680000 5.230000 137.940002
v -108.680000 5.230000 136.610001
v -108.680000 5.230000 135.660004
v -109.820000 5.230000 136.989990
v -109.439995 5.230000 138.319992
v -111.149994 5.230000 138.319992
v -111.339996 5.230000 136.800003
v -110.579994 5.130000 135.089996
v -109.629997 5.130000 134.330002
v -108.680000 5.130000 134.139999
v -108.680000 5.130000 128.440002
v -112.669998 5.130000 128.440002
v -112.290001 5.230000 138.319992
v -114.949997 5.230000 138.319992
v -115.139999 5.130000 128.440002
v -118.559998 5.130000 128.440002
v -118.559998 5.330000 138.319992
f 621 616 617
f 618 619 620
f 617 618 620 621
f 629 622 623
f 629 623 624 628
f 625 626 627
f 625 627 628 624
f 631 632 633 630
v -98.799995 5.330000 167.959991
v -98.799995 5.330000 164.160004
v -105.449997 5.330000 163.970001
v -105.829994 5.330000 164.539993
v -106.399994 5.330000 164.539993
v -106.779999 5.330000 163.589996
v -108.680000 5.330000 163.589996
v -108.680000 5.330000 167.959991
v -108.489998 5.330000 167.959991
v -106.399994 5.330000 165.869995
v -105.259995 5.330000 165.869995
v -103.169998 5.330000 167.959991
v -98.799995 5.330000 158.080002
v -108.680000 5.330000 158.080002
v -106.589996 5.330000 163.019989
v -105.639999 5.330000 163.019989
f 638 639 640 641 642 643
f 643 644 637 638
f 636 637 644 645 634 635
f 640 639 648 647
f 646 647 649 635
f 647 648 649
f 649 636 635
v -162.449997 5.330000 177.839996
v -162.259995 5.330000 177.269989
v -161.119995 5.330000 177.269989
v -162.069992 5.330000 175.750000
v -162.639999 5.330000 175.750000
v -162.449997 5.330000 176.699997
v -163.589996 5.330000 177.649994
v -165.300003 5.330000 177.649994
v -166.440002 5.330000 176.319992
v -167.580002 5.330000 176.319992
v -167.959991 5.330000 175.940002
v -167.959991 5.330000 177.839996
v -158.080002 5.330000 176.699997
v -158.080002 5.330000 175.179993
v -159.979996 5.330000 176.889999
v -159.220001 5.330000 174.610001
v -159.220001 5.330000 174.229996
v -159.789993 5.330000 174.039993
v -160.929993 5.330000 174.989990
v -160.739990 5.330000 175.559998
v -160.360001 5.330000 175.559998
v -158.080002 5.330000 173.660004
v -158.080002 5.330000 172.709991
v -158.839996 5.330000 172.519989
v -158.839996 5.330000 173.089996
v -165.110001 5.530000 172.330002
v -163.970001 5.530000 172.330002
v -164.349991 5.530000 171.949997
v -164.349991 5.530000 170.809998
v -163.779999 5.530000 170.619995
v -163.970001 5.530000 169.479996
v -162.639999 5.530000 169.099991
v -162.069992 5.730000 167.959991
v -162.639999 5.930000 167.959991
v -163.019989 5.530000 168.910004
v -163.589996 5.530000 168.910004
v -164.349991 5.530000 167.959991
v -167.959991 5.530000 167.959991
v -167.959991 5.530000 168.149994
v -167.389999 5.530000 168.529999
v -167.389999 5.530000 169.099991
v -167.959991 5.530000 169.479996
v -167.959991 5.530000 170.239990
v -167.580002 5.530000 171.190002
v -166.629990 5.530000 170.429993
v -166.059998 5.530000 170.429993
v -165.110001 5.530000 171.379990
v -165.110001 5.530000 172.139999
v -165.679993 5.530000 172.709991
v -159.599991 5.630000 170.809998
v -160.929993 5.530000 169.479996
v -160.929993 5.930000 170.239990
v -160.169998 5.930000 171.190002
v -162.449997 5.930000 171.000000
v -162.830002 5.530000 170.809998
v -162.830002 5.930000 171.190002
v -158.080002 5.330000 169.669998
v -158.080002 5.330000 167.959991
v -159.599991 5.330000 167.959991
f 653 654 655 651 652
f 659 660 661
f 650 656 657 661
f 650 651 655 656
f 658 659 661 657
f 662 663 664
f 670 665 666 667 668 669
f 672 673 674 671
f 697 698 675
f 687 688 689 686
f 675 676 677 697
f 695 678 680 686 689 690
f 696 697 677 678
f 680 685 686
f 681 682 683 684
f 678 679 680
f 681 684 685 680
f 695 696 678
f 690 691 692 694 695
f 692 693 694
f 699 700 701 702
f 703 704 705
f 706 707 708
v -98.799995 5.330000 158.080002
v -98.799995 5.330000 154.089996
v -100.320000 5.330000 155.610001
v -101.269997 5.330000 155.610001
v -106.589996 5.330000 150.099991
v -106.589996 5.330000 148.959991
v -105.829994 5.330000 148.199997
v -108.680000 5.330000 148.199997
v -108.680000 5.330000 158.080002
v -98.799995 5.330000 152.759995
v -98.989998 5.330000 152.379990
v -99.369995 5.330000 152.569992
v -99.369995 5.330000 152.949997
v -99.369995 5.330000 151.239990
v -101.839996 5.330000 148.199997
v -103.549995 5.330000 149.529999
v -102.220001 5.330000 151.239990
v -101.839996 5.330000 149.910004
v -100.509995 5.330000 150.099991
v -100.509995 5.330000 151.050003
v -100.889999 5.330000 151.429993
v -101.839996 5.330000 151.429993
v -100.889999 5.330000 152.569992
v -99.559998 5.330000 148.770004
v -99.750000 5.330000 148.389999
v -100.129997 5.330000 148.580002
v -99.939995 5.330000 148.959991
f 714 715 716
f 713 714 716
f 709 710 711
f 709 711 712 717
f 713 716 717 712
f 718 719 720 721
f 729 730 731
f 729 731 722 728
f 723 726 727
f 727 728 722
f 724 725 726 723
f 722 723 727
f 732 733 734 735
v -148.199997 5.330000 187.720001
v -148.199997 5.330000 186.959991
v -150.099991 5.330000 186.769989
v -150.479996 5.330000 181.830002
v -149.910004 5.330000 181.639999
v -149.910004 5.330000 179.929993
v -150.289993 5.330000 177.839996
v -152.379990 5.330000 177.839996
v -152.759995 5.330000 179.929993
v -152.569992 5.330000 181.259995
v -152.000000 5.330000 181.830002
v -152.190002 5.330000 183.919998
v -151.809998 5.330000 186.580002
v -151.429993 5.330000 186.769989
v -151.239990 5.330000 187.720001
v -153.330002 5.430000 187.720001
v -153.519989 5.830000 185.440002
v -153.899994 5.830000 185.250000
v -154.279999 5.430000 186.199997
v -155.039993 5.430000 186.009995
v -155.229996 5.430000 183.539993
v -154.470001 5.430000 183.159988
v -155.039993 5.430000 183.159988
v -155.229996 5.430000 182.779999
v -156.179993 5.430000 182.970001
v -156.369995 5.430000 182.399994
v -157.509995 5.430000 182.589996
v -157.699997 5.430000 181.449997
v -156.750000 5.430000 181.259995
v -157.509995 5.430000 180.309998
v -158.080002 5.430000 181.259995
v -158.080002 5.430000 183.539993
v -158.080002 5.430000 184.869995
v -158.080002 5.430000 186.580002
v -158.080002 5.430000 187.720001
v -157.509995 5.430000 187.720001
v -148.199997 5.930000 185.819992
v -148.199997 5.930000 181.449997
v -148.389999 5.930000 177.839996
v -148.959991 5.930000 177.839996
v -149.149994 5.930000 179.739990
v -148.770004 5.930000 182.209991
v -149.529999 5.930000 182.589996
v -149.529999 5.930000 183.729996
v -149.149994 5.930000 186.009995
f 739 740 741
f 744 745 746
f 750 736 737 738 749
f 738 739 746 747 748 749
f 741 742 743 744 746 739
f 756 757 758
f 756 758 759 760
f 752 753 754 751
f 768 769 771 755 756 760
f 763 764 765 766
f 751 754 755 771
f 769 770 771
f 760 761 762 767 768
f 762 763 766 767
f 777 778 779
f 773 774 775 776 777
f 779 780 772 773 777
v -163.779999 5.330000 148.199997
v -164.539993 5.330000 147.059998
v -164.349991 5.330000 145.919998
v -165.300003 5.330000 145.539993
v -165.869995 5.330000 144.589996
v -165.869995 5.330000 143.639999
v -164.919998 5.330000 142.879990
v -163.209991 5.330000 142.690002
v -161.690002 5.330000 141.550003
v -161.500000 5.330000 140.789993
v -160.169998 5.330000 140.410004
v -158.080002 5.330000 138.699997
v -158.080002 5.330000 138.319992
v -167.959991 5.330000 138.319992
v -167.959991 5.330000 148.199997
v -158.080002 5.430000 147.629990
v -158.080002 5.430000 142.879990
v -159.029999 5.430000 142.690002
v -158.459991 5.430000 145.729996
v -159.410004 5.430000 145.919998
v -159.979996 5.430000 145.539993
v -160.169998 5.430000 146.489990
v -159.220001 5.430000 146.489990
v -158.839996 5.430000 147.250000
f 782 783 784
f 788 789 790 787
f 782 784 785 795
f 791 792 793 790
f 795 781 782
f 795 785 786 794
f 790 793 794 787
f 794 786 787
f 800 801 802 803
f 797 798 799 796
f 799 800 803 804 796
v -149.529999 5.330000 136.989990
v -149.910004 5.330000 137.369995
v -149.149994 5.330000 138.319992
v -148.389999 5.330000 138.319992
v -152.190002 5.430000 138.319992
v -152.190002 5.430000 137.940002
v -152.379990 5.430000 138.319992
v -157.129990 5.330000 137.559998
v -155.989990 5.330000 137.369995
v -154.089996 5.330000 135.849991
v -154.089996 5.330000 134.709991
v -153.709991 5.330000 134.330002
v -151.809998 5.330000 134.330002
v -150.669998 5.330000 136.419998
v -149.720001 5.330000 135.470001
v -148.770004 5.330000 135.470001
v -148.199997 5.330000 136.229996
v -148.199997 5.330000 128.440002
v -154.279999 5.330000 128.440002
v -154.470001 5.330000 128.819992
v -155.419998 5.330000 128.819992
v -155.610001 5.330000 128.440002
v -158.080002 5.330000 128.440002
v -158.080002 5.330000 138.319992
v -157.699997 5.330000 138.319992
f 805 806 807 808
f 809 810 811
f 828 829 812
f 817 818 819
f 825 826 827
f 817 819 820 822 823 824
f 813 814 815 812
f 820 821 822
f 812 815 816 825 827 828
f 824 825 816 817
v -158.080002 5.330000 167.959991
v -158.080002 5.330000 163.399994
v -162.259995 5.330000 160.360001
v -166.059998 5.330000 158.839996
v -167.009995 5.330000 158.080002
v -167.769989 5.330000 158.080002
v -167.959991 5.330000 158.839996
v -167.199997 5.330000 158.839996
v -166.059998 5.330000 159.979996
v -166.059998 5.330000 160.739990
v -165.489990 5.330000 161.500000
v -163.019989 5.330000 163.970001
v -161.690002 5.330000 166.059998
v -161.309998 5.330000 166.059998
v -159.599991 5.330000 167.959991
v -164.919998 5.530000 166.819992
v -165.679993 5.530000 166.629990
v -165.300003 5.930000 165.679993
v -164.539993 5.830000 165.869995
v -164.539993 5.530000 166.440002
v -163.970001 5.530000 166.440002
v -163.970001 5.530000 165.679993
v -164.729996 5.530000 164.729996
v -165.300003 5.530000 164.729996
v -165.869995 5.530000 163.970001
v -165.869995 5.530000 164.349991
v -167.009995 5.530000 165.300003
v -167.959991 5.530000 164.919998
v -167.959991 5.530000 166.250000
v -167.009995 5.530000 166.059998
v -166.819992 5.530000 167.199997
v -167.959991 5.530000 167.199997
v -167.959991 5.530000 167.959991
v -164.349991 5.530000 167.959991
v -166.629990 5.530000 162.830002
v -166.629990 5.530000 163.209991
v -166.250000 5.530000 163.209991
v -167.389999 5.530000 161.879990
v -167.959991 5.530000 162.449997
v -167.959991 5.530000 162.639999
v -160.169998 5.530000 158.839996
v -158.080002 5.330000 159.220001
v -158.080002 5.530000 158.080002
v -164.160004 5.330000 158.080002
v -161.690002 5.330000 159.220001
v -160.739990 5.330000 160.169998
f 835 836 837 834
f 833 838 840 841 832
f 833 834 837 838
f 843 844 830 831 832 841
f 838 839 840
f 841 842 843
f 853 854 855
f 848 849 850 851
f 860 861 862
f 847 848 851 852 853
f 846 859 860
f 847 853 855 856 859 846
f 856 857 858 859
f 863 845 846 860 862
f 864 865 866
f 867 868 869
f 874 875 870
f 870 871 872
f 872 873 874 870
v -126.349998 5.330000 187.720001
v -126.349998 5.330000 177.839996
v -128.440002 5.330000 177.839996
v -128.440002 5.330000 185.059998
v -127.110001 5.330000 185.250000
v -127.299995 5.330000 187.720001
v -118.559998 5.330000 185.440002
v -118.559998 5.330000 184.489990
v -119.889999 5.330000 184.679993
v -121.409996 5.330000 184.300003
v -122.930000 5.330000 182.589996
v -123.119995 5.330000 179.739990
v -121.599998 5.330000 177.839996
v -123.879997 5.330000 177.839996
v -123.879997 5.330000 184.679993
v -122.930000 5.330000 184.679993
v -122.739998 5.330000 185.440002
v -118.559998 5.330000 182.399994
v -118.559998 5.330000 179.550003
v -118.939995 5.330000 179.169998
v -120.079994 5.830000 179.169998
v -119.889999 5.830000 179.929993
v -118.750000 5.330000 180.309998
v -118.750000 5.330000 181.259995
v -119.129997 5.330000 181.639999
v -120.079994 5.330000 181.639999
v -121.029999 5.330000 180.119995
v -121.409996 5.330000 181.259995
v -120.079994 5.330000 182.779999
v -118.939995 5.330000 182.779999
f 880 881 876 877
f 877 878 879 880
f 882 883 884
f 887 888 889
f 892 882 884 885 891
f 886 887 889 890 891
f 891 885 886
f 895 896 897 898 894
f 905 893 900 901 904
f 894 898 899 893
f 901 902 903 904
f 899 900 893
v -158.080002 5.530000 158.080002
v -158.080002 5.330000 155.229996
v -165.110001 5.330000 153.519989
v -166.819992 5.330000 153.519989
v -167.959991 5.330000 152.949997
v -167.959991 5.330000 156.179993
v -167.009995 5.330000 156.369995
v -165.110001 5.330000 157.889999
v -164.160004 5.330000 158.080002
v -167.389999 5.330000 157.699997
v -167.769989 5.330000 157.699997
v -167.769989 5.330000 158.080002
v -167.009995 5.330000 158.080002
v -158.080002 5.330000 154.089996
v -158.080002 5.330000 153.330002
v -159.220001 5.330000 152.000000
v -160.739990 5.330000 152.000000
v -163.779999 5.330000 148.199997
v -167.959991 5.330000 148.199997
v -167.959991 5.330000 151.429993
v -166.250000 5.330000 152.379990
v -163.779999 5.330000 152.569992
f 909 910 911 912
f 908 909 912 914 906 907
f 912 913 914
f 915 916 917 918
f 919 920 921 922 927
f 925 926 927 922 923 924
v -138.319992 5.330000 187.720001
v -138.319992 5.330000 184.869995
v -138.889999 5.330000 185.250000
v -139.080002 5.330000 186.769989
v -138.889999 5.330000 187.529999
v -140.029999 5.330000 187.720001
v -140.029999 5.330000 185.059998
v -140.599991 5.330000 184.300003
v -140.599991 5.330000 183.729996
v -140.220001 5.330000 183.539993
v -140.410004 5.330000 182.209991
v -139.839996 5.330000 182.019989
v -139.649994 5.330000 181.449997
v -139.080002 5.330000 181.449997
v -139.080002 5.330000 181.069992
v -139.839996 5.330000 180.119995
v -139.839996 5.330000 181.449997
v -140.979996 5.330000 181.639999
v -141.360001 5.330000 181.069992
v -140.979996 5.330000 179.929993
v -141.550003 5.330000 179.360001
v -141.929993 5.330000 178.029999
v -143.069992 5.330000 177.839996
v -146.489990 5.330000 177.839996
v -144.779999 5.530000 181.639999
v -144.399994 5.330000 185.819992
v -143.830002 5.330000 187.720001
v -145.160004 5.330000 187.720001
v -145.919998 5.330000 182.209991
v -146.110001 5.330000 183.539993
v -145.729996 5.330000 186.389999
v -146.110001 5.330000 186.769989
v -148.199997 5.330000 186.959991
v -148.199997 5.330000 187.720001
v -146.869995 5.930000 185.819992
v -147.059998 5.930000 182.209991
v -147.629990 5.930000 182.209991
v -148.199997 5.930000 181.449997
v -148.199997 5.930000 185.819992
v -138.319992 5.330000 183.729996
v -138.699997 5.330000 182.779999
v -139.080002 5.330000 182.779999
v -138.889999 5.330000 183.539993
v -147.250000 5.330000 179.550003
v -147.250000 5.330000 181.069992
v -146.300003 5.330000 181.449997
f 931 932 928 929 930
f 940 941 942
f 942 943 944 940
f 935 936 945 946
f 939 940 944 945 938
f 948 949 950 951 952 946
f 935 946 952 953 954 933
f 936 937 938 945
f 946 947 948
f 933 934 935
f 959 960 961 955
f 956 957 958 955
f 958 959 955
f 964 965 966
f 962 963 964 966
f 968 969 970 967
f 971 972 973
v -109.250000 5.330000 177.459991
v -109.250000 5.330000 176.319992
v -108.680000 5.330000 175.559998
v -108.680000 5.330000 172.709991
v -110.389999 5.330000 170.809998
v -110.389999 5.330000 169.860001
v -108.680000 5.330000 168.149994
v -108.680000 5.330000 167.959991
v -112.099998 5.330000 167.959991
v -112.669998 5.330000 167.959991
v -112.669998 5.330000 168.720001
v -112.290001 5.330000 168.910004
v -112.290001 5.330000 173.849991
v -111.339996 5.330000 174.229996
v -111.339996 5.330000 176.129990
v -112.099998 5.230000 176.699997
v -112.099998 5.230000 177.839996
v -108.869995 5.330000 177.839996
v -114.949997 5.330000 177.839996
v -114.949997 5.330000 177.459991
v -115.709999 5.330000 177.269989
v -115.709999 5.330000 176.509995
v -118.559998 5.330000 176.509995
v -118.559998 5.330000 177.459991
v -117.419998 5.330000 177.839996
v -115.139999 5.330000 173.849991
v -115.139999 5.330000 167.959991
v -118.559998 5.330000 167.959991
v -118.559998 5.330000 174.039993
f 982 983 984 985
f 987 977 978 985 986
f 988 989 990 991 974
f 979 980 981 982 985
f 988 975 976 977 987
f 988 974 975
f 978 979 985
f 992 993 994 998
f 996 997 998 994 995
f 999 1000 1001 1002
v -118.559998 5.330000 138.319992
v -118.559998 5.130000 128.440002
v -123.500000 5.130000 128.440002
v -123.689995 5.330000 138.319992
v -125.969994 5.330000 135.279999
v -125.969994 5.130000 128.440002
v -128.440002 5.130000 128.440002
v -128.440002 5.330000 134.709991
v -126.349998 5.330000 134.709991
f 1003 1004 1005 1006
f 1011 1007 1008
f 1009 1010 1011 1008
v -108.680000 5.330000 148.199997
v -108.680000 5.230000 141.169998
v -109.439995 5.330000 140.979996
v -109.439995 5.230000 140.410004
v -110.579994 5.230000 139.459991
v -111.149994 5.230000 138.319992
v -112.290001 5.230000 138.319992
v -112.290001 5.330000 143.830002
v -111.339996 5.330000 144.209991
v -111.339996 5.330000 145.539993
v -110.959999 5.330000 145.729996
v -111.339996 5.330000 148.199997
v -117.799995 5.330000 147.059998
v -117.799995 5.330000 146.489990
v -118.559998 5.330000 146.300003
v -118.559998 5.330000 146.679993
v -114.949997 5.330000 146.679993
v -115.329994 5.330000 146.489990
v -115.329994 5.330000 146.869995
v -116.279999 5.330000 146.300003
v -116.279999 5.330000 145.729996
v -114.949997 5.330000 144.589996
v -114.949997 5.230000 138.319992
v -118.559998 5.330000 138.319992
v -118.559998 5.330000 144.589996
v -117.989998 5.330000 144.589996
v -117.610001 5.330000 145.539993
v -116.849998 5.330000 145.729996
v -116.849998 5.330000 146.300003
v -108.680000 5.230000 138.889999
v -108.680000 5.230000 138.319992
v -109.439995 5.230000 138.319992
f 1020 1021 1022
f 1014 1015 1016 1018 1019 1020
f 1016 1017 1018
f 1022 1023 1012
f 1013 1014 1020 1022 1012
f 1025 1026 1027 1024
f 1028 1029 1030
f 1039 1040 1031 1032
f 1035 1036 1037
f 1038 1039 1032
f 1037 1038 1032 1033 1034 1035
f 1041 1042 1043
v -137.369995 5.330000 187.339996
v -137.179993 5.330000 184.869995
v -135.089996 5.330000 184.869995
v -134.899994 5.330000 185.629990
v -131.289993 5.330000 185.819992
v -129.580002 5.330000 185.819992
v -129.389999 5.330000 185.059998
v -128.440002 5.330000 185.059998
v -128.440002 5.330000 177.839996
v -130.339996 5.330000 177.839996
v -129.389999 5.330000 179.360001
v -129.389999 5.330000 180.309998
v -129.770004 5.330000 180.690002
v -132.050003 5.330000 181.449997
v -136.039993 5.330000 183.919998
v -138.129990 5.330000 183.919998
v -138.319992 5.330000 184.869995
v -138.319992 5.330000 187.720001
v -136.989990 5.330000 187.720001
v -131.479996 5.330000 179.550003
v -132.239990 5.330000 177.839996
v -138.129990 5.330000 177.839996
v -136.610001 5.330000 181.069992
v -135.849991 5.330000 181.830002
f 1061 1062 1044
f 1052 1053 1054
f 1048 1049 1050
f 1058 1059 1060 1045
f 1052 1054 1055 1051
f 1060 1061 1044 1045
f 1051 1055 1056 1050
f 1057 1058 1046 1048 1050 1056
f 1058 1045 1046
f 1046 1047 1048
f 1065 1066 1067 1063 1064
v -140.220001 5.530000 138.319992
v -140.029999 5.530000 137.369995
v -139.080002 5.830000 137.750000
v -139.080002 5.530000 136.989990
v -140.789993 5.530000 136.989990
v -140.599991 5.530000 138.319992
v -142.309998 5.330000 138.319992
v -142.309998 5.330000 137.559998
v -143.069992 5.330000 137.369995
v -143.259995 5.330000 136.039993
v -143.069992 5.330000 135.089996
v -142.309998 5.330000 135.089996
v -142.309998 5.330000 132.809998
v -142.879990 5.330000 132.429993
v -148.199997 5.330000 132.429993
v -148.199997 5.330000 136.229996
v -146.869995 5.330000 138.319992
v -138.319992 5.330000 135.279999
v -138.319992 5.330000 128.440002
v -140.220001 5.330000 128.440002
v -140.220001 5.330000 128.819992
v -139.459991 5.330000 129.199997
v -139.459991 5.330000 130.149994
v -140.599991 5.330000 130.339996
v -140.979996 5.330000 129.770004
v -142.119995 5.330000 131.479996
v -141.550003 5.330000 131.860001
v -141.550003 5.330000 132.619995
v -142.879990 5.330000 131.860001
v -140.979996 5.330000 129.199997
v -148.199997 5.330000 128.440002
f 1069 1070 1071 1072
f 1069 1072 1073 1068
f 1074 1075 1076 1084
f 1078 1079 1080 1081
f 1084 1076 1077
f 1077 1078 1081 1082 1083 1084
f 1087 1088 1089 1086
f 1095 1080 1079
f 1091 1092 1093 1094
f 1090 1091 1095 1079 1085
f 1086 1089 1090 1085
f 1091 1094 1095
f 1097 1088 1087 1098
f 1093 1092 1097 1098 1082 1096
f 1082 1081 1096
v -132.239990 5.530000 136.800003
v -132.809998 5.730000 136.800003
v -133.000000 5.930000 137.369995
v -132.619995 5.530000 138.319992
v -132.239990 5.530000 138.319992
v -136.419998 5.930000 137.369995
v -135.849991 5.830000 137.369995
v -135.279999 5.530000 137.940002
v -135.089996 5.530000 137.369995
v -133.569992 5.530000 137.179993
v -136.800003 5.530000 136.800003
v -136.989990 5.530000 137.179993
v -137.940002 5.530000 137.179993
v -137.940002 5.530000 138.319992
v -136.989990 5.930000 138.319992
v -128.819992 5.930000 137.369995
v -128.819992 5.630000 136.800003
v -130.529999 5.530000 136.800003
v -130.339996 5.930000 137.369995
v -134.520004 5.330000 128.819992
v -134.520004 5.330000 129.959991
v -135.089996 5.330000 130.339996
v -135.089996 5.330000 135.279999
v -128.819992 5.330000 135.089996
v -128.440002 5.330000 134.709991
v -128.440002 5.130000 128.440002
v -135.279999 5.330000 128.440002
v -135.279999 5.330000 128.629990
v -132.619995 5.230000 129.009995
v -131.479996 5.230000 128.629990
v -131.289993 5.230000 129.770004
v -132.429993 5.230000 129.959991
v -136.229996 5.330000 129.959991
v -136.229996 5.330000 129.009995
v -138.319992 5.330000 128.440002
v -138.319992 5.330000 135.279999
f 1099 1100 1101 1102 1103
f 1105 1106 1107
f 1110 1111 1112 1113 1104
f 1107 1108 1109 1105
f 1104 1105 1109 1110
f 1115 1116 1117 1114
f 1125 1126 1118 1127 1128
f 1127 1118 1119 1130
f 1124 1128 1129 1123
f 1130 1119 1120 1121
f 1124 1125 1128
f 1122 1123 1129 1130 1121
f 1132 1126 1125 1133
f 1131 1133 1134 1121
f 1131 1132 1133
f 1121 1120 1131
v -150.289993 5.330000 177.839996
v -149.910004 5.330000 176.699997
v -150.860001 5.330000 176.129990
v -150.860001 5.330000 174.610001
v -150.289993 5.330000 174.229996
v -152.000000 5.330000 174.419998
v -152.569992 5.330000 173.849991
v -152.949997 5.330000 171.569992
v -153.330002 5.330000 171.949997
v -154.470001 5.330000 171.949997
v -154.660004 5.330000 171.379990
v -156.559998 5.330000 171.379990
v -157.129990 5.330000 172.330002
v -158.080002 5.330000 172.709991
v -158.080002 5.330000 173.660004
v -157.699997 5.330000 174.039993
v -157.699997 5.330000 174.989990
v -158.080002 5.330000 175.179993
v -158.080002 5.330000 176.699997
v -155.610001 5.330000 176.319992
v -155.039993 5.330000 176.889999
v -154.849991 5.330000 176.509995
v -152.759995 5.330000 176.319992
v -152.379990 5.330000 176.699997
v -152.379990 5.330000 177.839996
v -148.199997 5.330000 176.889999
v -148.199997 5.330000 176.319992
v -148.580002 5.330000 176.319992
v -148.580002 5.330000 176.889999
v -148.199997 5.330000 173.470001
v -148.199997 5.330000 167.959991
v -151.429993 5.330000 167.959991
v -149.910004 5.330000 169.289993
v -149.339996 5.330000 170.809998
v -149.339996 5.330000 171.569992
v -149.720001 5.330000 171.759995
v -149.529999 5.330000 172.519989
v -148.959991 5.330000 172.519989
v -150.479996 5.330000 173.089996
v -150.860001 5.330000 171.949997
v -151.809998 5.330000 172.139999
v -151.429993 5.330000 173.279999
v -154.470001 5.330000 170.429993
v -152.949997 5.330000 170.809998
v -152.759995 5.330000 170.429993
v -152.190002 5.330000 170.429993
v -151.809998 5.330000 171.000000
v -150.860001 5.330000 170.809998
v -151.050003 5.330000 169.860001
v -153.519989 5.330000 167.959991
v -158.080002 5.330000 167.959991
v -158.080002 5.330000 169.669998
v -156.940002 5.330000 170.429993
f 1154 1155 1156
f 1138 1139 1140
f 1148 1149 1150 1147
f 1151 1152 1153 1154
f 1135 1136 1137 1158 1159
f 1157 1140 1141
f 1141 1142 1143
f 1137 1138 1140 1157 1158
f 1144 1145 1146 1147
f 1141 1143 1144
f 1154 1157 1141 1144 1147 1151
f 1154 1156 1157
f 1147 1150 1151
f 1160 1161 1162 1163
f 1169 1170 1171 1172
f 1165 1167 1168 1164
f 1168 1169 1172 1164
f 1165 1166 1167
f 1174 1175 1176 1173
f 1181 1182 1183 1180
f 1179 1183 1184 1177
f 1177 1178 1179
f 1179 1180 1183
f 1146 1145 1177 1187
f 1185 1186 1187 1177 1184
v -148.199997 5.330000 148.199997
v -148.199997 5.330000 143.639999
v -148.959991 5.330000 143.639999
v -151.619995 5.330000 145.919998
v -151.619995 5.330000 146.489990
v -150.289993 5.330000 148.199997
v -152.949997 5.330000 146.489990
v -153.899994 5.330000 146.679993
v -154.470001 5.530000 146.110001
v -154.470001 5.430000 145.349991
v -153.709991 5.430000 144.970001
v -154.470001 5.430000 144.399994
v -154.470001 5.430000 143.639999
v -153.709991 5.430000 143.449997
v -153.709991 5.430000 143.069992
v -156.559998 5.430000 141.739990
v -158.080002 5.430000 142.879990
v -158.080002 5.430000 147.629990
v -157.889999 5.430000 148.009995
v -157.129990 5.430000 147.440002
v -157.319992 5.430000 145.919998
v -156.940002 5.430000 145.729996
v -156.940002 5.430000 144.970001
v -155.989990 5.430000 144.779999
v -154.470001 5.330000 147.059998
v -154.470001 5.330000 147.629990
v -155.039993 5.330000 147.819992
v -155.039993 5.330000 148.199997
v -151.809998 5.330000 148.199997
v -150.669998 5.430000 142.690002
v -150.860001 5.430000 141.929993
v -152.379990 5.430000 140.979996
v -152.190002 5.430000 139.649994
v -152.569992 5.430000 139.459991
v -152.569992 5.430000 138.699997
v -153.139999 5.430000 138.699997
v -153.330002 5.730000 138.319992
v -153.709991 5.430000 139.270004
v -154.470001 5.430000 139.270004
v -154.849991 5.430000 138.509995
v -157.509995 5.830000 140.410004
v -157.509995 5.830000 140.789993
v -156.559998 5.430000 141.169998
v -153.519989 5.430000 142.500000
v -152.759995 5.430000 142.500000
v -151.619995 5.430000 143.449997
v -148.389999 5.330000 138.319992
v -149.149994 5.330000 138.319992
v -148.580002 5.330000 138.699997
v -157.699997 5.330000 138.319992
v -158.080002 5.330000 138.319992
v -158.080002 5.330000 138.699997
f 1191 1192 1193 1188 1189 1190
f 1213 1214 1215 1216
f 1197 1198 1199 1211
f 1200 1201 1202
f 1205 1206 1207 1208
f 1208 1209 1210
f 1211 1199 1200 1210
f 1213 1216 1194 1195 1212
f 1211 1196 1197
f 1205 1208 1210 1204
f 1200 1202 1203 1204 1210
f 1212 1195 1196 1211
f 1223 1224 1225
f 1221 1222 1223 1225
f 1231 1232 1219
f 1228 1229 1230 1226 1227
f 1219 1220 1221
f 1233 1217 1218 1219 1232
f 1221 1225 1226
f 1203 1202 1231
f 1219 1221 1226 1230 1203 1231
f 1234 1235 1236
f 1237 1238 1239
v -108.680000 5.330000 167.959991
v -108.680000 5.330000 158.080002
v -111.339996 5.330000 158.080002
v -112.479996 5.330000 158.080002
v -112.669998 5.330000 158.080002
v -112.669998 5.330000 165.679993
v -111.909996 5.330000 165.679993
v -111.529999 5.330000 166.250000
v -111.529999 5.330000 167.389999
v -112.099998 5.330000 167.959991
v -115.139999 5.330000 167.959991
v -114.949997 5.330000 158.459991
v -115.519997 5.330000 158.080002
v -117.799995 5.330000 158.080002
v -117.989998 5.330000 158.459991
v -118.559998 5.330000 158.459991
v -118.559998 5.330000 167.959991
f 1248 1249 1240
f 1247 1248 1240
f 1246 1247 1240 1241 1242
f 1243 1244 1245
f 1243 1245 1246 1242
f 1252 1253 1254 1256 1250 1251
f 1254 1255 1256
v -108.680000 5.330000 158.080002
v -108.680000 5.330000 148.199997
v -111.339996 5.330000 148.199997
v -113.239998 5.330000 148.199997
v -114.379997 5.330000 148.199997
v -116.279999 5.330000 148.199997
v -118.180000 5.330000 148.199997
v -118.559998 5.330000 148.389999
v -118.559998 5.330000 154.849991
v -118.180000 5.330000 155.229996
v -114.570000 5.330000 154.849991
v -114.379997 5.330000 155.229996
v -113.239998 5.330000 155.229996
v -113.049995 5.330000 154.849991
v -111.529999 5.330000 154.849991
v -110.769997 5.330000 156.179993
v -110.769997 5.330000 157.319992
v -111.339996 5.330000 158.080002
v -116.279999 5.330000 157.509995
v -116.279999 5.330000 156.940002
v -116.849998 5.330000 156.940002
v -116.849998 5.330000 157.509995
v -117.799995 5.330000 158.080002
v -115.519997 5.330000 158.080002
v -117.799995 5.330000 156.750000
v -117.799995 5.330000 156.179993
v -118.559998 5.330000 156.369995
v -118.559998 5.330000 156.940002
v -114.949997 5.330000 156.750000
v -115.329994 5.330000 156.179993
v -115.329994 5.330000 156.750000
f 1267 1268 1269 1270 1259
f 1270 1271 1259
f 1273 1274 1257
f 1262 1263 1264
f 1272 1273 1257
f 1265 1266 1267 1259 1260 1264
f 1261 1262 1264
f 1271 1272 1257 1258 1259
f 1260 1261 1264
f 1275 1276 1277 1278
f 1278 1279 1280 1275
f 1281 1282 1283 1284
f 1285 1286 1287
v -120.269997 5.330000 177.269989
v -118.559998 5.330000 177.459991
v -118.559998 5.330000 176.509995
v -122.739998 5.330000 176.509995
v -122.739998 5.330000 177.269989
v -123.879997 5.330000 177.459991
v -123.879997 5.330000 177.839996
v -121.599998 5.330000 177.839996
v -126.349998 5.330000 177.839996
v -126.349998 5.330000 174.039993
v -125.969994 5.330000 173.849991
v -126.159996 5.330000 167.959991
v -128.440002 5.330000 167.959991
v -128.440002 5.330000 177.839996
v -118.559998 5.330000 174.039993
v -118.559998 5.330000 167.959991
v -123.500000 5.330000 167.959991
v -123.500000 5.330000 173.849991
f 1292 1293 1294 1295
f 1288 1289 1290
f 1291 1292 1295 1288 1290
f 1301 1296 1297
f 1297 1298 1299
f 1297 1299 1300 1301
f 1303 1304 1305 1302
v -148.199997 5.330000 167.959991
v -148.199997 5.330000 167.199997
v -149.720001 5.330000 167.199997
v -149.910004 5.330000 165.300003
v -150.860001 5.330000 165.110001
v -150.669998 5.330000 163.209991
v -150.099991 5.330000 162.830002
v -153.330002 5.330000 162.449997
v -153.330002 5.330000 163.019989
v -153.899994 5.330000 163.589996
v -155.419998 5.330000 163.399994
v -153.139999 5.330000 166.629990
v -152.190002 5.330000 166.629990
v -152.000000 5.330000 167.580002
v -151.429993 5.330000 167.959991
v -155.989990 5.330000 164.349991
v -158.080002 5.330000 163.399994
v -158.080002 5.330000 167.959991
v -153.519989 5.330000 167.959991
v -148.959991 5.330000 163.019989
v -148.770004 5.330000 159.789993
v -148.199997 5.330000 158.649994
v -148.199997 5.330000 158.080002
v -158.080002 5.530000 158.080002
v -158.080002 5.330000 159.220001
v -157.319992 5.330000 159.410004
v -157.319992 5.330000 160.550003
v -153.519989 5.330000 160.360001
v -157.319992 5.330000 162.069992
v -157.319992 5.330000 161.500000
v -157.889999 5.330000 161.690002
v -157.699997 5.330000 162.259995
f 1318 1319 1320 1308 1309 1310
f 1306 1307 1308 1320
f 1317 1318 1310 1311 1314 1315
f 1315 1316 1317
f 1311 1312 1313 1314
f 1321 1322 1323 1324
f 1329 1330 1331
f 1326 1327 1328 1329 1331 1333
f 1312 1325 1326
f 1331 1332 1333
f 1333 1313 1312 1326
f 1334 1335 1336 1337
v -148.199997 5.330000 158.080002
v -148.199997 5.330000 154.849991
v -152.759995 5.330000 154.849991
v -153.519989 5.330000 157.319992
v -156.940002 5.330000 156.750000
v -157.319992 5.330000 156.369995
v -157.129990 5.330000 155.229996
v -158.080002 5.330000 155.229996
v -158.080002 5.530000 158.080002
v -148.199997 5.330000 151.239990
v -148.770004 5.330000 150.669998
v -148.770004 5.330000 150.099991
v -150.669998 5.330000 149.910004
v -151.809998 5.330000 148.199997
v -155.039993 5.330000 148.199997
v -155.610001 5.330000 148.959991
v -155.610001 5.330000 149.720001
v -154.660004 5.330000 150.479996
v -154.849991 5.330000 154.089996
v -152.949997 5.330000 154.470001
v -156.179993 5.330000 153.519989
v -155.800003 5.330000 152.190002
v -156.940002 5.330000 153.139999
v -158.080002 5.330000 153.330002
v -158.080002 5.330000 154.089996
v -156.369995 5.330000 150.479996
v -157.319992 5.330000 149.910004
v -158.080002 5.330000 150.669998
v -158.080002 5.330000 151.050003
v -157.319992 5.330000 151.619995
v -148.199997 5.330000 148.770004
v -148.199997 5.330000 148.199997
v -150.289993 5.330000 148.199997
v -150.099991 5.330000 148.770004
f 1343 1344 1345 1346
f 1338 1339 1340 1341
f 1342 1343 1346
f 1341 1342 1346
f 1341 1346 1338
f 1352 1353 1354 1355 1350 1351
f 1348 1349 1350
f 1355 1357 1340 1339 1347 1350
f 1347 1348 1350
f 1355 1356 1357
f 1358 1359 1360
f 1360 1361 1362 1358
f 1365 1366 1367 1363 1364
f 1369 1370 1371 1368
v -127.489998 5.330000 147.819992
v -127.680000 5.330000 148.199997
v -127.299995 5.330000 148.199997
v -118.559998 5.330000 146.679993
v -118.559998 5.330000 146.300003
v -118.750000 5.330000 145.539993
v -119.699997 5.330000 145.539993
v -119.699997 5.330000 145.919998
v -120.269997 5.330000 146.489990
v -120.839996 5.330000 146.489990
v -120.839996 5.330000 146.869995
v -126.919998 5.330000 146.300003
v -126.729996 5.330000 145.539993
v -125.969994 5.330000 145.349991
v -125.969994 5.330000 141.739990
v -126.919998 5.330000 141.929993
v -126.919998 5.330000 142.500000
v -126.159996 5.330000 142.690002
v -126.159996 5.330000 144.589996
v -127.110001 5.330000 145.539993
v -128.440002 5.330000 145.539993
v -128.440002 5.330000 146.679993
v -121.790001 5.330000 146.300003
v -121.790001 5.330000 145.729996
v -121.029999 5.330000 145.539993
v -120.459999 5.330000 144.589996
v -118.559998 5.330000 144.589996
v -118.559998 5.330000 138.319992
v -123.689995 5.330000 138.319992
v -123.689995 5.330000 144.589996
v -123.309998 5.330000 144.779999
v -123.309998 5.330000 145.349991
v -122.360001 5.330000 145.729996
v -122.360001 5.330000 146.300003
v -125.969994 5.330000 140.599991
v -125.969994 5.330000 138.699997
v -126.349998 5.330000 138.699997
v -126.349998 5.330000 140.599991
f 1372 1373 1374
f 1380 1381 1382 1375
f 1377 1378 1379
f 1375 1376 1377 1379 1380
f 1387 1388 1389 1386
f 1390 1391 1384 1385
f 1392 1393 1383 1391
f 1385 1386 1389 1390
f 1391 1383 1384
f 1404 1405 1394 1395
f 1401 1402 1397 1399 1400
f 1396 1397 1402 1403 1404 1395
f 1397 1398 1399
f 1406 1407 1408 1409
v -143.069992 5.330000 177.839996
v -143.069992 5.330000 175.750000
v -143.639999 5.330000 174.989990
v -143.639999 5.330000 174.229996
v -143.830002 5.330000 174.039993
v -144.779999 5.330000 174.229996
v -145.160004 5.330000 173.660004
v -147.629990 5.330000 174.610001
v -146.679993 5.330000 176.129990
v -146.489990 5.330000 177.839996
v -138.319992 5.330000 177.269989
v -138.319992 5.330000 167.959991
v -141.360001 5.330000 167.959991
v -142.879990 5.330000 168.529999
v -142.879990 5.330000 168.910004
v -148.199997 5.330000 176.319992
v -148.199997 5.330000 176.889999
v -147.819992 5.330000 176.889999
v -144.779999 5.330000 172.899994
v -144.020004 5.330000 172.899994
v -143.639999 5.330000 173.279999
v -142.500000 5.330000 173.470001
v -143.449997 5.330000 173.279999
v -143.449997 5.330000 172.709991
v -143.830002 5.430000 172.519989
v -143.639999 5.730000 171.379990
v -144.779999 5.430000 171.000000
v -144.779999 5.330000 170.429993
v -144.020004 5.330000 170.050003
v -144.020004 5.330000 169.669998
v -144.970001 5.330000 168.339996
v -146.300003 5.430000 168.339996
v -146.869995 5.330000 167.959991
v -148.199997 5.330000 167.959991
v -148.199997 5.330000 173.470001
f 1412 1413 1414 1415
f 1415 1416 1417 1418
f 1411 1412 1415 1418 1419 1410
f 1422 1423 1424 1420 1421
f 1425 1426 1427
f 1432 1433 1434 1429 1430
f 1430 1414 1413 1431 1432
f 1441 1442 1443
f 1416 1428 1436
f 1436 1437 1441 1443 1444 1416
f 1444 1417 1416
f 1428 1429 1434 1435 1436
f 1437 1438 1439 1440 1441
v -138.509995 5.330000 147.629990
v -140.029999 5.330000 147.440002
v -140.220001 5.330000 145.160004
v -142.879990 5.330000 145.160004
v -142.879990 5.330000 143.259995
v -146.869995 5.330000 142.879990
v -148.199997 5.330000 143.639999
v -148.199997 5.330000 148.199997
v -147.059998 5.330000 148.199997
v -139.459991 5.330000 148.199997
v -139.270004 5.330000 148.199997
v -138.319992 5.330000 146.489990
v -138.319992 5.330000 144.970001
v -138.889999 5.330000 144.970001
v -138.889999 5.330000 146.489990
v -142.309998 5.330000 142.879990
v -142.309998 5.330000 138.319992
v -146.869995 5.330000 138.319992
v -146.869995 5.330000 138.889999
v -148.009995 5.330000 139.649994
v -148.009995 5.330000 140.410004
v -147.250000 5.330000 140.789993
v -146.679993 5.330000 141.739990
v -138.319992 5.530000 142.879990
v -138.319992 5.930000 138.699997
v -138.699997 5.530000 139.459991
v -139.459991 5.530000 139.459991
v -139.459991 5.530000 142.119995
v -138.699997 5.530000 142.119995
v -139.839996 5.930000 139.080002
v -140.220001 5.530000 138.319992
v -140.599991 5.530000 138.319992
v -140.220001 5.930000 139.270004
f 1455 1445 1446 1454
f 1451 1452 1453
f 1446 1447 1448
f 1454 1446 1448 1450 1451 1453
f 1448 1449 1450
f 1456 1457 1458 1459
f 1464 1465 1466 1463
f 1467 1450 1449
f 1463 1466 1467
f 1462 1463 1467 1449 1460 1461
f 1470 1471 1472 1473
f 1468 1469 1470 1473
f 1475 1476 1477 1474
v -128.440002 5.330000 177.839996
v -128.440002 5.330000 172.139999
v -129.580002 5.330000 172.139999
v -130.339996 5.330000 172.139999
v -132.809998 5.330000 173.089996
v -130.339996 5.330000 177.839996
v -132.239990 5.330000 177.839996
v -137.369995 5.330000 167.959991
v -138.319992 5.330000 167.959991
v -138.319992 5.330000 177.269989
v -138.129990 5.330000 177.839996
v -130.720001 5.330000 171.949997
v -130.529999 5.330000 170.809998
v -129.389999 5.330000 171.000000
v -128.440002 5.330000 167.959991
v -129.959991 5.330000 167.959991
v -129.389999 5.330000 168.339996
v -129.389999 5.330000 169.479996
v -129.770004 5.330000 169.860001
v -131.099991 5.330000 169.479996
v -131.099991 5.330000 168.339996
v -130.529999 5.330000 167.959991
v -132.619995 5.330000 167.959991
v -132.619995 5.330000 168.339996
v -131.669998 5.330000 168.720001
v -131.669998 5.330000 169.479996
v -132.809998 5.330000 169.669998
v -133.000000 5.330000 169.099991
v -134.520004 5.330000 169.860001
v -135.470001 5.330000 167.959991
f 1480 1481 1482
f 1479 1480 1482 1483 1478
f 1487 1488 1484 1485 1486
f 1492 1493 1494
f 1500 1501 1502 1498
f 1491 1480 1479
f 1498 1499 1500
f 1496 1497 1490 1491
f 1497 1498 1502 1503
f 1491 1495 1496
f 1497 1503 1504 1489 1490
f 1504 1505 1506
f 1492 1494 1495
f 1482 1481 1489
f 1479 1492 1495 1491
f 1504 1506 1482 1489
f 1505 1501 1500 1507 1506
v -131.860001 5.330000 147.629990
v -132.809998 5.430000 146.869995
v -132.429993 5.430000 147.819992
v -131.289993 5.330000 147.819992
v -131.099991 5.330000 148.199997
v -128.819992 5.330000 148.199997
v -135.089996 5.330000 148.199997
v -135.089996 5.330000 147.629990
v -134.330002 5.330000 147.250000
v -134.330002 5.330000 146.300003
v -133.569992 5.330000 146.110001
v -133.569992 5.330000 145.539993
v -133.000000 5.330000 145.349991
v -133.379990 5.330000 144.779999
v -134.899994 5.330000 144.589996
v -134.899994 5.530000 143.069992
v -132.809998 5.530000 143.069992
v -133.569992 5.530000 142.500000
v -133.569992 5.530000 141.929993
v -133.190002 5.530000 141.550003
v -131.669998 5.530000 141.550003
v -131.289993 5.530000 141.929993
v -131.289993 5.530000 143.069992
v -130.910004 5.530000 143.069992
v -131.099991 5.530000 142.309998
v -130.720001 5.530000 141.169998
v -131.289993 5.530000 141.169998
v -131.669998 5.530000 140.789993
v -131.669998 5.530000 139.839996
v -132.429993 5.530000 139.459991
v -132.239990 5.530000 138.319992
v -132.619995 5.530000 138.319992
v -135.279999 5.530000 138.319992
v -136.419998 5.530000 139.080002
v -136.610001 5.530000 139.459991
v -136.229996 5.530000 139.649994
v -136.419998 5.530000 140.789993
v -135.849991 5.530000 141.360001
v -135.089996 5.530000 141.550003
v -135.089996 5.530000 142.309998
v -135.849991 5.330000 144.589996
v -135.849991 5.330000 147.440002
v -136.989990 5.330000 147.440002
v -136.989990 5.330000 148.199997
v -128.440002 5.330000 146.679993
v -128.440002 5.330000 145.539993
v -131.479996 5.330000 145.349991
v -132.239990 5.330000 145.729996
v -130.149994 5.330000 146.869995
v -137.179993 5.330000 144.970001
v -138.319992 5.330000 144.970001
v -138.319992 5.330000 146.489990
v -136.989990 5.330000 146.489990
v -136.610001 5.530000 143.259995
v -136.419998 5.530000 141.739990
v -137.559998 5.530000 140.599991
v -137.559998 5.530000 139.649994
v -136.989990 5.530000 138.889999
v -136.989990 5.530000 138.319992
v -137.940002 5.530000 138.319992
v -138.319992 5.930000 138.699997
v -138.319992 5.530000 142.879990
v -136.989990 5.530000 142.879990
f 1508 1509 1510
f 1508 1510 1511
f 1511 1512 1513
f 1508 1511 1513
f 1541 1542 1543 1540
f 1519 1520 1521
f 1530 1531 1532 1529
f 1523 1525 1526
f 1529 1532 1533 1534
f 1537 1539 1540 1543 1546 1527
f 1528 1529 1534 1535
f 1527 1528 1535 1537
f 1517 1518 1519
f 1537 1538 1539
f 1549 1550 1551 1514 1515
f 1548 1522 1523 1547
f 1546 1547 1523 1526 1527
f 1523 1524 1525
f 1515 1516 1517 1522 1548 1549
f 1535 1536 1537
f 1544 1545 1546 1543
f 1519 1521 1522 1517
f 1554 1555 1556 1552 1553
f 1557 1558 1559 1560
f 1542 1541 1565 1564
f 1562 1545 1544
f 1563 1564 1568 1569
f 1565 1566 1567 1568 1564
f 1570 1561 1562
f 1562 1544 1563 1569 1570
v -118.559998 5.330000 167.959991
v -118.559998 5.330000 158.459991
v -120.459999 5.330000 158.459991
v -120.839996 5.330000 158.080002
v -123.309998 5.330000 158.080002
v -123.689995 5.330000 158.459991
v -123.500000 5.330000 167.959991
v -125.969994 5.330000 158.080002
v -128.440002 5.330000 158.080002
v -128.440002 5.330000 167.959991
v -126.159996 5.330000 167.959991
f 1573 1574 1575 1576 1577 1571
f 1571 1572 1573
f 1579 1580 1581 1578
v -121.790001 5.330000 157.509995
v -121.790001 5.330000 156.940002
v -122.360001 5.330000 156.940002
v -122.360001 5.330000 157.509995
v -123.309998 5.330000 158.080002
v -120.839996 5.330000 158.080002
v -126.919998 5.330000 157.509995
v -126.919998 5.330000 156.940002
v -127.680000 5.330000 156.750000
v -127.680000 5.330000 155.419998
v -127.110001 5.330000 154.849991
v -124.070000 5.330000 155.229996
v -123.689995 5.330000 154.849991
v -123.689995 5.330000 148.389999
v -124.070000 5.330000 148.199997
v -125.399994 5.330000 148.199997
v -127.299995 5.330000 148.199997
v -127.680000 5.330000 148.199997
v -127.869995 5.330000 148.770004
v -128.440002 5.330000 148.770004
v -128.440002 5.330000 154.279999
v -128.059998 5.330000 154.470001
v -128.059998 5.330000 155.229996
v -128.440002 5.330000 155.419998
v -128.440002 5.330000 158.080002
v -125.969994 5.330000 158.080002
v -118.559998 5.330000 156.940002
v -118.559998 5.330000 156.369995
v -120.079994 5.330000 156.179993
v -120.839996 5.330000 156.369995
v -120.839996 5.330000 156.750000
v -120.269997 5.330000 156.750000
v -119.699997 5.330000 157.509995
v -118.750000 5.330000 157.509995
v -123.309998 5.330000 156.750000
v -123.309998 5.330000 156.369995
v -123.689995 5.330000 156.369995
v -123.689995 5.330000 156.750000
v -118.559998 5.330000 154.849991
v -118.559998 5.330000 148.389999
v -121.409996 5.330000 148.199997
v -122.169998 5.330000 148.199997
v -121.409996 5.330000 155.229996
f 1582 1583 1584 1585
f 1582 1585 1586 1587
f 1598 1599 1600
f 1588 1589 1590 1606
f 1606 1607 1588
f 1595 1597 1600 1602 1592 1594
f 1605 1606 1590 1591 1604
f 1600 1601 1602
f 1597 1598 1600
f 1603 1604 1591 1592
f 1592 1593 1594
f 1602 1603 1592
f 1595 1596 1597
f 1611 1612 1613 1610
f 1615 1608 1609 1610 1613 1614
f 1616 1617 1618 1619
f 1622 1623 1595
f 1620 1621 1622 1595 1594 1624
v -138.319992 5.330000 167.959991
v -138.319992 5.330000 166.250000
v -141.360001 5.330000 167.959991
v -147.440002 5.330000 167.009995
v -148.199997 5.330000 167.199997
v -148.199997 5.330000 167.959991
v -146.869995 5.330000 167.959991
v -140.029999 5.330000 165.489990
v -138.319992 5.330000 164.160004
v -138.319992 5.330000 158.080002
v -138.509995 5.330000 158.080002
v -138.509995 5.330000 159.220001
v -138.889999 5.330000 159.599991
v -139.839996 5.330000 159.599991
v -139.839996 5.330000 160.169998
v -140.979996 5.330000 161.309998
v -141.929993 5.330000 161.309998
v -142.690002 5.330000 160.169998
v -143.259995 5.330000 160.169998
v -143.449997 5.330000 160.739990
v -144.399994 5.330000 160.739990
v -144.970001 5.730000 165.300003
v -145.349991 5.830000 166.059998
v -144.779999 5.630000 166.250000
v -144.589996 5.630000 165.869995
v -143.830002 5.330000 165.869995
v -143.449997 5.330000 167.199997
v -145.729996 5.330000 164.919998
v -145.160004 5.330000 164.919998
v -144.779999 5.330000 160.550003
v -144.779999 5.330000 159.599991
v -144.020004 5.330000 159.410004
v -144.020004 5.330000 159.029999
v -144.589996 5.330000 159.029999
v -145.160004 5.330000 158.080002
v -145.539993 5.330000 158.080002
v -147.059998 5.330000 159.029999
v -147.629990 5.330000 160.360001
v -147.819992 5.330000 164.160004
v -146.869995 5.330000 165.679993
v -140.789993 5.930000 159.789993
v -141.550003 5.930000 159.599991
v -141.739990 5.930000 158.839996
v -142.879990 5.930000 158.080002
v -144.020004 5.930000 158.080002
v -143.830002 5.930000 158.649994
v -143.259995 5.930000 158.649994
v -142.500000 5.930000 159.410004
v -142.500000 5.930000 159.789993
v -141.360001 5.930000 160.169998
v -148.009995 5.330000 158.080002
v -148.199997 5.330000 158.080002
v -148.199997 5.330000 158.649994
v -139.649994 5.330000 158.459991
v -139.649994 5.330000 158.080002
v -140.789993 5.330000 158.080002
v -140.789993 5.330000 158.459991
f 1625 1626 1627
f 1628 1629 1630 1631
f 1647 1648 1649 1646
f 1632 1633 1640 1641
f 1642 1643 1644 1641
f 1637 1638 1639
f 1634 1635 1636 1633
f 1646 1649 1650
f 1633 1636 1637
f 1641 1644 1645 1646 1650 1632
f 1637 1639 1640 1633
f 1650 1651 1632
f 1656 1657 1658 1655
f 1653 1646 1645
f 1658 1659 1660 1655
f 1663 1652 1653 1645 1654 1662
f 1663 1664 1652
f 1655 1660 1661 1662 1654
f 1674 1665 1666 1672 1673
f 1669 1670 1671 1668
f 1672 1666 1667 1668 1671
f 1675 1676 1677
f 1678 1679 1680 1681
v -138.319992 5.330000 158.080002
v -138.319992 5.330000 156.940002
v -138.509995 5.330000 158.080002
v -139.649994 5.330000 158.080002
v -139.649994 5.330000 157.509995
v -140.789993 5.330000 157.509995
v -140.789993 5.330000 158.080002
v -143.449997 5.930000 157.319992
v -144.020004 5.930000 158.080002
v -142.879990 5.930000 158.080002
v -144.970001 5.330000 155.989990
v -143.069992 5.330000 155.610001
v -142.879990 5.330000 150.289993
v -143.069992 5.330000 149.149994
v -144.970001 5.330000 149.149994
v -145.919998 5.330000 149.339996
v -145.919998 5.330000 150.669998
v -148.199997 5.330000 151.239990
v -148.199997 5.330000 158.080002
v -148.009995 5.330000 158.080002
v -141.739990 5.330000 157.509995
v -141.550003 5.330000 156.559998
v -139.270004 5.330000 156.559998
v -139.080002 5.530000 155.610001
v -138.319992 5.530000 155.610001
v -138.319992 5.330000 149.149994
v -138.699997 5.330000 149.529999
v -140.220001 5.330000 149.339996
v -140.410004 5.330000 150.479996
v -141.739990 5.330000 155.800003
v -141.739990 5.330000 156.369995
v -142.690002 5.330000 156.940002
v -147.059998 5.330000 148.199997
v -148.199997 5.330000 148.199997
v -148.199997 5.330000 148.770004
f 1682 1683 1684
f 1685 1686 1687 1688
f 1689 1690 1691
f 1696 1697 1698 1694 1695
f 1700 1701 1692 1699
f 1694 1698 1699 1692 1693
f 1712 1713 1702 1703
f 1693 1711 1705 1710 1694
f 1711 1712 1703 1704 1705
f 1708 1709 1710 1705 1706
f 1706 1707 1708
f 1714 1715 1716
v -128.440002 5.330000 167.959991
v -128.440002 5.330000 158.080002
v -130.910004 5.330000 158.080002
v -130.910004 5.330000 160.929993
v -130.339996 5.330000 163.209991
v -134.709991 5.330000 163.399994
v -135.089996 5.330000 163.779999
v -136.229996 5.330000 163.589996
v -136.419998 5.330000 158.080002
v -138.319992 5.330000 158.080002
v -138.319992 5.330000 164.160004
v -137.179993 5.330000 164.349991
v -135.470001 5.330000 167.959991
v -130.529999 5.330000 167.959991
v -129.959991 5.330000 167.959991
v -137.369995 5.330000 167.959991
v -138.319992 5.330000 166.250000
v -138.319992 5.330000 167.959991
v -132.239990 5.330000 161.690002
v -132.429993 5.330000 159.410004
v -134.899994 5.330000 159.599991
v -134.709991 5.330000 162.069992
f 1718 1719 1720 1721 1717
f 1721 1722 1723 1729 1730
f 1727 1728 1724 1725 1726
f 1728 1729 1723 1724
f 1731 1717 1721
f 1730 1731 1721
f 1732 1733 1734
f 1735 1736 1737 1738
v -128.440002 5.330000 158.080002
v -128.440002 5.330000 155.419998
v -130.720001 5.330000 155.610001
v -131.860001 5.330000 156.179993
v -133.000000 5.330000 157.699997
v -133.759995 5.330000 157.699997
v -132.050003 5.330000 157.889999
v -131.099991 5.330000 157.509995
v -130.910004 5.330000 158.080002
v -136.419998 5.330000 158.080002
v -136.419998 5.330000 157.129990
v -138.319992 5.330000 156.940002
v -138.319992 5.330000 158.080002
v -134.520004 5.330000 156.559998
v -133.759995 5.330000 156.750000
v -132.619995 5.530000 155.229996
v -131.099991 5.330000 154.470001
v -128.440002 5.330000 154.279999
v -128.440002 5.330000 148.770004
v -128.819992 5.330000 148.199997
v -131.099991 5.330000 148.199997
v -130.720001 5.330000 149.529999
v -131.099991 5.330000 150.099991
v -132.809998 5.430000 150.099991
v -133.000000 5.430000 149.720001
v -133.949997 5.330000 149.910004
v -134.899994 5.330000 149.339996
v -135.089996 5.330000 148.199997
v -136.989990 5.330000 148.199997
v -138.319992 5.330000 149.149994
v -138.319992 5.530000 155.610001
v -136.419998 5.330000 155.989990
v -136.229996 5.330000 156.750000
v -135.660004 5.430000 156.750000
v -135.470001 5.730000 157.509995
v -135.089996 5.730000 157.509995
f 1743 1744 1745
f 1742 1743 1745 1746 1741
f 1741 1746 1747 1739 1740
f 1749 1750 1751 1748
f 1772 1773 1774 1752
f 1770 1771 1772 1752
f 1762 1763 1764 1754 1755
f 1764 1765 1768 1769 1770 1754
f 1755 1761 1762
f 1752 1753 1754 1770
f 1758 1759 1760
f 1765 1766 1767 1768
f 1757 1758 1760 1761 1755 1756
v -177.839996 5.330000 128.440002
v -177.839996 5.330000 126.349998
v -178.220001 5.330000 126.159996
v -178.220001 5.330000 123.119995
v -185.059998 5.330000 121.979996
v -185.819992 5.330000 121.790001
v -187.720001 5.330000 121.979996
v -187.720001 5.330000 128.440002
v -177.839996 5.330000 122.739998
v -177.839996 5.330000 118.559998
v -187.720001 5.330000 118.559998
v -186.009995 5.330000 120.459999
v -184.869995 5.330000 120.269997
v -184.489990 5.330000 120.649994
v -184.489990 5.330000 121.599998
f 1775 1776 1777
f 1779 1780 1781 1782 1775 1777
f 1777 1778 1779
f 1781 1780 1786 1785
f 1788 1789 1778
f 1785 1786 1787 1784
f 1778 1783 1784 1787 1788
f 1789 1779 1778
v -108.680000 5.330000 108.680000
v -108.680000 5.330000 105.639999
v -112.479996 5.330000 105.639999
v -112.669998 5.330000 106.209999
v -116.089996 5.330000 106.209999
v -116.279999 5.330000 105.639999
v -118.559998 5.330000 105.639999
v -118.559998 5.330000 108.680000
v -108.680000 5.330000 103.549995
v -108.680000 5.330000 98.799995
v -112.860001 5.330000 98.799995
v -112.860001 5.330000 102.599998
v -112.479996 5.330000 102.790001
v -112.479996 5.330000 103.549995
v -116.279999 5.330000 103.549995
v -116.089996 5.330000 102.599998
v -118.559998 5.330000 98.799995
v -118.559998 5.330000 103.549995
f 1794 1795 1796 1797
f 1793 1794 1797 1790
f 1791 1792 1793 1790
f 1802 1803 1798
f 1800 1801 1802 1798 1799
f 1807 1804 1805 1806
f 1805 1801 1800 1806
v -188.289993 5.330000 166.819992
v -189.239990 5.630000 165.489990
v -190.000000 5.730000 165.489990
v -190.000000 5.530000 166.059998
v -190.759995 5.330000 166.819992
v -190.759995 5.330000 167.959991
v -189.239990 5.330000 167.959991
v -191.709991 5.330000 167.959991
v -191.709991 5.330000 167.389999
v -192.279999 5.330000 167.389999
v -192.279999 5.330000 167.959991
v -193.229996 5.330000 167.959991
v -193.229996 5.330000 166.819992
v -194.940002 5.330000 166.059998
v -196.080002 5.330000 164.349991
v -196.459991 5.430000 158.080002
v -197.599991 5.430000 158.080002
v -197.599991 5.330000 167.959991
v -190.949997 5.330000 165.679993
v -190.949997 5.330000 165.110001
v -193.229996 5.330000 165.300003
v -192.849991 5.330000 165.679993
v -187.720001 5.330000 165.489990
v -187.720001 5.330000 164.919998
v -188.289993 5.330000 164.919998
v -188.289993 5.330000 165.489990
v -193.610001 5.330000 158.269989
v -193.989990 5.330000 158.080002
v -195.319992 5.330000 158.080002
v -195.129990 5.330000 163.589996
v -194.369995 5.330000 164.919998
v -187.720001 5.330000 163.399994
v -187.720001 5.330000 158.080002
v -192.279999 5.330000 158.269989
v -192.279999 5.330000 158.649994
v -191.899994 5.330000 163.779999
f 1809 1810 1811
f 1808 1809 1811 1812 1813 1814
f 1815 1816 1817 1818
f 1819 1820 1821 1825
f 1822 1823 1824 1825
f 1825 1821 1822
f 1827 1828 1829 1826
f 1830 1831 1832 1833
f 1834 1835 1836 1837 1838 1828
f 1840 1841 1842 1843 1839
v -167.959991 5.330000 118.559998
v -167.959991 5.330000 108.680000
v -177.839996 5.330000 108.680000
v -177.839996 5.330000 112.099998
v -174.229996 5.330000 112.290001
v -174.229996 5.330000 115.709999
v -175.179993 5.330000 115.899994
v -175.179993 5.330000 118.559998
v -177.459991 5.330000 118.559998
v -177.459991 5.330000 115.899994
v -177.839996 5.330000 115.899994
v -177.839996 5.330000 118.559998
v -175.179993 5.330000 113.430000
v -175.179993 5.330000 113.049995
v -176.129990 5.330000 113.049995
f 1849 1850 1851 1844
f 1846 1847 1848 1845
f 1844 1845 1848 1849
f 1852 1853 1854 1855
f 1856 1857 1858
v -193.989990 5.330000 158.080002
v -193.989990 5.330000 157.129990
v -193.419998 5.330000 156.750000
v -187.720001 5.330000 156.559998
v -187.720001 5.330000 155.039993
v -192.279999 5.330000 154.660004
v -194.750000 5.330000 156.559998
v -195.319992 5.330000 158.080002
v -196.459991 5.430000 158.080002
v -196.459991 5.430000 155.989990
v -195.509995 5.430000 155.800003
v -194.179993 5.330000 154.279999
v -192.849991 5.330000 153.519989
v -192.849991 5.330000 149.720001
v -193.419998 5.330000 149.529999
v -193.419998 5.330000 148.770004
v -191.709991 5.330000 148.580002
v -192.089996 5.330000 148.199997
v -193.419998 5.330000 148.199997
v -193.800003 5.330000 148.199997
v -193.989990 5.330000 149.339996
v -194.559998 5.530000 149.339996
v -194.750000 5.630000 148.580002
v -195.509995 5.630000 148.580002
v -195.699997 5.430000 149.149994
v -197.599991 5.530000 148.770004
v -197.599991 5.430000 158.080002
v -187.720001 5.330000 153.899994
v -187.720001 5.530000 149.910004
v -189.239990 5.330000 149.529999
v -191.519989 5.330000 153.330002
v -187.720001 5.330000 148.770004
v -187.720001 5.330000 148.389999
v -187.909988 5.330000 148.199997
v -188.099991 5.330000 148.199997
v -188.289993 5.330000 148.580002
f 1866 1859 1860 1865
f 1864 1865 1861 1862 1863
f 1865 1860 1861
f 1881 1882 1883 1880
f 1885 1867 1868 1884
f 1877 1878 1879 1874
f 1874 1875 1876 1877
f 1872 1880 1883 1870 1871
f 1868 1869 1870 1883 1884
f 1873 1874 1879
f 1873 1879 1880
f 1872 1873 1880
f 1872 1871 1889
f 1888 1872 1889 1886 1887
f 1891 1892 1893 1894 1890
v -79.040001 5.130000 187.720001
v -79.040001 5.130000 183.539993
v -80.369995 5.130000 183.349991
v -80.369995 5.130000 182.399994
v -79.989998 5.130000 182.019989
v -79.040001 5.130000 182.209991
v -79.040001 5.130000 177.839996
v -88.919998 5.330000 177.839996
v -88.919998 5.230000 187.720001
f 1899 1900 1901
f 1895 1896 1897 1903
f 1898 1899 1901 1902
f 1898 1902 1903 1897
v -79.040001 5.330000 138.319992
v -79.040001 5.330000 134.709991
v -84.169998 5.330000 134.709991
v -84.360001 5.330000 138.319992
v -86.639999 5.130000 138.319992
v -86.639999 5.030000 135.849991
v -88.919998 5.130000 135.849991
v -88.919998 5.130000 137.559998
v -88.729996 5.130000 138.319992
v -79.040001 5.330000 132.809998
v -79.040001 5.330000 128.440002
v -88.919998 5.330000 128.440002
v -88.919998 5.330000 132.809998
v -87.779999 5.330000 132.809998
v -87.589996 5.330000 132.050003
v -84.360001 5.330000 132.050003
v -84.169998 5.330000 132.809998
f 1904 1905 1906 1907
f 1911 1912 1908 1909 1910
f 1916 1917 1918 1915
f 1914 1915 1919 1913
f 1919 1920 1913
f 1915 1918 1919
v -121.790001 5.230000 216.789993
v -121.790001 5.230000 216.220001
v -122.360001 5.230000 216.220001
v -122.360001 5.230000 216.789993
v -123.309998 5.230000 217.360001
v -120.839996 5.230000 217.360001
v -126.919998 5.330000 216.789993
v -126.919998 5.330000 216.220001
v -127.680000 5.330000 216.029999
v -127.680000 5.330000 214.699997
v -127.110001 5.330000 214.129990
v -124.070000 5.330000 214.509995
v -123.689995 5.330000 214.129990
v -123.689995 5.330000 207.669998
v -124.070000 5.330000 207.479996
v -125.399994 5.330000 207.479996
v -126.540001 5.330000 207.669998
v -126.729996 5.330000 208.429993
v -127.869995 5.530000 208.239990
v -128.250000 5.530000 207.479996
v -128.440002 5.530000 207.479996
v -128.440002 5.330000 217.360001
v -126.159996 5.230000 217.360001
v -118.559998 5.230000 216.220001
v -118.559998 5.230000 215.839996
v -120.839996 5.330000 215.459991
v -120.839996 5.230000 216.029999
v -120.269997 5.230000 216.029999
v -119.699997 5.230000 216.789993
v -118.750000 5.230000 216.789993
v -118.559998 5.330000 214.129990
v -118.559998 5.330000 207.669998
v -121.409996 5.330000 207.479996
v -122.169998 5.330000 207.479996
v -121.409996 5.330000 214.509995
f 1921 1922 1923 1924
f 1921 1924 1925 1926
f 1939 1940 1941 1942 1929 1930
f 1927 1928 1929 1942
f 1942 1943 1927
f 1931 1938 1939 1930
f 1936 1937 1938
f 1934 1935 1936
f 1934 1936 1938 1931 1932 1933
f 1946 1947 1948 1945
f 1950 1944 1945 1948 1949
f 1953 1954 1934
f 1951 1952 1953 1934 1933 1955
v -148.199997 5.330000 108.680000
v -148.199997 5.330000 105.639999
v -152.759995 5.330000 105.639999
v -152.949997 5.330000 106.209999
v -156.179993 5.330000 106.209999
v -156.369995 5.330000 105.639999
v -158.080002 5.330000 105.639999
v -158.080002 5.330000 108.680000
v -148.199997 5.330000 104.500000
v -152.759995 5.330000 104.689995
v -148.199997 5.330000 104.689995
v -158.080002 5.330000 104.500000
v -158.080002 5.330000 104.689995
v -156.369995 5.330000 104.689995
v -148.199997 5.330000 103.169998
v -148.199997 5.330000 98.799995
v -153.139999 5.330000 98.799995
v -153.139999 5.330000 102.599998
v -152.759995 5.330000 103.169998
v -156.369995 5.330000 103.169998
v -156.179993 5.330000 102.599998
v -158.080002 5.330000 98.799995
v -158.080002 5.330000 103.169998
f 1960 1961 1962 1963
f 1959 1960 1963 1956
f 1957 1958 1959 1956
f 1964 1965 1966
f 1967 1968 1969
f 1972 1973 1974 1970 1971
f 1978 1975 1976 1977
f 1976 1973 1972 1977
v -147.629990 5.330000 216.979996
v -143.830002 5.330000 216.979996
v -144.399994 5.330000 216.599991
v -144.209991 5.330000 214.889999
v -146.869995 5.330000 215.269989
v -148.199997 5.330000 216.220001
v -148.199997 5.330000 217.360001
v -147.819992 5.330000 217.360001
v -139.459991 5.330000 215.649994
v -139.270004 5.330000 214.509995
v -140.979996 5.330000 214.319992
v -140.029999 5.330000 214.699997
v -140.029999 5.330000 215.649994
v -147.440002 5.330000 214.319992
v -148.199997 5.330000 213.750000
v -148.199997 5.330000 214.699997
v -138.319992 5.330000 213.179993
v -138.319992 5.430000 207.479996
v -138.699997 5.430000 207.479996
v -138.509995 5.430000 208.619995
v -138.889999 5.330000 209.000000
v -139.649994 5.330000 209.000000
v -140.029999 5.330000 208.239990
v -140.789993 5.330000 208.429993
v -140.789993 5.830000 207.479996
v -141.550003 5.530000 207.479996
v -142.690002 5.530000 207.479996
v -148.199997 5.330000 207.479996
v -148.199997 5.330000 212.799988
v -147.250000 5.330000 211.659988
v -142.690002 5.330000 212.229996
v -142.309998 5.330000 211.659988
v -140.979996 5.330000 211.659988
v -140.599991 5.330000 213.179993
v -141.739990 5.830000 213.179993
v -141.739990 5.930000 212.610001
v -142.119995 5.930000 212.799988
v -144.589996 5.330000 213.179993
v -144.589996 5.330000 212.799988
v -145.160004 5.330000 212.799988
v -145.160004 5.330000 213.179993
f 1985 1986 1979 1984
f 1981 1982 1983
f 1983 1984 1979 1980 1981
f 1988 1989 1990
f 1987 1988 1990 1991
f 1992 1993 1994
f 1996 1997 1998
f 2002 2003 2004
f 2000 2001 2002 2010 2011
f 2002 2004 2005
f 2011 2012 1995 1998 1999
f 2006 2007 2008
f 1995 1996 1998
f 2011 1999 2000
f 2010 2002 2005 2006 2008 2009
f 2013 2014 2015
f 2016 2017 2018 2019
v -128.440002 5.330000 217.360001
v -128.440002 5.530000 207.479996
v -137.559998 5.430000 207.479996
v -138.319992 5.430000 207.479996
v -138.319992 5.330000 213.179993
v -136.610001 5.330000 213.369995
v -135.089996 5.330000 214.699997
v -134.709991 5.330000 216.029999
v -133.759995 5.430000 216.029999
v -133.759995 5.630000 216.599991
v -133.000000 5.630000 216.599991
v -132.809998 5.430000 215.839996
v -132.239990 5.430000 215.839996
v -132.050003 5.330000 216.979996
v -129.770004 5.330000 216.979996
v -129.580002 5.330000 217.360001
f 2028 2029 2030 2031
f 2032 2034 2020 2021 2022 2025
f 2034 2035 2020
f 2026 2027 2028 2031
f 2022 2023 2024 2025
f 2032 2033 2034
f 2026 2031 2032 2025
v -98.799995 5.130000 207.479996
v -98.799995 5.230000 205.769989
v -99.559998 5.230000 205.580002
v -99.559998 5.330000 199.309998
v -98.799995 5.330000 198.929993
v -98.799995 5.330000 197.599991
v -105.259995 5.930000 197.599991
v -104.500000 5.630000 197.979996
v -104.879997 5.330000 198.929993
v -102.979996 5.330000 198.929993
v -102.599998 5.330000 199.309998
v -102.599998 5.330000 205.580002
v -104.119995 5.330000 205.769989
v -104.309998 5.330000 207.099991
v -106.779999 5.330000 207.099991
v -106.970001 5.330000 205.959991
v -108.680000 5.330000 205.959991
v -108.680000 5.330000 207.479996
v -105.070000 5.330000 205.009995
v -105.070000 5.330000 204.440002
v -105.639999 5.330000 204.440002
v -105.639999 5.330000 205.009995
v -106.779999 5.330000 205.009995
v -106.779999 5.330000 204.440002
v -107.540001 5.330000 204.440002
v -107.540001 5.330000 205.009995
v -105.070000 5.330000 203.489990
v -105.070000 5.330000 201.209991
v -107.919998 5.330000 201.209991
v -107.919998 5.330000 201.779999
v -107.159996 5.330000 201.779999
v -106.779999 5.330000 202.349991
v -107.159996 5.330000 203.300003
v -106.970001 5.330000 203.489990
v -108.489998 5.330000 203.110001
v -108.489998 5.330000 202.159988
v -108.680000 5.330000 201.209991
v -108.680000 5.330000 203.489990
v -103.549995 5.330000 202.729996
v -103.549995 5.330000 202.159988
v -104.119995 5.330000 202.159988
v -104.119995 5.330000 202.729996
v -106.399994 5.330000 198.169998
v -106.779999 5.330000 197.599991
v -107.159996 5.330000 197.599991
f 2043 2044 2045
f 2039 2040 2041 2043 2045
f 2036 2037 2038 2047 2048 2049
f 2050 2051 2052 2053
f 2041 2042 2043
f 2039 2045 2046
f 2049 2050 2053 2036
f 2038 2039 2046 2047
f 2054 2055 2056 2057
f 2058 2059 2060 2061
f 2064 2065 2066 2063
f 2067 2068 2069 2062 2063
f 2063 2066 2067
f 2065 2064 2072 2071
f 2068 2070 2073 2069
f 2071 2072 2073 2070
f 2074 2075 2076 2077
f 2078 2079 2080
v -118.559998 5.330000 108.680000
v -118.559998 5.330000 105.639999
v -122.739998 5.330000 105.639999
v -122.930000 5.330000 106.209999
v -126.159996 5.330000 106.209999
v -126.349998 5.330000 105.639999
v -128.440002 5.330000 105.639999
v -128.440002 5.330000 108.680000
v -118.559998 5.330000 98.799995
v -128.440002 5.330000 98.799995
v -128.440002 5.330000 103.169998
v -126.349998 5.330000 103.169998
v -126.159996 5.330000 102.599998
v -122.930000 5.330000 102.599998
v -122.739998 5.330000 103.549995
v -118.559998 5.330000 103.549995
v -119.320000 5.330000 99.750000
v -119.129997 5.330000 100.889999
v -120.079994 5.330000 101.079994
v -120.459999 5.330000 100.129997
f 2085 2086 2087 2088
f 2084 2085 2088 2081
f 2082 2083 2084 2081
f 2089 2097 2098 2096
f 2100 2097 2089
f 2091 2092 2093
f 2100 2093 2094 2099
f 2096 2098 2099 2094 2095
f 2090 2091 2093 2100 2089
v -88.919998 5.130000 197.599991
v -88.919998 5.130000 193.989990
v -89.680000 5.130000 194.750000
v -97.089996 5.330000 194.750000
v -97.279999 5.330000 187.720001
v -98.799995 5.330000 187.720001
v -98.799995 5.330000 197.599991
v -93.479996 5.330000 193.800003
v -93.479996 5.330000 193.229996
v -94.239998 5.330000 193.229996
v -94.239998 5.330000 193.800003
v -88.919998 5.130000 193.419998
v -88.919998 5.230000 187.720001
v -90.250000 5.230000 187.720001
v -90.250000 5.230000 190.190002
v -89.110001 5.230000 190.379990
v -89.299995 5.230000 193.229996
v -91.199997 5.230000 192.279999
v -91.199997 5.230000 191.899994
v -91.769997 5.230000 191.899994
v -91.769997 5.230000 192.279999
v -92.720001 5.330000 192.279999
v -92.720001 5.330000 190.759995
v -93.099998 5.330000 191.139999
v -94.430000 5.330000 190.949997
v -94.239998 5.330000 189.429993
v -93.099998 5.330000 189.429993
v -92.720001 5.330000 189.809998
v -92.720001 5.330000 188.289993
v -95.000000 5.330000 188.289993
v -95.000000 5.330000 192.279999
v -91.199997 5.230000 190.759995
v -91.199997 5.330000 190.000000
v -91.769997 5.330000 190.000000
v -91.769997 5.330000 190.759995
v -95.949997 5.330000 190.569992
v -95.949997 5.330000 190.190002
v -96.329994 5.330000 190.190002
v -96.329994 5.330000 190.569992
v -91.199997 5.330000 188.860001
v -91.199997 5.330000 188.289993
v -91.769997 5.330000 188.289993
v -91.769997 5.330000 188.860001
v -95.949997 5.330000 188.860001
v -95.949997 5.330000 188.289993
v -96.329994 5.330000 188.289993
v -96.329994 5.330000 188.860001
f 2101 2102 2103
f 2104 2105 2106 2107
f 2101 2103 2104 2107
f 2108 2109 2110 2111
f 2113 2114 2115 2116
f 2112 2113 2116 2117
f 2118 2119 2120 2121
f 2122 2123 2124
f 2127 2128 2129
f 2126 2127 2129 2130
f 2125 2126 2130 2131
f 2122 2124 2125 2131
f 2132 2133 2134 2135
f 2136 2137 2138 2139
f 2140 2141 2142 2143
f 2144 2145 2146 2147
v -138.319992 5.330000 108.680000
v -138.319992 5.330000 105.639999
v -142.879990 5.330000 105.639999
v -143.069992 5.330000 106.209999
v -146.300003 5.330000 106.209999
v -146.489990 5.330000 105.639999
v -148.199997 5.330000 105.639999
v -148.199997 5.330000 108.680000
v -138.319992 5.330000 104.500000
v -142.879990 5.330000 104.689995
v -138.319992 5.330000 104.689995
v -148.199997 5.330000 104.500000
v -148.199997 5.330000 104.689995
v -146.489990 5.330000 104.689995
v -138.319992 5.330000 103.169998
v -138.319992 5.330000 98.799995
v -143.259995 5.330000 98.799995
v -143.259995 5.330000 102.599998
v -142.879990 5.330000 103.169998
v -146.489990 5.330000 103.169998
v -146.300003 5.330000 102.599998
v -148.199997 5.330000 98.799995
v -148.199997 5.330000 103.169998
f 2152 2153 2154 2155
f 2151 2152 2155 2148
f 2149 2150 2151 2148
f 2156 2157 2158
f 2159 2160 2161
f 2164 2165 2166 2162 2163
f 2170 2167 2168 2169
f 2168 2165 2164 2169
v -182.970001 5.330000 187.149994
v -183.349991 5.330000 187.149994
v -183.349991 5.330000 187.720001
v -181.069992 5.330000 187.720001
v -178.409988 5.330000 186.959991
v -178.409988 5.330000 185.819992
v -178.979996 5.730000 185.440002
v -179.169998 5.330000 184.489990
v -179.929993 5.330000 184.679993
v -180.500000 5.330000 184.110001
v -180.500000 5.330000 183.159988
v -179.550003 5.330000 182.970001
v -178.979996 5.330000 182.399994
v -177.839996 5.330000 182.779999
v -177.839996 5.330000 177.839996
v -187.720001 5.330000 177.839996
v -187.720001 5.330000 183.919998
v -186.580002 5.330000 183.729996
v -186.009995 5.330000 184.110001
v -185.629990 5.330000 184.489990
v -185.629990 5.330000 185.440002
v -184.869995 5.330000 185.250000
v -184.110001 5.330000 186.389999
v -182.399994 5.330000 186.199997
f 2171 2172 2173 2174
f 2190 2191 2192
f 2177 2178 2179
f 2175 2176 2177
f 2181 2182 2183 2185
f 2192 2193 2194
f 2175 2177 2179
f 2194 2175 2179 2180
f 2186 2187 2188
f 2194 2180 2181
f 2190 2192 2194
f 2189 2190 2194
f 2183 2184 2185
f 2188 2189 2194 2181 2185 2186
v -98.799995 5.330000 118.559998
v -98.799995 5.330000 108.680000
v -103.549995 5.330000 108.680000
v -103.169998 5.330000 115.899994
v -103.549995 5.330000 116.089996
v -103.549995 5.330000 118.559998
v -106.019997 5.130000 118.559998
v -106.019997 5.230000 116.089996
v -106.779999 5.230000 115.899994
v -106.779999 5.230000 114.570000
v -108.680000 5.230000 114.570000
v -108.680000 5.130000 118.559998
v -106.589996 5.330000 112.290001
v -106.019997 5.330000 112.290001
v -106.019997 5.330000 108.680000
v -108.680000 5.330000 108.680000
v -108.680000 5.330000 112.669998
v -106.779999 5.330000 112.669998
f 2198 2199 2200 2195
f 2196 2197 2198 2195
f 2203 2204 2205
f 2201 2202 2203
f 2203 2205 2206 2201
f 2211 2212 2207 2209 2210
f 2207 2208 2209
v -79.040001 5.130000 177.839996
v -79.040001 5.130000 174.800003
v -79.610001 5.130000 174.610001
v -79.610001 5.130000 173.660004
v -83.979996 5.130000 173.470001
v -84.739998 5.130000 174.039993
v -84.739998 5.130000 177.839996
v -85.119995 5.230000 174.039993
v -86.449997 5.230000 172.519989
v -86.449997 5.230000 171.569992
v -85.500000 5.230000 171.379990
v -85.500000 5.230000 167.959991
v -88.919998 5.330000 167.959991
v -88.919998 5.330000 177.839996
v -79.040001 5.130000 173.470001
v -79.040001 5.130000 168.529999
v -79.610001 5.130000 168.529999
v -79.799995 5.130000 167.959991
v -83.979996 5.130000 172.899994
f 2213 2214 2215 2217 2218 2219
f 2215 2216 2217
f 2222 2223 2224 2225
f 2219 2218 2220
f 2226 2219 2220 2221
f 2221 2222 2225 2226
f 2231 2217 2216 2227
f 2227 2228 2229
f 2224 2223 2231 2227 2229 2230
v -128.440002 5.330000 108.680000
v -128.440002 5.330000 105.639999
v -132.809998 5.330000 105.639999
v -133.000000 5.330000 106.209999
v -136.229996 5.330000 106.209999
v -136.419998 5.330000 105.639999
v -138.319992 5.330000 105.639999
v -138.319992 5.330000 108.680000
v -128.440002 5.330000 103.169998
v -128.440002 5.330000 98.799995
v -133.190002 5.330000 98.799995
v -133.190002 5.330000 102.599998
v -132.809998 5.330000 103.169998
v -136.419998 5.330000 103.169998
v -136.229996 5.330000 102.599998
v -138.319992 5.330000 98.799995
v -138.319992 5.330000 103.169998
f 2236 2237 2238 2239
f 2235 2236 2239 2232
f 2233 2234 2235 2232
f 2242 2243 2244 2240 2241
f 2248 2245 2246 2247
f 2246 2243 2242 2247
v -88.919998 5.330000 128.440002
v -88.919998 5.330000 118.559998
v -98.799995 5.330000 118.559998
v -98.799995 5.330000 128.440002
f 2249 2250 2251 2252
v -79.040001 5.330000 148.199997
v -79.040001 5.330000 141.929993
v -83.220001 5.330000 142.119995
v -83.029999 5.330000 145.539993
v -84.360001 5.330000 145.729996
v -84.360001 5.330000 148.199997
v -87.019997 5.130000 148.199997
v -87.019997 5.130000 141.739990
v -86.639999 5.130000 141.550003
v -86.639999 5.130000 138.319992
v -88.729996 5.130000 138.319992
v -88.919998 5.130000 139.839996
v -88.919998 5.130000 140.410004
v -87.209999 5.130000 141.929993
v -87.209999 5.130000 143.639999
v -88.919998 5.130000 145.349991
v -88.919998 5.130000 147.819992
v -88.540001 5.130000 148.199997
v -83.979996 5.330000 144.779999
v -83.979996 5.330000 143.069992
v -84.360001 5.330000 143.069992
v -84.360001 5.330000 144.779999
v -79.040001 5.330000 138.319992
v -84.360001 5.330000 138.319992
v -84.360001 5.330000 142.119995
f 2256 2257 2258 2253
f 2254 2255 2256 2253
f 2269 2270 2259 2267 2268
f 2263 2264 2265 2260 2261 2262
f 2260 2266 2267 2259
f 2260 2265 2266
f 2271 2272 2273 2274
f 2276 2277 2255 2254 2275
v -158.080002 5.430000 206.720001
v -158.080002 5.430000 201.589996
v -158.459991 5.430000 201.589996
v -158.269989 5.430000 202.539993
v -159.029999 5.430000 202.729996
v -159.220001 5.430000 204.440002
v -160.169998 5.430000 204.629990
v -162.069992 5.330000 202.919998
v -161.690002 5.330000 200.830002
v -161.309998 5.330000 200.639999
v -161.879990 5.330000 199.879990
v -162.449997 5.330000 199.690002
v -162.449997 5.330000 200.449997
v -163.399994 5.730000 200.639999
v -165.110001 5.330000 198.550003
v -167.580002 5.330000 198.739990
v -167.959991 5.330000 198.360001
v -167.959991 5.330000 202.349991
v -167.009995 5.330000 202.919998
v -166.440002 5.330000 203.869995
v -164.919998 5.330000 203.300003
v -163.399994 5.330000 203.300003
v -163.209991 5.330000 203.679993
v -162.259995 5.330000 203.489990
v -161.690002 5.530000 204.059998
v -162.069992 5.430000 205.199997
v -161.309998 5.430000 205.580002
v -161.309998 5.430000 206.339996
v -161.879990 5.430000 206.529999
v -161.879990 5.430000 207.479996
v -158.649994 5.430000 207.479996
v -163.399994 5.430000 207.099991
v -163.970001 5.430000 207.479996
v -163.209991 5.430000 207.479996
v -164.729996 5.330000 205.199997
v -164.729996 5.330000 204.629990
v -165.679993 5.330000 204.819992
v -167.389999 5.330000 204.440002
v -167.959991 5.330000 203.869995
v -167.959991 5.330000 204.629990
v -159.410004 5.330000 198.550003
v -159.979996 5.330000 197.599991
v -161.119995 5.330000 198.550003
v -160.929993 5.330000 199.309998
v -160.169998 5.330000 199.500000
v -162.830002 5.330000 199.309998
v -162.830002 5.330000 198.550003
v -162.069992 5.330000 197.599991
v -164.160004 5.330000 197.599991
f 2288 2289 2290 2286 2287
f 2279 2280 2281
f 2304 2305 2308 2278 2283 2284
f 2278 2279 2281
f 2299 2300 2301 2285
f 2305 2306 2307 2308
f 2302 2303 2304 2284
f 2286 2290 2291 2298 2299 2285
f 2281 2282 2283 2278
f 2296 2297 2298
f 2302 2284 2285 2301
f 2293 2294 2295
f 2295 2296 2298 2291 2292 2293
f 2309 2310 2311
f 2312 2313 2314
f 2315 2316 2317
f 2320 2321 2322 2318 2319
f 2324 2325 2326
f 2323 2324 2326
v -185.819992 5.330000 129.199997
v -185.819992 5.330000 130.149994
v -186.959991 5.330000 130.339996
v -187.149994 5.330000 129.389999
v -187.720001 5.330000 129.389999
v -187.720001 5.330000 138.319992
v -177.839996 5.330000 138.319992
v -177.839996 5.330000 128.440002
v -186.769989 5.330000 128.440002
v -186.769989 5.330000 129.009995
v -182.399994 5.330000 129.199997
v -181.259995 5.330000 129.009995
v -181.069992 5.330000 130.149994
v -182.209991 5.330000 130.339996
v -187.720001 5.330000 128.440002
f 2329 2330 2331 2332
f 2335 2336 2327 2337 2338
f 2337 2327 2328 2340
f 2334 2338 2339 2333
f 2334 2335 2338
f 2340 2328 2329 2332 2333
f 2333 2339 2340
f 2331 2330 2336 2335 2341
v -167.959991 5.330000 197.599991
v -167.959991 5.330000 197.220001
v -167.959991 5.330000 196.649994
v -169.099991 5.330000 196.649994
v -169.289993 5.330000 195.699997
v -170.809998 5.530000 195.319992
v -170.619995 5.830000 194.369995
v -170.050003 5.830000 194.179993
v -170.050003 6.130000 193.800003
v -170.619995 5.830000 193.610001
v -171.000000 5.530000 192.470001
v -177.839996 5.330000 192.470001
v -177.839996 5.330000 197.599991
v -167.959991 5.330000 194.559998
v -167.959991 5.330000 193.610001
v -168.339996 5.330000 192.659988
v -168.339996 5.330000 195.509995
v -170.809998 5.430000 191.899994
v -169.860001 5.330000 192.089996
v -169.099991 5.530000 191.519989
v -167.959991 5.530000 191.519989
v -167.959991 5.530000 187.720001
v -175.750000 5.330000 187.720001
v -175.940002 5.330000 189.429993
v -177.839996 5.330000 189.429993
v -176.699997 5.330000 188.289993
v -176.699997 5.330000 187.909988
v -177.269989 5.330000 187.909988
v -177.269989 5.330000 188.289993
f 2348 2349 2350 2351
f 2342 2345 2347 2354
f 2343 2344 2345
f 2342 2343 2345
f 2347 2348 2351 2352 2353 2354
f 2345 2346 2347
f 2355 2356 2357 2358
f 2359 2360 2361 2363 2364 2365
f 2365 2366 2353 2352 2359
f 2361 2362 2363
f 2367 2368 2369 2370
v -158.080002 5.330000 118.559998
v -158.080002 5.330000 115.139999
v -162.830002 5.330000 115.139999
v -162.830002 5.330000 116.089996
v -163.779999 5.330000 116.279999
v -163.779999 5.330000 118.559998
v -166.059998 5.330000 118.559998
v -166.059998 5.330000 116.279999
v -166.629990 5.330000 116.089996
v -166.629990 5.330000 112.860001
v -166.059998 5.330000 112.669998
v -166.059998 5.330000 108.680000
v -167.959991 5.330000 108.680000
v -167.959991 5.330000 118.559998
v -158.080002 5.330000 112.669998
v -158.080002 5.330000 108.680000
v -164.160004 5.330000 108.680000
v -164.160004 5.330000 112.669998
f 2374 2375 2376
f 2372 2373 2374
f 2371 2372 2374 2376
f 2377 2378 2379 2384
f 2380 2383 2384 2379
f 2380 2381 2382 2383
f 2385 2386 2387 2388
v -79.799995 5.130000 167.959991
v -79.610001 5.130000 167.199997
v -79.040001 5.130000 167.199997
v -79.040001 5.130000 163.019989
v -79.610001 5.130000 162.830002
v -79.610001 5.130000 161.309998
v -79.040001 5.130000 161.119995
v -79.040001 5.130000 159.599991
v -79.610001 5.130000 159.410004
v -79.610001 5.130000 158.080002
v -85.119995 5.130000 158.080002
v -86.070000 5.130000 159.410004
v -86.830002 5.130000 159.599991
v -87.779999 5.130000 159.410004
v -87.589996 5.230000 158.080002
v -88.159996 5.230000 158.080002
v -87.970001 5.130000 159.410004
v -88.540001 5.230000 159.789993
v -87.589996 5.130000 160.929993
v -87.589996 5.230000 161.879990
v -88.919998 5.230000 163.019989
v -88.919998 5.330000 167.959991
f 2402 2403 2404 2405
f 2399 2400 2408
f 2402 2405 2406 2407 2401
f 2390 2392 2393 2389
f 2389 2393 2394 2399 2408 2410
f 2394 2395 2396 2397 2399
f 2397 2398 2399
f 2400 2401 2407 2408
f 2408 2409 2410
f 2390 2391 2392
v -79.040001 5.130000 157.699997
v -79.040001 5.130000 156.369995
v -79.610001 5.130000 156.179993
v -79.610001 5.130000 155.419998
v -84.739998 5.130000 155.419998
v -84.739998 5.130000 157.509995
v -85.119995 5.130000 158.080002
v -79.610001 5.130000 158.080002
v -86.449997 5.230000 157.509995
v -86.070000 5.630000 155.800003
v -86.830002 5.730000 155.610001
v -87.209999 5.730000 155.989990
v -87.019997 5.230000 156.940002
v -87.400002 5.230000 157.319992
v -88.349998 5.230000 157.319992
v -88.729996 5.230000 156.940002
v -88.729996 5.230000 155.989990
v -87.970001 5.230000 155.610001
v -87.779999 5.230000 154.660004
v -88.729996 5.230000 154.849991
v -88.919998 5.230000 155.229996
v -88.919998 5.230000 157.889999
v -88.159996 5.230000 158.080002
v -87.589996 5.230000 158.080002
v -87.019997 5.230000 158.080002
v -87.019997 5.130000 153.330002
v -87.019997 5.130000 148.199997
v -88.540001 5.130000 148.199997
v -87.779999 5.130000 149.339996
v -87.779999 5.130000 150.479996
v -88.919998 5.130000 151.809998
v -88.919998 5.130000 153.330002
v -79.040001 5.330000 152.569992
v -79.040001 5.330000 148.199997
v -84.360001 5.330000 148.199997
v -84.360001 5.330000 151.809998
v -83.599998 5.330000 151.809998
v -83.409996 5.330000 152.569992
f 2411 2412 2413 2415 2416 2418
f 2413 2414 2415
f 2416 2417 2418
f 2428 2429 2430 2431 2427
f 2432 2425 2426
f 2426 2427 2431 2432
f 2420 2421 2422 2423 2419
f 2424 2434 2435 2419 2423
f 2425 2432 2433 2434 2424
f 2437 2438 2439
f 2437 2439 2440 2436
f 2441 2442 2436 2440
f 2445 2446 2447
f 2445 2447 2448 2443 2444
v -167.959991 5.330000 128.440002
v -167.959991 5.330000 125.589996
v -174.610001 5.330000 125.589996
v -174.800003 5.330000 126.349998
v -177.839996 5.330000 126.349998
v -177.839996 5.330000 128.440002
v -175.940002 5.330000 125.019997
v -176.319992 5.330000 125.209999
v -175.750000 5.330000 125.399994
v -167.959991 5.330000 123.309998
v -167.959991 5.330000 118.559998
v -175.179993 5.330000 118.559998
v -175.179993 5.330000 122.739998
v -174.610001 5.330000 122.930000
v -174.610001 5.330000 123.309998
v -177.459991 5.330000 122.739998
v -177.459991 5.330000 118.559998
v -177.839996 5.330000 118.559998
v -177.839996 5.330000 122.739998
f 2452 2453 2454
f 2450 2451 2452
f 2449 2450 2452 2454
f 2455 2456 2457
f 2460 2461 2462 2458 2459
f 2462 2463 2458
f 2464 2465 2466 2467
v -108.680000 5.330000 207.479996
v -108.680000 5.330000 205.959991
v -110.959999 5.330000 205.769989
v -111.339996 5.330000 207.479996
v -114.949997 5.330000 206.149994
v -114.949997 5.330000 205.769989
v -115.329994 5.330000 205.769989
v -115.329994 5.330000 206.339996
v -117.799995 5.330000 206.339996
v -117.799995 5.330000 205.769989
v -118.559998 5.330000 205.580002
v -118.559998 5.330000 206.149994
v -116.279999 5.330000 205.580002
v -116.279999 5.330000 205.009995
v -114.949997 5.330000 204.059998
v -114.949997 5.330000 197.599991
v -118.559998 5.330000 197.599991
v -118.559998 5.330000 204.059998
v -117.989998 5.330000 204.059998
v -117.610001 5.330000 204.819992
v -116.849998 5.330000 205.009995
v -116.849998 5.330000 205.580002
v -108.680000 5.330000 205.009995
v -108.680000 5.330000 204.440002
v -109.059998 5.330000 204.440002
v -109.059998 5.330000 205.009995
v -111.529999 5.330000 204.440002
v -111.529999 5.330000 200.639999
v -112.290001 5.330000 200.069992
v -112.290001 5.330000 204.440002
v -108.680000 5.330000 203.489990
v -108.680000 5.330000 201.209991
v -109.059998 5.330000 201.209991
v -109.059998 5.330000 203.489990
v -110.009995 5.330000 202.729996
v -110.009995 5.330000 202.159988
v -110.579994 5.330000 202.159988
v -110.579994 5.330000 202.729996
v -108.869995 5.330000 198.739990
v -110.389999 5.330000 197.599991
v -111.909996 5.330000 197.599991
v -111.339996 5.330000 199.119995
f 2468 2469 2470 2471
f 2472 2473 2474 2475
f 2477 2478 2479 2476
f 2488 2489 2480 2481
f 2484 2485 2486
f 2487 2488 2481
f 2486 2487 2481 2482 2483 2484
f 2490 2491 2492 2493
f 2495 2496 2497 2494
f 2498 2499 2500 2501
f 2502 2503 2504 2505
f 2507 2508 2509 2506
v -177.839996 5.330000 177.839996
v -177.839996 5.330000 176.509995
v -180.690002 5.330000 175.559998
v -180.119995 5.330000 171.569992
v -180.879990 5.330000 171.569992
v -181.069992 5.330000 172.709991
v -181.639999 5.330000 173.089996
v -182.779999 5.330000 173.089996
v -183.729996 5.330000 172.519989
v -184.489990 5.430000 172.709991
v -184.679993 5.830000 171.759995
v -185.250000 5.430000 171.569992
v -185.250000 5.430000 171.000000
v -184.489990 5.330000 170.239990
v -184.679993 5.330000 169.669998
v -185.440002 5.430000 170.619995
v -186.769989 5.330000 170.239990
v -186.769989 5.430000 171.190002
v -187.720001 5.330000 171.379990
v -187.720001 5.330000 177.839996
v -178.979996 5.430000 172.519989
v -178.789993 5.430000 173.089996
v -177.839996 5.530000 173.089996
v -177.839996 5.330000 169.669998
v -177.839996 5.330000 169.099991
v -180.879990 5.330000 167.959991
v -182.399994 5.330000 167.959991
v -179.360001 5.330000 169.099991
v -179.169998 5.330000 169.669998
v -184.300003 5.330000 169.099991
v -184.110001 5.330000 167.959991
v -184.489990 5.330000 167.959991
f 2523 2524 2525 2522
f 2512 2515 2516
f 2521 2522 2525 2526 2527
f 2519 2520 2521 2527 2528
f 2510 2511 2512
f 2513 2514 2515 2512
f 2519 2528 2529 2510 2512
f 2517 2518 2519 2512
f 2512 2516 2517
f 2530 2531 2532
f 2538 2533 2534 2537
f 2535 2536 2537 2534
f 2539 2540 2541
v -177.839996 5.330000 147.819992
v -177.839996 5.330000 142.309998
v -185.629990 5.330000 141.550003
v -186.009995 5.330000 147.059998
v -186.959991 5.330000 140.029999
v -177.839996 5.330000 140.789993
v -177.839996 5.330000 138.319992
v -187.720001 5.330000 138.319992
v -187.720001 5.330000 147.059998
f 2543 2544 2545 2542
f 2549 2550 2546
f 2546 2547 2548 2549
v -148.199997 5.330000 207.479996
v -148.199997 5.330000 206.720001
v -148.770004 5.330000 207.479996
v -149.720001 5.330000 204.629990
v -148.959991 5.330000 204.059998
v -148.199997 5.330000 204.059998
v -148.199997 5.330000 202.159988
v -149.720001 5.330000 204.059998
v -150.669998 5.330000 203.679993
v -151.239990 5.330000 204.629990
v -152.190002 5.330000 204.629990
v -153.709991 5.330000 206.529999
v -153.899994 5.330000 207.479996
v -152.000000 5.330000 207.479996
v -157.319992 5.430000 205.959991
v -156.559998 5.430000 205.959991
v -156.559998 5.430000 205.199997
v -157.129990 5.430000 205.009995
v -156.940002 5.430000 204.059998
v -157.699997 5.430000 203.869995
v -157.699997 5.430000 202.919998
v -156.750000 5.430000 202.729996
v -156.369995 5.430000 203.110001
v -156.369995 5.430000 201.970001
v -157.509995 5.430000 202.159988
v -157.699997 5.430000 201.589996
v -158.080002 5.430000 201.589996
v -158.080002 5.430000 206.720001
v -154.660004 5.930000 205.009995
v -154.849991 5.930000 204.629990
v -155.610001 5.930000 205.580002
v -155.229996 5.930000 205.769989
v -153.330002 5.930000 203.489990
v -153.519989 5.930000 203.110001
v -154.470001 5.930000 204.059998
v -154.089996 5.930000 204.250000
v -149.910004 5.330000 201.209991
v -151.619995 5.330000 200.639999
v -152.190002 5.330000 200.830002
v -152.190002 5.330000 201.399994
v -151.429993 5.330000 201.399994
v -151.050003 5.330000 201.970001
v -152.759995 5.330000 197.599991
v -155.800003 5.330000 197.599991
v -153.709991 5.330000 199.309998
v -148.199997 5.330000 198.360001
v -148.199997 5.330000 197.599991
v -150.099991 5.330000 197.599991
v -150.289993 5.330000 198.169998
f 2551 2552 2553
f 2554 2558 2559 2560 2564
f 2562 2563 2564 2560 2561
f 2555 2556 2557
f 2555 2557 2558 2554
f 2575 2576 2577 2571
f 2572 2573 2574
f 2572 2574 2575 2571
f 2578 2565 2568 2570
f 2565 2566 2567 2568
f 2570 2571 2577 2578
f 2568 2569 2570
f 2579 2580 2581 2582
f 2583 2584 2585 2586
f 2588 2589 2590 2591
f 2588 2591 2592 2587
f 2593 2594 2595
f 2596 2597 2598 2599
v -88.919998 5.230000 187.720001
v -88.919998 5.330000 177.839996
v -92.150002 5.330000 177.839996
v -92.339996 5.330000 178.979996
v -91.579994 5.330000 179.550003
v -91.579994 5.330000 180.879990
v -95.379997 5.330000 184.679993
v -96.519997 5.330000 184.679993
v -98.799995 5.330000 182.589996
v -98.799995 5.330000 187.720001
v -97.279999 5.330000 187.720001
v -97.279999 5.330000 186.199997
v -96.900002 5.330000 185.819992
v -90.820000 5.330000 185.819992
v -90.439995 5.330000 186.199997
v -90.250000 5.230000 187.720001
v -93.479996 5.330000 187.339996
v -93.479996 5.330000 186.769989
v -94.239998 5.330000 186.769989
v -94.239998 5.330000 187.339996
v -96.900002 5.330000 182.589996
v -96.900002 5.330000 182.209991
v -97.279999 5.330000 182.209991
v -97.279999 5.330000 182.589996
v -94.049995 5.330000 181.830002
v -94.239998 5.330000 181.449997
v -94.619995 5.330000 181.639999
v -94.619995 5.330000 182.019989
v -94.619995 5.330000 179.929993
v -96.900002 5.330000 177.839996
v -97.849998 5.330000 177.839996
v -98.610001 5.330000 179.169998
v -98.040001 5.330000 179.550003
v -97.659996 5.330000 178.979996
v -96.709999 5.330000 178.979996
v -96.519997 5.330000 180.119995
v -97.279999 5.330000 180.500000
v -95.949997 5.330000 181.639999
v -98.229996 5.330000 181.259995
v -98.419998 5.330000 180.690002
v -98.799995 5.330000 180.879990
f 2602 2603 2604 2601
f 2609 2610 2611
f 2614 2615 2600
f 2605 2606 2613
f 2607 2608 2609 2611
f 2605 2613 2614
f 2607 2611 2612
f 2606 2607 2612 2613
f 2601 2604 2605 2614 2600
f 2616 2617 2618 2619
f 2620 2621 2622 2623
f 2624 2625 2626 2627
f 2631 2632 2633 2630
f 2635 2637 2628 2634
f 2629 2630 2633 2634
f 2628 2629 2634
f 2635 2636 2637
f 2638 2639 2640
v -108.680000 5.130000 118.559998
v -108.680000 5.230000 114.570000
v -112.099998 5.230000 114.570000
v -112.099998 5.130000 117.419998
v -112.669998 5.130000 117.610001
v -112.669998 5.130000 118.559998
v -114.949997 5.330000 117.610001
v -115.899994 5.330000 117.419998
v -115.899994 5.330000 116.469994
v -118.559998 5.330000 116.469994
v -118.559998 5.330000 117.419998
v -116.659996 5.330000 118.559998
v -115.329994 5.330000 118.559998
v -108.680000 5.330000 112.669998
v -108.680000 5.330000 108.680000
v -118.559998 5.330000 108.680000
v -118.559998 5.330000 112.669998
v -113.049995 5.330000 112.290001
v -112.860001 5.330000 112.669998
f 2644 2645 2646 2641
f 2642 2643 2644 2641
f 2653 2647 2648 2652
f 2652 2648 2649 2650 2651
f 2658 2659 2654 2655
f 2656 2657 2658 2655
v -183.159988 5.330000 167.580002
v -182.399994 5.330000 167.959991
v -180.879990 5.330000 167.959991
v -183.919998 5.330000 167.580002
v -184.489990 5.330000 167.959991
v -184.110001 5.330000 167.959991
v -177.839996 5.330000 167.580002
v -177.839996 5.330000 165.679993
v -182.209991 5.330000 166.059998
v -182.399994 5.330000 164.729996
v -187.720001 5.330000 164.919998
v -187.720001 5.330000 165.489990
v -185.440002 5.330000 166.440002
v -180.500000 5.330000 166.629990
v -177.839996 5.330000 162.830002
v -177.839996 5.330000 158.080002
v -186.769989 5.330000 158.080002
v -187.720001 5.330000 158.080002
v -187.720001 5.330000 163.399994
f 2660 2661 2662
f 2663 2664 2665
f 2670 2671 2672 2668 2669
f 2673 2666 2667
f 2673 2667 2668 2672
f 2676 2677 2678
f 2674 2675 2676 2678
v -90.439995 5.130000 138.319992
v -90.629997 5.130000 137.369995
v -93.479996 5.130000 136.039993
v -94.049995 5.130000 136.610001
v -94.049995 5.130000 137.179993
v -92.150002 5.130000 137.750000
v -91.959999 5.330000 138.319992
v -96.139999 5.130000 137.179993
v -95.189995 5.130000 136.229996
v -95.189995 5.130000 135.849991
v -98.229996 5.130000 135.849991
v -98.419998 5.130000 136.229996
v -98.419998 5.130000 137.750000
v -97.849998 5.130000 137.940002
v -88.919998 5.130000 137.559998
v -88.919998 5.130000 135.849991
v -90.629997 5.130000 136.039993
v -88.919998 5.330000 132.809998
v -88.919998 5.330000 128.440002
v -98.799995 5.330000 128.440002
v -98.799995 5.330000 132.809998
v -97.470001 5.330000 132.809998
v -97.279999 5.330000 131.860001
v -94.049995 5.330000 131.860001
v -93.860001 5.330000 132.809998
f 2681 2682 2683 2684 2680
f 2685 2679 2680 2684
f 2686 2687 2688
f 2690 2691 2692 2686 2688 2689
f 2693 2694 2695
f 2699 2700 2701 2698
f 2697 2698 2702 2696
f 2702 2703 2696
f 2698 2701 2702
v -177.839996 5.330000 158.080002
v -177.839996 5.330000 157.509995
v -186.769989 5.330000 158.080002
v -185.059998 5.330000 156.369995
v -184.869995 5.330000 154.849991
v -187.720001 5.330000 155.039993
v -187.720001 5.330000 156.559998
v -177.839996 5.330000 155.989990
v -177.839996 5.330000 154.849991
v -180.690002 5.330000 155.039993
v -180.879990 5.330000 156.179993
v -177.839996 5.330000 153.709991
v -177.839996 5.330000 150.669998
v -178.979996 5.330000 150.479996
v -179.550003 5.330000 151.429993
v -181.259995 5.330000 151.050003
v -181.639999 5.330000 150.479996
v -183.349991 5.330000 150.669998
v -183.349991 5.330000 153.709991
v -183.729996 5.330000 150.479996
v -183.729996 5.630000 149.149994
v -184.489990 5.630000 149.149994
v -185.059998 5.330000 150.289993
v -187.720001 5.530000 149.910004
v -187.720001 5.330000 153.899994
v -181.830002 5.330000 149.149994
v -182.779999 5.330000 148.770004
v -182.779999 5.330000 149.339996
v -185.440002 5.330000 149.149994
v -185.440002 5.330000 148.580002
v -187.720001 5.330000 148.389999
v -187.720001 5.330000 148.770004
f 2704 2705 2706
f 2707 2708 2709 2710
f 2711 2712 2713 2714
f 2716 2717 2718 2715
f 2719 2720 2721
f 2719 2721 2722 2715 2718
f 2723 2724 2725 2726
f 2722 2721 2726 2727 2728
f 2721 2723 2726
f 2729 2730 2731
f 2733 2734 2735 2732
v -98.799995 5.330000 197.599991
v -98.799995 5.330000 187.720001
v -106.399994 5.330000 187.720001
v -105.829994 5.330000 188.669998
v -106.019997 5.330000 193.800003
v -104.879997 5.330000 194.179993
v -103.549995 5.330000 195.319992
v -103.739998 5.630000 196.080002
v -105.070000 6.030000 195.509995
v -105.639999 6.130000 196.839996
v -105.639999 6.130000 197.409988
v -105.259995 6.030000 197.599991
v -106.779999 5.330000 197.599991
v -106.779999 5.330000 196.839996
v -106.019997 5.330000 195.509995
v -106.589996 5.330000 194.750000
v -107.919998 5.330000 195.319992
v -107.159996 5.330000 197.599991
v -107.159996 5.330000 193.229996
v -106.970001 5.330000 190.569992
v -107.540001 5.330000 189.809998
v -107.919998 5.330000 187.720001
v -108.680000 5.330000 187.720001
v -108.680000 5.330000 192.659988
f 2745 2746 2747 2736 2743
f 2743 2744 2745
f 2741 2742 2736 2737 2739
f 2737 2738 2739
f 2742 2743 2736
f 2739 2740 2741
f 2753 2748 2749 2752
f 2750 2751 2752 2749
f 2756 2757 2758 2759
f 2759 2754 2755 2756
v -148.199997 5.330000 118.559998
v -148.199997 5.330000 115.139999
v -152.759995 5.330000 115.139999
v -152.949997 5.330000 115.709999
v -156.179993 5.330000 115.709999
v -156.369995 5.330000 115.139999
v -158.080002 5.330000 115.139999
v -158.080002 5.330000 118.559998
v -148.199997 5.330000 112.669998
v -148.199997 5.330000 108.680000
v -153.139999 5.330000 108.680000
v -153.139999 5.330000 112.099998
v -152.759995 5.330000 112.669998
v -156.369995 5.330000 112.669998
v -156.179993 5.330000 112.099998
v -158.080002 5.330000 108.680000
v -158.080002 5.330000 112.669998
f 2764 2765 2766 2767
f 2763 2764 2767 2760
f 2761 2762 2763 2760
f 2770 2771 2772 2768 2769
f 2776 2773 2774 2775
f 2774 2771 2770 2775
v -128.440002 5.530000 207.289993
v -128.440002 5.530000 207.479996
v -128.250000 5.530000 207.479996
v -118.559998 5.330000 206.149994
v -118.559998 5.330000 205.580002
v -118.750000 5.330000 205.009995
v -119.699997 5.330000 205.009995
v -120.269997 5.330000 205.769989
v -120.839996 5.330000 205.769989
v -120.839996 5.330000 206.339996
v -127.680000 5.330000 206.339996
v -127.680000 5.330000 205.769989
v -126.919998 5.330000 205.580002
v -126.729996 5.330000 204.819992
v -125.969994 5.330000 204.629990
v -125.969994 5.330000 197.599991
v -127.489998 5.330000 197.599991
v -127.680000 5.330000 199.309998
v -127.299995 5.330000 199.500000
v -127.299995 5.330000 201.779999
v -128.440002 5.330000 201.970001
v -128.440002 5.330000 202.919998
v -128.440002 5.330000 204.059998
v -127.680000 5.330000 204.440002
v -127.680000 5.330000 205.580002
v -128.440002 5.330000 206.339996
v -123.309998 5.330000 206.149994
v -123.309998 5.330000 205.769989
v -123.689995 5.330000 205.769989
v -123.689995 5.330000 206.149994
v -121.790001 5.330000 205.580002
v -121.790001 5.330000 205.009995
v -121.029999 5.330000 204.819992
v -120.459999 5.330000 204.059998
v -118.559998 5.330000 204.059998
v -118.559998 5.330000 197.599991
v -123.689995 5.330000 197.599991
v -123.689995 5.330000 204.059998
v -123.309998 5.330000 204.629990
v -122.360001 5.330000 205.009995
v -122.360001 5.330000 205.580002
f 2777 2778 2779
f 2784 2785 2786 2780
f 2780 2781 2782 2783 2784
f 2802 2787 2788
f 2801 2802 2788
f 2801 2788 2789
f 2801 2789 2790 2800
f 2793 2794 2795 2792
f 2796 2797 2798
f 2798 2799 2800 2790 2791 2796
f 2792 2795 2796 2791
f 2803 2804 2805 2806
f 2816 2817 2807 2808
f 2810 2811 2812
f 2816 2808 2809
f 2814 2815 2816
f 2816 2809 2810 2812 2813 2814
v -98.799995 5.330000 128.440002
v -98.799995 5.330000 118.559998
v -103.549995 5.330000 118.559998
v -103.169998 5.330000 125.779999
v -103.549995 5.330000 125.969994
v -103.549995 5.330000 128.440002
v -106.019997 5.130000 128.440002
v -106.019997 5.130000 125.969994
v -106.779999 5.130000 125.779999
v -106.779999 5.130000 122.549995
v -106.019997 5.130000 122.360001
v -106.019997 5.130000 118.559998
v -108.680000 5.130000 118.559998
v -108.680000 5.130000 128.440002
f 2821 2822 2823 2818
f 2819 2820 2821 2818
f 2824 2825 2826 2831
f 2827 2830 2831 2826
f 2827 2828 2829 2830
v -140.410004 5.530000 207.289993
v -140.599991 5.530000 206.339996
v -141.739990 5.830000 205.580002
v -141.739990 5.630000 206.149994
v -141.360001 5.630000 206.339996
v -141.550003 5.530000 207.479996
v -140.789993 5.830000 207.479996
v -142.879990 5.530000 206.720001
v -143.830002 5.330000 206.339996
v -143.830002 5.330000 205.009995
v -143.449997 5.330000 204.629990
v -141.739990 5.330000 204.440002
v -141.739990 5.330000 203.489990
v -140.599991 5.430000 201.970001
v -140.410004 5.430000 200.830002
v -142.309998 5.330000 200.069992
v -141.929993 5.330000 197.599991
v -144.779999 5.330000 197.599991
v -145.349991 5.330000 199.309998
v -146.110001 5.330000 199.119995
v -146.110001 5.330000 197.789993
v -146.869995 5.330000 197.599991
v -148.199997 5.330000 197.599991
v -148.199997 5.330000 198.360001
v -147.440002 5.330000 198.739990
v -147.440002 5.330000 200.069992
v -148.199997 5.330000 201.209991
v -148.199997 5.330000 202.159988
v -148.199997 5.330000 204.059998
v -147.440002 5.330000 204.629990
v -147.250000 5.330000 205.769989
v -148.199997 5.330000 206.720001
v -148.199997 5.330000 207.479996
v -142.690002 5.530000 207.479996
v -138.319992 5.430000 206.339996
v -138.319992 5.330000 204.819992
v -139.649994 5.330000 205.769989
v -138.319992 5.330000 203.300003
v -138.319992 5.330000 197.599991
v -139.080002 5.330000 197.599991
v -138.889999 5.330000 198.929993
v -139.459991 5.330000 201.779999
v -138.889999 5.330000 201.970001
v -138.889999 5.330000 203.110001
v -140.410004 5.930000 199.500000
v -140.029999 5.930000 197.599991
v -140.979996 5.930000 197.599991
v -141.169998 5.930000 199.500000
f 2834 2835 2836 2833
f 2837 2838 2832 2833 2836
f 2854 2855 2856 2853
f 2859 2860 2861
f 2865 2839 2840 2862 2863 2864
f 2851 2852 2853 2856 2857
f 2861 2862 2841 2842
f 2862 2840 2841
f 2847 2848 2849 2850
f 2842 2843 2844
f 2859 2850 2851 2857 2858
f 2842 2844 2847 2850 2859 2861
f 2845 2846 2847 2844
f 2866 2867 2868
f 2870 2871 2872
f 2874 2875 2869
f 2872 2873 2874
f 2869 2870 2872 2874
f 2876 2877 2878 2879
v -167.959991 5.530000 187.720001
v -167.959991 5.530000 186.959991
v -168.910004 5.330000 186.959991
v -170.050003 5.330000 186.389999
v -169.669998 5.330000 184.489990
v -170.809998 5.330000 183.729996
v -176.319992 5.330000 185.250000
v -175.750000 5.330000 186.199997
v -175.750000 5.330000 187.720001
v -176.889999 5.330000 186.580002
v -176.889999 5.330000 186.199997
v -177.459991 5.330000 186.389999
v -168.910004 5.330000 185.440002
v -168.910004 5.330000 185.819992
v -168.529999 5.330000 185.819992
v -173.279999 5.530000 177.839996
v -177.839996 5.330000 177.839996
v -177.839996 5.330000 182.779999
v -177.839996 5.430000 184.300003
v -177.080002 5.330000 184.489990
v -177.080002 5.330000 185.250000
v -167.959991 5.330000 182.970001
v -167.959991 5.330000 182.589996
v -167.959991 5.330000 181.449997
v -168.910004 5.330000 179.739990
v -169.099991 5.330000 178.409988
v -170.619995 5.330000 177.839996
v -172.139999 5.530000 177.839996
v -170.050003 5.330000 182.970001
v -168.910004 5.330000 183.349991
f 2880 2881 2882
f 2880 2882 2883 2887 2888
f 2883 2884 2885 2886 2887
f 2889 2890 2891
f 2892 2893 2894
f 2899 2900 2886
f 2897 2898 2899
f 2897 2899 2886 2885 2895 2896
f 2909 2901 2902 2908
f 2908 2902 2903 2904 2906 2907
f 2904 2905 2906
v -128.440002 5.530000 207.289993
v -136.229996 5.330000 207.099991
v -137.559998 5.430000 207.479996
v -128.440002 5.530000 207.479996
v -136.800003 5.330000 206.149994
v -136.989990 5.330000 204.819992
v -136.610001 5.330000 204.059998
v -133.000000 5.330000 204.250000
v -133.000000 5.330000 206.149994
v -131.860001 5.330000 206.149994
v -132.050003 5.330000 204.819992
v -131.479996 5.330000 204.059998
v -129.959991 5.330000 203.869995
v -129.580002 5.330000 202.729996
v -128.440002 5.330000 202.919998
v -128.440002 5.330000 201.970001
v -129.580002 5.330000 201.970001
v -129.959991 5.330000 201.209991
v -130.149994 5.330000 203.300003
v -130.529999 5.330000 203.679993
v -134.330002 5.330000 203.489990
v -134.520004 5.330000 201.019989
v -135.089996 5.330000 201.019989
v -135.279999 5.330000 201.589996
v -137.179993 5.330000 201.589996
v -138.129990 5.330000 200.639999
v -137.940002 5.330000 197.599991
v -138.319992 5.330000 197.599991
v -138.319992 5.330000 203.300003
v -138.319992 5.330000 204.819992
v -138.319992 5.430000 206.339996
v -131.289993 5.330000 202.159988
v -131.289993 5.330000 201.589996
v -133.190002 5.330000 201.589996
v -133.190002 5.330000 202.349991
v -129.199997 5.630000 199.309998
v -129.199997 5.530000 197.599991
v -129.959991 5.930000 197.599991
v -129.959991 5.930000 199.309998
v -131.289993 5.930000 197.599991
v -131.860001 5.930000 197.599991
v -132.050003 5.930000 197.789993
f 2911 2912 2913 2910
f 2931 2932 2933 2930
f 2923 2924 2925 2926
f 2916 2930 2933 2934 2938
f 2923 2926 2927 2928 2922
f 2938 2934 2935
f 2939 2915 2916 2938
f 2922 2928 2929
f 2921 2922 2929
f 2918 2919 2920 2917
f 2930 2916 2917 2921 2929
f 2917 2920 2921
f 2939 2940 2914 2915
f 2935 2936 2937 2938
f 2941 2942 2943 2944
f 2945 2946 2947 2948
f 2949 2950 2951
v -121.029999 5.330000 117.419998
v -118.559998 5.330000 117.419998
v -118.559998 5.330000 116.469994
v -122.930000 5.330000 116.469994
v -122.930000 5.330000 117.229996
v -123.879997 5.330000 117.419998
v -123.879997 5.330000 118.559998
v -122.549995 5.330000 118.559998
v -126.349998 5.130000 118.559998
v -126.540001 5.330000 115.139999
v -128.440002 5.330000 115.139999
v -128.440002 5.130000 118.559998
v -118.559998 5.330000 112.669998
v -118.559998 5.330000 108.680000
v -128.440002 5.330000 108.680000
v -128.440002 5.330000 112.669998
v -122.930000 5.330000 112.290001
v -122.739998 5.330000 112.669998
f 2956 2957 2958 2959 2952
f 2955 2956 2952 2953 2954
f 2961 2962 2963 2960
f 2968 2969 2964 2965
f 2966 2967 2968 2965
v -160.739990 5.330000 195.889999
v -159.599991 5.330000 196.080002
v -159.029999 5.330000 196.839996
v -158.080002 5.330000 196.649994
v -158.080002 5.330000 194.179993
v -160.360001 5.330000 194.369995
v -160.739990 5.330000 193.989990
v -160.550003 5.330000 190.569992
v -161.309998 5.330000 187.720001
v -162.069992 5.330000 187.720001
v -162.830002 5.330000 188.479996
v -163.589996 5.330000 191.709991
v -164.729996 5.330000 193.229996
v -164.729996 5.330000 196.459991
v -164.160004 5.330000 196.839996
v -164.160004 5.330000 197.599991
v -162.069992 5.330000 197.599991
v -167.580002 5.330000 196.839996
v -166.629990 5.330000 196.839996
v -167.389999 5.330000 196.459991
v -167.959991 5.330000 196.649994
v -167.959991 5.330000 197.220001
v -165.869995 5.330000 196.649994
v -165.869995 5.330000 192.659988
v -164.729996 5.330000 191.330002
v -164.539993 5.330000 190.379990
v -164.919998 5.330000 190.379990
v -165.110001 5.330000 190.949997
v -166.059998 5.330000 190.949997
v -166.250000 5.530000 189.619995
v -165.300003 5.330000 189.619995
v -164.729996 5.330000 187.720001
v -167.959991 5.530000 187.720001
v -167.959991 5.530000 191.519989
v -167.769989 5.630000 192.279999
v -167.389999 5.530000 191.519989
v -166.440002 5.330000 191.709991
v -166.629990 5.330000 196.649994
v -167.389999 5.330000 194.559998
v -167.389999 5.330000 193.610001
v -167.959991 5.330000 193.610001
v -167.959991 5.330000 194.559998
v -158.080002 5.430000 190.569992
v -158.080002 5.430000 189.050003
v -159.029999 5.430000 188.860001
v -158.839996 5.430000 190.569992
f 2971 2972 2973 2974 2975
f 2978 2979 2980 2981 2976 2977
f 2984 2985 2986
f 2983 2984 2986
f 2986 2970 2976 2981 2982 2983
f 2970 2971 2975 2976
f 2987 2988 2989 2990
f 2987 2990 2991
f 3003 3004 3005
f 2995 2996 2997 2994
f 2998 2999 3003 3005
f 2994 2997 2998 3006 2993
f 2998 3005 3006
f 2999 3000 3001
f 2999 3001 3002 3003
f 2993 3006 3007 2992
f 3008 3009 3010 3011
f 3013 3014 3015 3012
v -167.959991 5.330000 138.319992
v -167.959991 5.330000 128.440002
v -177.839996 5.330000 128.440002
v -177.839996 5.330000 138.319992
v -175.179993 5.330000 138.319992
v -174.989990 5.330000 137.559998
v -174.039993 5.330000 137.559998
v -173.849991 5.330000 138.319992
v -171.000000 5.330000 138.319992
v -170.619995 5.330000 137.369995
v -169.479996 5.330000 137.369995
v -169.289993 5.330000 138.319992
f 3026 3027 3016 3017
f 3019 3020 3021 3018
f 3022 3023 3024 3025
f 3025 3026 3017
f 3021 3022 3025 3017 3018
v -138.319992 5.330000 118.559998
v -138.319992 5.330000 115.139999
v -142.879990 5.330000 115.139999
v -143.069992 5.330000 115.709999
v -146.300003 5.330000 115.709999
v -146.489990 5.330000 115.139999
v -148.199997 5.330000 115.139999
v -148.199997 5.330000 118.559998
v -138.319992 5.330000 112.669998
v -138.319992 5.330000 108.680000
v -143.259995 5.330000 108.680000
v -143.259995 5.330000 112.099998
v -142.879990 5.330000 112.669998
v -146.489990 5.330000 112.669998
v -146.300003 5.330000 112.099998
v -148.199997 5.330000 108.680000
v -148.199997 5.330000 112.669998
f 3032 3033 3034 3035
f 3031 3032 3035 3028
f 3029 3030 3031 3028
f 3038 3039 3040 3036 3037
f 3044 3041 3042 3043
f 3042 3039 3038 3043
v -88.919998 5.330000 177.839996
v -88.919998 5.330000 167.959991
v -98.799995 5.330000 167.959991
v -98.799995 5.530000 174.800003
v -98.419998 5.430000 174.989990
v -97.849998 5.330000 174.229996
v -96.900002 5.330000 174.229996
v -95.759995 5.330000 175.559998
v -94.809998 5.330000 175.369995
v -93.860001 5.330000 176.129990
v -93.099998 5.330000 176.889999
v -93.099998 5.330000 177.649994
v -92.150002 5.330000 177.839996
v -95.379997 5.330000 177.649994
v -95.189995 5.330000 177.839996
v -95.000000 5.330000 177.839996
v -97.279999 5.330000 177.269989
v -97.849998 5.330000 177.839996
v -96.900002 5.330000 177.839996
f 3048 3049 3050 3047
f 3055 3056 3057 3045
f 3051 3052 3053
f 3047 3051 3053 3045 3046
f 3054 3055 3045
f 3047 3050 3051
f 3053 3054 3045
f 3058 3059 3060
f 3061 3062 3063
v -91.199997 5.130000 147.819992
v -93.099998 5.130000 147.819992
v -93.099998 5.130000 148.199997
v -91.009995 5.130000 148.199997
v -95.949997 5.230000 148.199997
v -95.949997 5.630000 147.440002
v -95.379997 5.730000 147.059998
v -95.949997 5.630000 146.300003
v -96.900002 5.130000 146.300003
v -96.900002 5.130000 145.349991
v -96.139999 5.130000 144.970001
v -95.759995 5.130000 143.069992
v -94.239998 5.130000 141.929993
v -94.430000 5.130000 141.169998
v -95.570000 5.130000 140.979996
v -95.379997 5.530000 140.220001
v -94.809998 5.730000 140.220001
v -94.809998 5.730000 139.649994
v -95.189995 5.730000 139.080002
v -95.570000 5.630000 139.459991
v -96.709999 5.130000 139.270004
v -98.040001 5.130000 139.839996
v -98.040001 5.130000 140.979996
v -98.799995 5.530000 140.789993
v -98.799995 5.230000 147.819992
v -98.419998 5.230000 148.199997
v -88.919998 5.130000 147.819992
v -88.919998 5.130000 145.349991
v -89.299995 5.130000 145.349991
v -89.869995 5.130000 147.440002
v -91.009995 5.130000 146.110001
v -91.009995 5.130000 145.160004
v -93.099998 5.130000 143.639999
v -94.239998 5.130000 143.259995
v -94.809998 5.130000 143.830002
v -94.619995 5.130000 144.399994
v -92.720001 5.130000 144.970001
v -92.720001 5.630000 145.919998
v -89.110001 5.130000 142.309998
v -89.110001 5.130000 141.929993
v -90.629997 5.130000 140.789993
v -92.529999 5.130000 140.789993
v -91.959999 5.130000 142.500000
v -90.250000 5.130000 143.830002
v -93.099998 6.030000 140.220001
v -93.099998 5.930000 139.839996
v -93.669998 5.930000 140.220001
v -90.439995 5.130000 138.319992
v -91.959999 5.330000 138.319992
v -91.959999 5.530000 138.889999
v -90.439995 5.130000 139.080002
f 3064 3065 3066 3067
f 3081 3082 3083 3079 3080
f 3068 3069 3072 3088 3089
f 3075 3086 3087 3088 3073
f 3069 3070 3071 3072
f 3073 3074 3075
f 3078 3079 3083
f 3076 3077 3078 3075
f 3078 3083 3084 3085 3086 3075
f 3088 3072 3073
f 3091 3092 3093 3090
f 3097 3098 3099 3100 3095 3096
f 3095 3100 3101 3094
f 3102 3103 3104 3105 3106 3107
f 3108 3109 3110
f 3111 3112 3113 3114
v -110.959999 5.330000 196.839996
v -110.389999 5.830000 194.559998
v -111.149994 5.630000 194.179993
v -111.529999 5.330000 193.039993
v -112.290001 5.330000 193.039993
v -112.290001 5.330000 194.750000
v -111.339996 5.630000 195.129990
v -111.339996 5.330000 197.029999
v -111.909996 5.330000 197.599991
v -110.389999 5.330000 197.599991
v -114.949997 5.330000 197.599991
v -115.139999 5.330000 188.289993
v -115.519997 5.330000 188.289993
v -115.709999 5.330000 187.720001
v -118.559998 5.330000 187.720001
v -118.559998 5.330000 197.599991
v -108.680000 5.330000 196.839996
v -109.250000 5.330000 195.319992
v -109.629997 5.330000 195.319992
v -108.680000 5.330000 192.659988
v -108.680000 5.330000 187.720001
v -112.099998 5.330000 187.720001
v -112.290001 5.330000 188.669998
v -111.339996 5.330000 191.139999
v -110.389999 5.330000 191.519989
v -109.629997 5.330000 192.659988
f 3122 3123 3124 3115
f 3116 3117 3121 3122 3115
f 3117 3118 3119 3120 3121
f 3127 3128 3129 3130 3125
f 3125 3126 3127
f 3131 3132 3133
f 3139 3140 3134
f 3137 3138 3139
f 3135 3136 3137 3139 3134
v -167.959991 5.330000 177.839996
v -167.959991 5.330000 175.940002
v -167.959991 5.330000 175.559998
v -168.529999 5.330000 175.369995
v -172.330002 5.430000 177.080002
v -172.139999 5.530000 177.839996
v -170.619995 5.330000 177.839996
v -173.279999 5.330000 176.129990
v -171.379990 5.830000 176.129990
v -171.379990 5.430000 175.559998
v -170.429993 5.330000 174.989990
v -170.809998 5.430000 174.610001
v -170.429993 5.330000 171.949997
v -169.289993 5.330000 171.949997
v -169.289993 5.330000 170.809998
v -168.720001 5.630000 170.239990
v -167.959991 5.530000 170.239990
v -167.959991 5.530000 169.479996
v -170.809998 5.330000 170.809998
v -172.139999 5.330000 172.139999
v -172.330002 5.330000 172.899994
v -173.089996 5.330000 172.899994
v -174.039993 5.330000 171.759995
v -174.419998 5.330000 172.709991
v -174.989990 5.330000 172.899994
v -174.800003 5.330000 173.849991
v -175.179993 5.330000 174.419998
v -175.559998 5.330000 174.800003
v -176.699997 5.330000 174.800003
v -176.699997 5.330000 176.129990
v -177.839996 5.330000 176.509995
v -177.839996 5.330000 177.839996
v -173.279999 5.530000 177.839996
v -168.720001 5.330000 172.519989
v -169.479996 5.330000 172.709991
v -169.289993 5.330000 173.279999
v -171.379990 5.330000 169.669998
v -172.330002 5.330000 168.339996
v -173.470001 5.330000 169.099991
v -172.330002 5.330000 170.619995
v -177.269989 5.330000 169.099991
v -177.839996 5.330000 169.099991
v -177.839996 5.330000 169.669998
v -176.319992 5.330000 170.050003
v -174.989990 5.330000 169.289993
v -174.989990 5.330000 168.720001
v -174.039993 5.330000 167.959991
v -176.889999 5.330000 167.959991
v -167.959991 5.530000 168.149994
v -167.959991 5.530000 167.959991
v -169.860001 5.530000 167.959991
v -169.669998 5.530000 168.720001
f 3142 3143 3144
f 3141 3142 3144
f 3145 3146 3147
f 3156 3157 3158
f 3150 3151 3152
f 3164 3165 3166
f 3162 3163 3164 3166
f 3153 3154 3155 3159
f 3168 3169 3170
f 3150 3152 3161 3162 3167 3148
f 3148 3149 3150
f 3170 3171 3172
f 3156 3158 3159
f 3155 3156 3159
f 3167 3168 3170 3172 3173 3148
f 3153 3159 3160 3161 3152
f 3162 3166 3167
f 3174 3154 3175 3176
f 3177 3178 3179 3180
f 3181 3182 3183 3184
f 3186 3187 3188
f 3185 3186 3188
f 3190 3191 3192 3189
v -158.080002 5.330000 128.440002
v -158.080002 5.330000 123.879997
v -162.830002 5.330000 124.070000
v -163.019989 5.330000 126.349998
v -166.440002 5.330000 126.349998
v -166.629990 5.330000 125.589996
v -167.959991 5.330000 125.589996
v -167.959991 5.330000 128.440002
v -163.779999 5.330000 125.399994
v -163.779999 5.330000 125.019997
v -164.729996 5.330000 125.209999
v -158.080002 5.330000 121.599998
v -158.080002 5.330000 120.459999
v -158.080002 5.330000 118.559998
v -163.779999 5.330000 118.559998
v -163.779999 5.330000 122.739998
v -162.830002 5.330000 122.930000
v -166.629990 5.330000 123.309998
v -166.440002 5.330000 122.739998
v -166.059998 5.330000 122.739998
v -166.059998 5.330000 118.559998
v -167.959991 5.330000 118.559998
v -167.959991 5.330000 123.309998
f 3197 3198 3199 3200
f 3194 3195 3196 3193
f 3196 3197 3200 3193
f 3201 3202 3203
f 3207 3208 3209 3205 3206
f 3209 3195 3194 3204
f 3209 3204 3205
f 3215 3210 3211 3213 3214
f 3211 3212 3213
v -167.959991 5.330000 148.199997
v -167.959991 5.330000 138.319992
v -169.289993 5.330000 138.319992
v -169.669998 5.330000 139.080002
v -170.619995 5.330000 139.080002
v -171.000000 5.330000 138.319992
v -173.849991 5.330000 138.319992
v -174.039993 5.330000 138.699997
v -174.989990 5.330000 138.699997
v -175.179993 5.330000 138.319992
v -177.839996 5.330000 138.319992
v -177.839996 5.330000 140.789993
v -172.139999 5.330000 141.550003
v -169.289993 5.330000 141.550003
v -168.910004 5.330000 141.929993
v -168.910004 5.330000 143.069992
v -169.289993 5.330000 143.830002
v -169.669998 5.330000 148.199997
v -171.190002 5.330000 148.199997
v -170.619995 5.330000 143.069992
v -177.839996 5.330000 142.309998
v -177.839996 5.330000 147.819992
v -173.089996 5.330000 148.199997
f 3217 3218 3219 3229 3230
f 3224 3225 3226 3227
f 3221 3222 3223 3228 3220
f 3232 3233 3216 3231
f 3229 3219 3220 3228
f 3224 3227 3228 3223
f 3217 3230 3231 3216
f 3238 3234 3235 3236 3237
v -128.440002 5.130000 118.559998
v -128.440002 5.330000 115.139999
v -132.809998 5.330000 115.139999
v -133.000000 5.330000 115.709999
v -136.229996 5.330000 115.709999
v -136.419998 5.330000 115.139999
v -138.319992 5.330000 115.139999
v -138.319992 5.330000 118.559998
v -128.440002 5.330000 112.669998
v -128.440002 5.330000 108.680000
v -133.190002 5.330000 108.680000
v -133.190002 5.330000 112.099998
v -132.809998 5.330000 112.669998
v -136.419998 5.330000 112.669998
v -136.229996 5.330000 112.099998
v -138.319992 5.330000 108.680000
v -138.319992 5.330000 112.669998
f 3243 3244 3245 3246
f 3242 3243 3246 3239
f 3240 3241 3242 3239
f 3249 3250 3251 3247 3248
f 3255 3252 3253 3254
f 3253 3250 3249 3254
v -148.199997 5.330000 197.599991
v -148.199997 5.330000 187.720001
v -151.239990 5.330000 187.720001
v -151.239990 5.330000 190.569992
v -150.099991 5.330000 191.519989
v -150.099991 5.330000 192.470001
v -150.669998 5.330000 193.419998
v -153.139999 5.330000 193.419998
v -153.139999 5.330000 195.509995
v -156.179993 5.330000 196.080002
v -156.940002 5.330000 196.080002
v -157.319992 5.330000 195.699997
v -157.319992 5.330000 194.179993
v -158.080002 5.330000 194.179993
v -158.080002 5.330000 196.649994
v -157.319992 5.330000 196.459991
v -155.800003 5.330000 197.599991
v -152.759995 5.330000 197.599991
v -151.809998 5.330000 196.269989
v -151.050003 5.330000 196.269989
v -150.099991 5.330000 197.029999
v -150.099991 5.330000 197.599991
v -154.279999 5.330000 194.559998
v -154.279999 5.330000 193.800003
v -156.179993 5.330000 193.989990
v -156.179993 5.330000 194.750000
v -154.660004 5.430000 190.569992
v -154.470001 5.430000 190.000000
v -154.089996 5.430000 190.000000
v -154.279999 5.430000 189.050003
v -153.139999 5.430000 188.860001
v -153.330002 5.430000 187.720001
v -157.509995 5.430000 187.720001
v -157.319992 5.430000 188.669998
v -158.080002 5.430000 189.050003
v -158.080002 5.430000 190.569992
v -155.989990 5.430000 190.000000
v -155.800003 5.430000 190.569992
f 3267 3268 3269 3270
f 3261 3262 3275
f 3267 3270 3271 3266
f 3257 3260 3261
f 3265 3266 3271
f 3265 3271 3272 3273 3274 3264
f 3276 3277 3256
f 3275 3276 3256 3257 3261
f 3275 3262 3263 3264 3274
f 3258 3259 3260 3257
f 3278 3279 3280 3281
f 3283 3284 3285
f 3292 3293 3282 3283 3285
f 3289 3290 3291 3292
f 3285 3286 3287
f 3288 3289 3292 3285 3287
v -88.919998 5.330000 167.959991
v -88.919998 5.230000 163.019989
v -91.389999 5.330000 165.110001
v -92.339996 5.330000 165.489990
v -92.150002 5.330000 166.250000
v -91.389999 5.330000 166.440002
v -91.389999 5.330000 167.580002
v -92.150002 5.330000 167.769989
v -92.150002 5.330000 167.959991
v -92.720001 5.330000 167.580002
v -92.720001 5.330000 166.440002
v -92.909996 5.330000 165.489990
v -94.239998 5.330000 164.160004
v -97.849998 5.330000 159.599991
v -97.849998 5.330000 158.649994
v -97.279999 5.330000 158.080002
v -98.799995 5.330000 158.080002
v -98.799995 5.330000 167.959991
v -90.439995 5.330000 162.830002
v -90.439995 5.330000 162.449997
v -90.820000 5.330000 162.639999
v -90.820000 5.330000 163.019989
v -90.629997 5.230000 161.119995
v -92.909996 5.330000 158.080002
v -94.809998 5.330000 159.220001
v -94.430000 5.330000 159.789993
v -93.099998 5.330000 159.410004
v -92.720001 5.330000 159.789993
v -92.720001 5.330000 160.739990
v -93.290001 5.330000 161.309998
v -92.339996 5.330000 162.449997
v -94.430000 5.330000 161.879990
v -94.430000 5.330000 161.309998
v -94.809998 5.330000 161.309998
v -95.379997 5.330000 160.360001
v -95.759995 5.330000 160.169998
v -95.759995 5.330000 160.550003
v -89.680000 5.230000 159.789993
v -90.059998 5.230000 159.789993
v -89.869995 5.230000 160.360001
v -89.489998 5.230000 160.360001
v -90.629997 5.230000 158.839996
v -91.009995 5.230000 158.459991
v -91.009995 5.230000 159.029999
f 3300 3301 3302 3294
f 3297 3298 3299 3296
f 3294 3295 3296 3299
f 3299 3300 3294
f 3302 3301 3303 3311
f 3304 3298 3297 3305
f 3311 3303 3306 3307
f 3308 3309 3310
f 3307 3308 3310 3311
f 3303 3304 3305 3306
f 3312 3313 3314 3315
f 3318 3319 3320 3317
f 3321 3316 3317 3320
f 3322 3324 3316 3321
f 3322 3323 3324
f 3325 3326 3327
f 3328 3329 3330
f 3331 3332 3333 3334
f 3335 3336 3337
v -93.290001 5.230000 154.849991
v -92.529999 5.230000 154.849991
v -91.199997 5.230000 156.179993
v -90.629997 5.230000 154.470001
v -89.680000 5.130000 153.519989
v -88.919998 5.130000 153.330002
v -88.919998 5.130000 151.809998
v -89.299995 5.130000 152.379990
v -91.009995 5.130000 152.379990
v -93.099998 5.230000 151.429993
v -94.239998 5.230000 150.289993
v -95.000000 5.130000 148.199997
v -95.949997 5.230000 148.199997
v -98.419998 5.230000 148.199997
v -96.139999 5.230000 150.669998
v -96.139999 5.230000 151.619995
v -98.799995 5.330000 154.089996
v -98.799995 5.330000 158.080002
v -97.279999 5.330000 158.080002
v -88.919998 5.230000 157.889999
v -88.919998 5.230000 155.229996
v -89.299995 5.230000 155.229996
v -89.680000 5.230000 156.750000
v -90.820000 5.130000 151.050003
v -89.680000 5.130000 149.149994
v -91.009995 5.130000 148.199997
v -93.099998 5.130000 148.199997
v -92.339996 5.130000 150.099991
v -91.389999 5.130000 151.050003
v -98.229996 5.330000 150.099991
v -98.799995 5.330000 149.720001
v -98.610001 5.330000 150.289993
f 3343 3344 3345
f 3342 3343 3345 3346
f 3354 3355 3356 3338 3347 3353
f 3339 3340 3341
f 3341 3342 3346 3347 3338 3339
f 3350 3351 3352
f 3348 3352 3353 3347
f 3348 3349 3350 3352
f 3358 3359 3360 3357
f 3365 3366 3361 3362 3363 3364
f 3367 3368 3369
v -177.839996 5.330000 108.680000
v -177.839996 5.330000 105.829994
v -178.029999 5.330000 105.070000
v -185.250000 5.330000 105.070000
v -185.250000 5.330000 108.680000
v -177.839996 5.330000 102.409996
v -177.839996 5.330000 98.799995
v -187.720001 5.330000 98.799995
v -187.720001 5.330000 102.220001
f 3370 3371 3372 3373 3374
f 3376 3377 3378 3375
v -207.289993 5.330000 138.319992
v -207.479996 5.330000 137.750000
v -207.479996 5.330000 138.319992
v -205.769989 5.330000 137.179993
v -206.149994 5.330000 132.619995
v -205.769989 5.330000 132.429993
v -205.580002 5.330000 130.910004
v -204.250000 5.430000 130.910004
v -204.059998 5.430000 132.050003
v -202.729996 5.430000 132.050003
v -202.919998 5.430000 133.000000
v -202.349991 5.430000 133.190002
v -202.349991 5.430000 133.949997
v -202.729996 5.430000 134.330002
v -204.059998 5.430000 134.139999
v -203.869995 5.430000 136.039993
v -201.209991 5.430000 135.470001
v -201.019989 5.430000 136.229996
v -199.879990 5.430000 136.229996
v -199.690002 5.430000 135.660004
v -199.119995 5.430000 135.660004
v -199.119995 5.430000 134.709991
v -198.169998 5.430000 134.709991
v -198.360001 5.630000 131.479996
v -199.879990 5.430000 131.479996
v -199.879990 5.430000 129.199997
v -199.119995 5.430000 129.009995
v -199.690002 5.430000 128.440002
v -199.879990 5.430000 128.440002
v -200.639999 5.430000 128.440002
v -203.110001 5.430000 128.440002
v -203.110001 5.430000 129.009995
v -202.539993 5.430000 129.199997
v -202.729996 5.430000 130.149994
v -205.769989 5.330000 130.149994
v -206.149994 5.330000 129.199997
v -206.149994 5.330000 130.149994
v -207.479996 5.330000 131.099991
v -207.479996 5.330000 131.669998
v -206.720001 5.330000 131.860001
v -206.720001 5.330000 136.039993
v -206.339996 5.330000 137.369995
v -197.979996 5.430000 136.989990
v -197.979996 5.430000 136.039993
v -198.360001 5.430000 136.039993
v -203.679993 5.430000 133.379990
v -204.059998 5.430000 133.190002
v -204.059998 5.430000 133.569992
v -198.550003 5.430000 130.720001
v -198.550003 5.430000 129.009995
v -198.929993 5.430000 129.009995
v -206.339996 5.330000 128.819992
v -206.339996 5.330000 128.440002
v -206.909988 5.330000 128.440002
f 3379 3380 3381
f 3413 3414 3415
f 3404 3405 3406 3407
f 3391 3392 3395
f 3409 3410 3411 3408
f 3404 3407 3408
f 3416 3417 3418 3385 3413 3415
f 3398 3399 3400
f 3388 3389 3390
f 3396 3397 3398 3395
f 3419 3420 3382 3383 3418
f 3404 3408 3411 3412 3388 3403
f 3383 3384 3385 3418
f 3390 3391 3395
f 3386 3387 3388 3412
f 3400 3401 3402 3403
f 3395 3398 3400 3403 3388 3390
f 3392 3393 3394 3395
f 3386 3412 3413 3385
f 3421 3422 3423
f 3424 3425 3426
f 3427 3428 3429
f 3430 3431 3432
v -59.279999 5.130000 167.959991
v -59.279999 5.230000 158.080002
v -65.360001 5.130000 158.080002
v -65.360001 5.130000 158.459991
v -64.220001 5.130000 158.459991
v -63.459999 5.130000 159.220001
v -63.459999 5.130000 162.069992
v -64.220001 5.130000 162.259995
v -64.220001 5.130000 164.349991
v -63.079998 5.130000 164.539993
v -63.079998 5.130000 165.489990
v -62.889999 5.130000 165.679993
v -61.369999 5.130000 165.679993
v -61.559998 5.130000 166.819992
v -60.989998 5.130000 167.009995
v -60.989998 5.130000 167.959991
v -63.270000 5.130000 166.440002
v -64.979996 5.130000 166.440002
v -65.169998 5.130000 164.539993
v -64.979996 5.130000 162.259995
v -66.689995 5.130000 160.550003
v -66.689995 5.130000 158.839996
v -66.309998 5.130000 158.459991
v -68.779999 5.130000 158.080002
v -68.779999 5.130000 159.599991
v -69.159996 5.130000 159.789993
v -69.159996 5.130000 161.119995
v -68.779999 5.130000 161.309998
v -68.779999 5.130000 162.830002
v -69.159996 5.130000 163.019989
v -69.159996 5.130000 166.819992
v -62.699997 5.130000 166.819992
v -64.599998 5.130000 160.360001
v -64.790001 5.130000 159.410004
v -65.739998 5.130000 159.410004
v -65.360001 5.130000 160.360001
f 3442 3443 3444
f 3435 3436 3437 3434
f 3445 3446 3447
f 3447 3448 3433
f 3442 3444 3445 3439
f 3439 3440 3441 3442
f 3434 3438 3439 3445 3433
f 3445 3447 3433
f 3434 3437 3438
f 3444 3443 3449 3464
f 3454 3455 3456 3457
f 3455 3436 3435 3456
f 3457 3458 3459 3460 3453 3454
f 3461 3462 3463 3450 3451
f 3441 3440 3452
f 3451 3441 3452 3453 3460 3461
f 3464 3449 3450 3463
f 3466 3467 3468 3465
v -59.279999 5.230000 158.080002
v -59.279999 5.330000 155.610001
v -61.559998 5.330000 155.610001
v -61.750000 5.330000 155.989990
v -62.699997 5.230000 155.989990
v -63.459999 5.230000 155.610001
v -63.649998 5.230000 155.039993
v -64.220001 5.130000 155.419998
v -65.930000 5.130000 155.419998
v -66.309998 5.130000 155.039993
v -66.309998 5.130000 155.989990
v -67.260002 5.130000 156.940002
v -69.159996 5.130000 156.940002
v -69.159996 5.130000 157.699997
v -68.779999 5.130000 158.080002
v -59.279999 5.330000 148.199997
v -61.559998 5.330000 148.199997
v -61.559998 5.330000 149.529999
v -61.939999 5.330000 149.720001
v -61.939999 5.330000 153.709991
v -61.559998 5.330000 153.899994
v -62.889999 5.330000 153.519989
v -62.889999 5.330000 149.720001
v -65.169998 5.330000 149.910004
v -65.169998 5.330000 153.519989
v -66.119995 5.330000 152.569992
v -66.119995 5.330000 149.910004
v -66.500000 5.330000 149.910004
v -66.689995 5.330000 151.429993
v -68.209999 5.330000 151.429993
v -68.209999 5.330000 152.569992
v -67.449997 5.330000 150.479996
v -67.449997 5.330000 149.910004
v -68.209999 5.330000 149.910004
v -68.209999 5.330000 150.479996
f 3477 3478 3479
f 3474 3475 3476
f 3481 3482 3483 3480
f 3473 3474 3476 3480 3483 3469
f 3476 3479 3480
f 3476 3477 3479
f 3470 3471 3472 3469
f 3469 3472 3473
f 3484 3485 3486
f 3489 3471 3470
f 3486 3487 3488 3489
f 3484 3486 3489 3470
f 3490 3491 3492 3493
f 3495 3496 3497 3494
f 3497 3498 3499 3494
f 3500 3501 3502 3503
v -98.799995 5.330000 98.799995
v -98.799995 5.330000 88.919998
v -103.549995 5.330000 88.919998
v -103.169998 5.330000 95.759995
v -103.549995 5.330000 95.949997
v -103.549995 5.330000 98.799995
v -106.019997 5.330000 98.799995
v -106.019997 5.330000 95.949997
v -106.779999 5.330000 95.759995
v -106.779999 5.330000 92.529999
v -106.019997 5.330000 92.339996
v -106.019997 5.330000 88.919998
v -108.680000 5.330000 88.919998
v -108.680000 5.330000 98.799995
f 3507 3508 3509 3504
f 3505 3506 3507 3504
f 3510 3511 3512 3517
f 3513 3516 3517 3512
f 3513 3514 3515 3516
v -160.929993 5.530000 227.049988
v -160.929993 5.330000 225.339996
v -160.169998 5.330000 224.009995
v -162.449997 5.330000 222.110001
v -164.919998 5.330000 222.299988
v -165.110001 5.330000 221.159988
v -163.589996 5.330000 220.589996
v -166.250000 5.330000 220.399994
v -167.959991 5.330000 219.069992
v -167.959991 5.330000 227.239990
v -161.500000 5.530000 227.239990
v -158.080002 5.330000 224.580002
v -158.080002 5.330000 223.629990
v -159.029999 5.330000 224.580002
v -158.080002 5.330000 221.919998
v -158.080002 5.330000 217.360001
v -158.269989 5.330000 217.360001
v -159.979996 5.330000 219.069992
v -163.589996 5.330000 220.399994
v -162.069992 5.330000 220.779999
v -162.069992 5.330000 221.919998
v -160.550003 5.330000 217.929993
v -160.169998 5.330000 217.360001
v -167.580002 5.330000 217.360001
v -166.629990 5.330000 218.690002
v -165.489990 5.330000 219.449997
v -165.110001 5.330000 219.449997
v -165.489990 5.330000 219.069992
v -165.489990 5.330000 217.929993
v -164.160004 5.330000 217.739990
v -163.970001 5.330000 219.069992
v -164.539993 5.330000 219.449997
v -163.970001 5.330000 219.449997
f 3523 3524 3525
f 3528 3518 3519 3521 3522 3527
f 3522 3523 3525
f 3519 3520 3521
f 3522 3525 3526 3527
f 3529 3530 3531
f 3533 3534 3535 3532
f 3535 3536 3537
f 3538 3521 3520
f 3535 3537 3538 3520 3532
f 3543 3544 3545 3542
f 3548 3549 3550 3539
f 3547 3548 3539
f 3542 3545 3546 3541
f 3540 3541 3547 3539
f 3541 3546 3547
v -69.159996 5.130000 197.599991
v -69.159996 5.130000 196.839996
v -70.680000 5.130000 195.509995
v -72.580002 5.130000 192.849991
v -73.339996 5.130000 190.759995
v -73.720001 5.130000 190.569992
v -74.290001 5.130000 187.720001
v -79.040001 5.130000 187.720001
v -79.040001 5.130000 190.379990
v -77.900002 5.130000 190.000000
v -77.709999 5.130000 188.099991
v -75.430000 5.130000 188.289993
v -75.430000 5.130000 194.559998
v -75.809998 5.130000 194.940002
v -77.519997 5.130000 194.940002
v -77.900002 5.130000 194.559998
v -77.900002 5.130000 191.330002
v -79.040001 5.130000 191.139999
v -79.040001 5.130000 197.599991
v -78.089996 5.130000 197.599991
v -78.089996 5.130000 196.269989
v -77.709999 5.130000 195.889999
v -75.430000 5.130000 195.889999
v -74.479996 5.130000 197.599991
v -73.909996 5.130000 197.599991
v -73.150002 5.130000 197.599991
v -69.159996 5.130000 193.800003
v -69.729996 5.130000 193.039993
v -70.680000 5.130000 193.419998
v -70.110001 5.130000 194.369995
v -76.379997 5.130000 193.989990
v -76.379997 5.130000 193.039993
v -76.949997 5.130000 193.039993
v -76.949997 5.130000 193.989990
v -70.680000 5.130000 191.709991
v -71.059998 5.130000 190.759995
v -72.199997 5.130000 190.949997
v -71.629997 5.130000 192.279999
v -69.159996 5.130000 191.899994
v -69.159996 5.130000 189.050003
v -69.540001 5.130000 187.720001
v -71.059998 5.130000 187.720001
v -70.680000 5.130000 189.429993
v -76.379997 5.130000 191.899994
v -76.379997 5.130000 191.139999
v -76.949997 5.130000 191.139999
v -76.949997 5.130000 191.899994
v -76.379997 5.130000 189.809998
v -76.379997 5.130000 189.050003
v -76.949997 5.130000 189.050003
v -76.949997 5.130000 189.809998
v -71.820000 5.130000 189.239990
v -72.199997 5.130000 187.720001
v -73.150002 5.130000 187.909988
v -72.769997 5.130000 189.619995
f 3569 3570 3571
f 3573 3574 3575
f 3554 3555 3556
f 3558 3559 3560 3561
f 3572 3565 3566 3571
f 3551 3552 3553 3576
f 3573 3575 3576 3553 3554 3563
f 3564 3565 3572 3573
f 3557 3558 3561 3562
f 3563 3564 3573
f 3556 3557 3562
f 3566 3567 3568 3569 3571
f 3556 3562 3563 3554
f 3578 3579 3580 3577
f 3581 3582 3583 3584
f 3586 3587 3588 3585
f 3593 3589 3590 3591 3592
f 3594 3595 3596 3597
f 3598 3599 3600 3601
f 3602 3603 3604 3605
v -69.159996 5.330000 128.440002
v -69.159996 5.330000 126.540001
v -69.540001 5.330000 126.540001
v -69.540001 5.330000 128.440002
v -75.430000 5.330000 128.440002
v -75.430000 5.330000 119.889999
v -75.049995 5.330000 119.509995
v -69.919998 5.330000 119.320000
v -69.540001 5.330000 119.699997
v -69.540001 5.330000 122.930000
v -69.159996 5.330000 122.930000
v -69.159996 5.330000 118.559998
v -79.040001 5.330000 118.559998
v -79.040001 5.330000 128.440002
f 3606 3607 3608 3609
f 3614 3615 3616 3617
f 3611 3612 3618
f 3613 3614 3617
f 3612 3613 3617 3618
f 3611 3618 3619 3610
v -158.080002 5.330000 98.799995
v -158.080002 5.330000 93.860001
v -162.830002 5.330000 93.669998
v -162.830002 5.330000 94.809998
v -163.779999 5.330000 95.000000
v -163.779999 5.330000 98.799995
v -166.059998 5.330000 98.799995
v -166.059998 5.330000 95.000000
v -166.629990 5.330000 94.809998
v -166.629990 5.330000 94.239998
v -167.959991 5.330000 94.239998
v -167.959991 5.330000 98.799995
v -158.080002 5.330000 88.919998
v -162.449997 5.330000 88.919998
v -162.449997 5.330000 89.489998
v -163.589996 5.330000 90.250000
v -165.300003 5.330000 89.869995
v -165.679993 5.330000 89.110001
v -166.250000 5.330000 89.110001
v -166.819992 5.330000 90.629997
v -167.959991 5.330000 90.439995
v -167.959991 5.330000 91.959999
v -166.629990 5.330000 91.959999
v -166.440002 5.330000 91.199997
v -163.019989 5.330000 91.199997
v -163.779999 5.330000 93.479996
v -163.779999 5.330000 92.150002
v -164.919998 5.330000 92.150002
v -165.110001 5.330000 93.099998
f 3623 3624 3625
f 3621 3622 3623
f 3620 3621 3623 3625
f 3628 3629 3630
f 3626 3627 3628
f 3628 3630 3631 3626
f 3636 3637 3638 3639
f 3634 3644 3622 3621 3632
f 3640 3641 3642 3643 3639
f 3634 3635 3644
f 3632 3633 3634
f 3636 3639 3643 3644 3635
f 3646 3647 3648 3645
v -197.599991 5.330000 177.839996
v -197.599991 5.330000 174.039993
v -198.169998 5.330000 174.039993
v -199.119995 5.330000 177.839996
v -200.259995 5.330000 177.839996
v -199.309998 5.330000 174.989990
v -199.690002 5.330000 174.419998
v -200.449997 5.330000 174.610001
v -201.209991 5.330000 177.839996
v -203.679993 5.330000 175.559998
v -203.869995 5.330000 175.179993
v -205.009995 5.330000 174.989990
v -205.769989 5.330000 176.319992
v -204.440002 5.330000 177.080002
v -207.099991 5.530000 175.179993
v -207.099991 5.530000 174.229996
v -206.529999 5.530000 173.849991
v -207.479996 5.530000 173.089996
v -207.479996 5.530000 175.179993
v -201.399994 5.330000 174.610001
v -201.019989 5.330000 173.279999
v -199.309998 5.330000 173.470001
v -198.739990 5.530000 171.000000
v -197.599991 5.530000 171.000000
v -197.599991 5.330000 167.959991
v -199.879990 5.330000 167.959991
v -199.879990 5.530000 169.860001
v -200.259995 5.530000 170.429993
v -201.019989 5.430000 170.429993
v -201.399994 5.430000 172.709991
v -202.539993 5.330000 172.330002
v -202.539993 5.330000 170.619995
v -202.919998 5.330000 171.759995
v -203.869995 5.330000 171.949997
v -204.059998 5.330000 172.519989
v -205.769989 5.530000 172.139999
v -205.199997 5.530000 170.429993
v -206.339996 5.530000 170.429993
v -206.149994 5.530000 168.720001
v -205.769989 5.530000 168.339996
v -204.250000 5.530000 168.529999
v -205.580002 5.530000 167.959991
v -206.149994 5.530000 167.959991
v -207.289993 5.530000 167.959991
v -207.479996 5.530000 167.959991
v -207.479996 5.530000 171.759995
v -206.529999 5.530000 171.949997
v -204.440002 5.330000 173.849991
v -203.110001 5.330000 173.849991
v -201.019989 5.330000 167.959991
v -201.209991 5.330000 167.959991
v -201.779999 5.330000 168.910004
v -200.830002 5.530000 169.099991
f 3649 3650 3651 3652
f 3654 3655 3656 3657 3653
f 3658 3659 3660 3661 3662
f 3667 3663 3664 3666
f 3664 3665 3666
f 3688 3689 3690 3691
f 3684 3695 3696
f 3679 3680 3681
f 3687 3688 3691 3692
f 3681 3682 3683 3679
f 3671 3675 3676
f 3683 3684 3696 3697
f 3687 3692 3693 3694 3695 3686
f 3684 3685 3686 3695
f 3697 3668 3669 3678 3679 3683
f 3670 3671 3676 3677 3678 3669
f 3675 3671 3672 3673 3674
f 3699 3700 3701 3698
v -88.919998 5.130000 217.360001
v -88.919998 5.130000 207.479996
v -98.799995 5.130000 207.479996
v -98.799995 5.130000 214.889999
v -97.659996 5.130000 214.889999
v -97.470001 5.130000 214.509995
v -94.809998 5.130000 214.699997
v -95.000000 5.130000 215.839996
v -96.139999 5.130000 215.839996
v -96.139999 5.130000 216.220001
v -91.009995 5.130000 216.409988
v -90.629997 5.130000 217.360001
v -97.470001 5.130000 215.839996
v -98.799995 5.130000 216.409988
f 3709 3710 3711 3712
f 3705 3706 3707 3704
f 3712 3713 3702 3703
f 3704 3707 3708
f 3708 3709 3712
f 3703 3704 3708 3712
f 3711 3710 3714 3715
f 3714 3706 3705 3715
v -204.819992 5.330000 148.199997
v -204.819992 5.330000 147.440002
v -204.250000 5.330000 147.059998
v -204.819992 5.430000 147.059998
v -205.389999 5.330000 146.489990
v -205.389999 5.330000 145.539993
v -204.250000 5.330000 145.349991
v -204.250000 5.330000 144.779999
v -206.339996 5.330000 141.929993
v -207.289993 5.330000 138.319992
v -207.479996 5.330000 138.319992
v -207.479996 5.330000 146.110001
v -206.149994 5.330000 148.199997
v -199.119995 5.330000 146.679993
v -198.739990 5.330000 146.110001
v -198.360001 5.330000 141.929993
v -197.599991 5.330000 141.739990
v -197.599991 5.330000 139.459991
v -198.169998 5.330000 139.459991
v -198.360001 5.330000 139.080002
v -198.739990 5.330000 139.270004
v -198.739990 5.330000 141.360001
v -202.729996 5.330000 141.550003
v -202.919998 5.330000 139.649994
v -203.489990 5.330000 139.270004
v -203.869995 5.330000 139.649994
v -205.580002 5.330000 139.649994
v -205.580002 5.330000 140.029999
v -203.300003 5.330000 140.220001
v -203.300003 5.330000 141.929993
v -202.729996 5.330000 141.929993
v -201.779999 5.330000 142.879990
v -201.779999 5.330000 143.830002
v -202.919998 5.330000 144.779999
v -200.639999 5.330000 146.679993
v -204.250000 5.330000 141.360001
v -204.250000 5.330000 140.979996
v -204.819992 5.330000 140.979996
v -204.819992 5.330000 141.360001
v -199.879990 5.330000 140.220001
v -199.879990 5.330000 139.459991
v -201.779999 5.330000 139.459991
v -201.779999 5.330000 140.220001
f 3717 3718 3719
f 3717 3719 3720
f 3721 3722 3723
f 3728 3716 3717 3720
f 3727 3721 3723 3724
f 3727 3728 3720 3721
f 3724 3725 3726 3727
f 3734 3735 3736 3737
f 3739 3740 3741 3744
f 3741 3742 3743 3744
f 3747 3737 3738 3746
f 3731 3737 3747 3748 3750 3730
f 3738 3739 3744 3745 3746
f 3737 3731 3732 3733 3734
f 3750 3729 3730
f 3748 3749 3750
f 3751 3752 3753 3754
f 3755 3756 3757 3758
v -108.680000 5.130000 227.239990
v -108.680000 5.130000 223.250000
v -111.529999 5.130000 223.059998
v -111.720001 5.130000 217.549988
v -112.099998 5.130000 217.929993
v -112.099998 5.130000 219.259995
v -112.669998 5.130000 219.449997
v -112.669998 5.130000 219.830002
v -112.290001 5.130000 220.019989
v -112.290001 5.130000 224.580002
v -111.720001 5.130000 224.580002
v -111.339996 5.130000 225.339996
v -111.339996 5.130000 226.860001
v -111.720001 5.130000 227.239990
v -115.139999 5.130000 227.239990
v -114.949997 5.130000 217.739990
v -115.519997 5.130000 217.360001
v -117.799995 5.230000 217.360001
v -117.989998 5.230000 217.739990
v -118.559998 5.230000 217.739990
v -118.559998 5.130000 227.239990
v -108.680000 5.130000 222.299988
v -108.680000 5.130000 221.919998
v -109.059998 5.130000 221.919998
v -109.059998 5.130000 222.299988
v -108.680000 5.130000 220.970001
v -108.680000 5.130000 218.690002
v -109.059998 5.130000 218.690002
v -109.059998 5.130000 220.970001
v -110.009995 5.130000 220.209991
v -110.009995 5.130000 219.449997
v -110.579994 5.130000 219.449997
v -110.579994 5.130000 220.209991
v -108.869995 5.130000 217.739990
v -108.869995 5.130000 217.360001
v -109.059998 5.130000 217.360001
f 3765 3766 3767 3764
f 3761 3764 3767 3768 3769
f 3762 3763 3764 3761
f 3771 3772 3759
f 3770 3771 3759
f 3770 3759 3760 3761 3769
f 3775 3776 3777 3779 3773 3774
f 3777 3778 3779
f 3780 3781 3782 3783
f 3784 3785 3786 3787
f 3788 3789 3790 3791
f 3792 3793 3794
v -79.040001 5.130000 207.479996
v -79.040001 5.130000 198.739990
v -79.040001 5.130000 197.979996
v -79.040001 5.130000 197.599991
v -88.919998 5.130000 197.599991
v -88.919998 5.130000 207.479996
f 3797 3798 3799
f 3796 3797 3799
f 3796 3799 3800 3795
v -88.919998 5.330000 108.489998
v -90.250000 5.330000 108.299995
v -90.250000 5.330000 105.070000
v -88.919998 5.330000 104.879997
v -88.919998 5.330000 98.799995
v -98.799995 5.330000 98.799995
v -98.799995 5.330000 108.680000
v -88.919998 5.330000 108.680000
v -88.919998 5.330000 107.540001
v -88.919998 5.330000 105.829994
v -89.299995 5.330000 105.829994
v -89.299995 5.330000 107.540001
f 3808 3801 3802 3807
f 3803 3804 3805
f 3803 3805 3806 3807
f 3807 3802 3803
f 3809 3810 3811 3812
v -197.599991 5.330000 167.959991
v -197.599991 5.330000 158.080002
v -200.639999 5.330000 158.080002
v -200.639999 5.330000 158.459991
v -198.739990 5.330000 159.979996
v -198.169998 5.330000 164.539993
v -198.739990 5.330000 165.679993
v -198.169998 5.330000 165.869995
v -198.169998 5.330000 167.009995
v -199.309998 5.330000 167.009995
v -199.500000 5.330000 166.250000
v -200.069992 5.330000 166.250000
v -200.259995 5.330000 165.679993
v -200.639999 5.330000 165.869995
v -200.639999 5.330000 167.009995
v -201.209991 5.330000 167.959991
v -201.019989 5.330000 167.959991
v -199.879990 5.330000 167.959991
v -205.580002 5.530000 167.959991
v -205.580002 5.530000 167.389999
v -205.959991 5.530000 167.389999
v -206.149994 5.530000 167.959991
v -199.309998 5.330000 164.160004
v -199.309998 5.330000 163.209991
v -199.879990 5.330000 160.550003
v -201.399994 5.330000 159.410004
v -201.399994 5.330000 158.839996
v -202.729996 5.430000 158.080002
v -202.539993 5.430000 159.029999
v -202.919998 5.430000 159.599991
v -201.970001 5.330000 159.979996
v -201.970001 5.330000 161.119995
v -202.349991 5.330000 161.690002
v -203.110001 5.330000 161.690002
v -202.919998 5.330000 162.830002
v -203.489990 5.330000 163.589996
v -203.489990 5.330000 164.349991
v -202.159988 5.330000 163.970001
v -201.019989 5.330000 164.539993
v -204.440002 5.330000 163.019989
v -204.440002 5.330000 162.449997
v -205.389999 5.330000 162.069992
v -206.149994 5.330000 162.259995
v -206.149994 5.330000 162.639999
v -204.819992 5.330000 163.209991
v -206.909988 5.330000 161.309998
v -206.909988 5.330000 160.739990
v -207.479996 5.330000 160.360001
v -207.479996 5.330000 162.069992
v -207.099991 5.330000 158.459991
v -205.389999 5.330000 158.649994
v -205.580002 5.330000 158.080002
v -207.289993 5.330000 158.080002
v -207.479996 5.330000 158.649994
v -207.479996 5.330000 159.410004
f 3824 3825 3826 3827
f 3818 3820 3813
f 3827 3828 3829
f 3822 3823 3824 3827 3829 3830
f 3820 3821 3813
f 3818 3819 3820
f 3815 3816 3817 3814
f 3814 3817 3818 3813
f 3821 3822 3830 3813
f 3831 3832 3833 3834
f 3839 3816 3815 3840 3841
f 3841 3842 3843 3838 3839
f 3845 3846 3847
f 3851 3826 3825 3835 3836
f 3848 3849 3850 3847
f 3844 3845 3847
f 3838 3843 3844 3837
f 3847 3850 3851 3836 3837 3844
f 3857 3852 3853 3854 3855 3856
f 3858 3859 3860 3861
f 3866 3867 3862 3865
f 3862 3863 3864 3865
v -156.179993 5.330000 227.239990
v -156.179993 5.330000 226.669998
v -156.369995 5.330000 227.239990
v -148.199997 5.330000 226.479996
v -148.199997 5.330000 225.720001
v -148.199997 5.330000 221.919998
v -151.619995 5.330000 221.919998
v -152.190002 5.330000 222.679993
v -152.190002 5.330000 226.479996
v -152.949997 5.330000 222.679993
v -153.330002 5.330000 221.539993
v -154.279999 5.330000 221.159988
v -157.129990 5.330000 222.679993
v -158.080002 5.330000 223.629990
v -158.080002 5.330000 224.580002
v -157.889999 5.330000 224.959991
v -156.179993 5.330000 225.149994
v -155.989990 5.330000 225.909988
v -153.899994 5.330000 225.720001
v -153.709991 5.330000 226.479996
v -148.199997 5.330000 217.360001
v -150.479996 5.330000 217.360001
v -151.619995 5.330000 218.119995
v -152.949997 5.330000 220.970001
v -152.000000 5.330000 220.970001
v -155.039993 5.330000 220.209991
v -152.569992 5.330000 217.360001
v -158.080002 5.330000 217.360001
v -158.080002 5.330000 221.919998
f 3868 3869 3870
f 3873 3874 3875 3876 3872
f 3876 3871 3872
f 3881 3882 3883 3884 3880
f 3886 3887 3876 3875 3877
f 3877 3878 3879 3880 3884 3886
f 3884 3885 3886
f 3879 3878 3891 3890
f 3888 3889 3890 3892 3874 3873
f 3890 3891 3892
f 3893 3894 3895 3896
v -187.720001 5.330000 197.599991
v -187.720001 5.330000 191.899994
v -189.619995 5.330000 191.709991
v -190.000000 5.330000 191.330002
v -191.519989 5.330000 192.849991
v -191.330002 5.330000 194.179993
v -191.709991 5.330000 194.559998
v -193.419998 5.330000 194.369995
v -192.470001 5.330000 195.509995
v -192.089996 5.330000 196.839996
v -191.519989 5.330000 197.029999
v -191.330002 5.330000 196.649994
v -190.569992 5.330000 196.649994
v -190.379990 5.330000 196.080002
v -189.809998 5.330000 196.080002
v -187.909988 5.330000 197.599991
v -190.000000 6.130000 197.220001
v -189.809998 6.230000 197.599991
v -189.619995 6.130000 197.599991
v -193.610001 5.830000 196.839996
v -193.419998 5.830000 195.889999
v -194.369995 5.830000 195.319992
v -194.369995 5.930000 194.750000
v -195.129990 5.930000 193.989990
v -195.129990 5.930000 193.229996
v -196.459991 5.930000 191.519989
v -196.649994 5.930000 190.190002
v -197.599991 5.930000 189.050003
v -197.599991 5.930000 196.269989
v -197.599991 5.830000 196.839996
v -196.649994 5.830000 197.599991
v -195.319992 5.830000 197.599991
v -190.000000 5.330000 190.000000
v -190.379990 5.330000 189.809998
v -190.759995 5.430000 187.720001
v -194.750000 5.430000 187.720001
v -194.750000 5.430000 188.289993
v -193.610001 5.430000 188.479996
v -193.610001 5.330000 190.190002
v -194.179993 5.330000 190.569992
v -194.369995 5.330000 191.330002
v -194.940002 5.330000 191.519989
v -194.940002 5.330000 192.089996
v -193.989990 5.330000 191.899994
f 3906 3907 3908
f 3908 3909 3910
f 3903 3904 3905
f 3905 3906 3908 3910 3902 3903
f 3902 3910 3911
f 3911 3912 3897
f 3899 3901 3902 3911 3897 3898
f 3899 3900 3901
f 3913 3914 3915
f 3918 3919 3920
f 3925 3926 3927
f 3916 3917 3918
f 3928 3916 3918 3920 3925 3927
f 3920 3921 3922 3925
f 3922 3923 3924 3925
f 3937 3938 3939 3940
f 3930 3931 3934 3935
f 3936 3937 3940
f 3932 3933 3934 3931
f 3900 3929 3930
f 3935 3936 3940 3901 3900 3930
v -197.599991 5.430000 158.080002
v -197.599991 5.530000 148.770004
v -197.979996 5.830000 148.580002
v -198.550003 5.530000 149.149994
v -199.690002 5.530000 148.959991
v -200.259995 5.530000 150.289993
v -201.399994 5.330000 150.289993
v -203.679993 5.330000 149.720001
v -203.869995 5.330000 148.770004
v -204.819992 5.330000 148.199997
v -206.149994 5.330000 148.199997
v -205.959991 5.330000 149.149994
v -207.479996 5.330000 150.099991
v -207.479996 5.330000 157.509995
v -207.289993 5.330000 158.080002
v -205.580002 5.330000 158.080002
v -205.580002 5.330000 157.509995
v -205.009995 5.330000 156.940002
v -204.059998 5.330000 156.940002
v -203.869995 5.730000 157.699997
v -204.250000 5.830000 158.080002
v -202.729996 5.430000 158.080002
f 3942 3943 3944
f 3960 3961 3962
f 3950 3951 3952 3948 3949
f 3959 3960 3962
f 3955 3956 3957
f 3948 3952 3953
f 3954 3955 3957 3958 3953
f 3944 3945 3946
f 3946 3947 3959
f 3947 3948 3953 3958 3959
f 3942 3944 3946 3959 3962 3941
v -79.040001 5.330000 118.559998
v -79.040001 5.330000 108.680000
v -88.919998 5.330000 108.680000
v -88.919998 5.330000 118.559998
f 3963 3964 3965 3966
v -108.680000 5.330000 98.799995
v -108.680000 5.330000 88.919998
v -118.559998 5.330000 88.919998
v -118.559998 5.330000 98.799995
f 3967 3968 3969 3970
v -170.239990 5.330000 216.220001
v -171.000000 5.330000 212.799988
v -171.000000 5.330000 209.569992
v -170.239990 5.330000 207.669998
v -171.190002 5.330000 207.479996
v -175.179993 5.330000 207.479996
v -175.559998 5.330000 208.239990
v -176.509995 5.330000 208.239990
v -176.509995 5.330000 208.619995
v -174.610001 5.730000 210.709991
v -173.470001 5.330000 212.989990
v -173.470001 5.330000 213.750000
v -172.899994 5.330000 213.940002
v -172.709991 5.330000 215.080002
v -173.279999 5.330000 215.459991
v -172.899994 5.330000 217.360001
v -169.289993 5.330000 217.360001
v -176.699997 5.330000 217.360001
v -176.699997 5.330000 214.129990
v -174.610001 5.330000 213.750000
v -175.940002 5.330000 211.089996
v -175.750000 5.330000 213.179993
v -177.839996 5.330000 213.750000
v -177.839996 5.330000 216.409988
v -177.080002 5.330000 216.789993
v -177.080002 5.330000 217.360001
v -167.959991 5.330000 216.789993
v -167.959991 5.330000 210.330002
v -168.529999 5.330000 209.759995
v -168.529999 5.330000 209.000000
v -167.959991 5.330000 208.429993
v -167.959991 5.330000 208.049988
v -168.339996 5.330000 207.479996
v -169.479996 5.330000 208.809998
v -169.860001 5.330000 209.949997
v -169.860001 5.330000 212.419998
v -169.289993 5.330000 215.269989
v -175.179993 5.330000 216.789993
v -175.179993 5.330000 215.269989
v -175.559998 5.330000 215.269989
v -175.559998 5.330000 216.789993
v -177.459991 5.330000 209.379990
v -177.459991 5.330000 209.000000
v -177.839996 5.330000 209.000000
v -177.839996 5.330000 209.569992
f 3977 3978 3979 3980
f 3981 3982 3983 3972
f 3973 3974 3975
f 3984 3985 3986 3987 3971
f 3984 3971 3972 3983
f 3976 3977 3980
f 3980 3981 3972 3973 3975 3976
f 3995 3996 3988 3989
f 3990 3991 3992
f 3989 3990 3992 3993
f 3989 3993 3994 3995
f 4001 4002 4003 4004 4000
f 3999 4000 4004 4005
f 3998 3999 4005 4006 4007 3997
f 4008 4009 4010 4011
f 4012 4013 4014 4015
v -187.720001 5.330000 128.440002
v -187.720001 5.330000 121.979996
v -190.379990 5.330000 121.979996
v -190.569992 5.330000 122.739998
v -191.519989 5.330000 122.739998
v -191.519989 5.330000 128.440002
v -191.899994 5.330000 122.549995
v -191.899994 5.330000 121.979996
v -192.470001 5.330000 121.979996
v -193.610001 5.330000 122.360001
v -196.459991 5.330000 122.739998
v -196.459991 5.330000 124.449997
v -197.029999 5.330000 124.639999
v -197.029999 5.330000 125.969994
v -196.459991 5.330000 128.440002
v -193.610001 5.330000 121.029999
v -192.849991 5.330000 121.029999
v -191.709991 5.330000 121.219994
v -190.569992 5.330000 121.219994
v -187.720001 5.330000 118.559998
v -197.599991 5.330000 118.559998
v -197.599991 5.330000 122.169998
v -196.839996 5.330000 122.169998
f 4017 4018 4019 4021 4016
f 4019 4020 4021
f 4022 4023 4024 4025
f 4027 4028 4029
f 4027 4029 4030 4021 4020 4025
f 4020 4022 4025
f 4025 4026 4027
f 4024 4023 4033 4032
f 4036 4037 4038 4031
f 4032 4033 4034 4035 4036
f 4034 4018 4017 4035
f 4038 4026 4025 4031
f 4036 4031 4032
v -69.540001 5.130000 187.720001
v -69.540001 5.130000 186.389999
v -69.159996 5.130000 186.199997
v -69.159996 5.130000 183.919998
v -69.540001 5.130000 183.729996
v -69.159996 5.130000 181.449997
v -69.159996 5.130000 178.409988
v -70.680000 5.130000 180.879990
v -71.250000 5.130000 183.349991
v -72.010002 5.130000 183.729996
v -72.010002 5.130000 186.580002
v -71.439995 5.130000 186.769989
v -71.059998 5.130000 187.720001
v -74.290001 5.130000 187.720001
v -73.720001 5.130000 186.959991
v -74.290001 5.130000 182.779999
v -73.529999 5.130000 179.169998
v -72.769997 5.130000 177.839996
v -75.430000 5.130000 177.839996
v -75.430000 5.130000 181.449997
v -78.279999 5.130000 181.830002
v -78.659996 5.130000 180.690002
v -77.900002 5.130000 180.500000
v -77.900002 5.130000 177.839996
v -79.040001 5.130000 177.839996
v -79.040001 5.130000 182.209991
v -79.040001 5.130000 183.539993
v -79.040001 5.130000 187.720001
v -72.199997 5.130000 182.589996
v -71.820000 5.130000 181.449997
v -71.820000 5.130000 181.069992
v -72.769997 5.130000 180.690002
v -73.150002 5.130000 181.639999
v -72.959999 5.130000 182.399994
v -76.379997 5.130000 180.690002
v -76.379997 5.130000 179.739990
v -76.949997 5.130000 179.739990
v -76.949997 5.130000 180.690002
v -71.059998 5.130000 179.550003
v -70.680000 5.130000 178.789993
v -71.059998 5.130000 178.220001
v -71.629997 5.130000 178.220001
v -72.010002 5.130000 178.789993
v -72.010002 5.130000 179.360001
v -76.379997 5.130000 178.599991
v -76.379997 5.130000 177.839996
v -76.949997 5.130000 177.839996
v -76.949997 5.130000 178.599991
f 4044 4045 4046 4047 4043
f 4051 4039 4040 4050
f 4043 4047 4048
f 4050 4040 4041
f 4041 4042 4043 4048 4049 4050
f 4055 4056 4057
f 4061 4062 4063 4060
f 4054 4058 4059
f 4060 4063 4064
f 4059 4060 4064 4065
f 4053 4049 4048 4054
f 4055 4057 4058 4054
f 4054 4059 4065 4066 4052 4053
f 4068 4069 4070 4071 4072 4067
f 4073 4074 4075 4076
f 4078 4079 4080 4081 4082 4077
f 4083 4084 4085 4086
v -118.559998 5.130000 227.239990
v -118.559998 5.230000 217.739990
v -120.459999 5.230000 217.739990
v -120.839996 5.230000 217.360001
v -123.309998 5.230000 217.360001
v -123.689995 5.230000 217.739990
v -123.500000 5.130000 227.239990
v -126.349998 5.130000 226.860001
v -126.349998 5.130000 224.959991
v -125.969994 5.130000 224.769989
v -126.159996 5.230000 217.360001
v -128.440002 5.330000 217.360001
v -128.440002 5.130000 227.239990
v -125.969994 5.130000 227.239990
f 4089 4090 4091 4092 4093 4087
f 4087 4088 4089
f 4099 4100 4094
f 4099 4094 4095
f 4095 4096 4097
f 4095 4097 4098 4099
v -158.080002 5.330000 98.799995
v -148.199997 5.330000 98.799995
v -148.199997 5.330000 88.919998
v -158.080002 5.330000 88.919998
v -157.129990 5.330000 95.379997
v -157.509995 5.330000 95.000000
v -157.509995 5.330000 94.049995
v -157.129990 5.330000 93.669998
v -155.989990 5.330000 93.669998
v -155.610001 5.330000 94.809998
v -155.989990 5.330000 95.379997
f 4101 4105 4106
f 4111 4105 4101
f 4110 4111 4101 4102
f 4101 4106 4107 4104
f 4102 4103 4109 4110
f 4104 4107 4108
f 4104 4108 4109 4103
v -71.629997 5.330000 138.319992
v -71.629997 5.330000 136.419998
v -75.430000 5.330000 136.229996
v -75.239998 5.330000 134.899994
v -73.720001 5.330000 134.709991
v -79.040001 5.330000 134.709991
v -79.040001 5.330000 138.319992
v -70.110001 5.330000 137.179993
v -69.919998 5.330000 136.800003
v -70.680000 5.330000 136.610001
v -70.680000 5.330000 137.179993
v -69.159996 5.330000 132.809998
v -69.159996 5.330000 131.099991
v -69.540001 5.330000 131.099991
v -69.540001 5.330000 132.809998
v -75.430000 5.330000 132.809998
v -75.430000 5.330000 128.440002
v -79.040001 5.330000 128.440002
v -79.040001 5.330000 132.809998
v -69.159996 5.330000 129.580002
v -69.159996 5.330000 128.440002
v -69.540001 5.330000 128.440002
v -69.540001 5.330000 129.580002
f 4115 4116 4117
f 4114 4115 4117 4118
f 4112 4113 4114 4118
f 4119 4120 4121 4122
f 4123 4124 4125 4126
f 4127 4128 4129 4130
f 4131 4132 4133 4134
v -180.309998 5.330000 206.909988
v -181.830002 5.330000 207.289993
v -182.779999 5.330000 207.099991
v -182.779999 5.330000 206.339996
v -181.830002 5.330000 205.959991
v -181.830002 5.330000 205.389999
v -182.589996 5.530000 205.199997
v -182.209991 5.530000 202.919998
v -181.069992 5.330000 202.919998
v -181.069992 5.330000 201.589996
v -180.690002 5.330000 201.019989
v -177.839996 5.530000 201.209991
v -177.839996 5.330000 197.599991
v -187.720001 5.330000 197.599991
v -187.720001 5.330000 197.789993
v -187.720001 5.330000 198.929993
v -187.720001 5.330000 200.259995
v -186.769989 5.330000 200.639999
v -186.959991 5.330000 201.779999
v -185.819992 5.430000 201.589996
v -185.250000 5.430000 202.349991
v -185.059998 5.430000 203.869995
v -186.580002 5.330000 204.629990
v -185.440002 5.330000 205.199997
v -184.489990 5.430000 207.479996
v -179.929993 5.330000 207.479996
v -186.199997 5.330000 206.339996
v -187.720001 5.330000 205.580002
v -187.720001 5.330000 205.769989
v -187.149994 5.330000 207.479996
v -185.819992 5.330000 207.479996
v -178.409988 5.330000 204.629990
v -178.789993 5.330000 203.489990
v -180.119995 5.330000 203.300003
v -180.500000 5.330000 203.869995
v -181.259995 5.430000 203.679993
v -181.259995 5.430000 204.440002
v -180.119995 5.330000 204.059998
v -179.550003 5.330000 204.819992
f 4139 4140 4141 4138
f 4156 4141 4142 4155
f 4152 4153 4154
f 4156 4157 4158
f 4142 4143 4144
f 4160 4135 4136
f 4150 4151 4152
f 4142 4144 4145 4154 4155
f 4159 4160 4136
f 4159 4136 4137
f 4159 4137 4138
f 4158 4159 4138 4141 4156
f 4145 4146 4147
f 4148 4149 4152 4154 4145 4147
f 4149 4150 4152
f 4164 4165 4161 4162 4163
f 4169 4170 4171 4172
f 4167 4168 4172 4173 4166
f 4168 4169 4172
v -138.319992 5.130000 227.239990
v -138.319992 5.130000 225.339996
v -147.629990 5.330000 225.339996
v -147.819992 5.330000 217.360001
v -148.199997 5.330000 217.360001
v -148.199997 5.330000 225.720001
v -146.110001 5.230000 225.529999
v -145.729996 5.230000 225.909988
v -145.729996 5.230000 227.239990
v -140.789993 5.130000 227.239990
v -139.459991 5.130000 227.239990
v -138.319992 5.130000 224.009995
v -138.319992 5.330000 218.500000
v -146.300003 5.330000 218.500000
v -146.300003 5.330000 223.819992
f 4184 4174 4175
f 4183 4184 4175 4180 4181
f 4181 4182 4183
f 4179 4180 4176
f 4176 4177 4178 4179
f 4180 4175 4176
f 4186 4187 4188 4185
v -167.959991 5.330000 108.680000
v -167.959991 5.330000 98.799995
v -175.179993 5.330000 98.799995
v -175.179993 5.330000 102.220001
v -174.229996 5.330000 102.409996
v -174.229996 5.330000 105.639999
v -177.839996 5.330000 105.829994
v -177.839996 5.330000 108.680000
v -175.179993 5.330000 104.879997
v -175.179993 5.330000 104.119995
v -176.129990 5.330000 104.309998
v -176.129990 5.330000 104.879997
f 4191 4192 4193 4190
f 4194 4195 4196 4189
f 4189 4190 4193 4194
f 4197 4198 4199 4200
v -128.440002 5.130000 227.239990
v -128.440002 5.330000 217.360001
v -129.580002 5.330000 217.360001
v -129.770004 5.130000 225.529999
v -138.319992 5.130000 225.339996
v -138.319992 5.130000 227.239990
v -131.099991 5.130000 224.009995
v -131.099991 5.230000 218.500000
v -138.319992 5.330000 218.500000
v -138.319992 5.130000 224.009995
f 4202 4203 4204 4201
f 4204 4205 4206 4201
f 4207 4208 4209 4210
v -177.839996 5.330000 118.559998
v -177.839996 5.330000 115.899994
v -178.029999 5.330000 115.329994
v -185.250000 5.330000 115.329994
v -185.440002 5.330000 115.899994
v -187.720001 5.330000 115.899994
v -187.720001 5.330000 118.559998
v -178.029999 5.330000 112.860001
v -177.839996 5.330000 112.099998
v -177.839996 5.330000 108.680000
v -185.250000 5.330000 108.680000
v -185.250000 5.330000 112.860001
f 4211 4212 4213 4215 4217
f 4215 4216 4217
f 4213 4214 4215
f 4218 4219 4220 4221 4222
v -118.559998 5.330000 98.799995
v -118.559998 5.330000 88.919998
v -128.440002 5.330000 88.919998
v -128.440002 5.330000 98.799995
f 4223 4224 4225 4226
v -138.319992 5.330000 98.799995
v -138.319992 5.330000 88.919998
v -148.199997 5.330000 88.919998
v -148.199997 5.330000 98.799995
f 4227 4228 4229 4230
v -108.680000 5.130000 216.220001
v -102.979996 5.130000 216.409988
v -102.599998 5.130000 217.360001
v -99.559998 5.130000 217.360001
v -99.559998 5.130000 216.599991
v -98.799995 5.130000 216.409988
v -98.799995 5.130000 207.479996
v -108.680000 5.330000 207.479996
v -106.399994 5.130000 215.839996
v -106.589996 5.130000 214.509995
v -103.930000 5.130000 214.319992
v -103.739998 5.130000 215.649994
f 4231 4239 4240 4238
f 4233 4234 4235 4232
f 4237 4238 4241 4236
f 4239 4231 4232 4242
f 4238 4240 4241
f 4241 4242 4232 4235 4236
v -128.440002 5.330000 98.799995
v -128.440002 5.330000 88.919998
v -138.319992 5.330000 88.919998
v -138.319992 5.330000 98.799995
f 4243 4244 4245 4246
v -70.680000 5.130000 174.800003
v -69.159996 5.130000 173.470001
v -69.159996 5.130000 169.289993
v -69.729996 5.130000 168.910004
v -69.729996 5.130000 167.959991
v -70.110001 5.130000 167.959991
v -70.299995 5.130000 169.289993
v -72.389999 5.130000 170.429993
v -72.199997 5.130000 171.569992
v -73.150002 5.130000 172.519989
v -73.909996 5.130000 172.519989
v -74.479996 5.130000 171.949997
v -75.619995 5.130000 173.660004
v -77.900002 5.130000 173.470001
v -77.900002 5.130000 167.959991
v -78.470001 5.130000 167.959991
v -78.470001 5.130000 168.339996
v -79.040001 5.130000 168.529999
v -79.040001 5.130000 173.470001
v -78.089996 5.130000 173.660004
v -78.089996 5.130000 174.419998
v -79.040001 5.130000 174.800003
v -79.040001 5.130000 177.839996
v -77.900002 5.130000 177.839996
v -77.900002 5.130000 174.989990
v -75.809998 5.130000 174.800003
v -75.430000 5.130000 175.179993
v -75.430000 5.130000 177.839996
v -72.769997 5.130000 177.839996
v -69.349998 5.130000 176.889999
v -69.729996 5.130000 175.940002
v -70.680000 5.130000 176.699997
v -69.919998 5.130000 177.459991
v -76.379997 5.130000 176.699997
v -76.379997 5.130000 175.750000
v -76.949997 5.130000 175.750000
v -76.949997 5.130000 176.699997
f 4261 4262 4263 4260
f 4250 4251 4252 4253
f 4256 4273 4274 4275 4247 4255
f 4249 4250 4253
f 4257 4258 4259
f 4273 4256 4257 4259 4272
f 4253 4254 4255 4247 4248 4249
f 4268 4269 4270 4271 4267
f 4265 4266 4260 4263 4264
f 4266 4267 4271 4272 4259 4260
f 4276 4277 4278 4279
f 4280 4281 4282 4283
v -190.759995 5.430000 187.720001
v -190.759995 5.430000 186.009995
v -190.379990 5.330000 185.440002
v -190.379990 5.330000 184.300003
v -190.000000 5.330000 184.110001
v -194.369995 5.530000 183.349991
v -194.940002 5.430000 184.869995
v -195.509995 5.330000 184.869995
v -196.080002 5.330000 184.300003
v -197.599991 5.330000 184.300003
v -197.599991 5.330000 186.389999
v -196.839996 5.330000 187.529999
v -194.750000 5.430000 187.720001
v -187.909988 5.330000 184.489990
v -187.720001 5.330000 183.919998
v -187.720001 5.330000 177.839996
v -197.599991 5.330000 177.839996
v -197.599991 5.330000 178.979996
v -196.080002 5.330000 179.550003
v -196.080002 5.330000 180.500000
v -194.179993 5.330000 180.879990
v -196.649994 5.330000 182.399994
v -196.649994 5.330000 181.449997
v -197.029999 5.330000 181.259995
v -196.839996 5.330000 180.309998
v -197.599991 5.330000 180.309998
v -197.220001 5.330000 181.449997
v -197.599991 5.330000 181.639999
v -197.599991 5.330000 183.159988
f 4285 4286 4287 4289 4290
f 4291 4292 4293 4294
f 4287 4288 4289
f 4291 4294 4295 4296 4290
f 4296 4284 4285 4290
f 4300 4301 4302
f 4288 4297 4298 4299 4300 4304
f 4302 4303 4304
f 4300 4302 4304
f 4304 4289 4288
f 4307 4308 4309 4310
f 4311 4312 4305 4306 4310
f 4306 4307 4310
v -71.629997 5.330000 148.199997
v -71.629997 5.330000 145.919998
v -71.059998 5.330000 145.729996
v -71.059998 5.330000 139.270004
v -71.629997 5.330000 139.080002
v -71.629997 5.330000 138.319992
v -79.040001 5.330000 138.319992
v -79.040001 5.330000 148.199997
f 4314 4315 4316 4317 4319 4320
f 4320 4313 4314
f 4317 4318 4319
v -79.040001 5.130000 197.599991
v -79.040001 5.130000 191.139999
v -79.040001 5.130000 190.379990
v -79.040001 5.130000 187.720001
v -88.919998 5.230000 187.720001
v -88.919998 5.130000 193.419998
v -88.919998 5.130000 193.989990
v -88.919998 5.130000 197.599991
f 4323 4324 4325
f 4323 4325 4326 4322
f 4321 4322 4327 4328
f 4322 4326 4327
v -187.720001 5.330000 138.319992
v -187.720001 5.330000 133.379990
v -188.289993 5.330000 133.379990
v -188.669998 5.330000 134.139999
v -189.619995 5.330000 134.139999
v -189.809998 5.330000 133.379990
v -196.269989 5.330000 133.379990
v -196.459991 5.330000 136.419998
v -195.509995 5.330000 137.369995
v -195.509995 5.330000 138.319992
v -187.720001 5.330000 128.440002
v -196.459991 5.330000 128.440002
v -196.839996 5.330000 129.389999
v -189.619995 5.330000 132.619995
v -188.479996 5.330000 132.619995
f 4330 4331 4332 4329
f 4335 4336 4337 4333 4334
f 4329 4332 4333 4337 4338
f 4343 4331 4330 4339
f 4335 4334 4342
f 4342 4343 4339
f 4340 4341 4335 4342 4339
v -98.799995 5.330000 108.680000
v -98.799995 5.330000 98.799995
v -103.549995 5.330000 98.799995
v -103.169998 5.330000 106.019997
v -103.549995 5.330000 106.209999
v -103.549995 5.330000 108.680000
v -106.019997 5.330000 108.680000
v -106.019997 5.330000 106.209999
v -106.589996 5.330000 106.209999
v -106.779999 5.330000 105.639999
v -108.680000 5.330000 105.639999
v -108.680000 5.330000 108.680000
v -106.779999 5.330000 103.549995
v -106.779999 5.330000 102.599998
v -106.019997 5.330000 102.409996
v -106.019997 5.330000 98.799995
v -108.680000 5.330000 98.799995
v -108.680000 5.330000 103.549995
f 4347 4348 4349 4344
f 4345 4346 4347 4344
f 4352 4353 4354 4355 4350
f 4350 4351 4352
f 4361 4356 4357
f 4357 4358 4359
f 4357 4359 4360 4361
v -158.080002 5.330000 217.360001
v -158.080002 5.330000 216.979996
v -158.269989 5.330000 217.360001
v -159.410004 5.330000 216.979996
v -158.839996 5.330000 214.889999
v -158.080002 5.330000 214.129990
v -158.080002 5.330000 212.229996
v -159.410004 5.330000 213.559998
v -159.410004 5.330000 215.080002
v -160.550003 5.330000 215.839996
v -161.500000 5.330000 215.839996
v -162.639999 5.330000 214.889999
v -162.639999 5.330000 214.319992
v -163.209991 5.330000 214.319992
v -163.970001 5.330000 215.459991
v -164.729996 5.330000 215.459991
v -166.250000 5.330000 213.940002
v -167.389999 5.330000 213.369995
v -167.389999 5.330000 212.610001
v -166.440002 5.330000 211.470001
v -166.629990 5.330000 210.899994
v -167.959991 5.330000 210.330002
v -167.959991 5.330000 216.789993
v -167.580002 5.330000 217.360001
v -160.169998 5.330000 217.360001
v -163.970001 5.330000 213.559998
v -164.919998 5.330000 212.610001
v -165.679993 5.330000 212.610001
v -165.679993 5.330000 212.989990
v -164.539993 5.330000 213.940002
v -160.360001 5.430000 212.229996
v -160.550003 5.430000 211.849991
v -161.119995 5.430000 212.229996
v -162.069992 5.430000 211.849991
v -161.119995 5.430000 212.989990
v -159.410004 5.430000 211.089996
v -158.080002 5.430000 209.190002
v -158.080002 5.630000 208.239990
v -158.649994 5.430000 208.049988
v -158.649994 5.430000 207.479996
v -161.879990 5.430000 207.479996
v -163.209991 5.430000 207.479996
v -163.970001 5.430000 207.479996
v -164.729996 5.430000 208.429993
v -162.830002 5.430000 209.190002
v -162.449997 5.430000 209.569992
v -162.449997 5.430000 210.519989
v -161.879990 5.430000 210.899994
v -160.929993 5.430000 211.089996
v -160.739990 5.430000 210.519989
v -159.979996 5.430000 210.519989
f 4362 4363 4364
f 4373 4374 4375 4376
f 4366 4367 4368 4369 4370
f 4372 4373 4376
f 4372 4376 4377 4385 4386
f 4386 4371 4372
f 4380 4381 4382 4383
f 4365 4366 4370 4371 4386
f 4377 4378 4379 4384 4385
f 4379 4380 4383 4384
f 4388 4389 4390 4391 4387
f 4392 4393 4394 4396
f 4394 4395 4396
f 4409 4410 4411 4407 4408
f 4398 4399 4400 4412 4397
f 4402 4403 4406 4407
f 4403 4404 4405 4406
f 4407 4411 4412 4400 4401 4402
v -69.729996 5.130000 167.959991
v -69.729996 5.130000 167.009995
v -69.159996 5.130000 166.819992
v -69.159996 5.130000 163.019989
v -69.729996 5.130000 163.399994
v -69.919998 5.130000 164.160004
v -71.439995 5.130000 164.160004
v -71.629997 5.130000 163.399994
v -73.150002 5.130000 163.399994
v -73.339996 5.130000 164.160004
v -75.049995 5.130000 164.160004
v -75.239998 5.130000 163.399994
v -76.570000 5.130000 163.399994
v -76.759995 5.130000 164.160004
v -78.279999 5.130000 164.160004
v -78.470001 5.130000 163.399994
v -79.040001 5.130000 163.019989
v -79.040001 5.130000 167.199997
v -78.470001 5.130000 167.389999
v -78.470001 5.130000 167.959991
v -77.900002 5.130000 167.959991
v -77.709999 5.130000 166.819992
v -70.489998 5.130000 166.629990
v -70.110001 5.130000 167.009995
v -70.110001 5.130000 167.959991
v -71.439995 5.230000 161.879990
v -70.869995 5.230000 161.879990
v -70.869995 5.230000 161.309998
v -70.489998 5.230000 161.119995
v -70.869995 5.230000 158.080002
v -77.330002 5.230000 158.080002
v -77.709999 5.230000 161.119995
v -77.330002 5.230000 161.309998
v -77.330002 5.230000 161.879990
v -76.759995 5.230000 161.879990
v -76.570000 5.230000 162.259995
v -73.339996 5.230000 161.879990
v -73.150002 5.230000 162.259995
v -71.629997 5.230000 162.259995
f 4431 4432 4433 4434
f 4419 4421 4422 4435
f 4436 4437 4413 4414
f 4422 4423 4434 4435
f 4435 4436 4414
f 4435 4414 4415 4416 4417 4418
f 4423 4426 4434
f 4427 4428 4429 4430 4431 4434
f 4435 4418 4419
f 4423 4424 4425 4426
f 4426 4427 4434
f 4419 4420 4421
f 4438 4439 4440
f 4445 4446 4447
f 4449 4450 4451 4438
f 4443 4445 4447 4449 4441 4442
f 4449 4438 4440
f 4449 4440 4441
f 4443 4444 4445
f 4447 4448 4449
v -88.919998 5.130000 207.479996
v -88.919998 5.130000 197.599991
v -98.799995 5.330000 197.599991
v -98.799995 5.330000 198.929993
v -91.009995 5.130000 198.929993
v -90.629997 5.130000 199.309998
v -90.629997 5.130000 205.580002
v -91.009995 5.130000 206.909988
v -92.150002 5.130000 206.909988
v -92.339996 5.130000 205.959991
v -92.909996 5.130000 205.959991
v -93.099998 5.130000 206.720001
v -95.759995 5.130000 206.720001
v -95.949997 5.130000 205.959991
v -98.799995 5.230000 205.769989
v -98.799995 5.130000 207.479996
v -93.099998 5.130000 205.009995
v -93.099998 5.130000 204.440002
v -93.669998 5.130000 204.440002
v -93.669998 5.130000 205.009995
v -95.000000 5.130000 205.009995
v -95.000000 5.130000 204.440002
v -95.570000 5.130000 204.440002
v -95.570000 5.130000 205.009995
v -96.709999 5.130000 205.009995
v -96.709999 5.130000 204.440002
v -97.279999 5.130000 204.440002
v -97.279999 5.130000 205.009995
v -93.099998 5.130000 203.489990
v -93.099998 5.130000 201.209991
v -95.000000 5.230000 201.209991
v -95.189995 5.230000 201.399994
v -95.000000 5.130000 202.539993
v -96.139999 5.230000 202.919998
v -96.139999 5.230000 203.489990
v -96.519997 5.230000 202.539993
v -96.519997 5.230000 201.589996
v -97.279999 5.230000 201.209991
v -97.279999 5.230000 203.489990
v -91.579994 5.130000 202.729996
v -91.579994 5.130000 202.159988
v -92.150002 5.130000 202.159988
v -92.150002 5.130000 202.729996
f 4461 4462 4463 4460
f 4454 4455 4456 4453
f 4464 4465 4466 4467
f 4453 4457 4458 4452
f 4460 4463 4464
f 4460 4464 4467 4452
f 4453 4456 4457
f 4459 4460 4452
f 4458 4459 4452
f 4468 4469 4470 4471
f 4472 4473 4474 4475
f 4476 4477 4478 4479
f 4482 4483 4484 4480 4481
f 4484 4485 4486 4480
f 4486 4485 4487 4490
f 4488 4483 4482 4489
f 4489 4490 4487 4488
f 4491 4492 4493 4494
v -79.040001 5.330000 128.440002
v -79.040001 5.330000 118.559998
v -88.919998 5.330000 118.559998
v -88.919998 5.330000 128.440002
f 4495 4496 4497 4498
v -70.489998 5.230000 157.699997
v -70.489998 5.230000 156.559998
v -70.869995 5.230000 155.419998
v -71.439995 5.230000 155.419998
v -71.629997 5.230000 155.039993
v -73.150002 5.230000 155.039993
v -73.339996 5.230000 155.419998
v -76.570000 5.230000 155.039993
v -76.759995 5.230000 155.419998
v -77.330002 5.230000 155.419998
v -77.330002 5.230000 155.989990
v -77.709999 5.230000 156.179993
v -77.709999 5.230000 157.699997
v -77.330002 5.230000 158.080002
v -70.869995 5.230000 158.080002
v -69.159996 5.330000 152.569992
v -69.159996 5.330000 151.429993
v -70.110001 5.330000 151.239990
v -70.110001 5.330000 149.910004
v -75.809998 5.330000 149.720001
v -75.619995 5.330000 148.389999
v -71.629997 5.330000 148.199997
v -79.040001 5.330000 148.199997
v -79.040001 5.330000 152.569992
f 4507 4508 4509
f 4500 4501 4502
f 4513 4499 4500 4502 4504 4505
f 4502 4503 4504
f 4509 4510 4511
f 4506 4507 4512 4513 4505
f 4509 4511 4512 4507
f 4514 4515 4516
f 4519 4520 4521
f 4518 4519 4521 4522
f 4514 4516 4518 4522
f 4516 4517 4518
v -158.080002 5.330000 108.680000
v -158.080002 5.330000 105.639999
v -162.830002 5.330000 105.639999
v -163.019989 5.330000 106.209999
v -164.160004 5.330000 106.209999
v -164.160004 5.330000 108.680000
v -166.059998 5.330000 108.680000
v -166.059998 5.330000 106.209999
v -166.629990 5.330000 106.019997
v -166.629990 5.330000 102.599998
v -166.059998 5.330000 102.409996
v -166.059998 5.330000 98.799995
v -167.959991 5.330000 98.799995
v -167.959991 5.330000 108.680000
v -158.080002 5.330000 104.500000
v -162.830002 5.330000 104.689995
v -158.080002 5.330000 104.689995
v -158.080002 5.330000 103.169998
v -158.080002 5.330000 98.799995
v -163.779999 5.330000 98.799995
v -163.779999 5.330000 102.409996
v -163.019989 5.330000 102.409996
v -162.830002 5.330000 103.169998
f 4526 4527 4528
f 4524 4525 4526
f 4523 4524 4526 4528
f 4529 4530 4531 4536
f 4532 4535 4536 4531
f 4532 4533 4534 4535
f 4537 4538 4539
f 4542 4543 4544
f 4542 4544 4545 4540 4541
v -88.919998 5.330000 118.559998
v -88.919998 5.330000 108.680000
v -98.799995 5.330000 108.680000
v -98.799995 5.330000 118.559998
f 4546 4547 4548 4549
v -187.720001 5.330000 177.839996
v -187.720001 5.330000 171.379990
v -189.429993 5.330000 171.190002
v -189.239990 5.330000 167.959991
v -190.759995 5.330000 167.959991
v -190.949997 5.330000 170.429993
v -193.229996 5.330000 170.239990
v -193.229996 5.330000 167.959991
v -197.599991 5.330000 167.959991
v -197.599991 5.530000 171.000000
v -194.940002 5.330000 171.569992
v -194.750000 5.330000 172.709991
v -195.509995 5.330000 174.419998
v -197.599991 5.330000 174.039993
v -197.599991 5.330000 177.839996
v -191.709991 5.330000 169.099991
v -191.709991 5.330000 167.959991
v -192.279999 5.330000 167.959991
v -192.279999 5.330000 169.099991
f 4553 4554 4555 4552
f 4556 4560 4561
f 4552 4555 4556 4561 4562
f 4562 4563 4564
f 4557 4558 4559 4560 4556
f 4550 4551 4552 4562 4564
f 4565 4566 4567 4568
v -116.279999 5.230000 216.789993
v -116.279999 5.230000 216.220001
v -116.849998 5.230000 216.220001
v -116.849998 5.230000 216.789993
v -117.799995 5.230000 217.360001
v -115.519997 5.130000 217.360001
v -108.680000 5.130000 216.220001
v -108.680000 5.330000 207.479996
v -111.339996 5.330000 207.479996
v -113.239998 5.330000 207.479996
v -114.379997 5.330000 207.479996
v -116.279999 5.330000 207.479996
v -118.180000 5.330000 207.479996
v -118.559998 5.330000 207.669998
v -118.559998 5.330000 214.129990
v -118.180000 5.330000 214.509995
v -114.570000 5.230000 214.129990
v -114.379997 5.230000 214.509995
v -113.239998 5.230000 214.509995
v -113.049995 5.230000 214.129990
v -111.529999 5.230000 214.129990
v -110.959999 5.130000 216.409988
v -117.799995 5.230000 216.029999
v -117.799995 5.230000 215.459991
v -118.559998 5.230000 215.839996
v -118.559998 5.230000 216.220001
v -115.329994 5.230000 215.649994
v -115.329994 5.230000 216.029999
v -114.949997 5.230000 216.029999
f 4569 4570 4571 4572
f 4572 4573 4574 4569
f 4585 4586 4587 4588 4577
f 4588 4589 4577
f 4580 4581 4582
f 4589 4590 4575 4576 4577
f 4583 4584 4585 4577 4578 4582
f 4579 4580 4582
f 4578 4579 4582
f 4591 4592 4593 4594
f 4595 4596 4597
v -177.839996 5.330000 197.599991
v -177.839996 5.330000 189.429993
v -178.220001 5.330000 189.429993
v -178.789993 5.330000 193.039993
v -179.360001 5.730000 193.419998
v -184.679993 5.330000 192.470001
v -185.059998 5.330000 192.089996
v -184.869995 5.330000 189.619995
v -185.819992 5.730000 189.809998
v -186.959991 5.330000 192.089996
v -187.720001 5.330000 191.899994
v -187.720001 5.330000 197.599991
v -179.739990 5.330000 192.279999
v -178.979996 5.330000 187.909988
v -181.069992 5.330000 187.720001
v -183.349991 5.330000 187.720001
v -184.110001 5.330000 191.519989
f 4604 4605 4606 4607
f 4607 4608 4609
f 4603 4604 4607
f 4599 4600 4601 4598
f 4603 4607 4609 4598 4602
f 4598 4601 4602
f 4611 4612 4613 4614 4610
v -187.909988 5.330000 148.199997
v -187.720001 5.330000 147.059998
v -187.720001 5.330000 142.879990
v -192.659988 5.330000 142.879990
v -193.419998 5.330000 148.199997
v -192.089996 5.330000 148.199997
v -191.709991 5.330000 146.869995
v -188.289993 5.330000 146.679993
v -188.099991 5.330000 148.199997
v -194.750000 5.330000 146.300003
v -194.369995 5.330000 144.399994
v -194.750000 5.330000 143.830002
v -196.839996 5.330000 143.639999
v -197.220001 5.330000 145.349991
v -197.220001 5.330000 146.110001
v -187.720001 5.330000 138.319992
v -195.509995 5.330000 138.319992
v -196.269989 5.330000 139.459991
v -197.599991 5.330000 139.459991
v -197.599991 5.330000 141.739990
v -194.750000 5.330000 142.500000
v -193.229996 5.330000 142.309998
f 4622 4623 4615 4616 4617
f 4617 4618 4621 4622
f 4619 4620 4621 4618
f 4624 4625 4626 4627 4628 4629
f 4632 4633 4634
f 4632 4634 4635 4636 4631
f 4631 4636 4618 4617 4630
v -148.199997 5.330000 217.360001
v -148.199997 5.330000 216.220001
v -149.910004 5.330000 216.789993
v -150.479996 5.330000 217.360001
v -152.000000 5.330000 216.979996
v -152.759995 5.330000 210.709991
v -155.989990 5.330000 213.369995
v -157.699997 5.330000 215.459991
v -158.080002 5.330000 216.979996
v -158.080002 5.330000 217.360001
v -152.569992 5.330000 217.360001
v -150.860001 5.530000 215.839996
v -149.339996 5.530000 215.459991
v -148.199997 5.330000 214.699997
v -148.199997 5.330000 213.750000
v -148.199997 5.330000 212.799988
v -148.199997 5.330000 207.479996
v -148.770004 5.330000 207.479996
v -149.339996 5.330000 208.049988
v -150.479996 5.330000 207.669998
v -150.479996 5.330000 209.000000
v -151.619995 5.330000 209.000000
v -155.229996 5.330000 210.899994
v -153.139999 5.330000 209.379990
v -152.000000 5.330000 207.479996
v -153.899994 5.330000 207.479996
v -154.849991 5.330000 207.860001
v -156.750000 5.330000 210.330002
v -156.750000 5.330000 211.089996
v -157.699997 5.330000 211.470001
v -158.080002 5.330000 212.229996
v -158.080002 5.330000 214.129990
v -157.509995 5.630000 208.619995
v -157.509995 5.830000 208.049988
v -158.080002 5.630000 208.239990
v -158.080002 5.430000 209.190002
f 4637 4638 4639 4640
f 4644 4645 4646
f 4643 4644 4646 4647 4641 4642
f 4653 4654 4655
f 4655 4656 4657
f 4649 4650 4651
f 4653 4655 4657
f 4657 4658 4642
f 4649 4651 4652 4648
f 4652 4653 4657 4642 4641 4648
f 4665 4666 4667 4668 4659
f 4660 4661 4662 4663 4664 4659
f 4659 4664 4665
f 4669 4670 4671 4672
v -172.330002 5.330000 205.959991
v -172.330002 5.330000 205.199997
v -167.959991 5.330000 202.349991
v -167.959991 5.330000 198.360001
v -167.959991 5.330000 197.599991
v -177.839996 5.330000 197.599991
v -177.839996 5.530000 201.209991
v -177.839996 5.830000 201.779999
v -177.080002 5.830000 202.159988
v -177.459991 5.330000 204.819992
v -174.989990 5.330000 205.580002
v -175.179993 5.330000 207.479996
v -171.190002 5.330000 207.479996
v -167.959991 5.330000 204.629990
v -167.959991 5.330000 203.869995
v -168.339996 5.330000 203.679993
v -171.000000 5.330000 205.769989
v -170.239990 5.330000 206.339996
f 4679 4680 4681
f 4684 4685 4673 4683
f 4674 4675 4676
f 4683 4673 4674
f 4681 4682 4683
f 4678 4679 4681
f 4681 4683 4674 4676 4677 4678
f 4686 4687 4688 4689 4690
v -138.319992 5.330000 72.010002
v -138.319992 5.330000 70.489998
v -138.319992 5.330000 69.159996
v -148.199997 5.330000 69.159996
v -148.199997 5.330000 79.040001
v -138.319992 5.330000 79.040001
v -142.500000 5.330000 71.439995
v -143.639999 5.330000 71.629997
v -143.830002 5.330000 70.680000
v -142.690002 5.330000 70.489998
f 4697 4691 4692
f 4700 4697 4692 4693
f 4694 4695 4698 4699
f 4691 4697 4698 4695 4696
f 4700 4693 4694 4699
v -59.279999 5.330000 118.559998
v -59.279999 5.330000 113.049995
v -63.840000 5.330000 113.239998
v -63.840000 5.330000 115.329994
v -65.549995 5.330000 115.329994
v -65.739998 5.330000 114.379997
v -66.500000 5.330000 114.379997
v -66.689995 5.330000 118.559998
v -65.930000 5.330000 118.559998
v -65.739998 5.330000 117.419998
v -64.599998 5.330000 117.419998
v -64.220001 5.330000 118.559998
v -68.970001 5.330000 118.559998
v -69.159996 5.330000 116.469994
v -69.159996 5.330000 118.559998
v -65.549995 5.330000 113.239998
v -59.279999 5.330000 108.680000
v -64.220001 5.330000 108.680000
v -64.409996 5.330000 111.149994
v -65.930000 5.330000 110.959999
v -65.930000 5.330000 108.680000
v -66.689995 5.330000 108.680000
v -68.970001 5.330000 108.680000
v -69.159996 5.330000 108.680000
v -69.159996 5.330000 112.860001
f 4705 4706 4707 4708 4709 4710
f 4705 4710 4711 4704
f 4704 4711 4712 4701 4702
f 4702 4703 4704
f 4713 4714 4715
f 4707 4706 4716 4720 4722
f 4720 4721 4722
f 4719 4720 4716 4703
f 4718 4719 4703 4702 4717
f 4723 4724 4725
v -128.440002 5.330000 79.040001
v -128.440002 5.330000 73.720001
v -129.389999 5.330000 73.720001
v -129.770004 5.330000 73.150002
v -129.389999 5.330000 72.010002
v -128.440002 5.330000 72.010002
v -128.440002 5.330000 69.159996
v -138.319992 5.330000 69.159996
v -138.319992 5.330000 70.489998
v -136.039993 5.330000 70.299995
v -135.849991 5.330000 72.010002
v -138.319992 5.330000 72.010002
v -138.319992 5.330000 79.040001
f 4733 4734 4735
f 4730 4731 4732 4733 4735
f 4726 4727 4728
f 4726 4728 4729 4736 4737 4738
f 4736 4729 4730 4735
v -79.040001 5.130000 227.239990
v -79.040001 5.130000 223.250000
v -86.830002 5.130000 223.250000
v -87.019997 5.130000 217.360001
v -88.919998 5.130000 217.360001
v -88.919998 5.130000 227.239990
v -80.559998 5.130000 222.299988
v -80.559998 5.130000 221.919998
v -81.129997 5.130000 221.919998
v -81.129997 5.130000 222.299988
v -82.269997 5.130000 222.299988
v -82.269997 5.130000 221.919998
v -83.029999 5.130000 221.919998
v -83.029999 5.130000 222.299988
v -84.169998 5.130000 222.299988
v -84.169998 5.130000 221.919998
v -84.549995 5.130000 221.919998
v -84.549995 5.130000 222.299988
v -80.559998 5.130000 220.970001
v -80.559998 5.130000 218.690002
v -82.269997 5.130000 218.690002
v -82.459999 5.130000 218.879990
v -82.269997 5.130000 220.209991
v -83.220001 5.130000 220.399994
v -83.220001 5.130000 220.970001
v -83.790001 5.130000 220.209991
v -83.790001 5.130000 219.069992
v -84.549995 5.130000 218.690002
v -84.549995 5.130000 220.970001
v -79.040001 5.130000 220.209991
v -79.040001 5.130000 219.449997
v -79.610001 5.130000 219.449997
v -79.610001 5.130000 220.209991
v -85.500000 5.130000 220.209991
v -85.500000 5.130000 219.449997
v -86.070000 5.130000 219.449997
v -86.070000 5.130000 220.209991
v -80.559998 5.130000 217.739990
v -80.559998 5.130000 217.360001
v -81.129997 5.130000 217.360001
v -81.129997 5.130000 217.739990
v -82.459999 5.130000 217.739990
v -82.459999 5.130000 217.360001
v -82.839996 5.130000 217.360001
v -82.839996 5.130000 217.739990
v -84.360001 5.130000 217.739990
v -84.360001 5.130000 217.360001
v -84.549995 5.130000 217.360001
f 4741 4742 4743 4744
f 4739 4740 4741 4744
f 4745 4746 4747 4748
f 4749 4750 4751 4752
f 4753 4754 4755 4756
f 4761 4762 4763 4757
f 4759 4760 4761 4757 4758
f 4763 4762 4764 4767
f 4764 4765 4766 4767
f 4765 4760 4759 4766
f 4768 4769 4770 4771
f 4772 4773 4774 4775
f 4776 4777 4778 4779
f 4780 4781 4782 4783
f 4784 4785 4786
v -52.250000 5.130000 175.750000
v -54.149998 5.130000 174.419998
v -56.430000 5.130000 173.660004
v -58.520000 5.130000 173.470001
v -58.899998 5.130000 173.089996
v -58.709999 5.130000 171.000000
v -58.329998 5.130000 170.429993
v -56.239998 5.130000 170.619995
v -56.049999 5.130000 169.289993
v -58.139999 5.130000 169.289993
v -58.520000 5.130000 168.910004
v -58.520000 5.130000 167.959991
v -59.279999 5.130000 167.959991
v -59.279999 5.130000 177.839996
v -57.570000 5.130000 177.839996
v -57.949997 5.130000 177.459991
v -57.759998 5.130000 175.750000
v -56.619999 5.130000 175.369995
v -54.529999 5.130000 176.129990
v -52.439999 5.130000 177.839996
v -50.349998 5.130000 177.839996
v -54.910000 5.130000 177.459991
v -54.910000 5.130000 177.839996
v -54.529999 5.130000 177.839996
v -56.049999 5.130000 176.889999
v -56.809998 5.130000 176.509995
v -56.430000 5.130000 177.080002
v -49.399998 5.130000 175.750000
v -50.349998 5.130000 174.610001
v -50.919998 5.130000 175.179993
v -50.919998 5.130000 175.750000
v -50.349998 5.130000 176.319992
v -51.680000 5.130000 173.849991
v -52.629997 5.130000 172.899994
v -53.009998 5.130000 173.470001
v -53.009998 5.130000 174.039993
v -52.439999 5.130000 174.419998
v -49.399998 5.130000 174.039993
v -49.399998 5.130000 167.959991
v -49.590000 5.130000 167.959991
v -49.590000 5.130000 168.910004
v -49.969997 5.130000 169.289993
v -55.099998 5.130000 170.619995
v -52.629997 5.130000 171.569992
v -54.149998 5.130000 172.519989
v -54.719997 5.130000 172.139999
v -54.910000 5.130000 172.899994
v -54.529999 5.130000 173.089996
v -57.000000 5.130000 172.519989
v -56.809998 5.130000 171.949997
v -57.000000 5.130000 171.379990
v -57.759998 5.130000 171.569992
v -57.759998 5.130000 172.519989
v -50.539997 5.130000 168.339996
v -50.539997 5.130000 167.959991
v -51.489998 5.130000 167.959991
v -51.489998 5.130000 168.339996
v -52.629997 5.130000 168.339996
v -52.629997 5.130000 167.959991
v -53.389999 5.130000 167.959991
v -53.389999 5.130000 168.339996
v -54.529999 5.130000 168.339996
v -54.529999 5.130000 167.959991
v -55.289997 5.130000 167.959991
v -55.289997 5.130000 168.339996
v -56.619999 5.130000 168.339996
v -56.619999 5.130000 167.959991
v -57.570000 5.130000 167.959991
v -57.570000 5.130000 168.339996
f 4797 4798 4799
f 4800 4801 4802
f 4806 4807 4787 4788 4805
f 4803 4804 4789 4790
f 4797 4799 4792 4793
f 4794 4795 4796 4793
f 4791 4799 4800
f 4793 4796 4797
f 4791 4792 4799
f 4800 4802 4803 4790 4791
f 4804 4805 4788 4789
f 4808 4809 4810
f 4811 4812 4813
f 4815 4816 4817 4818 4814
f 4821 4822 4823 4819 4820
f 4825 4826 4827 4824
f 4795 4794 4829
f 4795 4829 4830 4828
f 4824 4827 4828
f 4828 4830 4824
f 4831 4832 4833 4834
f 4836 4837 4838 4839 4835
f 4840 4841 4842 4843
f 4844 4845 4846 4847
f 4848 4849 4850 4851
f 4852 4853 4854 4855
v -75.049995 5.130000 217.360001
v -75.049995 5.130000 216.599991
v -75.619995 5.130000 216.409988
v -75.619995 5.130000 215.269989
v -74.290001 5.130000 215.080002
v -74.099998 5.130000 211.470001
v -75.049995 5.130000 211.470001
v -79.040001 5.130000 211.659988
v -79.040001 5.130000 216.409988
v -78.089996 5.130000 216.789993
v -78.089996 5.130000 217.360001
v -69.159996 5.130000 216.220001
v -69.159996 5.130000 211.089996
v -72.580002 5.130000 211.089996
v -72.769997 5.130000 211.470001
v -72.959999 5.130000 215.080002
v -72.769997 5.130000 216.220001
v -75.430000 5.130000 211.279999
v -75.430000 5.130000 210.139999
v -74.099998 5.130000 209.949997
v -74.099998 5.130000 207.479996
v -79.040001 5.130000 207.479996
v -69.159996 5.130000 207.479996
v -72.769997 5.130000 209.949997
f 4856 4857 4858 4865 4866
f 4864 4865 4859 4862 4863
f 4860 4861 4862 4859
f 4865 4858 4859
f 4868 4869 4870 4871 4872 4867
f 4861 4860 4871 4870
f 4874 4875 4876
f 4863 4862 4873
f 4863 4873 4874
f 4874 4876 4877 4863
f 4876 4875 4879
f 4879 4869 4868
f 4878 4876 4879 4868
v -53.770000 5.330000 147.819992
v -52.059998 5.330000 147.819992
v -52.059998 5.330000 145.919998
v -51.680000 5.330000 145.729996
v -51.680000 5.330000 139.270004
v -52.059998 5.330000 139.080002
v -52.059998 5.330000 138.319992
v -55.099998 5.330000 138.319992
v -55.099998 5.330000 138.509995
v -54.149998 5.330000 138.509995
v -53.770000 5.330000 138.889999
v -53.959999 5.330000 140.789993
v -53.770000 5.330000 140.979996
v -51.869999 5.330000 141.169998
v -51.869999 5.330000 143.449997
v -53.959999 5.330000 143.449997
v -54.149998 5.330000 144.589996
v -53.770000 5.330000 144.779999
v -53.770000 5.330000 146.489990
v -54.910000 5.330000 146.679993
v -54.719997 5.330000 148.009995
v -54.340000 5.330000 148.199997
v -53.959999 5.330000 148.199997
v -56.049999 5.330000 146.489990
v -56.049999 5.330000 144.779999
v -54.340000 5.330000 143.069992
v -54.340000 5.330000 141.550003
v -56.049999 5.330000 140.599991
v -56.049999 5.330000 138.699997
v -59.279999 5.330000 138.319992
v -59.279999 5.330000 148.199997
v -58.709999 5.330000 148.199997
v -58.520000 5.330000 147.440002
v -57.379997 5.330000 147.629990
v -57.000000 5.330000 148.199997
v -52.820000 5.330000 142.690002
v -52.820000 5.330000 141.929993
v -53.389999 5.330000 142.119995
v -53.199997 5.330000 142.690002
v -54.719997 5.330000 139.839996
v -54.719997 5.330000 139.459991
v -55.099998 5.330000 139.459991
v -55.099998 5.330000 139.839996
f 4901 4902 4880 4898 4899 4900
f 4887 4888 4889 4886
f 4897 4898 4882
f 4895 4896 4897
f 4897 4882 4883 4894 4895
f 4884 4893 4894 4883
f 4890 4891 4892 4893 4884 4885
f 4898 4880 4881 4882
f 4886 4889 4890 4885
f 4906 4892 4891 4907
f 4908 4888 4887 4909
f 4910 4911 4912
f 4896 4895 4905 4904
f 4912 4913 4903 4904
f 4914 4900 4899 4903 4913
f 4907 4908 4909
f 4910 4912 4904 4907 4909
f 4905 4906 4907 4904
f 4915 4916 4917 4918
f 4919 4920 4921 4922
v -79.040001 5.330000 98.799995
v -79.040001 5.330000 95.570000
v -88.349998 5.330000 95.570000
v -88.540001 5.330000 94.430000
v -88.919998 5.330000 94.430000
v -88.919998 5.330000 98.799995
v -88.349998 5.330000 93.479996
v -79.040001 5.330000 93.479996
v -79.040001 5.330000 88.919998
v -88.919998 5.330000 88.919998
f 4925 4926 4927 4928
f 4923 4924 4925 4928
f 4927 4926 4929 4932
f 4929 4930 4931 4932
v -98.799995 5.130000 237.119995
v -98.799995 5.130000 236.169998
v -99.559998 5.130000 235.979996
v -99.559998 5.130000 229.519989
v -98.799995 5.130000 229.330002
v -98.799995 5.130000 227.239990
v -108.680000 5.130000 227.239990
v -108.680000 5.130000 229.330002
v -103.739998 5.130000 229.519989
v -103.739998 5.130000 235.979996
v -108.680000 5.130000 236.169998
v -108.680000 5.130000 237.119995
v -108.489998 5.130000 237.119995
v -108.299995 5.130000 236.360001
v -105.639999 5.130000 236.360001
v -105.449997 5.130000 237.119995
v -106.019997 5.130000 233.889999
v -106.019997 5.130000 231.610001
v -108.680000 5.130000 231.610001
v -108.680000 5.130000 232.750000
v -108.110001 5.130000 232.939987
v -108.110001 5.130000 233.889999
f 4944 4945 4946 4943
f 4935 4936 4941 4942
f 4933 4934 4935 4942 4947 4948
f 4936 4937 4938 4939 4940 4941
f 4943 4946 4947 4942
f 4951 4952 4953
f 4953 4954 4949
f 4950 4951 4953 4949
v -69.159996 5.330000 108.680000
v -69.159996 5.330000 106.209999
v -70.110001 5.330000 106.019997
v -70.110001 5.330000 102.790001
v -69.159996 5.330000 102.599998
v -69.159996 5.330000 98.799995
v -79.040001 5.330000 98.799995
v -79.040001 5.330000 108.680000
f 4955 4956 4957 4962
f 4958 4959 4960 4961
f 4958 4961 4962 4957
v -49.399998 5.130000 167.959991
v -49.399998 5.130000 164.160004
v -51.299999 5.130000 164.160004
v -51.869999 5.130000 163.589996
v -51.869999 5.130000 158.080002
v -54.719997 5.130000 158.080002
v -54.719997 5.130000 158.459991
v -52.439999 5.130000 158.459991
v -52.250000 5.130000 160.550003
v -53.959999 5.130000 162.259995
v -54.719997 5.130000 162.259995
v -54.910000 5.130000 164.349991
v -53.959999 5.130000 164.539993
v -53.959999 5.130000 166.250000
v -56.049999 5.130000 166.440002
v -56.239998 5.130000 165.869995
v -56.619999 5.130000 165.869995
v -56.619999 5.130000 166.819992
v -49.779999 5.130000 166.819992
v -49.590000 5.130000 167.959991
v -58.520000 5.130000 167.959991
v -58.139999 5.130000 165.869995
v -56.239998 5.130000 164.539993
v -55.480000 5.130000 162.069992
v -55.480000 5.130000 159.220001
v -59.279999 5.230000 158.080002
v -59.279999 5.130000 167.959991
v -50.539997 5.130000 161.119995
v -50.539997 5.130000 159.599991
v -50.919998 5.130000 159.599991
v -50.919998 5.130000 161.119995
v -53.199997 5.130000 159.979996
v -53.199997 5.130000 159.410004
v -54.149998 5.130000 159.410004
v -54.149998 5.230000 160.360001
f 4977 4978 4979 4980
f 4976 4977 4980 4981
f 4981 4982 4963 4964
f 4972 4973 4974 4975
f 4966 4971 4972 4975
f 4968 4969 4970 4967
f 4965 4966 4975
f 4967 4970 4971 4966
f 4981 4964 4965 4975 4976
f 4987 4969 4968 4988
f 4979 4978 4985
f 4984 4979 4985
f 4974 4973 4986 4985
f 4989 4983 4984 4988
f 4984 4985 4986 4987 4988
f 4990 4991 4992 4993
f 4994 4995 4996 4997
v -206.149994 5.330000 207.479996
v -206.149994 5.330000 206.909988
v -206.909988 5.330000 205.959991
v -207.479996 5.330000 206.720001
v -207.479996 5.330000 206.909988
v -206.909988 5.330000 207.479996
v -199.500000 5.330000 206.339996
v -199.690002 5.330000 205.769989
v -200.069992 5.330000 205.769989
v -201.209991 5.330000 206.720001
v -201.019989 5.330000 207.289993
v -200.639999 5.330000 207.289993
v -197.599991 5.330000 206.149994
v -197.599991 5.330000 204.250000
v -198.739990 5.330000 204.629990
v -198.929993 5.330000 205.199997
v -203.869995 5.430000 204.250000
v -203.489990 5.430000 203.300003
v -202.539993 5.430000 203.679993
v -201.779999 5.430000 203.110001
v -201.589996 5.430000 202.349991
v -201.019989 5.630000 202.349991
v -201.970001 5.430000 201.970001
v -201.970001 5.430000 201.209991
v -201.209991 5.430000 201.019989
v -201.209991 5.430000 200.639999
v -203.110001 5.830000 198.169998
v -203.489990 5.830000 198.169998
v -203.869995 5.430000 199.309998
v -204.440002 5.430000 199.309998
v -205.580002 5.430000 197.599991
v -207.479996 5.430000 197.599991
v -207.479996 5.430000 198.929993
v -207.479996 5.430000 199.879990
v -207.479996 5.430000 201.970001
v -206.909988 5.430000 201.399994
v -206.339996 5.430000 201.399994
v -206.149994 5.430000 202.349991
v -205.009995 5.430000 202.349991
v -205.199997 5.430000 203.300003
v -206.149994 5.430000 203.679993
v -205.199997 5.430000 205.199997
v -197.599991 5.330000 201.589996
v -197.599991 5.330000 199.500000
v -198.739990 5.330000 197.599991
v -201.399994 5.330000 197.599991
v -200.259995 5.330000 198.550003
v -200.259995 5.330000 199.309998
v -198.929993 5.330000 201.019989
f 4999 5000 5001 5002 5003 4998
f 5009 5004 5005 5006 5007 5008
f 5011 5012 5013 5010
f 5018 5019 5020
f 5021 5022 5023 5024 5025 5026
f 5017 5018 5020 5015 5016
f 5015 5020 5021
f 5031 5032 5033
f 5034 5035 5036
f 5027 5034 5036 5015 5021 5026
f 5031 5033 5034 5027 5028 5030
f 5037 5038 5039 5014
f 5028 5029 5030
f 5037 5014 5015 5036
f 5042 5043 5044
f 5046 5040 5041 5042 5044 5045
v -51.869999 5.130000 158.080002
v -51.680000 5.130000 156.369995
v -56.430000 5.330000 156.369995
v -56.809998 5.430000 155.419998
v -57.759998 5.330000 155.989990
v -58.709999 5.330000 155.800003
v -58.709999 5.330000 148.199997
v -59.279999 5.330000 148.199997
v -59.279999 5.230000 158.080002
v -56.049999 5.330000 153.519989
v -56.049999 5.330000 152.759995
v -55.289997 5.330000 152.569992
v -55.289997 5.330000 149.910004
v -57.570000 5.330000 149.529999
v -57.570000 5.330000 153.709991
v -49.399998 5.330000 152.569992
v -49.399998 5.330000 149.910004
v -50.349998 5.330000 149.910004
v -50.349998 5.330000 151.239990
v -51.110001 5.330000 151.429993
v -51.110001 5.330000 152.000000
v -50.160000 5.330000 152.000000
v -52.059998 5.330000 152.569992
v -52.059998 5.330000 151.429993
v -53.770000 5.330000 151.429993
v -53.959999 5.330000 149.910004
v -54.340000 5.330000 149.910004
v -54.340000 5.330000 152.569992
v -52.059998 5.330000 150.479996
v -52.059998 5.330000 149.910004
v -53.009998 5.330000 149.910004
v -53.009998 5.330000 150.479996
f 5049 5050 5051
f 5049 5051 5052 5055
f 5047 5048 5049 5055
f 5052 5053 5054 5055
f 5061 5056 5057
f 5057 5058 5059
f 5057 5059 5060 5061
f 5065 5066 5067 5068
f 5062 5063 5064 5065 5068
f 5071 5072 5073 5074
f 5069 5070 5071 5074
f 5075 5076 5077 5078
v -207.479996 5.330000 138.319992
v -207.479996 5.330000 137.750000
v -207.860001 5.330000 136.419998
v -207.860001 5.330000 132.050003
v -207.479996 5.330000 131.669998
v -207.479996 5.330000 131.099991
v -209.000000 5.330000 130.529999
v -209.569992 5.330000 128.440002
v -214.319992 5.330000 128.440002
v -215.269989 5.330000 128.440002
v -215.459991 5.330000 128.440002
v -217.360001 5.330000 129.009995
v -217.360001 5.330000 130.149994
v -214.699997 5.330000 130.149994
v -213.750000 5.330000 130.529999
v -213.369995 5.330000 132.809998
v -212.419998 5.530000 133.000000
v -212.419998 5.530000 133.569992
v -212.989990 5.930000 133.759995
v -212.419998 5.530000 134.139999
v -212.610001 5.530000 135.660004
v -211.470001 5.530000 136.039993
v -211.849991 5.330000 138.319992
v -216.220001 5.330000 137.940002
v -214.699997 5.330000 134.330002
v -216.979996 5.330000 134.520004
v -216.599991 5.330000 134.899994
v -216.599991 5.330000 137.179993
v -217.360001 5.330000 137.369995
v -217.360001 5.330000 138.319992
v -217.169998 5.330000 138.319992
v -215.649994 5.330000 133.190002
v -215.649994 5.330000 131.289993
v -217.169998 5.330000 131.479996
v -217.169998 5.330000 133.190002
f 5096 5097 5098
f 5082 5083 5084 5085
f 5093 5094 5095
f 5079 5080 5081 5100 5101
f 5098 5099 5100
f 5088 5089 5090 5091 5092
f 5096 5098 5100
f 5095 5096 5100 5081 5082 5085
f 5086 5087 5093 5095 5085
f 5087 5088 5092 5093
f 5107 5108 5109 5102 5106
f 5103 5104 5105
f 5102 5103 5105 5106
f 5110 5111 5112 5113
v -177.839996 5.330000 227.239990
v -177.839996 5.330000 225.909988
v -177.839996 5.330000 225.339996
v -177.839996 5.330000 221.729996
v -181.639999 5.330000 221.539993
v -184.679993 5.330000 220.399994
v -187.720001 5.330000 220.019989
v -187.720001 5.330000 222.679993
v -185.819992 5.730000 223.059998
v -185.250000 5.330000 224.199997
v -184.679993 5.330000 224.199997
v -184.489990 5.330000 223.629990
v -182.399994 5.330000 223.629990
v -178.029999 5.330000 224.769989
v -178.220001 5.330000 225.720001
v -183.349991 5.330000 224.769989
v -183.349991 5.330000 226.860001
v -183.729996 5.330000 227.239990
v -186.769989 5.330000 224.199997
v -187.720001 5.330000 224.009995
v -187.720001 5.330000 227.239990
v -186.389999 5.330000 227.239990
v -184.300003 5.330000 226.289993
v -184.300003 5.330000 225.149994
v -185.629990 5.330000 225.149994
v -185.629990 5.330000 226.289993
v -177.839996 5.330000 220.589996
v -177.839996 5.330000 218.119995
v -178.409988 5.330000 220.589996
v -179.169998 5.330000 219.259995
v -179.169998 5.330000 218.690002
v -179.739990 5.330000 218.500000
v -182.970001 5.330000 218.119995
v -182.970001 5.330000 219.069992
v -179.550003 5.330000 219.830002
v -184.869995 5.330000 218.690002
v -184.679993 5.330000 217.549988
v -186.199997 5.330000 217.360001
v -187.720001 5.330000 217.360001
v -187.720001 5.330000 218.119995
v -178.789993 5.330000 217.739990
v -178.789993 5.330000 217.360001
v -180.119995 5.330000 217.360001
f 5123 5124 5125 5122
f 5116 5117 5127
f 5122 5125 5126 5118 5119
f 5120 5121 5122 5119
f 5114 5115 5128 5130 5131
f 5128 5115 5116 5127
f 5128 5129 5130
f 5118 5126 5127 5117
f 5132 5133 5134 5135
f 5136 5137 5138 5139
f 5140 5141 5142
f 5143 5144 5145 5146 5147 5148
f 5151 5152 5153 5149 5150
f 5154 5155 5156
v -197.599991 5.330000 118.369995
v -198.169998 5.330000 117.989998
v -198.169998 5.330000 116.849998
v -197.599991 5.330000 116.659996
v -197.599991 5.330000 115.899994
v -198.169998 5.330000 115.519997
v -205.389999 5.330000 115.519997
v -206.149994 5.330000 115.899994
v -206.339996 5.330000 116.659996
v -206.909988 5.330000 116.659996
v -206.909988 5.330000 117.229996
v -207.479996 5.330000 117.419998
v -207.479996 5.330000 117.799995
v -207.479996 5.330000 118.559998
v -197.599991 5.330000 118.559998
v -197.599991 5.330000 113.430000
v -197.599991 5.330000 108.680000
v -205.199997 5.330000 108.680000
v -205.199997 5.330000 110.389999
v -206.149994 5.330000 110.769997
v -206.339996 5.330000 111.529999
v -206.909988 5.330000 111.529999
v -206.909988 5.330000 112.099998
v -206.149994 5.330000 112.290001
v -206.149994 5.330000 112.860001
v -205.199997 5.330000 113.430000
v -207.099991 5.330000 113.430000
v -207.099991 5.330000 113.049995
v -207.479996 5.330000 113.049995
v -207.479996 5.330000 113.239998
v -207.099991 5.330000 110.579994
v -206.909988 5.330000 109.820000
v -206.149994 5.330000 109.629997
v -206.339996 5.330000 108.680000
v -207.479996 5.330000 108.680000
v -207.479996 5.330000 109.059998
v -207.479996 5.330000 109.439995
v -207.479996 5.330000 110.579994
f 5165 5166 5167
f 5167 5168 5169
f 5171 5157 5158 5163 5165 5170
f 5159 5160 5161 5162 5163
f 5158 5159 5163
f 5167 5169 5170
f 5163 5164 5165
f 5165 5167 5170
f 5177 5178 5179 5180
f 5173 5174 5175
f 5180 5181 5182
f 5176 5177 5180
f 5175 5176 5180 5182 5172 5173
f 5184 5185 5186 5183
f 5194 5187 5188 5193
f 5190 5191 5192 5188 5189
f 5192 5193 5188
v -158.080002 5.330000 237.119995
v -158.080002 5.330000 235.409988
v -158.649994 5.330000 236.360001
v -158.269989 5.330000 237.119995
v -163.209991 5.330000 235.789993
v -162.069992 5.330000 235.789993
v -161.119995 5.330000 234.649994
v -158.080002 5.330000 234.269989
v -158.080002 5.330000 232.939987
v -159.979996 5.330000 232.179993
v -161.119995 5.330000 232.559998
v -161.500000 5.330000 231.610001
v -162.259995 5.330000 231.799988
v -162.639999 5.330000 231.229996
v -167.959991 5.530000 231.229996
v -167.959991 5.330000 237.119995
v -163.970001 5.330000 237.119995
v -158.269989 5.330000 231.610001
v -158.459991 5.330000 228.759995
v -158.080002 5.330000 228.569992
v -158.080002 5.330000 227.809998
v -159.789993 5.330000 227.429993
v -159.789993 5.330000 229.899994
v -159.410004 5.330000 231.229996
v -158.649994 5.330000 231.610001
v -162.449997 5.330000 230.089996
v -160.929993 5.330000 229.709991
v -160.929993 5.330000 228.759995
v -161.690002 5.530000 228.379990
v -161.500000 5.530000 227.239990
v -167.959991 5.330000 227.239990
f 5195 5196 5197 5198
f 5205 5206 5207 5201
f 5199 5200 5201 5207 5208
f 5201 5202 5203 5204 5205
f 5210 5211 5199 5208 5209
f 5213 5214 5215
f 5218 5219 5212 5213 5217
f 5213 5215 5216 5217
f 5221 5222 5223 5220
f 5209 5208 5220
f 5220 5223 5224 5225 5209
v -98.799995 5.330000 88.919998
v -98.799995 5.330000 85.689995
v -103.169998 5.330000 85.689995
v -103.549995 5.330000 86.070000
v -103.549995 5.330000 88.919998
v -106.019997 5.330000 88.919998
v -106.019997 5.330000 86.070000
v -106.779999 5.330000 85.879997
v -106.779999 5.330000 83.979996
v -108.299995 5.330000 83.790001
v -108.680000 5.330000 84.930000
v -108.680000 5.330000 88.919998
v -105.449997 5.330000 83.599998
v -105.829994 5.330000 83.409996
v -105.829994 5.330000 84.549995
v -98.799995 5.330000 83.409996
v -98.799995 5.330000 79.040001
v -105.639999 5.330000 79.040001
v -104.879997 5.330000 80.369995
v -104.879997 5.330000 81.509995
v -105.449997 5.330000 82.459999
v -103.360001 5.330000 82.459999
v -103.169998 5.330000 83.409996
v -106.589996 5.330000 81.889999
v -106.209999 5.330000 81.320000
v -106.589996 5.730000 79.799995
v -107.159996 5.730000 79.989998
v -107.349998 5.330000 81.509995
v -107.729996 5.330000 81.889999
v -108.680000 5.330000 81.699997
v -108.680000 5.330000 82.650002
v -108.110001 5.330000 83.029999
v -108.299995 5.330000 80.180000
v -107.919998 5.330000 79.229996
v -108.680000 5.330000 79.419998
v -108.680000 5.330000 80.180000
f 5228 5229 5230 5226 5227
f 5234 5235 5236 5233
f 5233 5236 5237 5231
f 5231 5232 5233
f 5238 5239 5240
f 5245 5246 5247
f 5244 5245 5247
f 5243 5244 5247 5241 5242
f 5247 5248 5241
f 5254 5255 5256 5257
f 5250 5251 5252 5253 5249
f 5254 5257 5249 5253
f 5258 5259 5260 5261
v -187.720001 5.330000 217.360001
v -187.720001 5.330000 216.979996
v -188.479996 5.330000 216.789993
v -188.479996 5.330000 217.360001
v -197.599991 5.330000 216.409988
v -197.599991 5.330000 217.360001
v -195.319992 5.330000 217.360001
v -191.519989 5.330000 216.979996
v -191.330002 5.330000 216.409988
v -191.330002 5.330000 215.839996
v -192.089996 5.330000 215.649994
v -197.599991 5.330000 214.889999
v -197.599991 5.330000 215.080002
v -195.699997 5.330000 216.029999
v -192.089996 5.330000 216.979996
v -187.720001 5.330000 214.889999
v -187.720001 5.330000 209.569992
v -197.220001 5.330000 207.860001
v -197.599991 5.330000 211.089996
v -197.599991 5.330000 213.179993
f 5263 5264 5265 5262
f 5266 5267 5268
f 5276 5269 5270
f 5270 5271 5272
f 5276 5270 5272 5273 5274 5275
f 5279 5280 5281 5277 5278
v -59.279999 5.130000 197.599991
v -59.279999 5.130000 193.610001
v -60.609997 5.130000 193.610001
v -61.180000 5.130000 195.129990
v -62.509998 5.130000 195.129990
v -64.790001 5.130000 194.179993
v -67.449997 5.130000 191.899994
v -69.159996 5.130000 189.050003
v -69.159996 5.130000 191.899994
v -68.209999 5.130000 193.419998
v -66.309998 5.130000 195.129990
v -64.220001 5.130000 196.269989
v -61.750000 5.130000 196.839996
v -61.180000 5.130000 197.599991
v -65.360001 5.130000 196.839996
v -66.119995 5.130000 196.459991
v -66.500000 5.130000 197.409988
v -65.930000 5.130000 197.599991
v -65.549995 5.130000 197.599991
v -69.159996 5.130000 196.839996
v -69.159996 5.130000 197.599991
v -68.209999 5.130000 197.599991
v -67.449997 5.130000 195.699997
v -67.830002 5.130000 194.940002
v -68.779999 5.130000 195.509995
v -68.209999 5.130000 196.269989
v -59.279999 5.230000 187.909988
v -61.180000 5.230000 187.720001
v -66.879997 5.130000 187.720001
v -65.930000 5.130000 189.619995
v -65.549995 5.130000 189.239990
v -64.220001 5.130000 189.429993
v -62.320000 5.130000 191.139999
v -62.320000 5.130000 192.089996
v -62.699997 5.130000 192.470001
v -60.799999 5.130000 192.849991
f 5288 5289 5290 5291
f 5288 5291 5292 5287
f 5283 5284 5285 5294 5295 5282
f 5286 5287 5292 5293 5294
f 5294 5285 5286
f 5299 5300 5296 5297 5298
f 5301 5302 5303
f 5304 5305 5306 5307
f 5315 5316 5317
f 5317 5284 5283
f 5310 5311 5312
f 5314 5315 5317
f 5310 5312 5313 5309
f 5314 5317 5283 5308 5309
f 5309 5313 5314
v -177.839996 5.330000 98.799995
v -177.839996 5.330000 96.519997
v -180.500000 5.330000 96.519997
v -180.500000 5.330000 97.279999
v -181.449997 5.330000 97.659996
v -181.449997 5.330000 98.799995
v -182.209991 5.330000 97.279999
v -182.209991 5.330000 96.519997
v -181.830002 5.330000 96.139999
v -180.690002 5.330000 96.139999
v -178.029999 5.330000 91.959999
v -180.879990 5.330000 91.009995
v -181.069992 5.330000 89.869995
v -180.690002 5.330000 89.110001
v -182.209991 5.330000 89.299995
v -184.300003 5.330000 90.250000
v -184.679993 5.330000 90.820000
v -185.629990 5.330000 90.820000
v -186.389999 5.330000 88.919998
v -187.720001 5.330000 88.919998
v -187.720001 5.330000 94.430000
v -187.149994 5.330000 94.430000
v -186.769989 5.330000 95.000000
v -186.580002 5.330000 96.709999
v -187.720001 5.330000 97.279999
v -187.720001 5.330000 98.799995
v -177.839996 5.930000 91.009995
v -177.839996 5.930000 88.919998
v -179.550003 5.830000 88.919998
v -179.929993 5.830000 90.439995
f 5321 5322 5323 5318 5319
f 5319 5320 5321
f 5330 5331 5332
f 5323 5322 5324 5341 5342 5343
f 5329 5330 5332 5333 5334
f 5341 5324 5325
f 5335 5336 5337 5338 5339
f 5327 5320 5319 5328
f 5335 5339 5340 5334
f 5341 5325 5326 5340
f 5327 5328 5329 5334 5340 5326
f 5345 5346 5347 5344
v -212.799988 5.330000 177.080002
v -213.179993 5.330000 177.080002
v -213.179993 5.330000 177.839996
v -211.470001 5.330000 177.839996
v -214.129990 5.930000 177.839996
v -214.699997 5.930000 177.080002
v -216.599991 5.830000 177.269989
v -216.599991 5.830000 177.839996
v -216.409988 5.330000 176.319992
v -215.839996 5.330000 174.229996
v -215.269989 5.330000 174.039993
v -214.699997 5.330000 172.899994
v -214.699997 5.330000 172.519989
v -215.839996 5.330000 172.519989
v -216.220001 5.330000 171.569992
v -216.789993 5.330000 173.089996
v -217.169998 5.330000 176.129990
v -208.619995 5.530000 175.750000
v -208.429993 5.530000 175.179993
v -207.479996 5.530000 175.179993
v -207.479996 5.530000 173.089996
v -207.860001 5.530000 172.519989
v -208.619995 5.530000 172.709991
v -208.809998 5.530000 173.279999
v -209.569992 5.530000 173.279999
v -210.519989 5.530000 173.660004
v -210.899994 5.530000 174.800003
v -210.330002 5.530000 174.800003
v -209.949997 5.530000 175.369995
v -211.089996 5.530000 174.800003
v -211.659988 5.530000 174.419998
v -212.039993 5.930000 174.800003
v -211.470001 5.930000 175.750000
v -211.089996 5.930000 175.750000
v -212.799988 5.530000 174.800003
v -213.369995 5.530000 174.800003
v -213.179993 5.530000 175.179993
v -212.610001 5.530000 175.179993
v -209.949997 5.530000 173.089996
v -209.759995 5.530000 172.139999
v -208.809998 5.530000 172.139999
v -207.479996 5.530000 171.759995
v -207.479996 5.530000 167.959991
v -208.049988 5.530000 168.339996
v -209.190002 5.530000 167.959991
v -209.379990 5.530000 167.959991
v -209.190002 5.530000 168.720001
v -210.139999 5.530000 170.239990
v -210.139999 5.530000 171.379990
v -211.279999 5.930000 171.569992
v -211.659988 5.930000 171.190002
v -211.470001 5.530000 170.429993
v -210.899994 5.530000 170.429993
v -211.279999 5.530000 169.669998
v -211.659988 5.530000 169.860001
v -212.229996 5.530000 172.139999
v -212.610001 5.530000 172.330002
v -212.039993 5.530000 172.709991
v -210.899994 5.530000 172.709991
v -214.319992 5.330000 171.379990
v -214.319992 5.330000 171.000000
v -215.080002 5.330000 171.000000
v -215.080002 5.330000 171.379990
v -215.649994 5.330000 167.959991
v -217.360001 5.330000 167.959991
v -217.360001 5.330000 171.190002
v -212.799988 5.330000 168.720001
v -212.610001 5.330000 167.959991
v -213.559998 5.330000 167.959991
v -213.179993 5.330000 168.720001
f 5348 5349 5350 5351
f 5353 5354 5355 5352
f 5361 5362 5363
f 5359 5360 5361 5363 5357 5358
f 5357 5363 5364 5356
f 5373 5374 5375
f 5368 5369 5370 5371 5366 5367
f 5372 5373 5375 5376 5366 5371
f 5376 5365 5366
f 5377 5378 5379 5380 5381
f 5382 5383 5384 5385
f 5403 5404 5405
f 5392 5393 5394 5391
f 5399 5400 5401 5402
f 5391 5394 5395
f 5373 5372 5386
f 5388 5370 5369 5389
f 5406 5373 5386 5387 5396 5397
f 5397 5398 5403 5405 5406
f 5395 5396 5388 5389 5390 5391
f 5398 5399 5402 5403
f 5396 5387 5388
f 5407 5408 5409 5410
f 5411 5412 5413
f 5415 5416 5417 5414
v -59.279999 5.330000 128.440002
v -59.279999 5.330000 123.500000
v -64.029999 5.330000 123.689995
v -63.649998 5.330000 123.879997
v -63.840000 5.330000 125.779999
v -65.549995 5.330000 125.779999
v -65.739998 5.330000 124.829994
v -66.500000 5.330000 124.829994
v -66.689995 5.330000 128.440002
v -68.019997 5.330000 128.440002
v -68.019997 5.330000 126.540001
v -68.209999 5.330000 128.440002
v -65.549995 5.330000 123.689995
v -59.279999 5.330000 118.559998
v -64.220001 5.330000 118.559998
v -64.409996 5.330000 121.409996
v -65.930000 5.330000 121.219994
v -65.930000 5.330000 118.559998
v -66.689995 5.330000 118.559998
v -68.970001 5.330000 118.559998
v -69.159996 5.330000 118.559998
v -69.159996 5.330000 122.930000
f 5423 5424 5425 5426
f 5418 5419 5422 5426
f 5422 5423 5426
f 5419 5420 5421
f 5419 5421 5422
f 5427 5428 5429
f 5425 5424 5430 5434 5436
f 5434 5435 5436
f 5433 5434 5430 5420
f 5432 5433 5420 5419 5431
f 5437 5438 5439
v -188.289993 5.330000 108.680000
v -188.289993 5.330000 105.829994
v -189.050003 5.330000 105.639999
v -189.050003 5.330000 104.879997
v -197.599991 5.330000 104.689995
v -197.599991 5.330000 108.680000
v -188.860001 5.330000 102.220001
v -187.720001 5.330000 102.220001
v -187.720001 5.330000 98.799995
v -192.849991 5.330000 98.799995
v -194.369995 5.330000 98.989998
v -197.599991 5.330000 100.320000
v -197.599991 5.330000 102.220001
v -195.889999 5.330000 102.220001
v -195.699997 5.330000 102.599998
v -189.050003 5.330000 102.599998
f 5440 5441 5442 5444 5445
f 5442 5443 5444
f 5451 5452 5453 5450
f 5455 5446 5448 5449 5450 5454
f 5446 5447 5448
f 5450 5453 5454
v -210.519989 5.330000 148.199997
v -212.039993 5.330000 144.020004
v -212.419998 5.330000 144.020004
v -212.610001 5.330000 144.589996
v -214.319992 5.330000 144.399994
v -214.699997 5.330000 144.020004
v -214.699997 5.330000 142.690002
v -216.789993 5.330000 143.259995
v -212.229996 5.330000 148.199997
v -211.849991 5.330000 148.199997
v -217.360001 5.330000 145.349991
v -217.360001 5.330000 148.199997
v -214.509995 5.330000 148.199997
v -208.809998 5.330000 145.729996
v -207.860001 5.330000 145.729996
v -207.479996 5.330000 146.110001
v -207.479996 5.330000 138.319992
v -211.849991 5.330000 138.319992
v -212.229996 5.330000 139.270004
v -213.369995 5.330000 139.649994
v -213.940002 5.330000 140.410004
v -214.699997 5.330000 140.410004
v -215.080002 5.330000 139.839996
v -215.649994 5.330000 140.789993
v -216.409988 5.330000 140.789993
v -216.789993 5.330000 139.649994
v -217.360001 5.330000 140.029999
v -217.360001 5.330000 142.309998
v -215.459991 5.330000 141.739990
v -213.940002 5.330000 140.789993
v -212.610001 5.330000 140.789993
v -211.089996 5.330000 142.309998
v -210.899994 5.330000 144.209991
v -210.519989 5.330000 144.970001
v -209.569992 5.330000 145.160004
v -209.569992 5.330000 146.300003
v -217.169998 5.330000 138.319992
v -217.360001 5.330000 138.319992
v -217.360001 5.330000 138.509995
f 5457 5458 5459 5465 5456
f 5461 5462 5463
f 5460 5461 5463 5464
f 5459 5460 5464 5465
f 5466 5467 5468
f 5490 5491 5469
f 5477 5478 5479
f 5480 5481 5482
f 5488 5489 5490
f 5485 5476 5477 5479 5484
f 5480 5482 5483 5484
f 5487 5470 5471 5472 5473
f 5479 5480 5484
f 5473 5474 5486 5487
f 5487 5488 5490 5470
f 5475 5476 5485 5486 5474
f 5490 5469 5470
f 5492 5493 5494
v -158.080002 5.330000 88.919998
v -158.080002 5.330000 79.040001
v -158.459991 5.330000 79.040001
v -158.649994 5.330000 80.369995
v -159.410004 5.330000 80.939995
v -160.929993 5.330000 83.979996
v -160.929993 5.330000 85.119995
v -161.690002 5.330000 85.500000
v -162.639999 5.330000 87.589996
v -162.449997 5.330000 88.919998
v -167.199997 5.330000 88.540001
v -167.959991 5.330000 88.349998
v -167.959991 5.330000 88.919998
v -167.389999 5.330000 88.919998
v -164.349991 5.430000 87.400002
v -164.349991 5.430000 87.019997
v -164.729996 5.430000 87.209999
v -163.970001 5.430000 86.639999
v -164.349991 5.430000 86.449997
v -164.729996 5.430000 85.689995
v -164.539993 5.430000 84.930000
v -163.779999 5.430000 84.930000
v -163.399994 5.430000 85.500000
v -162.069992 5.430000 82.650002
v -162.069992 5.830000 81.889999
v -163.019989 5.430000 82.080002
v -163.209991 5.430000 81.129997
v -162.259995 5.430000 79.610001
v -161.500000 5.430000 79.799995
v -161.879990 5.430000 79.040001
v -164.919998 5.430000 79.040001
v -165.679993 5.430000 79.040001
v -166.819992 5.430000 79.040001
v -167.199997 5.430000 80.180000
v -166.250000 5.430000 80.559998
v -166.250000 5.430000 81.129997
v -167.389999 5.730000 81.509995
v -166.440002 5.430000 81.699997
v -166.440002 5.430000 82.459999
v -167.959991 5.430000 82.459999
v -167.959991 5.430000 83.979996
v -166.629990 5.430000 84.360001
v -166.440002 5.430000 85.309998
v -165.679993 5.430000 85.689995
v -161.119995 5.430000 80.369995
v -161.500000 5.430000 79.989998
v -161.500000 5.430000 80.750000
f 5496 5497 5498 5495
f 5501 5502 5503 5504 5495
f 5498 5499 5500 5501 5495
f 5506 5507 5508 5505
f 5509 5510 5511
f 5512 5513 5510
f 5530 5531 5532
f 5522 5523 5524
f 5518 5519 5520 5516 5517
f 5530 5532 5533
f 5538 5514 5515 5536 5537
f 5527 5528 5529 5526
f 5522 5524 5525
f 5530 5533 5536 5516 5520 5521
f 5525 5526 5529 5530 5521 5522
f 5533 5534 5535 5536
f 5536 5515 5516
f 5539 5540 5541
v -108.680000 5.130000 237.119995
v -108.680000 5.130000 236.169998
v -111.339996 5.130000 236.169998
v -111.339996 5.130000 237.119995
v -115.899994 5.330000 237.119995
v -115.899994 5.330000 236.549988
v -118.559998 5.330000 236.549988
v -118.559998 5.330000 237.119995
v -115.139999 5.130000 233.889999
v -115.139999 5.130000 227.239990
v -118.559998 5.130000 227.239990
v -118.559998 5.130000 234.080002
v -109.439995 5.130000 233.889999
v -109.439995 5.130000 232.939987
v -108.680000 5.130000 232.750000
v -108.680000 5.130000 231.610001
v -110.199997 5.130000 231.610001
v -110.199997 5.130000 233.889999
v -108.680000 5.130000 229.330002
v -108.680000 5.130000 227.239990
v -111.720001 5.130000 227.239990
v -112.290001 5.130000 227.429993
v -112.290001 5.130000 229.330002
f 5542 5543 5544 5545
f 5546 5547 5548 5549
f 5550 5551 5552 5553
f 5559 5554 5555 5558
f 5555 5556 5557 5558
f 5562 5563 5564 5560 5561
v -209.379990 5.530000 167.389999
v -210.519989 5.530000 167.199997
v -210.330002 5.930000 167.959991
v -209.379990 5.530000 167.959991
v -209.190002 5.530000 167.959991
v -210.899994 5.330000 163.970001
v -210.899994 5.330000 162.449997
v -210.330002 5.330000 161.309998
v -209.949997 5.330000 160.929993
v -209.000000 5.330000 160.929993
v -207.860001 5.330000 161.690002
v -207.860001 5.330000 162.449997
v -207.479996 5.330000 162.069992
v -207.479996 5.330000 160.360001
v -207.479996 5.330000 159.410004
v -207.479996 5.330000 158.649994
v -209.190002 5.330000 159.029999
v -210.330002 5.330000 160.169998
v -211.089996 5.330000 162.449997
v -213.940002 5.330000 167.389999
v -213.559998 5.330000 167.959991
v -212.610001 5.330000 167.959991
v -212.419998 5.330000 162.259995
v -211.659988 5.330000 159.979996
v -209.949997 5.330000 158.080002
v -213.559998 5.330000 158.080002
v -215.080002 5.330000 159.410004
v -217.360001 5.330000 159.979996
v -217.360001 5.330000 167.959991
v -215.649994 5.330000 167.959991
v -208.619995 5.830000 165.869995
v -208.619995 5.930000 166.250000
v -208.049988 5.930000 166.250000
v -209.190002 5.530000 165.489990
v -208.619995 5.930000 164.539993
v -208.619995 5.630000 164.160004
v -209.190002 5.630000 163.970001
v -209.759995 5.530000 165.300003
v -216.029999 5.330000 158.459991
v -216.409988 5.330000 158.080002
v -216.789993 5.330000 158.080002
v -216.599991 5.330000 158.649994
f 5568 5569 5565
f 5565 5566 5567 5568
f 5575 5576 5577 5578
f 5572 5582 5583 5571
f 5584 5585 5586 5570 5571 5583
f 5574 5575 5578
f 5579 5580 5581
f 5574 5578 5579 5581 5582 5573
f 5572 5573 5582
f 5588 5589 5590 5591
f 5587 5588 5591 5592 5593 5594
f 5595 5596 5597
f 5599 5600 5601 5602 5598
f 5604 5605 5606 5603
v -208.619995 5.330000 157.509995
v -207.479996 5.330000 157.509995
v -207.479996 5.330000 150.099991
v -209.000000 5.330000 150.289993
v -210.519989 5.330000 148.199997
v -211.849991 5.330000 148.199997
v -211.279999 5.330000 149.149994
v -211.659988 5.830000 150.099991
v -210.139999 5.430000 150.099991
v -209.759995 5.330000 151.050003
v -210.330002 5.530000 151.619995
v -210.899994 5.430000 151.619995
v -211.089996 5.330000 152.190002
v -210.330002 5.330000 152.569992
v -210.899994 5.330000 155.229996
v -213.559998 5.330000 158.080002
v -209.949997 5.330000 158.080002
v -216.409988 5.330000 158.080002
v -216.409988 5.330000 157.699997
v -216.789993 5.330000 157.699997
v -216.789993 5.330000 158.080002
v -213.940002 5.330000 156.750000
v -214.319992 5.930000 155.800003
v -213.179993 5.930000 154.849991
v -213.559998 5.930000 154.089996
v -213.940002 5.930000 154.089996
v -216.220001 5.930000 156.369995
v -215.269989 5.330000 157.699997
v -214.889999 5.330000 157.699997
v -214.319992 5.330000 153.139999
v -213.179993 5.330000 153.139999
v -212.610001 5.330000 154.089996
v -211.849991 5.330000 154.279999
v -211.089996 5.330000 152.379990
v -212.610001 5.330000 152.379990
v -212.989990 5.330000 150.479996
v -217.360001 5.330000 155.039993
v -217.360001 5.330000 155.229996
v -216.599991 5.330000 155.610001
v -213.559998 5.330000 149.149994
v -214.509995 5.330000 148.199997
v -217.360001 5.330000 148.199997
v -217.360001 5.330000 152.759995
f 5617 5618 5619 5620
f 5609 5610 5616
f 5611 5612 5613 5615 5610
f 5613 5614 5615
f 5616 5617 5620
f 5621 5622 5623 5607
f 5609 5616 5620 5621 5607 5608
f 5610 5615 5616
f 5624 5625 5626 5627
f 5630 5631 5632 5633 5629
f 5634 5635 5628 5629 5633
f 5643 5644 5645 5636 5642
f 5637 5638 5639 5640 5641
f 5636 5637 5641 5642
f 5646 5647 5648 5649
v -88.919998 5.130000 227.239990
v -88.919998 5.130000 217.360001
v -90.629997 5.130000 217.360001
v -90.629997 5.130000 222.869995
v -91.009995 5.130000 223.250000
v -98.799995 5.130000 223.250000
v -98.799995 5.130000 227.239990
v -93.099998 5.130000 222.299988
v -93.099998 5.130000 221.919998
v -93.669998 5.130000 221.919998
v -93.669998 5.130000 222.299988
v -95.000000 5.130000 222.299988
v -95.000000 5.130000 221.919998
v -95.570000 5.130000 221.919998
v -95.570000 5.130000 222.299988
v -96.709999 5.130000 222.299988
v -96.709999 5.130000 221.919998
v -97.279999 5.130000 221.919998
v -97.279999 5.130000 222.299988
v -93.099998 5.130000 220.970001
v -93.099998 5.130000 218.690002
v -95.000000 5.130000 218.690002
v -95.000000 5.130000 219.069992
v -94.619995 5.130000 219.449997
v -94.809998 5.130000 220.589996
v -94.809998 5.130000 220.970001
v -95.949997 5.130000 220.589996
v -96.329994 5.130000 220.209991
v -95.949997 5.130000 219.069992
v -97.279999 5.130000 218.690002
v -97.279999 5.130000 220.970001
v -91.579994 5.130000 220.209991
v -91.579994 5.130000 219.449997
v -92.150002 5.130000 219.449997
v -92.150002 5.130000 220.209991
v -98.229996 5.130000 220.209991
v -98.229996 5.130000 219.449997
v -98.610001 5.130000 219.449997
v -98.610001 5.130000 220.209991
v -91.579994 5.130000 218.309998
v -91.579994 5.130000 217.360001
v -91.959999 5.130000 217.360001
v -91.959999 5.130000 218.309998
v -93.099998 5.130000 217.739990
v -93.099998 5.130000 217.360001
v -93.860001 5.130000 217.360001
v -93.860001 5.130000 217.739990
v -95.000000 5.130000 217.739990
v -95.000000 5.130000 217.360001
v -95.379997 5.130000 217.360001
v -95.379997 5.130000 217.739990
v -96.900002 5.130000 217.739990
v -96.900002 5.130000 217.360001
v -97.279999 5.130000 217.360001
v -97.279999 5.130000 217.739990
f 5651 5652 5653 5650
f 5654 5655 5656 5650
f 5650 5653 5654
f 5657 5658 5659 5660
f 5661 5662 5663 5664
f 5665 5666 5667 5668
f 5671 5672 5673 5670
f 5673 5674 5675 5669 5670
f 5678 5672 5671 5679
f 5675 5674 5676 5680
f 5680 5676 5677
f 5677 5678 5679 5680
f 5681 5682 5683 5684
f 5685 5686 5687 5688
f 5689 5690 5691 5692
f 5693 5694 5695 5696
f 5697 5698 5699 5700
f 5701 5702 5703 5704
v -150.669998 5.530000 237.119995
v -150.289993 5.530000 236.169998
v -148.199997 5.530000 236.549988
v -148.199997 5.730000 235.979996
v -149.339996 5.530000 235.979996
v -149.149994 5.530000 233.509995
v -149.529999 5.530000 233.319992
v -149.910004 5.530000 231.989990
v -150.289993 5.530000 231.799988
v -150.479996 5.530000 232.369995
v -151.619995 5.530000 232.179993
v -152.190002 5.530000 232.750000
v -152.379990 5.530000 233.509995
v -155.419998 5.330000 232.750000
v -158.080002 5.330000 232.939987
v -158.080002 5.330000 234.269989
v -156.559998 5.330000 234.269989
v -156.369995 5.330000 235.220001
v -158.080002 5.330000 235.409988
v -158.080002 5.330000 237.119995
v -156.369995 5.330000 237.119995
v -156.179993 5.330000 235.409988
v -155.610001 5.330000 235.220001
v -155.610001 5.330000 233.889999
v -154.089996 5.530000 233.699997
v -153.899994 5.530000 235.220001
v -152.569992 5.530000 235.409988
v -152.569992 5.530000 237.119995
v -151.809998 5.530000 237.119995
v -150.860001 5.530000 237.119995
v -153.709991 5.530000 236.739990
v -153.899994 5.530000 237.119995
v -153.519989 5.930000 237.119995
v -151.429993 5.530000 231.229996
v -150.479996 5.530000 231.229996
v -149.720001 5.530000 231.610001
v -149.149994 5.530000 231.610001
v -148.959991 5.930000 232.179993
v -148.199997 5.930000 232.369995
v -148.199997 5.530000 230.849991
v -149.910004 5.530000 231.039993
v -150.289993 5.530000 229.330002
v -152.949997 5.530000 229.139999
v -152.949997 5.530000 229.899994
v -153.899994 5.530000 230.279999
v -153.899994 5.530000 231.989990
v -152.759995 5.530000 232.179993
v -155.800003 5.330000 231.419998
v -155.610001 5.330000 230.659988
v -155.610001 5.330000 229.709991
v -157.319992 5.330000 229.709991
v -157.129990 5.330000 231.610001
v -148.199997 5.530000 229.519989
v -148.959991 5.530000 229.709991
v -148.199997 5.530000 229.709991
v -149.149994 5.530000 228.569992
v -150.099991 5.930000 228.379990
v -149.529999 5.530000 229.330002
v -156.179993 5.330000 227.239990
v -156.369995 5.330000 227.239990
v -156.750000 5.330000 228.000000
v -158.080002 5.330000 227.809998
v -158.080002 5.330000 228.569992
v -156.179993 5.330000 228.569992
v -148.199997 5.530000 228.379990
v -148.199997 5.530000 228.000000
v -148.959991 5.530000 228.000000
v -149.149994 5.530000 228.379990
f 5712 5713 5714 5711
f 5734 5705 5706
f 5707 5708 5709 5706
f 5718 5728 5729
f 5722 5723 5724 5725 5726
f 5715 5716 5717 5714
f 5726 5727 5728 5721 5722
f 5733 5734 5706
f 5731 5732 5733 5706
f 5718 5719 5720 5721 5728
f 5709 5710 5711
f 5711 5714 5717 5731 5706 5709
f 5729 5730 5731 5717
f 5717 5718 5729
f 5735 5736 5737
f 5713 5712 5740 5745 5739
f 5738 5739 5745 5746 5747 5748
f 5751 5716 5715
f 5741 5742 5743 5744
f 5751 5715 5738 5748 5749 5750
f 5741 5744 5745 5740
f 5752 5753 5754 5755 5756
f 5757 5758 5759
f 5760 5761 5762
f 5763 5764 5765 5768
f 5765 5766 5767 5768
f 5769 5770 5771 5772
v -108.680000 5.330000 88.919998
v -108.680000 5.330000 84.930000
v -109.629997 5.330000 84.739998
v -109.629997 5.330000 83.979996
v -110.959999 5.330000 82.650002
v -111.149994 5.330000 81.889999
v -112.669998 5.330000 82.459999
v -112.479996 5.330000 83.599998
v -113.049995 5.330000 83.790001
v -113.049995 5.330000 86.070000
v -112.099998 5.330000 86.259995
v -112.099998 5.330000 87.400002
v -112.669998 5.330000 87.589996
v -112.669998 5.330000 88.919998
v -113.430000 5.330000 87.209999
v -113.430000 5.330000 86.259995
v -113.430000 5.330000 83.790001
v -113.619995 5.330000 83.220001
v -118.559998 5.330000 83.220001
v -118.559998 5.330000 88.919998
v -113.430000 5.330000 82.459999
v -111.339996 5.330000 80.559998
v -110.579994 5.330000 79.040001
v -118.559998 5.330000 79.040001
v -108.680000 5.330000 82.650002
v -108.680000 5.330000 81.699997
v -109.059998 5.330000 81.320000
v -108.680000 5.330000 80.180000
v -108.680000 5.330000 79.419998
v -109.820000 5.330000 79.989998
v -110.009995 5.330000 81.509995
v -109.250000 5.330000 82.650002
f 5784 5785 5786
f 5777 5778 5779 5780
f 5775 5783 5784
f 5775 5776 5777 5780 5782 5783
f 5780 5781 5782
f 5784 5786 5773 5774 5775
f 5786 5785 5787 5792
f 5782 5781 5789
f 5788 5782 5789 5790
f 5787 5788 5790 5791 5792
f 5779 5778 5794 5793
f 5791 5790 5793
f 5793 5794 5795 5796 5791
f 5804 5797 5798 5799 5803
f 5800 5801 5802 5803 5799
v -69.159996 5.130000 207.479996
v -69.159996 5.130000 203.489990
v -69.729996 5.130000 203.300003
v -69.729996 5.130000 201.399994
v -69.159996 5.130000 201.209991
v -69.159996 5.130000 197.599991
v -73.150002 5.130000 197.599991
v -72.389999 5.130000 198.550003
v -72.389999 5.130000 199.309998
v -72.959999 5.130000 199.879990
v -71.059998 5.130000 201.209991
v -71.059998 5.130000 203.300003
v -71.439995 5.130000 203.679993
v -74.479996 5.130000 203.679993
v -74.479996 5.130000 205.580002
v -73.909996 5.130000 205.769989
v -73.909996 5.130000 206.529999
v -74.479996 5.130000 206.909988
v -74.479996 5.130000 207.479996
v -75.239998 5.130000 206.529999
v -75.239998 5.130000 205.769989
v -76.949997 5.130000 203.679993
v -77.330002 5.130000 205.389999
v -77.139999 5.130000 206.339996
v -77.519997 5.130000 206.720001
v -78.279999 5.130000 206.720001
v -78.659996 5.130000 205.580002
v -79.040001 5.130000 205.580002
v -79.040001 5.130000 207.479996
v -77.900002 5.130000 203.300003
v -78.089996 5.130000 199.119995
v -79.040001 5.130000 198.739990
v -78.089996 5.130000 197.599991
v -79.040001 5.130000 197.599991
v -79.040001 5.130000 197.979996
f 5821 5822 5823
f 5818 5819 5820 5817
f 5813 5814 5815
f 5812 5813 5815 5808 5809 5810
f 5808 5815 5816 5807
f 5810 5811 5812
f 5817 5820 5821
f 5807 5816 5817
f 5806 5807 5817 5821 5823 5805
f 5823 5822 5824 5829 5833
f 5830 5831 5832 5833
f 5828 5829 5824 5825
f 5829 5830 5833
f 5825 5819 5818
f 5826 5827 5828 5825 5818
f 5832 5831 5827 5826 5834
f 5834 5835 5836 5832
f 5837 5838 5839
v -200.069992 5.330000 195.699997
v -202.919998 5.330000 187.720001
v -203.110001 5.330000 187.720001
v -203.300003 5.330000 190.000000
v -206.529999 5.330000 190.190002
v -205.580002 5.330000 191.139999
v -205.580002 5.330000 192.470001
v -204.819992 5.330000 193.039993
v -204.250000 5.330000 194.179993
v -203.300003 5.330000 194.559998
v -203.300003 5.330000 195.319992
v -201.399994 5.330000 197.599991
v -198.739990 5.330000 197.599991
v -205.580002 5.430000 197.599991
v -205.580002 5.430000 197.029999
v -204.629990 5.430000 196.839996
v -204.629990 5.430000 196.459991
v -206.149994 5.430000 196.649994
v -206.339996 5.430000 197.029999
v -207.289993 5.430000 196.839996
v -207.479996 5.430000 197.220001
v -207.479996 5.430000 197.599991
v -197.599991 5.930000 196.269989
v -197.599991 5.930000 189.050003
v -198.169998 5.930000 187.720001
v -201.589996 5.730000 187.720001
v -201.399994 6.130000 189.619995
v -201.019989 6.130000 189.809998
v -200.449997 5.830000 191.899994
v -199.309998 5.930000 192.659988
v -199.309998 5.930000 193.419998
v -205.769989 6.030000 194.750000
v -206.149994 6.030000 194.750000
v -205.580002 5.930000 195.699997
v -205.199997 5.930000 195.699997
v -206.529999 5.930000 194.369995
v -206.529999 6.030000 193.800003
v -207.099991 6.030000 193.419998
v -207.479996 5.930000 192.849991
v -207.479996 5.930000 193.039993
v -204.059998 5.930000 189.050003
v -204.059998 5.930000 187.720001
v -206.529999 5.830000 187.720001
v -206.529999 5.830000 189.050003
f 5845 5846 5847
f 5847 5848 5849 5843 5845
f 5841 5842 5843 5849 5840
f 5851 5852 5840 5849 5850
f 5843 5844 5845
f 5859 5860 5861 5853 5858
f 5854 5855 5856 5857
f 5858 5853 5854 5857
f 5865 5866 5867
f 5867 5868 5869
f 5863 5864 5865 5867 5869
f 5862 5863 5869 5870
f 5871 5872 5873 5874
f 5875 5876 5877
f 5877 5878 5879
f 5880 5881 5882 5883
v -118.559998 5.330000 237.119995
v -118.559998 5.330000 236.549988
v -122.930000 5.330000 236.549988
v -122.930000 5.330000 237.119995
v -126.540001 5.130000 237.119995
v -126.540001 5.130000 233.889999
v -125.969994 5.130000 233.699997
v -125.969994 5.130000 227.239990
v -128.440002 5.130000 227.239990
v -128.440002 5.130000 237.119995
v -118.559998 5.130000 234.080002
v -118.559998 5.130000 227.239990
v -123.500000 5.130000 227.239990
v -123.500000 5.130000 233.699997
v -122.930000 5.130000 234.080002
f 5884 5885 5886 5887
f 5893 5888 5889
f 5889 5890 5891
f 5889 5891 5892 5893
f 5897 5898 5894 5895 5896
v -88.919998 5.330000 98.799995
v -88.919998 5.330000 88.919998
v -98.799995 5.330000 88.919998
v -98.799995 5.330000 98.799995
f 5899 5900 5901 5902
v -62.320000 5.230000 186.580002
v -62.320000 5.230000 184.110001
v -65.169998 5.130000 182.019989
v -65.739998 5.130000 182.019989
v -66.309998 5.130000 181.449997
v -67.449997 5.130000 184.300003
v -69.159996 5.130000 183.919998
v -69.159996 5.130000 186.199997
v -67.449997 5.130000 186.009995
v -66.879997 5.130000 187.720001
v -61.180000 5.230000 187.720001
v -68.019997 5.130000 187.339996
v -68.589996 5.130000 187.149994
v -68.400002 5.130000 187.720001
v -68.209999 5.130000 187.720001
v -59.279999 5.230000 186.959991
v -59.279999 5.230000 183.349991
v -60.230000 5.230000 183.349991
v -61.369999 5.230000 184.489990
v -61.369999 5.230000 186.009995
v -60.419998 5.230000 186.959991
v -60.799999 5.230000 182.399994
v -59.279999 5.230000 182.399994
v -59.279999 5.130000 177.839996
v -61.369999 5.130000 177.839996
v -62.320000 5.130000 177.839996
v -63.270000 5.130000 178.409988
v -62.699997 5.130000 178.979996
v -62.699997 5.130000 179.929993
v -68.019997 5.130000 183.159988
v -68.019997 5.130000 182.399994
v -68.400002 5.130000 182.589996
v -68.400002 5.130000 183.159988
v -66.879997 5.130000 177.839996
v -68.779999 5.130000 177.839996
v -69.159996 5.130000 178.409988
v -69.159996 5.130000 181.449997
v -67.260002 5.130000 181.069992
v -67.260002 5.130000 180.690002
v -67.639999 5.130000 180.879990
v -66.309998 5.130000 179.739990
v -66.309998 5.130000 179.169998
v -66.689995 5.130000 179.360001
f 5908 5909 5910 5911
f 5912 5913 5903
f 5906 5907 5908
f 5905 5906 5908
f 5908 5911 5912 5903 5904 5905
f 5914 5915 5916 5917
f 5922 5923 5918 5919 5920 5921
f 5928 5929 5930 5927
f 5931 5905 5904 5924
f 5927 5930 5931 5924 5925 5926
f 5932 5933 5934 5935
f 5936 5937 5938 5939
f 5940 5941 5942
f 5943 5944 5945
v -138.319992 5.130000 237.119995
v -138.319992 5.130000 227.239990
v -139.459991 5.130000 227.239990
v -139.459991 5.130000 228.759995
v -140.979996 5.130000 228.569992
v -140.789993 5.130000 227.239990
v -145.729996 5.230000 227.239990
v -145.729996 5.230000 228.000000
v -146.110001 5.230000 228.190002
v -146.110001 5.230000 237.119995
v -147.629990 5.530000 236.549988
v -147.629990 5.730000 235.979996
v -148.199997 5.930000 235.979996
v -148.199997 5.530000 236.549988
v -148.009995 5.530000 235.220001
v -147.629990 5.530000 231.989990
v -148.009995 5.930000 231.799988
v -148.199997 5.530000 230.849991
v -148.199997 5.930000 232.369995
v -148.199997 5.530000 232.939987
v -148.199997 5.530000 233.699997
v -147.629990 5.530000 229.899994
v -147.629990 5.530000 229.330002
v -148.199997 5.530000 229.519989
v -148.199997 5.530000 229.709991
v -147.819992 5.530000 228.190002
v -148.199997 5.530000 228.000000
v -148.199997 5.530000 228.379990
f 5947 5948 5949 5946
f 5950 5951 5952 5953
f 5950 5953 5954 5955 5946 5949
f 5956 5957 5958 5959
f 5962 5963 5964
f 5961 5962 5964 5965
f 5961 5965 5966 5960
f 5967 5968 5969 5970
f 5971 5972 5973
v -85.689995 5.130000 216.220001
v -80.750000 5.130000 216.220001
v -80.559998 5.130000 215.649994
v -79.799995 5.130000 215.649994
v -79.610001 5.130000 216.409988
v -79.040001 5.130000 216.409988
v -79.040001 5.130000 207.479996
v -88.919998 5.130000 207.479996
v -88.919998 5.130000 217.360001
v -87.019997 5.130000 217.360001
v -86.830002 5.130000 216.409988
v -84.549995 5.130000 216.029999
v -84.739998 5.130000 214.699997
v -82.080002 5.130000 214.509995
v -81.889999 5.130000 215.839996
f 5977 5978 5979 5980
f 5974 5985 5986
f 5982 5983 5984
f 5984 5974 5986
f 5985 5974 5975 5988
f 5980 5981 5986 5987
f 5988 5975 5976 5987
f 5982 5984 5986 5981
f 5987 5976 5977 5980
v -148.199997 5.330000 88.919998
v -148.199997 5.330000 79.040001
v -158.080002 5.330000 79.040001
v -158.080002 5.330000 88.919998
f 5989 5990 5991 5992
v -200.830002 5.430000 127.869995
v -201.970001 5.430000 127.869995
v -201.970001 5.430000 126.919998
v -201.019989 5.430000 126.729996
v -201.779999 5.430000 125.779999
v -202.159988 5.430000 126.540001
v -203.300003 5.430000 126.540001
v -203.679993 5.430000 126.919998
v -203.489990 5.730000 127.680000
v -204.059998 5.730000 128.250000
v -203.110001 5.430000 128.440002
v -200.639999 5.430000 128.440002
v -206.339996 5.330000 128.440002
v -206.339996 5.330000 128.059998
v -206.909988 5.330000 128.059998
v -206.909988 5.330000 128.440002
v -206.339996 5.330000 126.540001
v -206.339996 5.330000 125.019997
v -207.479996 5.330000 125.019997
v -207.479996 5.330000 126.729996
v -206.909988 5.330000 123.689995
v -206.339996 5.330000 122.360001
v -199.500000 5.330000 121.979996
v -199.119995 5.330000 122.739998
v -198.550003 5.330000 122.169998
v -197.599991 5.330000 122.169998
v -197.599991 5.330000 118.559998
v -207.479996 5.330000 118.559998
v -207.479996 5.330000 123.689995
f 6001 6002 6003
f 5995 5996 5997 5998
f 6004 5993 5994 6003
f 5999 6000 6001
f 5994 5995 5998 5999 6001 6003
f 6005 6006 6007 6008
f 6009 6010 6011 6012
f 6015 6016 6017
f 6021 6013 6014 6020
f 6015 6017 6018 6019
f 6015 6019 6020 6014
v -167.959991 5.330000 227.239990
v -167.959991 5.330000 219.069992
v -169.289993 5.330000 217.360001
v -172.899994 5.330000 217.360001
v -173.470001 5.330000 219.449997
v -174.419998 5.330000 220.399994
v -176.699997 5.330000 221.729996
v -177.839996 5.330000 221.729996
v -177.839996 5.330000 225.339996
v -177.459991 5.330000 224.769989
v -176.319992 5.430000 224.769989
v -176.319992 5.330000 225.720001
v -174.039993 5.330000 227.049988
v -172.709991 5.330000 227.239990
v -177.080002 5.330000 226.099991
v -177.839996 5.330000 225.909988
v -177.839996 5.330000 227.239990
v -176.129990 5.330000 227.239990
v -175.940002 5.330000 220.019989
v -174.419998 5.330000 218.500000
v -174.419998 5.330000 218.119995
v -176.509995 5.330000 218.119995
v -176.699997 5.330000 217.360001
v -177.080002 5.330000 217.360001
v -177.080002 5.330000 217.739990
v -177.839996 5.330000 218.119995
v -177.839996 5.330000 220.589996
f 6029 6030 6031
f 6028 6029 6031 6032
f 6027 6028 6032
f 6032 6033 6034 6035
f 6026 6027 6032 6035 6022 6023
f 6024 6025 6026 6023
f 6036 6037 6038 6039
f 6044 6045 6046 6043
f 6041 6042 6043 6040
f 6043 6046 6047 6048 6040
v -69.159996 5.330000 118.559998
v -69.159996 5.330000 116.469994
v -70.110001 5.330000 116.279999
v -70.110001 5.330000 113.049995
v -69.159996 5.330000 112.860001
v -69.159996 5.330000 108.680000
v -79.040001 5.330000 108.680000
v -79.040001 5.330000 118.559998
f 6049 6050 6051 6056
f 6052 6053 6054 6055
f 6052 6055 6056 6051
v -128.440002 5.130000 237.119995
v -128.440002 5.130000 234.459991
v -129.580002 5.130000 234.649994
v -129.199997 5.130000 234.839996
v -129.199997 5.130000 235.789993
v -130.149994 5.130000 235.979996
v -130.149994 5.130000 237.119995
v -138.319992 5.130000 227.239990
v -138.319992 5.130000 237.119995
v -130.529999 5.130000 235.789993
v -130.529999 5.130000 234.839996
v -128.440002 5.130000 227.239990
v -137.750000 5.130000 230.849991
v -136.610001 5.130000 230.659988
v -136.419998 5.130000 231.989990
v -137.559998 5.130000 232.179993
f 6058 6059 6060
f 6058 6060 6061 6057
f 6061 6062 6063 6057
f 6063 6062 6066
f 6064 6069 6070
f 6072 6069 6064 6065
f 6067 6070 6071 6066
f 6071 6072 6065 6063 6066
f 6059 6058 6068
f 6067 6059 6068 6064 6070
v -59.279999 5.330000 138.319992
v -59.279999 5.330000 128.440002
v -66.689995 5.330000 128.440002
v -66.689995 5.330000 129.009995
v -64.029999 5.330000 129.389999
v -62.699997 5.330000 128.629990
v -61.559998 5.330000 128.819992
v -61.559998 5.330000 130.720001
v -61.939999 5.330000 130.910004
v -61.939999 5.330000 134.899994
v -61.559998 5.330000 135.089996
v -61.559998 5.330000 136.989990
v -62.699997 5.330000 137.179993
v -63.649998 5.330000 136.229996
v -64.220001 5.330000 136.610001
v -66.119995 5.330000 136.419998
v -66.309998 5.330000 137.369995
v -68.019997 5.330000 137.369995
v -68.019997 5.330000 138.319992
v -62.889999 5.330000 134.899994
v -62.889999 5.330000 131.099991
v -64.790001 5.330000 131.099991
v -64.790001 5.330000 132.429993
v -65.169998 5.330000 132.619995
v -64.599998 5.330000 133.000000
v -64.790001 5.330000 134.709991
v -66.119995 5.330000 131.669998
v -66.119995 5.330000 131.099991
v -66.689995 5.330000 131.099991
v -66.689995 5.330000 131.669998
f 6085 6086 6087
f 6089 6090 6091
f 6087 6088 6089 6085
f 6075 6076 6077 6078
f 6074 6080 6083 6073
f 6084 6085 6073
f 6074 6075 6078
f 6074 6078 6079
f 6074 6079 6080
f 6080 6081 6082 6083
f 6083 6084 6073
f 6085 6089 6091 6073
f 6095 6096 6097
f 6094 6095 6097 6092 6093
f 6092 6097 6098
f 6099 6100 6101 6102
v -118.559998 5.330000 88.919998
v -118.559998 5.330000 79.040001
v -128.440002 5.330000 79.040001
v -128.440002 5.330000 88.919998
f 6103 6104 6105 6106
v -79.040001 5.330000 108.680000
v -79.040001 5.330000 98.799995
v -88.919998 5.330000 98.799995
v -88.919998 5.330000 104.879997
v -86.449997 5.330000 105.070000
v -86.449997 5.330000 108.299995
v -88.919998 5.330000 108.489998
v -88.919998 5.330000 108.680000
v -87.400002 5.330000 107.540001
v -87.400002 5.330000 105.829994
v -88.919998 5.330000 105.829994
v -88.919998 5.330000 107.540001
f 6112 6113 6114 6107
f 6109 6110 6111
f 6108 6109 6111 6107
f 6111 6112 6107
f 6115 6116 6117 6118
v -167.959991 5.330000 98.799995
v -167.959991 5.330000 94.239998
v -174.229996 5.330000 94.239998
v -174.419998 5.330000 95.000000
v -175.179993 5.330000 95.000000
v -175.179993 5.330000 98.799995
v -176.129990 5.330000 93.290001
v -176.129990 5.330000 92.529999
v -175.750000 5.330000 92.339996
v -177.080002 5.330000 92.150002
v -177.080002 5.330000 93.290001
v -167.959991 5.330000 91.959999
v -167.959991 5.330000 90.439995
v -170.619995 5.330000 88.919998
v -175.750000 5.330000 88.919998
v -175.369995 5.330000 89.299995
v -175.369995 5.330000 90.250000
v -176.509995 5.330000 90.629997
v -176.699997 5.330000 91.199997
v -174.419998 5.330000 91.199997
v -174.229996 5.330000 91.959999
v -176.889999 5.930000 88.919998
v -177.839996 5.930000 88.919998
v -177.839996 5.930000 91.009995
f 6122 6123 6124
f 6121 6122 6124 6119 6120
f 6126 6127 6128
f 6126 6128 6129 6125
f 6135 6136 6137 6138
f 6132 6133 6134
f 6134 6135 6138 6132
f 6130 6131 6132 6138 6139
f 6140 6141 6142
v -138.319992 5.330000 88.919998
v -138.319992 5.330000 79.040001
v -146.300003 5.330000 79.040001
v -146.110001 5.330000 81.889999
v -145.160004 5.330000 82.080002
v -145.160004 5.330000 83.029999
v -146.300003 5.330000 83.220001
v -146.489990 5.330000 82.650002
v -148.199997 5.330000 82.650002
v -148.199997 5.330000 88.919998
v -146.489990 5.330000 82.080002
v -148.199997 5.330000 79.040001
f 6149 6150 6151 6152
f 6145 6146 6147 6144
f 6144 6147 6148
f 6148 6149 6152
f 6143 6144 6148 6152
f 6151 6150 6153
f 6151 6153 6146 6145 6154
v -128.440002 5.330000 79.040001
v -138.319992 5.330000 79.040001
v -138.319992 5.330000 88.919998
v -128.440002 5.330000 88.919998
v -131.479996 5.330000 79.989998
v -131.289993 5.330000 81.320000
v -132.429993 5.330000 81.509995
v -132.809998 5.330000 80.369995
v -132.429993 5.330000 79.989998
f 6155 6159 6160 6158
f 6163 6159 6155 6156
f 6157 6158 6161 6156
f 6162 6163 6156
f 6161 6162 6156
f 6158 6160 6161
v -192.279999 5.330000 207.099991
v -192.279999 5.330000 206.720001
v -194.559998 5.330000 206.149994
v -194.369995 5.330000 203.869995
v -193.419998 5.330000 203.489990
v -195.319992 5.330000 202.729996
v -197.599991 5.330000 199.500000
v -197.599991 5.330000 201.589996
v -197.029999 5.330000 201.779999
v -196.839996 5.330000 203.679993
v -197.599991 5.330000 204.250000
v -197.599991 5.330000 206.149994
v -190.000000 5.330000 206.149994
v -189.619995 5.330000 205.199997
v -189.050003 5.330000 205.199997
v -190.190002 5.330000 204.819992
v -190.569992 5.330000 205.769989
v -190.569992 5.330000 206.149994
v -187.720001 5.330000 205.580002
v -188.289993 5.330000 205.389999
v -188.289993 5.330000 205.769989
v -187.720001 5.330000 205.769989
v -189.619995 5.330000 203.300003
v -189.429993 5.330000 202.539993
v -189.619995 5.330000 201.779999
v -190.569992 5.330000 201.779999
v -193.610001 5.330000 199.119995
v -193.610001 5.330000 198.360001
v -192.849991 5.330000 198.169998
v -192.849991 5.330000 197.599991
v -196.080002 5.330000 199.119995
v -194.750000 5.330000 201.589996
v -192.279999 5.330000 202.919998
v -191.139999 5.330000 203.300003
v -190.949997 5.330000 202.539993
v -190.000000 5.330000 202.539993
v -188.099991 5.330000 201.399994
v -188.479996 5.330000 201.209991
v -188.479996 5.330000 201.589996
v -187.720001 5.330000 200.259995
v -187.720001 5.330000 198.929993
v -188.289993 5.330000 199.500000
v -188.289993 5.330000 200.069992
v -190.379990 5.330000 199.690002
v -191.139999 5.330000 198.550003
v -191.519989 5.730000 199.119995
v -190.949997 5.330000 200.069992
v -195.319992 5.830000 197.599991
v -196.649994 5.830000 197.599991
v -196.459991 5.830000 198.169998
v -196.080002 5.830000 198.169998
v -189.429993 6.230000 197.979996
v -189.619995 6.130000 197.599991
v -189.809998 6.130000 197.599991
v -187.720001 5.330000 197.599991
v -187.909988 5.330000 197.599991
v -187.720001 5.330000 197.789993
f 6167 6168 6169
f 6170 6171 6172
f 6169 6170 6172
f 6169 6172 6173
f 6164 6165 6166 6175
f 6167 6169 6173 6174 6175 6166
f 6177 6178 6179
f 6180 6181 6176 6177 6179
f 6182 6183 6184 6185
f 6199 6186 6187 6188
f 6191 6193 6194
f 6199 6188 6189 6198
f 6190 6191 6194
f 6191 6192 6193
f 6196 6197 6198
f 6196 6198 6189 6190 6194 6195
f 6200 6201 6202
f 6203 6204 6205 6206
f 6207 6208 6209 6210
f 6212 6213 6214 6211
f 6215 6216 6217
f 6218 6219 6220
v -178.789993 5.330000 217.360001
v -178.409988 5.330000 216.409988
v -177.839996 5.330000 216.409988
v -177.839996 5.330000 213.750000
v -179.169998 5.330000 213.369995
v -179.169998 5.330000 209.949997
v -177.839996 5.330000 209.569992
v -177.839996 5.330000 209.000000
v -178.979996 5.330000 207.860001
v -179.929993 5.330000 207.479996
v -184.489990 5.430000 207.479996
v -184.489990 5.630000 208.049988
v -183.919998 5.730000 208.239990
v -182.970001 5.330000 207.860001
v -182.779999 5.330000 208.809998
v -180.500000 5.330000 209.190002
v -181.449997 5.330000 213.369995
v -181.830002 5.330000 217.169998
v -180.119995 5.330000 217.360001
v -187.720001 5.330000 216.979996
v -187.720001 5.330000 217.360001
v -186.199997 5.330000 217.360001
v -183.159988 5.330000 215.649994
v -182.399994 5.330000 211.089996
v -182.399994 5.330000 210.330002
v -187.720001 5.330000 209.569992
v -187.720001 5.330000 214.889999
v -185.440002 5.330000 207.860001
v -185.819992 5.330000 207.479996
v -187.149994 5.330000 207.479996
v -187.339996 5.330000 208.049988
v -185.629990 5.330000 208.239990
f 6231 6232 6233 6234
f 6230 6231 6234
f 6226 6227 6228 6229 6230 6236
f 6239 6221 6222
f 6226 6236 6237 6225
f 6222 6224 6225 6237 6238 6239
f 6222 6223 6224
f 6234 6235 6236 6230
f 6240 6241 6242
f 6243 6244 6245 6246 6247
f 6252 6248 6249 6250 6251
v -59.279999 5.130000 177.839996
v -59.279999 5.130000 172.519989
v -60.799999 5.130000 172.709991
v -60.989998 5.130000 173.470001
v -63.459999 5.130000 173.849991
v -66.119995 5.130000 175.179993
v -67.449997 5.130000 176.129990
v -68.779999 5.130000 177.839996
v -66.879997 5.130000 177.839996
v -63.459999 5.130000 175.559998
v -60.799999 5.130000 175.179993
v -60.230000 5.130000 175.940002
v -60.230000 5.130000 177.459991
v -61.369999 5.130000 177.839996
v -63.270000 5.130000 177.269989
v -63.270000 5.130000 176.889999
v -63.840000 5.130000 177.080002
v -63.840000 5.130000 177.459991
v -61.369999 5.130000 176.319992
v -61.939999 5.130000 176.319992
v -61.939999 5.130000 176.699997
v -61.180000 5.130000 176.699997
v -67.449997 5.130000 174.989990
v -67.639999 5.130000 174.039993
v -68.209999 5.130000 174.039993
v -68.779999 5.130000 174.610001
v -68.209999 5.130000 175.179993
v -64.979996 5.130000 173.470001
v -65.169998 5.130000 172.330002
v -66.500000 5.130000 173.089996
v -66.119995 5.130000 173.849991
v -65.549995 5.130000 171.190002
v -62.509998 5.130000 170.429993
v -61.559998 5.130000 170.429993
v -61.180000 5.130000 170.809998
v -59.279999 5.130000 167.959991
v -60.989998 5.130000 167.959991
v -60.989998 5.130000 168.910004
v -61.369999 5.130000 169.289993
v -69.159996 5.130000 169.289993
v -69.159996 5.130000 173.470001
v -61.939999 5.130000 172.519989
v -62.129997 5.130000 171.569992
v -63.840000 5.130000 171.759995
v -63.270000 5.130000 172.899994
v -61.939999 5.130000 168.339996
v -61.939999 5.130000 167.959991
v -62.889999 5.130000 167.959991
v -62.889999 5.130000 168.339996
v -64.029999 5.130000 168.339996
v -64.029999 5.130000 167.959991
v -64.790001 5.130000 167.959991
v -64.790001 5.130000 168.339996
v -65.930000 5.130000 168.339996
v -65.930000 5.130000 167.959991
v -66.689995 5.130000 167.959991
v -66.689995 5.130000 168.339996
v -67.830002 5.130000 168.339996
v -67.830002 5.130000 167.959991
v -68.779999 5.130000 167.959991
v -68.779999 5.130000 168.339996
f 6265 6266 6253
f 6259 6260 6261 6262 6257 6258
f 6254 6255 6256 6264 6253
f 6264 6265 6253
f 6257 6262 6263 6256
f 6256 6263 6264
f 6267 6268 6269 6270
f 6271 6272 6273 6274
f 6277 6278 6279 6275 6276
f 6280 6281 6282 6283
f 6288 6289 6290
f 6288 6290 6291 6286 6287 6254
f 6287 6255 6254
f 6285 6286 6291
f 6292 6293 6284
f 6284 6285 6291 6292
f 6295 6296 6297 6294
f 6298 6299 6300 6301
f 6302 6303 6304 6305
f 6306 6307 6308 6309
f 6310 6311 6312 6313
v -59.279999 5.330000 148.199997
v -59.279999 5.330000 138.319992
v -64.599998 5.330000 138.319992
v -64.599998 5.330000 138.509995
v -63.649998 5.330000 138.699997
v -63.649998 5.330000 140.599991
v -65.549995 5.330000 140.789993
v -65.930000 5.330000 141.360001
v -65.930000 5.330000 143.259995
v -65.360001 5.330000 144.589996
v -63.649998 5.330000 144.779999
v -63.649998 5.330000 146.489990
v -64.599998 5.330000 146.679993
v -64.599998 5.330000 148.009995
v -63.459999 5.330000 148.199997
v -62.699997 5.330000 147.440002
v -61.750000 5.330000 147.440002
v -61.559998 5.330000 148.199997
v -65.739998 5.330000 146.489990
v -65.739998 5.330000 144.779999
v -66.309998 5.330000 143.639999
v -68.209999 5.330000 143.449997
v -68.019997 5.330000 140.979996
v -66.309998 5.330000 140.979996
v -65.739998 5.330000 138.699997
v -68.019997 5.330000 138.319992
v -68.019997 5.330000 139.080002
v -68.589996 5.330000 139.270004
v -68.589996 5.330000 145.729996
v -68.019997 5.330000 145.919998
v -68.019997 5.330000 147.819992
v -66.689995 5.330000 147.819992
v -66.500000 5.330000 148.199997
v -66.119995 5.330000 148.199997
v -66.689995 5.330000 142.500000
v -66.689995 5.330000 142.119995
v -67.260002 5.330000 141.929993
v -67.260002 5.330000 142.690002
f 6316 6317 6318 6315
f 6325 6326 6327 6328 6329
f 6315 6318 6319
f 6324 6330 6314 6315 6319
f 6325 6329 6330 6324
f 6319 6320 6321 6322 6323 6324
f 6330 6331 6314
f 6345 6346 6347 6327 6326 6332
f 6337 6321 6320
f 6338 6317 6316
f 6323 6322 6334 6333
f 6343 6344 6345 6332
f 6340 6341 6336 6337 6320 6338
f 6343 6332 6333 6334 6335 6342
f 6335 6336 6341 6342
f 6338 6316 6339 6340
f 6348 6349 6350 6351
v -98.799995 5.130000 227.239990
v -98.799995 5.130000 223.250000
v -99.559998 5.130000 223.059998
v -99.559998 5.130000 217.360001
v -102.599998 5.130000 217.360001
v -102.599998 5.130000 222.869995
v -102.979996 5.130000 223.250000
v -104.119995 5.130000 223.250000
v -103.930000 5.130000 227.239990
v -108.680000 5.130000 223.250000
v -108.680000 5.130000 227.239990
v -105.070000 5.130000 222.299988
v -105.070000 5.130000 221.919998
v -105.639999 5.130000 221.919998
v -105.639999 5.130000 222.299988
v -106.779999 5.130000 222.299988
v -106.779999 5.130000 221.919998
v -107.540001 5.130000 221.919998
v -107.540001 5.130000 222.299988
v -108.680000 5.130000 218.690002
v -108.680000 5.130000 220.970001
v -105.070000 5.130000 220.970001
v -105.070000 5.130000 218.690002
v -107.919998 5.130000 219.259995
v -107.540001 5.130000 218.879990
v -106.589996 5.130000 218.879990
v -106.209999 5.130000 220.019989
v -106.589996 5.130000 220.399994
v -107.540001 5.130000 220.399994
v -103.549995 5.130000 220.209991
v -103.549995 5.130000 219.449997
v -104.119995 5.130000 219.449997
v -104.119995 5.130000 220.209991
v -105.070000 5.130000 217.739990
v -105.070000 5.130000 217.360001
v -105.639999 5.130000 217.360001
v -105.639999 5.130000 217.739990
v -106.970001 5.130000 217.739990
v -106.970001 5.130000 217.360001
v -107.349998 5.130000 217.360001
v -107.349998 5.130000 217.739990
f 6358 6359 6360
f 6352 6353 6354 6357 6358 6360
f 6355 6356 6357 6354
f 6359 6361 6362 6360
f 6363 6364 6365 6366
f 6367 6368 6369 6370
f 6371 6375 6376
f 6375 6371 6372 6380
f 6373 6378 6379
f 6371 6376 6377 6374
f 6372 6373 6379 6380
f 6374 6377 6378 6373
f 6381 6382 6383 6384
f 6385 6386 6387 6388
f 6389 6390 6391 6392
v -187.720001 5.330000 118.559998
v -187.720001 5.330000 115.899994
v -188.860001 5.330000 115.899994
v -189.050003 5.330000 115.519997
v -195.889999 5.330000 115.519997
v -196.080002 5.330000 115.899994
v -197.599991 5.330000 115.899994
v -197.599991 5.330000 116.659996
v -196.649994 5.330000 116.849998
v -196.649994 5.330000 117.989998
v -197.599991 5.330000 118.369995
v -197.599991 5.330000 118.559998
v -189.050003 5.330000 113.430000
v -189.050003 5.330000 112.479996
v -188.289993 5.330000 112.290001
v -188.289993 5.330000 108.680000
v -197.599991 5.330000 108.680000
v -197.599991 5.330000 113.430000
f 6402 6403 6404 6393 6395 6396
f 6399 6400 6401 6398
f 6393 6394 6395
f 6398 6401 6402
f 6397 6398 6402 6396
f 6406 6407 6408 6409 6410
f 6410 6405 6406
v -198.169998 5.930000 187.720001
v -198.169998 5.730000 186.580002
v -197.599991 5.330000 186.389999
v -197.599991 5.330000 184.300003
v -198.929993 5.330000 184.110001
v -198.929993 5.730000 186.389999
v -199.309998 5.730000 187.149994
v -202.159988 5.330000 186.580002
v -201.589996 5.630000 187.149994
v -201.589996 5.730000 187.720001
v -204.059998 5.930000 187.720001
v -203.869995 5.930000 185.629990
v -204.440002 5.930000 185.629990
v -204.629990 5.930000 185.250000
v -206.339996 5.830000 185.440002
v -206.529999 5.830000 187.720001
v -207.289993 5.330000 186.580002
v -207.479996 5.330000 185.629990
v -207.479996 5.330000 186.199997
v -204.059998 5.330000 183.349991
v -203.679993 5.330000 178.409988
v -206.149994 5.330000 177.839996
v -206.149994 5.330000 178.789993
v -206.720001 5.330000 179.929993
v -207.479996 5.330000 180.119995
v -207.479996 5.330000 182.589996
v -206.909988 5.330000 182.779999
v -206.909988 5.330000 184.489990
v -204.250000 5.330000 184.300003
v -203.679993 5.330000 184.679993
v -198.929993 5.330000 181.830002
v -198.739990 5.330000 179.550003
v -198.360001 5.330000 178.979996
v -197.599991 5.330000 178.979996
v -197.599991 5.330000 177.839996
v -199.119995 5.330000 177.839996
v -199.500000 5.330000 178.599991
v -199.500000 5.330000 183.349991
v -197.599991 5.330000 183.159988
v -197.599991 5.330000 181.639999
v -197.979996 5.330000 181.639999
v -198.169998 5.330000 182.970001
v -200.449997 5.330000 183.159988
v -200.449997 5.330000 179.360001
v -201.589996 5.330000 179.360001
v -201.779999 5.330000 180.879990
v -201.779999 5.330000 183.159988
v -200.259995 5.330000 177.839996
v -201.209991 5.330000 177.839996
v -200.449997 5.330000 178.220001
f 6417 6418 6419
f 6412 6413 6414 6415 6416
f 6417 6419 6420 6411
f 6412 6416 6417 6411
f 6423 6424 6425 6426 6421
f 6421 6422 6423
f 6427 6428 6429
f 6439 6440 6430
f 6431 6432 6433
f 6435 6436 6437 6434
f 6431 6433 6434 6437 6430
f 6437 6438 6439 6430
f 6443 6444 6445 6446 6447
f 6441 6442 6447 6448
f 6442 6443 6447
f 6450 6451 6452 6449
f 6454 6455 6456 6457 6453
f 6458 6459 6460
v -138.319992 5.330000 69.159996
v -138.319992 5.330000 66.689995
v -138.319992 5.330000 65.930000
v -138.319992 5.330000 63.459999
v -139.080002 5.630000 63.459999
v -138.889999 5.330000 64.790001
v -138.509995 5.330000 64.979996
v -138.699997 5.330000 68.970001
v -143.830002 5.330000 68.779999
v -143.639999 5.330000 64.790001
v -142.690002 5.330000 64.979996
v -142.500000 5.330000 67.639999
v -139.649994 5.330000 67.449997
v -139.649994 5.330000 66.879997
v -140.029999 5.330000 66.689995
v -140.029999 5.330000 65.930000
v -139.649994 5.330000 65.739998
v -140.029999 5.330000 63.840000
v -142.500000 5.330000 63.840000
v -142.690002 5.330000 64.220001
v -143.259995 5.630000 64.220001
v -143.830002 5.330000 63.459999
v -146.110001 5.330000 63.459999
v -146.110001 5.330000 64.409996
v -145.539993 5.330000 64.599998
v -145.729996 5.330000 65.549995
v -145.729996 5.330000 67.639999
v -145.729996 5.330000 68.970001
v -146.679993 5.330000 68.970001
v -146.869995 5.330000 67.830002
v -147.250000 5.330000 67.830002
v -147.250000 5.330000 68.779999
v -148.199997 5.330000 68.970001
v -148.199997 5.330000 69.159996
v -146.869995 5.330000 65.360001
v -146.869995 5.330000 64.599998
v -148.199997 5.330000 63.459999
v -148.199997 5.330000 67.639999
v -138.319992 5.330000 62.509998
v -138.319992 5.430000 59.279999
v -148.199997 5.330000 59.279999
v -148.199997 5.330000 62.129997
v -147.629990 5.330000 62.129997
v -147.440002 5.330000 62.509998
v -145.729996 5.330000 62.129997
v -145.539993 5.330000 62.509998
v -140.029999 5.330000 62.509998
v -139.839996 5.330000 62.129997
v -139.080002 5.330000 62.129997
v -138.889999 5.330000 62.509998
f 6473 6474 6475 6472
f 6490 6491 6492 6489
f 6472 6475 6476 6471
f 6492 6493 6494 6489
f 6483 6484 6485 6482
f 6464 6465 6466 6467
f 6470 6486 6487 6469
f 6463 6464 6467
f 6471 6480 6481 6470
f 6462 6463 6467
f 6461 6468 6469 6488
f 6476 6477 6478 6479 6480 6471
f 6462 6467 6468 6461
f 6469 6487 6488
f 6481 6482 6485 6486 6470
f 6488 6489 6494 6461
f 6498 6491 6490 6487 6495 6497
f 6496 6484 6483 6497
f 6487 6486 6495
f 6495 6496 6497
f 6509 6510 6499 6500
f 6503 6504 6505 6501
f 6501 6502 6503
f 6505 6506 6507 6508
f 6508 6509 6500
f 6500 6501 6505 6508
v -128.440002 5.330000 69.159996
v -128.440002 5.330000 66.689995
v -130.339996 5.330000 66.500000
v -130.339996 5.330000 63.459999
v -135.660004 5.330000 63.459999
v -135.660004 5.330000 65.739998
v -135.279999 5.330000 65.930000
v -135.279999 5.330000 66.689995
v -135.660004 5.330000 66.879997
v -135.660004 5.330000 69.159996
v -136.610001 5.330000 66.689995
v -136.419998 5.330000 65.739998
v -138.319992 5.330000 63.459999
v -138.319992 5.330000 65.930000
v -137.369995 5.330000 65.739998
v -137.179993 5.330000 66.689995
v -138.319992 5.330000 66.689995
v -138.319992 5.330000 69.159996
v -128.440002 5.330000 65.739998
v -128.440002 5.330000 59.279999
v -129.199997 5.330000 59.279999
v -129.389999 5.330000 65.739998
v -130.339996 5.330000 62.509998
v -130.339996 5.430000 59.279999
v -138.319992 5.430000 59.279999
v -138.319992 5.330000 62.509998
f 6515 6516 6517 6513 6514
f 6518 6519 6520 6511 6512 6513
f 6513 6517 6518
f 6522 6516 6515
f 6523 6524 6525
f 6520 6519 6521 6526 6528
f 6526 6527 6528
f 6515 6523 6525 6522
f 6525 6526 6521 6522
f 6529 6530 6531 6532
f 6533 6534 6535 6536
v -88.919998 5.330000 79.040001
v -88.919998 5.330000 69.159996
v -98.799995 5.330000 69.159996
v -98.799995 5.330000 76.759995
v -98.229996 5.330000 77.139999
v -98.229996 5.330000 77.900002
v -98.799995 5.330000 78.279999
v -98.799995 5.330000 79.040001
f 6542 6543 6544 6537
f 6539 6540 6541 6537 6538
f 6541 6542 6537
v -167.959991 5.330000 247.000000
v -167.959991 5.330000 237.119995
v -173.470001 5.330000 237.119995
v -174.229996 5.330000 237.119995
v -174.800003 5.330000 237.119995
v -174.800003 5.330000 237.879990
v -175.559998 5.530000 238.259995
v -176.509995 5.430000 238.069992
v -176.509995 5.430000 237.119995
v -177.080002 5.430000 237.500000
v -177.839996 5.430000 237.309998
v -177.839996 5.430000 241.679993
v -177.839996 5.430000 242.819992
v -177.839996 5.430000 243.389999
v -177.459991 5.430000 243.769989
v -177.269989 5.430000 242.819992
v -175.940002 5.430000 242.439987
v -176.699997 5.430000 242.059998
v -176.509995 5.430000 241.110001
v -176.889999 5.430000 240.919998
v -176.889999 5.430000 240.349991
v -177.649994 5.430000 240.159988
v -177.459991 5.430000 239.209991
v -174.419998 5.330000 238.830002
v -174.229996 5.330000 239.779999
v -173.660004 5.330000 239.970001
v -173.279999 5.330000 239.209991
v -172.709991 5.330000 239.209991
v -172.330002 5.330000 238.639999
v -170.619995 5.330000 238.830002
v -170.239990 5.330000 238.259995
v -169.289993 5.330000 238.259995
v -168.720001 5.330000 239.209991
v -168.910004 5.330000 240.349991
v -168.529999 5.330000 240.539993
v -168.529999 5.330000 241.869995
v -169.099991 5.330000 242.059998
v -169.099991 5.330000 242.819992
v -168.529999 5.330000 244.529999
v -168.339996 5.330000 247.000000
v -171.379990 5.330000 247.000000
v -171.569992 5.330000 244.909988
v -172.139999 5.330000 244.909988
v -172.709991 5.330000 246.429993
v -174.419998 5.330000 246.619995
v -174.800003 5.330000 247.000000
v -170.239990 5.330000 243.199997
v -170.239990 5.330000 244.149994
v -169.860001 5.330000 244.149994
v -171.759995 5.330000 243.389999
v -172.139999 5.330000 241.869995
v -173.279999 5.330000 242.059998
v -172.899994 5.330000 243.769989
f 6552 6553 6554
f 6558 6559 6560 6557
f 6555 6566 6567
f 6548 6549 6550
f 6560 6561 6562
f 6564 6565 6566
f 6569 6570 6571 6568
f 6571 6572 6573
f 6580 6581 6582 6583
f 6562 6563 6564
f 6551 6552 6567 6568
f 6556 6557 6560 6562 6564 6566
f 6546 6575 6576
f 6546 6576 6577
f 6577 6578 6579 6546
f 6547 6548 6550 6568 6571 6573
f 6552 6554 6555 6567
f 6550 6551 6568
f 6546 6579 6580
f 6573 6574 6575
f 6583 6584 6545 6546 6580
f 6547 6573 6575 6546
f 6555 6556 6566
f 6586 6587 6588 6585
f 6588 6589 6590 6585
f 6591 6592 6593
f 6594 6595 6596 6597
v -49.399998 5.130000 207.289993
v -50.349998 5.130000 206.909988
v -50.160000 5.130000 205.959991
v -49.399998 5.130000 205.959991
v -49.399998 5.130000 202.349991
v -49.590000 5.130000 202.349991
v -49.779999 5.130000 203.489990
v -54.910000 5.130000 203.489990
v -54.910000 5.130000 206.149994
v -54.149998 5.130000 206.339996
v -54.340000 5.130000 207.479996
v -49.399998 5.130000 207.479996
v -55.480000 5.130000 206.339996
v -58.329998 5.130000 203.489990
v -58.520000 5.130000 202.349991
v -59.279999 5.130000 202.349991
v -59.279999 5.130000 207.479996
v -55.289997 5.130000 207.479996
v -49.399998 5.130000 197.599991
v -50.539997 5.130000 197.599991
v -52.629997 5.130000 199.119995
v -54.719997 5.130000 199.879990
v -55.860001 5.130000 199.879990
v -56.239998 5.130000 199.500000
v -56.809998 5.130000 197.599991
v -59.279999 5.130000 197.599991
v -58.329998 5.130000 201.209991
v -49.779999 5.130000 201.209991
v -53.770000 5.130000 198.360001
v -53.770000 5.130000 197.789993
v -54.149998 5.130000 197.599991
v -54.719997 5.130000 197.599991
v -55.480000 5.130000 197.789993
v -55.289997 5.130000 198.739990
f 6609 6598 6599 6607 6608
f 6602 6603 6604 6600 6601
f 6605 6606 6607 6599 6600 6604
f 6611 6612 6613 6614
f 6610 6606 6605 6611 6614
f 6614 6615 6610
f 6625 6603 6602 6616
f 6613 6612 6624 6623
f 6616 6617 6618 6625
f 6621 6622 6623 6624
f 6619 6624 6625 6618
f 6619 6620 6624
f 6620 6621 6624
f 6626 6627 6628 6629 6630 6631
v -199.309998 5.930000 98.419998
v -200.069992 5.930000 98.799995
v -199.119995 5.530000 98.799995
v -205.389999 5.330000 98.799995
v -206.149994 5.330000 95.949997
v -204.059998 5.330000 95.189995
v -204.059998 5.330000 94.809998
v -205.009995 5.330000 94.619995
v -205.389999 5.330000 93.479996
v -205.389999 5.330000 92.529999
v -205.009995 5.330000 92.150002
v -205.769989 5.330000 92.339996
v -206.529999 5.330000 93.860001
v -206.909988 5.330000 95.570000
v -206.720001 5.330000 98.040001
v -207.289993 5.330000 98.799995
v -203.489990 5.330000 98.229996
v -204.059998 5.330000 96.709999
v -204.629990 5.330000 96.709999
v -204.250000 5.330000 98.419998
v -197.599991 5.530000 95.949997
v -197.599991 5.530000 93.290001
v -198.929993 5.530000 94.049995
v -199.500000 5.530000 94.049995
v -200.069992 5.530000 93.290001
v -200.069992 5.530000 94.430000
v -200.449997 5.530000 94.809998
v -200.069992 5.930000 95.000000
v -199.879990 5.530000 94.619995
v -199.309998 5.530000 94.619995
v -198.739990 5.530000 95.000000
v -198.739990 5.530000 95.759995
v -206.529999 5.330000 91.389999
v -201.019989 5.330000 88.919998
v -207.479996 5.330000 88.919998
v -207.479996 5.330000 93.099998
v -197.599991 5.530000 92.720001
v -197.599991 5.530000 91.959999
v -197.979996 5.530000 91.959999
v -197.979996 5.530000 92.529999
v -197.599991 5.330000 90.059998
v -197.599991 5.330000 88.919998
v -198.550003 5.330000 88.919998
v -198.739990 5.330000 89.680000
v -200.449997 5.330000 90.250000
v -198.929993 5.330000 90.059998
v -198.550003 5.330000 90.439995
f 6632 6633 6634
f 6641 6642 6643
f 6637 6638 6639
f 6640 6641 6643 6644
f 6636 6645 6646 6635
f 6646 6647 6635
f 6639 6640 6644
f 6636 6637 6639 6644 6645
f 6649 6650 6651 6648
f 6657 6658 6659 6660
f 6654 6655 6661 6662
f 6655 6656 6657 6660 6661
f 6653 6654 6662 6652
f 6662 6663 6652
f 6664 6665 6666
f 6664 6666 6667
f 6669 6670 6671 6668
f 6675 6676 6677
f 6675 6677 6678
f 6675 6678 6672 6673 6674
v -39.520000 5.130000 177.839996
v -39.520000 5.130000 174.800003
v -39.899998 5.130000 174.610001
v -39.899998 5.130000 173.660004
v -39.520000 5.130000 173.470001
v -39.520000 5.130000 168.149994
v -40.090000 5.130000 167.959991
v -41.230000 5.130000 167.959991
v -41.230000 5.130000 174.229996
v -42.559998 5.130000 174.419998
v -42.559998 5.130000 174.800003
v -41.419998 5.130000 174.989990
v -41.419998 5.130000 177.839996
v -43.700001 5.130000 177.839996
v -43.700001 5.130000 174.989990
v -43.700001 5.130000 174.419998
v -45.029999 5.130000 172.139999
v -46.360001 5.130000 172.139999
v -46.930000 5.130000 171.379990
v -46.549999 5.130000 170.050003
v -48.259998 5.130000 168.910004
v -48.070000 5.130000 167.959991
v -49.399998 5.130000 167.959991
v -49.399998 5.130000 174.039993
v -46.360001 5.130000 177.839996
v -47.879997 5.130000 177.839996
v -48.450001 5.130000 176.699997
v -49.209999 5.130000 177.269989
v -48.829998 5.130000 177.839996
v -48.450001 5.130000 177.839996
f 6688 6689 6690 6687
f 6687 6681 6682
f 6684 6685 6686 6687 6682 6683
f 6690 6691 6679 6680 6681 6687
f 6689 6688 6694 6693
f 6697 6699 6701 6702
f 6699 6700 6701
f 6697 6698 6699
f 6693 6694 6695
f 6693 6695 6696 6702 6703 6692
f 6696 6697 6702
f 6706 6707 6708
f 6705 6706 6708 6704
v -49.399998 5.030000 118.559998
v -49.399998 5.030000 108.680000
v -50.919998 5.330000 108.680000
v -50.919998 5.330000 112.860001
v -49.969997 5.330000 113.049995
v -49.969997 5.330000 116.279999
v -50.919998 5.330000 116.469994
v -50.919998 5.330000 118.559998
v -53.389999 5.330000 118.559998
v -53.579998 5.330000 114.189995
v -53.770000 5.330000 114.189995
v -53.959999 5.330000 115.329994
v -55.860001 5.330000 115.329994
v -56.049999 5.330000 114.189995
v -59.279999 5.330000 114.189995
v -59.279999 5.330000 118.559998
v -55.480000 5.330000 118.559998
v -55.289997 5.330000 117.419998
v -53.959999 5.330000 117.419998
v -53.770000 5.330000 118.559998
v -53.389999 5.330000 108.680000
v -53.770000 5.330000 108.680000
v -53.959999 5.330000 111.149994
v -55.480000 5.330000 110.959999
v -55.480000 5.330000 108.680000
v -59.279999 5.330000 108.680000
v -55.860001 5.330000 113.239998
v -53.959999 5.330000 113.239998
f 6714 6715 6716 6709
f 6709 6710 6713 6714
f 6710 6711 6712 6713
f 6718 6719 6720 6727 6728 6717
f 6726 6727 6720 6721
f 6725 6726 6721
f 6721 6722 6723 6724 6725
f 6736 6719 6718 6729 6730 6731
f 6722 6735 6732 6733 6734 6723
f 6736 6731 6732 6735
v -39.520000 5.330000 148.199997
v -39.520000 5.330000 138.319992
v -48.450001 5.330000 138.319992
v -48.450001 5.330000 139.080002
v -49.020000 5.330000 139.270004
v -49.020000 5.330000 145.729996
v -48.450001 5.330000 145.919998
v -48.450001 5.330000 148.199997
f 6740 6741 6742 6743 6737 6738
f 6743 6744 6737
f 6738 6739 6740
v -167.959991 5.330000 78.470001
v -167.959991 5.330000 75.239998
v -168.720001 5.330000 76.570000
v -171.759995 5.330000 76.000000
v -172.330002 5.330000 75.430000
v -172.139999 5.330000 73.339996
v -171.759995 5.330000 73.150002
v -172.139999 5.330000 72.769997
v -172.139999 5.330000 70.489998
v -168.339996 5.330000 70.299995
v -168.149994 5.330000 71.059998
v -167.959991 5.330000 70.869995
v -167.959991 5.330000 69.159996
v -177.839996 5.330000 69.159996
v -177.839996 5.330000 79.040001
v -171.190002 5.330000 79.040001
v -169.860001 5.330000 78.659996
v -169.669998 5.330000 79.040001
v -168.720001 5.330000 79.040001
f 6750 6751 6752
f 6754 6755 6756 6757
f 6761 6747 6748 6760
f 6761 6762 6763 6745 6746 6747
f 6749 6752 6753 6758 6759
f 6760 6748 6749 6759
f 6753 6754 6757 6758
f 6749 6750 6752
v -40.279999 5.130000 167.009995
v -39.520000 5.130000 166.819992
v -39.520000 5.130000 158.080002
v -40.469997 5.130000 158.080002
v -40.469997 5.130000 162.830002
v -41.419998 5.130000 163.399994
v -41.610001 5.130000 164.160004
v -43.320000 5.130000 164.160004
v -43.509998 5.130000 163.399994
v -44.840000 5.130000 163.399994
v -45.029999 5.130000 164.160004
v -46.739998 5.130000 164.160004
v -46.930000 5.130000 163.399994
v -48.259998 5.130000 163.399994
v -48.450001 5.130000 164.160004
v -49.399998 5.130000 164.160004
v -49.399998 5.130000 167.959991
v -48.070000 5.130000 167.959991
v -47.879997 5.130000 166.629990
v -41.610001 5.130000 166.629990
v -41.230000 5.130000 167.959991
v -40.090000 5.130000 167.959991
v -43.129997 5.230000 161.879990
v -42.559998 5.230000 161.879990
v -42.750000 5.230000 160.169998
v -42.369999 5.230000 158.649994
v -42.750000 5.230000 158.080002
v -49.020000 5.230000 158.080002
v -49.399998 5.230000 161.119995
v -49.020000 5.230000 161.309998
v -49.020000 5.230000 161.879990
v -48.450001 5.230000 161.879990
v -48.259998 5.230000 162.259995
v -45.219997 5.230000 161.879990
v -45.029999 5.230000 162.259995
v -43.320000 5.230000 162.259995
f 6784 6785 6764 6783
f 6766 6767 6768 6765
f 6771 6772 6773 6774
f 6775 6776 6777 6778 6782
f 6774 6775 6782
f 6770 6771 6783
f 6768 6769 6770 6783 6764 6765
f 6780 6781 6782 6778 6779
f 6774 6782 6783 6771
f 6793 6794 6795
f 6786 6787 6788
f 6797 6798 6799 6786 6788
f 6788 6789 6790
f 6795 6796 6797
f 6791 6793 6795 6797 6788 6790
f 6791 6792 6793
v -39.520000 5.130000 158.080002
v -39.520000 5.130000 156.369995
v -40.279999 5.130000 156.369995
v -40.660000 5.130000 157.509995
v -40.469997 5.130000 158.080002
v -42.750000 5.230000 158.080002
v -42.369999 5.230000 156.179993
v -42.750000 5.230000 155.989990
v -42.750000 5.230000 155.419998
v -43.320000 5.230000 155.419998
v -43.509998 5.230000 155.039993
v -44.840000 5.230000 155.039993
v -45.029999 5.230000 155.419998
v -48.259998 5.230000 155.039993
v -48.450001 5.230000 155.419998
v -49.020000 5.230000 155.419998
v -49.020000 5.230000 155.989990
v -49.399998 5.230000 156.179993
v -49.399998 5.230000 157.699997
v -49.020000 5.230000 158.080002
v -39.520000 5.130000 155.229996
v -40.469997 5.130000 155.419998
v -39.520000 5.130000 155.419998
v -39.520000 5.330000 152.569992
v -39.520000 5.330000 148.199997
v -48.450001 5.330000 148.199997
v -44.840000 5.330000 148.389999
v -44.649998 5.330000 149.720001
v -49.399998 5.330000 149.910004
v -49.399998 5.330000 152.569992
f 6803 6804 6800 6801 6802
f 6807 6808 6809
f 6814 6815 6816
f 6809 6810 6811
f 6809 6811 6812 6807
f 6816 6817 6818
f 6805 6806 6807
f 6816 6818 6819 6814
f 6813 6814 6819 6805 6807 6812
f 6820 6821 6822
f 6824 6825 6826
f 6824 6826 6827
f 6827 6828 6829
f 6823 6824 6827 6829
v -79.040001 5.030000 237.119995
v -79.040001 5.030000 236.169998
v -86.830002 5.030000 236.169998
v -87.019997 5.130000 229.709991
v -88.919998 5.130000 229.709991
v -88.919998 5.030000 237.119995
v -83.220001 5.030000 237.119995
v -83.029999 5.030000 236.360001
v -80.559998 5.030000 236.360001
v -80.369995 5.030000 237.119995
v -80.559998 5.030000 233.889999
v -80.559998 5.030000 231.610001
v -81.889999 5.130000 231.610001
v -81.889999 5.030000 233.129990
v -83.220001 5.030000 232.939987
v -83.220001 5.030000 231.989990
v -82.839996 5.030000 231.610001
v -84.549995 5.030000 231.610001
v -84.549995 5.030000 233.889999
v -79.040001 5.030000 233.129990
v -79.040001 5.030000 232.369995
v -79.610001 5.030000 232.369995
v -79.610001 5.030000 233.129990
v -85.500000 5.030000 233.129990
v -85.500000 5.030000 232.369995
v -86.070000 5.030000 232.369995
v -86.070000 5.030000 233.129990
v -86.830002 5.130000 229.330002
v -79.040001 5.130000 229.330002
v -79.040001 5.130000 227.239990
v -88.919998 5.130000 227.239990
f 6839 6830 6831 6838
f 6836 6837 6832 6835
f 6837 6838 6831 6832
f 6832 6833 6834 6835
f 6845 6846 6847
f 6844 6845 6847 6848
f 6843 6844 6848 6840
f 6841 6842 6843 6840
f 6849 6850 6851 6852
f 6853 6854 6855 6856
f 6834 6833 6857 6860
f 6857 6858 6859 6860
v -217.360001 5.330000 187.720001
v -217.360001 5.330000 184.300003
v -217.739990 5.330000 183.539993
v -218.500000 5.330000 183.349991
v -218.690002 5.330000 182.589996
v -218.690002 5.330000 180.879990
v -218.119995 5.330000 180.690002
v -218.309998 5.330000 177.839996
v -221.729996 5.330000 177.839996
v -221.159988 5.330000 187.720001
v -222.299988 5.330000 187.720001
v -222.489990 5.330000 182.019989
v -224.199997 5.330000 182.019989
v -224.580002 5.330000 181.639999
v -224.580002 5.330000 180.879990
v -224.009995 5.330000 180.309998
v -225.720001 5.330000 178.979996
v -225.529999 5.330000 177.839996
v -226.860001 5.330000 177.839996
v -227.239990 5.330000 179.169998
v -227.239990 5.330000 181.069992
v -226.289993 5.330000 181.069992
v -225.909988 5.330000 182.209991
v -223.250000 5.330000 182.399994
v -223.250000 5.330000 183.159988
v -223.629990 5.330000 183.349991
v -223.629990 5.330000 185.819992
v -223.059998 5.330000 186.009995
v -223.059998 5.330000 186.959991
v -224.769989 5.330000 186.959991
v -224.959991 5.330000 187.339996
v -225.529999 5.330000 187.339996
v -225.529999 5.330000 187.720001
v -227.049988 5.330000 187.720001
v -227.239990 5.330000 186.580002
v -227.239990 5.330000 187.720001
f 6862 6863 6864 6870 6861
f 6866 6867 6868 6869
f 6865 6866 6869
f 6865 6869 6870 6864
f 6891 6892 6893
f 6877 6878 6879 6880
f 6872 6884 6885 6888 6871
f 6889 6890 6891
f 6880 6881 6882 6875 6876 6877
f 6884 6872 6873 6883
f 6888 6889 6871
f 6885 6886 6887 6888
f 6874 6875 6882 6883
f 6889 6891 6893 6871
f 6873 6874 6883
f 6894 6895 6896
v -98.799995 5.030000 247.000000
v -98.799995 5.130000 237.119995
v -105.449997 5.130000 237.119995
v -105.829994 5.130000 237.879990
v -108.299995 5.130000 237.879990
v -108.489998 5.130000 237.119995
v -108.680000 5.130000 237.119995
v -108.680000 5.130000 243.009995
v -107.729996 5.130000 243.199997
v -107.729996 5.130000 244.149994
v -108.680000 5.130000 244.339996
v -108.680000 5.130000 247.000000
f 6901 6902 6903 6904
f 6906 6907 6908 6897
f 6899 6900 6905 6906 6897 6898
f 6901 6904 6905 6900
v -217.360001 5.330000 138.319992
v -217.360001 5.330000 137.369995
v -218.879990 5.330000 137.369995
v -219.069992 5.330000 136.800003
v -223.250000 5.330000 136.800003
v -224.389999 5.330000 136.989990
v -224.580002 5.330000 137.750000
v -226.669998 5.330000 137.940002
v -227.049988 5.330000 136.419998
v -227.049988 5.330000 135.470001
v -226.669998 5.330000 135.279999
v -227.049988 5.330000 128.440002
v -227.239990 5.330000 128.440002
v -227.239990 5.330000 138.319992
v -222.869995 5.930000 134.330002
v -223.440002 5.930000 134.330002
v -223.629990 5.530000 134.709991
v -222.679993 5.930000 134.899994
v -220.019989 5.530000 133.949997
v -220.019989 5.530000 133.379990
v -218.879990 5.530000 132.619995
v -219.259995 5.530000 132.239990
v -218.879990 5.530000 131.099991
v -220.399994 5.530000 130.910004
v -220.779999 5.530000 130.529999
v -221.349991 5.530000 131.099991
v -221.539993 5.530000 132.050003
v -222.489990 5.530000 132.050003
v -222.679993 5.530000 131.289993
v -223.059998 5.530000 131.099991
v -223.250000 5.530000 131.669998
v -224.769989 5.930000 131.099991
v -224.769989 5.530000 128.440002
v -224.959991 5.530000 128.440002
v -224.959991 5.530000 129.770004
v -225.339996 5.530000 129.959991
v -225.339996 5.530000 131.099991
v -224.959991 5.530000 131.669998
v -225.149994 5.530000 132.809998
v -222.869995 5.530000 132.239990
v -222.489990 5.530000 133.949997
v -222.489990 5.530000 130.910004
v -220.589996 5.530000 129.580002
v -217.360001 5.330000 130.149994
v -217.360001 5.330000 129.009995
v -219.069992 5.530000 129.199997
v -219.259995 5.530000 128.440002
v -223.819992 5.530000 128.440002
v -223.819992 5.530000 129.770004
f 6913 6914 6915 6911 6912
f 6909 6910 6911 6915 6916 6922
f 6916 6917 6922
f 6918 6921 6922 6917
f 6919 6920 6921 6918
f 6923 6924 6925 6926
f 6937 6938 6939 6948 6936
f 6932 6934 6935 6928 6930 6931
f 6932 6933 6934
f 6941 6942 6943 6940
f 6948 6949 6927 6928 6935 6936
f 6940 6943 6944 6945 6946
f 6939 6940 6946 6947 6948
f 6928 6929 6930
f 6938 6937 6950
f 6934 6933 6951 6950
f 6957 6938 6950 6951 6955 6956
f 6952 6953 6954 6951
f 6951 6954 6955
v -64.029999 5.130000 217.360001
v -63.840000 5.130000 215.459991
v -63.079998 5.130000 215.269989
v -63.079998 5.130000 211.470001
v -64.790001 5.130000 211.470001
v -69.159996 5.130000 211.659988
v -69.159996 5.130000 216.220001
v -66.309998 5.130000 216.409988
v -66.119995 5.130000 217.360001
v -59.279999 5.130000 216.220001
v -59.279999 5.130000 207.479996
v -61.939999 5.130000 207.479996
v -61.939999 5.130000 209.000000
v -61.180000 5.130000 209.190002
v -61.180000 5.130000 209.759995
v -62.129997 5.130000 210.519989
v -62.320000 5.130000 211.470001
v -60.989998 5.130000 215.269989
v -60.799999 5.130000 216.220001
v -65.169998 5.130000 211.279999
v -64.979996 5.130000 210.139999
v -62.699997 5.130000 210.139999
v -62.699997 5.130000 209.190002
v -69.159996 5.130000 207.479996
f 6965 6966 6958 6959
f 6959 6961 6962 6963 6964 6965
f 6959 6960 6961
f 6969 6970 6971 6968
f 6975 6976 6967
f 6972 6973 6974
f 6968 6972 6974 6975 6967
f 6968 6971 6972
f 6974 6961 6960 6975
f 6980 6970 6969
f 6978 6979 6980
f 6963 6962 6977
f 6978 6980 6969 6981 6963
f 6963 6977 6978
v -210.139999 5.330000 206.909988
v -210.139999 5.330000 205.769989
v -211.089996 5.330000 204.819992
v -211.089996 5.330000 204.059998
v -210.139999 5.330000 203.869995
v -209.759995 5.330000 204.250000
v -209.569992 5.330000 203.489990
v -208.619995 5.330000 203.489990
v -209.379990 5.330000 202.539993
v -209.379990 5.330000 201.970001
v -208.619995 5.530000 201.209991
v -207.860001 5.430000 201.209991
v -207.479996 5.430000 201.970001
v -207.479996 5.430000 199.879990
v -209.569992 5.330000 201.399994
v -210.330002 5.330000 201.399994
v -210.519989 5.330000 200.830002
v -210.899994 5.330000 200.830002
v -211.089996 5.330000 201.970001
v -211.849991 5.330000 202.159988
v -212.229996 5.330000 202.919998
v -212.799988 5.330000 202.919998
v -215.649994 5.330000 200.259995
v -216.789993 5.330000 198.360001
v -216.789993 5.330000 197.599991
v -217.360001 5.330000 197.599991
v -217.360001 5.330000 204.250000
v -216.979996 5.330000 204.819992
v -216.979996 5.330000 205.959991
v -217.360001 5.330000 207.099991
v -217.360001 5.330000 207.479996
v -209.759995 5.330000 207.479996
v -212.610001 5.330000 198.929993
v -213.369995 5.330000 197.599991
v -214.319992 5.330000 198.169998
v -213.369995 5.330000 199.690002
v -207.479996 5.430000 198.929993
v -207.479996 5.430000 197.599991
v -210.139999 5.430000 197.599991
v -209.569992 5.430000 197.979996
v -209.569992 5.730000 198.739990
v -208.619995 5.430000 198.550003
f 6986 6987 6988 6990
f 6997 6998 6999 7000
f 6982 6983 6984
f 7005 7006 7007
f 6988 6989 6990
f 6993 6994 6995
f 7000 7001 7002
f 6985 7002 7003 6984
f 7010 7011 7012 6982 6984 7003
f 6996 6997 7000
f 6992 6993 6995
f 6992 6995 6996 6991
f 7003 7004 7008 7009
f 6990 6991 6996
f 6990 6996 7000 7002 6985 6986
f 7003 7009 7010
f 7004 7005 7007 7008
f 6982 7012 7013
f 7014 7015 7016 7017
f 7021 7022 7023
f 7023 7018 7019 7020 7021
v -79.040001 5.330000 88.919998
v -79.040001 5.330000 86.830002
v -86.449997 5.330000 86.830002
v -86.639999 5.330000 87.400002
v -88.919998 5.330000 87.400002
v -88.919998 5.330000 88.919998
v -79.040001 5.330000 85.689995
v -83.790001 5.330000 85.879997
v -79.040001 5.330000 85.879997
v -79.040001 5.330000 83.409996
v -79.040001 5.330000 79.040001
v -88.919998 5.330000 79.040001
v -88.919998 5.330000 83.409996
v -87.400002 5.330000 83.409996
v -87.209999 5.330000 82.650002
v -83.979996 5.330000 82.650002
v -83.790001 5.330000 83.409996
f 7027 7028 7029
f 7025 7026 7027
f 7024 7025 7027 7029
f 7030 7031 7032
f 7036 7037 7038 7035
f 7035 7038 7039 7034
f 7039 7040 7033 7034
v -69.159996 5.130000 227.239990
v -69.159996 5.130000 223.250000
v -73.720001 5.130000 223.250000
v -73.909996 5.130000 227.239990
v -75.049995 5.130000 223.059998
v -75.049995 5.130000 217.360001
v -78.089996 5.130000 217.360001
v -78.089996 5.130000 222.869995
v -79.040001 5.130000 223.250000
v -79.040001 5.130000 227.239990
v -70.299995 5.130000 222.299988
v -70.299995 5.130000 221.919998
v -71.059998 5.130000 221.919998
v -71.059998 5.130000 222.299988
v -72.199997 5.130000 222.299988
v -72.199997 5.130000 221.919998
v -72.580002 5.130000 221.919998
v -72.580002 5.130000 222.299988
v -69.159996 5.130000 220.970001
v -69.159996 5.130000 218.690002
v -72.580002 5.130000 218.690002
v -72.580002 5.130000 220.970001
v -69.729996 5.130000 220.589996
v -71.059998 5.130000 220.779999
v -71.250000 5.130000 219.639999
v -70.110001 5.130000 219.259995
v -69.729996 5.130000 219.639999
v -73.529999 5.130000 220.209991
v -73.529999 5.130000 219.449997
v -74.099998 5.130000 219.449997
v -74.099998 5.130000 220.209991
v -70.299995 5.130000 217.739990
v -70.299995 5.130000 217.360001
v -70.869995 5.130000 217.360001
v -70.869995 5.130000 217.739990
v -72.199997 5.130000 217.739990
v -72.199997 5.130000 217.360001
v -72.580002 5.130000 217.360001
v -72.580002 5.130000 217.739990
f 7041 7042 7043 7044
f 7044 7043 7045 7048 7049 7050
f 7046 7047 7048 7045
f 7051 7052 7053 7054
f 7055 7056 7057 7058
f 7067 7063 7059 7060
f 7060 7061 7065 7066
f 7066 7067 7060
f 7059 7063 7064
f 7062 7059 7064
f 7062 7064 7065 7061
f 7068 7069 7070 7071
f 7072 7073 7074 7075
f 7076 7077 7078 7079
v -158.080002 5.330000 247.000000
v -158.080002 5.330000 237.119995
v -158.269989 5.330000 237.119995
v -158.269989 5.330000 239.209991
v -159.029999 5.330000 239.970001
v -158.839996 5.330000 241.299988
v -159.220001 5.330000 241.489990
v -159.220001 5.330000 242.439987
v -159.789993 5.330000 242.819992
v -159.789993 5.330000 243.769989
v -160.929993 5.330000 243.959991
v -161.119995 5.330000 242.439987
v -163.209991 5.330000 242.059998
v -163.399994 5.330000 246.049988
v -163.779999 5.330000 246.809998
v -164.539993 5.330000 246.809998
v -164.729996 5.330000 247.000000
v -163.589996 5.330000 247.000000
v -162.830002 5.330000 245.669998
v -161.500000 5.330000 245.669998
v -160.550003 5.330000 245.860001
v -159.979996 5.330000 246.429993
v -159.979996 5.330000 247.000000
v -162.069992 5.330000 246.809998
v -161.879990 5.330000 247.000000
v -161.119995 5.330000 247.000000
v -164.729996 5.330000 245.669998
v -164.349991 5.330000 244.529999
v -165.110001 5.330000 244.339996
v -165.110001 5.330000 241.869995
v -164.729996 5.330000 241.679993
v -167.959991 5.330000 241.489990
v -167.959991 5.330000 247.000000
v -164.160004 5.330000 241.299988
v -163.779999 5.330000 239.589996
v -163.779999 5.330000 238.449997
v -164.160004 5.330000 238.259995
v -163.970001 5.330000 237.119995
v -167.959991 5.330000 237.119995
v -162.639999 5.330000 239.019989
v -162.639999 5.330000 239.399994
v -162.259995 5.330000 239.399994
f 7094 7095 7096 7097
f 7090 7098 7099
f 7093 7094 7097 7098
f 7080 7083 7085
f 7085 7086 7087 7080
f 7087 7088 7089
f 7101 7102 7080
f 7081 7082 7083 7080
f 7083 7084 7085
f 7100 7101 7080 7087 7089
f 7090 7091 7092 7093 7098
f 7090 7099 7100 7089
f 7103 7104 7105
f 7096 7095 7106 7108 7112
f 7106 7107 7108
f 7108 7109 7111 7112
f 7109 7110 7111
f 7114 7115 7116
f 7110 7113 7114 7116 7118 7111
f 7116 7117 7118
f 7119 7120 7121
v -59.279999 5.330000 108.680000
v -59.279999 5.330000 104.119995
v -63.649998 5.330000 104.119995
v -63.840000 5.330000 105.070000
v -65.549995 5.330000 105.070000
v -65.739998 5.330000 104.119995
v -66.500000 5.330000 104.119995
v -66.689995 5.330000 108.680000
v -65.930000 5.330000 108.680000
v -65.739998 5.330000 107.159996
v -64.409996 5.330000 107.159996
v -64.220001 5.330000 108.680000
v -68.970001 5.330000 108.680000
v -69.159996 5.330000 106.209999
v -69.159996 5.330000 108.680000
v -59.279999 5.330000 98.799995
v -64.220001 5.330000 98.799995
v -64.409996 5.330000 101.650002
v -65.930000 5.330000 101.459999
v -65.930000 5.330000 98.799995
v -66.689995 5.330000 98.799995
v -65.549995 5.330000 102.979996
v -63.840000 5.330000 102.979996
v -68.970001 5.330000 98.799995
v -69.159996 5.330000 98.799995
v -69.159996 5.330000 102.599998
f 7126 7127 7128 7129 7130 7131
f 7126 7131 7132 7125
f 7125 7132 7133
f 7124 7125 7133 7122 7123
f 7134 7135 7136
f 7128 7127 7143 7140
f 7140 7141 7142 7128
f 7144 7124 7123 7137 7138
f 7138 7139 7144
f 7139 7140 7143 7144
f 7145 7146 7147
v -98.799995 5.330000 79.040001
v -98.799995 5.330000 78.279999
v -99.750000 5.330000 77.900002
v -99.750000 5.330000 76.949997
v -98.799995 5.330000 76.759995
v -98.799995 5.330000 69.159996
v -108.680000 5.330000 69.159996
v -108.680000 5.330000 77.900002
v -106.779999 5.330000 77.900002
v -105.639999 5.330000 79.040001
f 7148 7149 7150 7157
f 7151 7152 7153 7154 7155 7156
f 7157 7150 7151 7156
v -177.839996 5.430000 237.119995
v -177.839996 5.430000 236.360001
v -178.599991 5.430000 236.169998
v -178.599991 5.430000 235.599991
v -177.839996 5.430000 235.029999
v -177.839996 5.430000 233.319992
v -178.979996 5.430000 233.699997
v -179.360001 5.430000 234.269989
v -181.449997 5.430000 233.889999
v -181.449997 5.430000 234.269989
v -182.019989 5.430000 234.459991
v -181.830002 5.430000 235.409988
v -182.779999 5.430000 235.599991
v -182.399994 5.430000 237.119995
v -184.869995 5.330000 234.269989
v -186.009995 5.330000 233.509995
v -185.819992 5.330000 231.610001
v -185.250000 5.330000 231.229996
v -183.159988 5.330000 231.039993
v -183.539993 5.330000 230.089996
v -183.349991 5.330000 228.949997
v -180.309998 5.330000 228.190002
v -177.839996 5.330000 228.569992
v -177.839996 5.330000 228.190002
v -177.839996 5.330000 227.239990
v -183.729996 5.330000 227.239990
v -186.389999 5.330000 227.239990
v -187.720001 5.330000 227.239990
v -187.720001 5.330000 237.119995
v -184.489990 5.330000 237.119995
v -180.309998 5.330000 230.279999
v -180.309998 5.330000 229.709991
v -182.209991 5.330000 230.089996
v -182.019989 5.330000 230.659988
f 7167 7168 7169 7160 7161 7165
f 7158 7159 7160 7169 7170 7171
f 7162 7163 7164 7165 7161
f 7165 7166 7167
f 7175 7176 7177
f 7179 7180 7181
f 7179 7181 7182
f 7175 7177 7178
f 7179 7182 7183 7178
f 7174 7184 7185 7186 7173
f 7178 7183 7184 7174 7175
f 7187 7172 7173 7186
f 7188 7189 7190 7191
v -207.479996 5.330000 118.559998
v -207.479996 5.330000 117.799995
v -207.669998 5.330000 118.559998
v -208.619995 5.330000 118.559998
v -208.619995 5.330000 117.040001
v -209.000000 5.430000 116.849998
v -208.619995 5.430000 114.000000
v -209.000000 5.430000 113.619995
v -215.459991 5.330000 113.619995
v -215.649994 5.330000 115.329994
v -215.269989 5.530000 117.040001
v -214.699997 5.530000 117.229996
v -215.080002 5.530000 118.559998
v -216.220001 5.330000 118.559998
v -216.409988 5.330000 117.419998
v -217.360001 5.330000 117.229996
v -217.360001 5.330000 118.559998
v -209.000000 5.330000 112.290001
v -208.619995 5.330000 112.099998
v -209.000000 5.330000 108.680000
v -215.459991 5.330000 108.680000
v -216.789993 5.330000 110.579994
v -217.169998 5.330000 110.009995
v -217.169998 5.330000 110.579994
v -216.979996 5.330000 109.439995
v -217.169998 5.330000 108.680000
v -217.360001 5.330000 108.680000
v -217.360001 5.330000 109.820000
f 7192 7193 7194
f 7195 7196 7197 7203 7204
f 7201 7202 7203
f 7197 7198 7199 7200 7201 7203
f 7206 7207 7208 7205
f 7209 7210 7211 7212 7200
f 7200 7199 7209
f 7213 7214 7215
f 7219 7214 7216 7217 7218
v -218.309998 5.330000 177.839996
v -217.929993 5.330000 172.709991
v -217.360001 5.330000 171.190002
v -217.360001 5.330000 167.959991
v -220.970001 5.330000 167.959991
v -221.159988 5.330000 169.099991
v -222.489990 5.330000 169.099991
v -221.919998 5.330000 169.669998
v -221.919998 5.330000 170.429993
v -223.629990 5.330000 171.949997
v -224.199997 5.330000 171.949997
v -224.769989 5.330000 171.000000
v -227.239990 5.330000 171.000000
v -227.239990 5.330000 173.470001
v -225.909988 5.330000 173.279999
v -225.720001 5.330000 174.229996
v -225.339996 5.330000 174.229996
v -224.199997 5.330000 173.089996
v -223.059998 5.330000 172.899994
v -221.539993 5.330000 174.610001
v -221.729996 5.330000 177.839996
v -224.769989 5.330000 177.839996
v -224.199997 5.330000 174.989990
v -226.099991 5.330000 176.509995
v -226.669998 5.330000 176.509995
v -226.860001 5.330000 177.839996
v -225.529999 5.330000 177.839996
v -223.440002 5.330000 174.419998
v -224.009995 5.330000 174.610001
v -223.250000 5.330000 174.800003
v -225.149994 5.330000 169.860001
v -226.669998 5.330000 168.910004
v -226.669998 5.330000 167.959991
v -227.239990 5.330000 167.959991
v -227.239990 5.330000 170.050003
v -223.629990 5.330000 168.910004
v -223.629990 5.330000 168.529999
v -224.199997 5.330000 168.910004
v -223.059998 5.330000 167.959991
v -223.629990 5.330000 167.959991
v -223.440002 5.330000 168.529999
f 7225 7226 7227
f 7234 7235 7236 7237 7230
f 7225 7227 7228
f 7228 7229 7238 7239
f 7231 7232 7233 7234 7230
f 7222 7223 7225 7228 7239 7221
f 7239 7240 7220 7221
f 7223 7224 7225
f 7229 7230 7237 7238
f 7243 7244 7245 7246
f 7241 7242 7243 7246
f 7247 7248 7249
f 7251 7252 7253 7254
f 7250 7251 7254
f 7255 7256 7257
f 7258 7259 7260
v -49.399998 5.130000 197.599991
v -49.399998 5.130000 196.649994
v -50.539997 5.130000 197.599991
v -56.239998 5.130000 196.839996
v -54.719997 5.130000 196.459991
v -52.250000 5.130000 194.940002
v -50.349998 5.130000 193.039993
v -49.399998 5.130000 190.949997
v -49.399998 5.130000 187.720001
v -49.590000 5.130000 187.720001
v -51.299999 5.130000 191.519989
v -53.770000 5.130000 193.989990
v -56.049999 5.130000 195.129990
v -57.379997 5.130000 195.129990
v -57.949997 5.130000 193.610001
v -59.279999 5.130000 193.610001
v -59.279999 5.130000 197.599991
v -56.809998 5.130000 197.599991
v -51.299999 5.130000 196.839996
v -51.869999 5.130000 195.889999
v -52.629997 5.130000 196.459991
v -52.439999 5.130000 197.409988
v -49.399998 5.130000 194.940002
v -49.399998 5.130000 194.559998
v -50.160000 5.130000 194.179993
v -50.730000 5.130000 194.940002
v -49.969997 5.130000 195.699997
v -56.049999 5.130000 193.989990
v -56.049999 5.130000 193.610001
v -56.809998 5.130000 193.800003
v -57.759998 5.130000 192.849991
v -56.049999 5.130000 192.470001
v -54.719997 5.130000 191.519989
v -55.669998 5.130000 190.949997
v -55.669998 5.130000 190.190002
v -53.579998 5.130000 187.720001
v -57.949997 5.230000 187.720001
v -59.279999 5.230000 187.909988
v -54.529999 5.130000 192.659988
v -54.910000 5.130000 192.849991
v -54.340000 5.130000 193.039993
v -53.009998 5.130000 191.899994
v -53.009998 5.130000 191.519989
v -53.579998 5.130000 191.709991
v -53.389999 5.130000 192.089996
v -52.059998 5.130000 190.569992
v -52.059998 5.130000 190.000000
v -52.439999 5.130000 190.190002
v -51.110001 5.130000 188.860001
v -51.110001 5.130000 188.479996
v -51.489998 5.130000 188.479996
v -51.489998 5.130000 188.860001
v -52.250000 5.130000 187.720001
v -52.820000 5.130000 187.720001
v -52.439999 5.130000 188.099991
f 7261 7262 7263
f 7274 7275 7276
f 7274 7276 7277 7278 7264
f 7271 7267 7268 7269 7270
f 7266 7267 7271 7272
f 7273 7274 7264
f 7273 7264 7265 7266 7272
f 7279 7280 7281 7282
f 7283 7284 7285 7286 7287
f 7288 7289 7290
f 7292 7293 7294
f 7276 7275 7291
f 7292 7294 7295 7291
f 7295 7296 7297
f 7295 7297 7298 7276 7291
f 7299 7300 7301
f 7302 7303 7304 7305
f 7306 7307 7308
f 7309 7310 7311 7312
f 7313 7314 7315
v -217.360001 5.330000 148.199997
v -217.360001 5.330000 145.349991
v -220.209991 5.330000 148.199997
v -223.819992 5.330000 147.440002
v -223.819992 5.330000 146.489990
v -221.159988 5.330000 144.209991
v -220.970001 5.330000 143.449997
v -217.360001 5.330000 142.309998
v -217.360001 5.330000 140.029999
v -220.589996 5.330000 141.929993
v -221.539993 5.330000 141.739990
v -221.349991 5.330000 140.789993
v -217.360001 5.330000 138.509995
v -217.360001 5.330000 138.319992
v -227.239990 5.330000 138.319992
v -227.239990 5.330000 143.830002
v -226.860001 5.330000 144.020004
v -226.860001 5.530000 144.589996
v -227.239990 5.730000 145.160004
v -226.099991 5.330000 145.539993
v -226.099991 5.330000 146.110001
v -227.239990 5.330000 146.679993
v -226.860001 5.330000 148.009995
v -226.479996 5.330000 148.199997
v -223.250000 5.330000 148.199997
v -221.729996 5.930000 147.629990
v -220.019989 5.930000 145.539993
v -219.639999 5.930000 145.539993
v -220.019989 5.930000 144.589996
v -220.399994 5.930000 144.589996
v -222.869995 5.930000 146.869995
v -222.299988 5.930000 147.629990
v -218.309998 5.330000 144.209991
v -218.309998 5.330000 143.830002
v -219.069992 5.330000 144.020004
v -219.069992 5.330000 144.589996
f 7316 7317 7318
f 7333 7334 7335
f 7332 7333 7335 7320 7326 7327
f 7337 7338 7339 7340 7319 7336
f 7330 7331 7332 7327 7329
f 7327 7328 7329
f 7326 7320 7321 7322
f 7336 7319 7320 7335
f 7322 7325 7326
f 7323 7324 7325 7322
f 7342 7343 7344
f 7342 7344 7345 7346 7347 7341
f 7348 7349 7350 7351
v -69.159996 5.330000 98.799995
v -69.159996 5.330000 96.519997
v -69.919998 5.330000 96.519997
v -70.110001 5.330000 95.570000
v -73.720001 5.330000 95.570000
v -73.909996 5.330000 96.519997
v -77.139999 5.330000 96.519997
v -77.330002 5.330000 95.570000
v -79.040001 5.330000 95.570000
v -79.040001 5.330000 98.799995
v -79.040001 5.330000 94.430000
v -79.040001 5.330000 94.619995
v -78.089996 5.330000 94.619995
v -70.489998 5.330000 93.479996
v -70.489998 5.230000 88.919998
v -79.040001 5.330000 88.919998
v -79.040001 5.330000 93.479996
v -77.330002 5.330000 93.479996
v -77.139999 5.330000 92.909996
v -73.909996 5.330000 92.909996
v -73.720001 5.330000 93.479996
v -69.159996 5.330000 92.909996
v -69.159996 5.330000 88.919998
v -69.540001 5.630000 88.919998
v -69.540001 5.630000 92.909996
f 7358 7359 7360 7361
f 7352 7353 7354
f 7357 7358 7361 7352
f 7354 7355 7356
f 7354 7356 7357 7352
f 7362 7363 7364
f 7368 7369 7370 7367
f 7371 7372 7365 7366
f 7367 7370 7371 7366
f 7373 7374 7375 7376
v -50.349998 5.330000 128.440002
v -50.349998 5.330000 126.540001
v -50.919998 5.330000 126.540001
v -50.919998 5.330000 128.440002
v -53.389999 5.330000 128.440002
v -53.579998 5.330000 125.019997
v -55.480000 5.330000 125.209999
v -55.669998 5.330000 124.259995
v -59.279999 5.330000 124.259995
v -59.279999 5.330000 128.440002
v -55.480000 5.330000 123.119995
v -53.389999 5.330000 123.119995
v -53.389999 5.330000 118.559998
v -53.770000 5.330000 118.559998
v -53.959999 5.330000 121.409996
v -55.480000 5.330000 121.219994
v -55.480000 5.330000 118.559998
v -59.279999 5.330000 118.559998
v -50.349998 5.330000 122.930000
v -50.349998 5.330000 119.889999
v -49.399998 4.930000 119.509995
v -49.399998 5.030000 118.559998
v -50.919998 5.330000 118.559998
v -50.919998 5.330000 122.930000
f 7377 7378 7379 7380
f 7381 7382 7383
f 7383 7384 7385
f 7383 7385 7386 7381
f 7389 7390 7391 7388
f 7392 7393 7394 7385 7384
f 7387 7388 7391 7392
f 7384 7387 7392
f 7396 7397 7398 7399
f 7396 7399 7400 7395
v -158.080002 5.330000 79.040001
v -158.080002 5.330000 78.470001
v -158.459991 5.330000 79.040001
v -160.169998 6.030000 78.279999
v -160.739990 6.030000 79.040001
v -160.550003 6.030000 79.040001
v -162.639999 5.430000 78.659996
v -162.449997 5.430000 77.900002
v -163.399994 5.430000 77.709999
v -163.209991 5.430000 76.759995
v -162.069992 5.430000 76.759995
v -162.259995 5.430000 75.619995
v -162.639999 5.430000 76.000000
v -164.349991 5.430000 75.809998
v -164.160004 5.430000 76.759995
v -164.919998 5.430000 76.949997
v -164.539993 5.430000 78.659996
v -164.919998 5.430000 79.040001
v -161.879990 5.430000 79.040001
v -167.769989 5.330000 77.709999
v -167.769989 5.330000 75.809998
v -167.389999 5.330000 75.430000
v -167.959991 5.330000 75.239998
v -167.959991 5.330000 78.470001
v -166.819992 5.430000 79.040001
v -165.679993 5.430000 79.040001
v -159.029999 5.930000 76.379997
v -159.220001 5.730000 75.809998
v -159.979996 5.930000 77.139999
v -159.789993 5.930000 77.519997
v -158.080002 5.330000 74.099998
v -158.080002 5.330000 69.159996
v -167.959991 5.330000 69.159996
v -167.959991 5.330000 70.869995
v -166.819992 5.330000 70.680000
v -165.679993 5.330000 71.250000
v -164.919998 5.330000 70.680000
v -164.160004 5.330000 70.680000
v -158.839996 5.330000 73.150002
v -158.459991 5.330000 74.099998
v -166.059998 5.330000 73.150002
v -166.250000 5.330000 72.580002
v -167.199997 5.330000 72.389999
v -167.769989 5.330000 73.529999
v -167.389999 5.330000 74.099998
v -166.629990 5.330000 74.099998
f 7401 7402 7403
f 7404 7405 7406
f 7411 7412 7413 7410
f 7409 7410 7415 7416 7417
f 7407 7408 7409 7417
f 7410 7413 7414 7415
f 7407 7417 7418 7419
f 7421 7422 7423
f 7425 7426 7420 7424
f 7420 7421 7423 7424
f 7427 7428 7429 7430
f 7439 7440 7431 7432
f 7433 7434 7435
f 7435 7436 7437 7433
f 7432 7438 7439
f 7433 7437 7438 7432
f 7444 7445 7446 7441 7442 7443
v -108.680000 5.130000 247.000000
v -108.680000 5.130000 244.339996
v -110.579994 5.130000 244.149994
v -110.389999 5.130000 243.009995
v -108.680000 5.130000 243.009995
v -108.680000 5.130000 237.119995
v -111.339996 5.130000 237.119995
v -112.669998 5.130000 238.830002
v -112.860001 5.130000 239.779999
v -114.379997 5.330000 239.779999
v -114.379997 5.330000 242.059998
v -112.479996 5.130000 242.059998
v -112.099998 5.130000 242.439987
v -112.099998 5.130000 244.339996
v -112.479996 5.130000 244.529999
v -112.290001 5.130000 247.000000
v -115.899994 5.330000 245.289993
v -115.709999 5.330000 244.529999
v -115.139999 5.330000 244.529999
v -115.709999 5.330000 242.250000
v -115.709999 5.330000 239.589996
v -115.139999 5.330000 237.500000
v -115.709999 5.330000 237.500000
v -115.899994 5.330000 237.119995
v -118.559998 5.330000 237.119995
v -118.559998 5.330000 237.309998
v -116.659996 5.330000 238.639999
v -115.899994 5.330000 239.589996
v -115.899994 5.330000 240.349991
v -117.989998 5.330000 240.539993
v -118.559998 5.330000 239.589996
v -118.559998 5.330000 242.250000
v -117.799995 5.330000 241.299988
v -116.279999 5.330000 241.299988
v -115.899994 5.330000 241.679993
v -115.899994 5.330000 242.439987
v -116.469994 5.330000 242.629990
v -117.610001 5.330000 244.149994
v -118.559998 5.330000 244.529999
v -118.559998 5.330000 245.289993
f 7460 7461 7462 7447 7448 7449
f 7455 7456 7457 7458
f 7460 7449 7450 7459
f 7455 7458 7459
f 7453 7454 7455
f 7459 7450 7451 7452 7453 7455
f 7484 7485 7486 7463 7464
f 7476 7477 7478 7479
f 7470 7471 7472 7473 7469
f 7476 7479 7480 7475
f 7457 7456 7467 7475 7481 7466
f 7475 7480 7481
f 7466 7481 7482 7464 7465
f 7473 7474 7467 7468 7469
f 7483 7484 7464 7482
f 7474 7475 7467
v -177.839996 5.930000 88.919998
v -177.839996 5.930000 87.209999
v -178.789993 5.830000 87.019997
v -179.550003 5.830000 88.919998
v -187.149994 5.330000 87.019997
v -187.720001 5.330000 86.639999
v -187.720001 5.330000 88.919998
v -186.389999 5.330000 88.919998
v -182.589996 5.330000 87.970001
v -183.349991 5.330000 85.689995
v -185.629990 5.330000 86.639999
v -184.869995 5.330000 88.729996
v -179.360001 5.330000 85.879997
v -177.839996 5.330000 86.070000
v -177.839996 5.330000 85.500000
v -178.979996 5.330000 85.119995
v -178.789993 5.330000 83.409996
v -182.779999 5.330000 83.409996
v -182.209991 5.330000 83.790001
v -182.019989 5.330000 85.309998
v -180.500000 5.330000 88.159996
v -186.199997 5.730000 84.549995
v -186.009995 5.530000 83.599998
v -185.250000 5.330000 83.790001
v -185.059998 5.330000 83.029999
v -183.729996 5.330000 82.459999
v -179.360001 5.330000 82.459999
v -177.839996 5.330000 81.889999
v -177.839996 5.330000 79.040001
v -187.720001 5.330000 79.040001
v -187.720001 5.330000 84.360001
v -186.580002 5.730000 84.739998
v -184.300003 5.330000 84.360001
v -185.059998 5.330000 84.169998
v -185.059998 5.330000 84.549995
f 7487 7488 7489 7490
f 7491 7492 7493 7494
f 7495 7496 7497 7498
f 7500 7501 7502 7499
f 7503 7504 7505
f 7499 7502 7503
f 7506 7507 7499 7503 7505
f 7509 7510 7511
f 7518 7508 7509 7517
f 7516 7511 7512
f 7517 7509 7511 7516
f 7513 7514 7515 7516 7512
f 7519 7520 7521
v -217.360001 5.330000 167.959991
v -217.360001 5.330000 159.979996
v -219.639999 5.330000 159.599991
v -219.830002 5.330000 158.649994
v -219.449997 5.330000 158.080002
v -220.399994 5.330000 158.080002
v -220.019989 5.430000 159.220001
v -221.159988 5.630000 159.220001
v -221.539993 5.630000 159.599991
v -221.349991 5.430000 160.739990
v -219.639999 5.330000 162.449997
v -218.690002 5.330000 162.639999
v -218.690002 5.330000 163.779999
v -217.739990 5.330000 164.349991
v -217.739990 5.330000 165.110001
v -218.879990 5.330000 166.250000
v -220.589996 5.330000 165.869995
v -221.349991 5.330000 167.389999
v -220.970001 5.330000 167.959991
v -221.919998 5.330000 166.059998
v -222.110001 5.330000 164.919998
v -220.970001 5.330000 164.349991
v -220.779999 5.330000 162.830002
v -221.349991 5.330000 162.449997
v -222.299988 5.330000 162.830002
v -222.489990 5.330000 163.589996
v -223.440002 5.330000 163.589996
v -223.629990 5.330000 162.830002
v -224.009995 5.330000 161.500000
v -224.769989 5.330000 161.500000
v -227.239990 5.330000 158.839996
v -227.239990 5.330000 163.019989
v -226.289993 5.330000 163.399994
v -226.289993 5.330000 164.160004
v -226.479996 5.330000 165.110001
v -227.239990 5.330000 165.489990
v -227.239990 5.330000 166.440002
v -227.239990 5.330000 167.959991
v -226.669998 5.330000 167.959991
v -226.099991 5.330000 166.250000
v -225.720001 5.330000 165.869995
v -224.769989 5.330000 165.869995
v -224.389999 5.330000 166.250000
v -224.389999 5.330000 167.199997
v -223.629990 5.330000 167.959991
v -223.059998 5.330000 167.959991
v -222.110001 5.330000 161.690002
v -222.110001 5.330000 160.550003
v -222.489990 5.330000 160.169998
v -223.250000 5.330000 162.259995
v -222.679993 5.330000 162.259995
v -222.869995 5.330000 158.080002
v -225.529999 5.330000 158.080002
v -224.389999 5.330000 159.410004
v -224.009995 5.330000 159.410004
f 7525 7526 7527
f 7525 7527 7528 7524
f 7535 7536 7522 7523
f 7529 7530 7531 7524 7528
f 7536 7537 7522
f 7533 7534 7535 7523
f 7524 7531 7532 7533 7523
f 7538 7539 7540 7522 7537
f 7544 7545 7546 7547 7542 7543
f 7556 7557 7558 7561 7562
f 7565 7566 7567
f 7558 7559 7560 7561
f 7564 7565 7567 7541 7542 7548
f 7542 7547 7548
f 7551 7552 7553 7554
f 7549 7550 7551 7548
f 7555 7556 7562 7563
f 7555 7563 7564 7548 7551 7554
f 7550 7549 7571
f 7546 7545 7568 7572
f 7571 7572 7568 7569 7570 7550
f 7573 7574 7575 7576
v -217.929993 5.330000 158.080002
v -217.739990 5.330000 156.559998
v -218.309998 5.330000 156.559998
v -218.309998 5.330000 158.080002
v -219.449997 5.330000 158.080002
v -219.449997 5.330000 157.129990
v -220.399994 5.330000 158.080002
v -217.360001 5.330000 152.759995
v -217.360001 5.330000 148.199997
v -220.209991 5.330000 148.199997
v -227.239990 5.330000 155.039993
v -227.239990 5.330000 156.369995
v -225.529999 5.330000 158.080002
v -222.869995 5.330000 158.080002
v -222.869995 5.330000 148.580002
v -222.869995 5.330000 148.199997
v -223.250000 5.330000 148.199997
v -226.479996 5.330000 148.199997
v -226.479996 5.330000 149.149994
v -227.239990 5.330000 149.529999
v -227.239990 5.330000 152.759995
f 7577 7578 7579 7580
f 7581 7582 7583
f 7587 7588 7589
f 7587 7589 7590 7584 7585 7586
f 7591 7592 7593 7595 7596 7597
f 7593 7594 7595
v -197.599991 5.330000 217.360001
v -197.599991 5.330000 216.409988
v -201.589996 5.330000 214.699997
v -203.110001 5.330000 212.610001
v -205.959991 5.330000 210.899994
v -207.479996 5.330000 209.000000
v -207.479996 5.330000 217.360001
v -197.599991 5.330000 214.889999
v -198.169998 5.330000 214.699997
v -197.599991 5.330000 215.080002
v -199.879990 5.330000 213.940002
v -199.309998 5.330000 212.229996
v -198.739990 5.330000 207.479996
v -198.929993 5.330000 207.479996
v -200.449997 5.330000 208.809998
v -201.399994 5.330000 208.809998
v -202.159988 5.330000 207.669998
v -202.919998 5.330000 207.669998
v -202.919998 5.330000 208.049988
v -204.440002 5.330000 209.190002
v -205.199997 5.330000 209.190002
v -206.149994 5.330000 207.479996
v -206.909988 5.330000 207.479996
v -205.199997 5.330000 209.949997
v -203.679993 5.330000 210.519989
v -201.589996 5.330000 212.419998
v -201.019989 5.330000 213.559998
v -197.599991 5.330000 213.179993
v -197.599991 5.330000 211.089996
v -197.979996 5.330000 213.179993
f 7598 7599 7600 7604
f 7600 7601 7602 7604
f 7602 7603 7604
f 7605 7606 7607
f 7614 7615 7616
f 7622 7613 7614 7616 7617 7621
f 7610 7611 7612 7609
f 7624 7608 7609 7623
f 7617 7618 7621
f 7618 7619 7620 7621
f 7613 7622 7623 7609 7612
f 7625 7626 7627
v -187.720001 5.330000 227.239990
v -187.720001 5.330000 224.009995
v -189.809998 5.330000 223.250000
v -190.569992 5.330000 223.629990
v -190.000000 5.330000 224.009995
v -190.000000 5.330000 224.959991
v -190.759995 5.330000 226.669998
v -189.809998 5.330000 226.479996
v -188.289993 5.330000 227.239990
v -195.319992 5.330000 225.529999
v -194.750000 5.330000 225.339996
v -193.989990 5.330000 222.869995
v -193.229996 5.330000 222.869995
v -192.849991 5.330000 222.299988
v -191.519989 5.330000 221.729996
v -187.720001 5.330000 222.679993
v -187.720001 5.330000 220.019989
v -189.050003 5.330000 219.830002
v -192.089996 5.330000 218.119995
v -193.610001 5.330000 218.309998
v -193.989990 5.330000 217.549988
v -195.319992 5.330000 217.360001
v -197.599991 5.330000 217.360001
v -197.599991 5.330000 219.069992
v -196.459991 5.330000 220.589996
v -196.080002 5.330000 223.440002
v -197.029999 5.330000 223.629990
v -197.220001 5.330000 223.059998
v -197.599991 5.330000 223.250000
v -197.599991 5.330000 223.440002
v -197.220001 5.330000 223.629990
v -197.220001 5.330000 224.199997
v -195.889999 5.330000 224.769989
v -195.889999 5.630000 225.909988
v -196.459991 5.530000 226.289993
v -197.599991 5.530000 225.909988
v -197.599991 5.530000 227.239990
v -196.459991 5.530000 227.239990
v -191.899994 5.330000 226.099991
v -191.519989 5.330000 225.149994
v -191.519989 5.330000 224.769989
v -192.849991 5.330000 224.199997
v -193.419998 5.330000 225.149994
v -193.229996 5.330000 225.720001
v -187.720001 5.330000 218.119995
v -187.720001 5.330000 217.360001
v -188.479996 5.330000 217.360001
v -188.669998 5.330000 217.929993
f 7630 7631 7632
f 7633 7634 7635
f 7630 7632 7633
f 7635 7636 7628 7629 7630 7633
f 7655 7656 7657 7658 7654
f 7647 7648 7649 7650 7651 7652
f 7652 7653 7639 7641
f 7654 7658 7659
f 7639 7640 7641
f 7653 7654 7659 7660
f 7642 7645 7646 7647 7652 7641
f 7662 7663 7664 7665
f 7643 7644 7645 7642
f 7661 7662 7665
f 7661 7665 7637
f 7660 7661 7637
f 7660 7637 7638 7639 7653
f 7666 7667 7668 7669 7670 7671
f 7672 7673 7674 7675
v -148.199997 5.230000 247.000000
v -148.199997 5.230000 242.439987
v -148.389999 5.230000 241.869995
v -148.770004 5.230000 244.339996
v -152.569992 5.330000 244.339996
v -152.949997 5.330000 243.769989
v -154.660004 5.330000 244.909988
v -154.089996 5.330000 245.289993
v -154.089996 5.330000 246.049988
v -154.849991 5.330000 246.239990
v -154.849991 5.330000 247.000000
v -155.419998 5.330000 246.049988
v -155.419998 5.330000 245.099991
v -152.949997 5.330000 241.869995
v -153.519989 5.330000 241.869995
v -153.709991 5.330000 242.439987
v -155.610001 5.330000 242.439987
v -156.369995 5.330000 241.679993
v -156.369995 5.330000 237.119995
v -158.080002 5.330000 237.119995
v -158.080002 5.330000 247.000000
v -149.720001 5.230000 243.009995
v -149.720001 5.230000 242.250000
v -151.619995 5.330000 242.250000
v -151.619995 5.330000 243.009995
v -148.199997 5.930000 239.970001
v -148.199997 5.930000 238.449997
v -148.580002 5.930000 238.639999
v -149.149994 5.930000 238.069992
v -150.289993 5.930000 238.259995
v -148.959991 5.630000 238.449997
v -151.809998 5.530000 237.119995
v -152.569992 5.530000 237.119995
v -153.519989 5.930000 237.119995
v -153.899994 5.530000 237.119995
v -153.899994 5.530000 237.689987
v -152.569992 5.530000 237.689987
v -152.379990 5.530000 238.449997
v -151.809998 5.930000 238.449997
f 7684 7685 7686
f 7681 7682 7683 7680
f 7680 7684 7686 7676 7679
f 7677 7678 7679 7676
f 7680 7683 7684
f 7689 7690 7691 7681
f 7686 7685 7687 7696
f 7696 7687 7688 7693 7695
f 7682 7681 7691 7692
f 7693 7694 7695
f 7688 7682 7692 7693
f 7697 7698 7699 7700
f 7701 7702 7703
f 7704 7705 7706
f 7709 7710 7711
f 7712 7713 7714 7707 7708
f 7709 7711 7712 7708
v -197.599991 5.330000 108.680000
v -197.599991 5.330000 104.689995
v -205.199997 5.330000 104.689995
v -206.339996 5.330000 106.019997
v -206.909988 5.330000 106.019997
v -206.909988 5.330000 106.589996
v -206.339996 5.330000 106.589996
v -206.149994 5.330000 107.349998
v -205.199997 5.330000 107.919998
v -205.199997 5.330000 108.680000
v -207.099991 5.330000 108.110001
v -207.099991 5.330000 107.540001
v -207.479996 5.330000 107.540001
v -207.479996 5.330000 108.489998
v -207.479996 5.330000 108.680000
v -206.339996 5.330000 108.680000
v -197.599991 5.330000 102.220001
v -197.599991 5.330000 100.320000
v -200.069992 5.330000 101.079994
v -200.639999 5.330000 101.839996
v -202.349991 5.330000 102.029999
v -203.110001 5.330000 100.509995
v -203.110001 5.330000 99.939995
v -202.539993 5.330000 99.559998
v -204.819992 5.330000 99.939995
v -205.389999 5.330000 98.799995
v -207.289993 5.330000 98.799995
v -207.479996 5.330000 99.369995
v -207.479996 5.330000 100.889999
v -205.389999 5.330000 102.599998
v -197.979996 5.330000 102.599998
v -199.119995 5.530000 98.799995
v -200.069992 5.930000 98.799995
v -200.639999 5.930000 98.799995
v -200.639999 5.630000 99.369995
f 7718 7719 7720 7721
f 7723 7724 7715
f 7718 7721 7722
f 7718 7722 7723 7715 7716 7717
f 7725 7726 7727 7728
f 7729 7730 7725 7728
f 7737 7738 7739
f 7736 7737 7739
f 7741 7742 7743 7744 7739 7740
f 7745 7731 7732 7733 7734
f 7736 7739 7744 7735
f 7735 7744 7745 7734
f 7747 7748 7749
f 7746 7747 7749
v -110.009995 5.330000 78.089996
v -108.680000 5.330000 77.900002
v -108.680000 5.330000 69.159996
v -118.559998 5.330000 69.159996
v -118.559998 5.330000 79.040001
v -110.579994 5.330000 79.040001
f 7754 7755 7750
f 7750 7751 7752 7753 7754
v -125.019997 5.330000 247.000000
v -125.019997 5.330000 246.429993
v -125.589996 5.330000 246.619995
v -125.589996 5.330000 247.000000
v -126.540001 5.130000 247.000000
v -126.540001 5.130000 237.119995
v -128.440002 5.130000 237.119995
v -128.440002 5.130000 241.299988
v -128.440002 5.130000 242.629990
v -128.440002 5.130000 247.000000
v -118.559998 5.330000 246.239990
v -122.930000 5.330000 246.429993
v -118.559998 5.330000 246.429993
v -118.559998 5.330000 245.289993
v -118.559998 5.330000 244.529999
v -121.029999 5.330000 244.529999
v -121.790001 5.330000 244.149994
v -122.549995 5.330000 243.580002
v -123.309998 5.330000 242.059998
v -123.309998 5.330000 239.779999
v -122.739998 5.330000 238.639999
v -120.839996 5.330000 237.309998
v -118.559998 5.330000 237.309998
v -118.559998 5.330000 237.119995
v -122.930000 5.330000 237.119995
v -123.119995 5.330000 237.500000
v -124.070000 5.330000 237.500000
v -124.070000 5.330000 244.529999
v -123.119995 5.330000 244.529999
v -122.930000 5.330000 245.289993
v -118.559998 5.330000 242.250000
v -118.559998 5.330000 239.589996
v -119.509995 5.430000 239.019989
v -120.459999 5.830000 239.209991
v -120.079994 5.830000 239.970001
v -118.939995 5.330000 240.349991
v -118.939995 5.330000 241.299988
v -119.320000 5.330000 241.679993
v -120.269997 5.330000 241.679993
v -121.219994 5.330000 240.159988
v -121.599998 5.330000 241.299988
v -120.269997 5.330000 242.819992
v -119.129997 5.330000 242.819992
f 7756 7757 7758 7759
f 7761 7762 7763
f 7764 7765 7760
f 7761 7763 7764 7760
f 7766 7767 7768
f 7777 7778 7779 7780
f 7773 7774 7783 7784
f 7776 7777 7780 7781
f 7785 7771 7772 7784
f 7776 7781 7782 7775
f 7784 7772 7773
f 7769 7770 7771 7785
f 7774 7775 7782 7783
f 7788 7789 7790 7791 7787
f 7794 7795 7796 7797
f 7798 7786 7793 7794 7797
f 7787 7791 7792 7786
f 7792 7793 7786
v -88.919998 5.030000 237.119995
v -88.919998 5.130000 230.659988
v -90.629997 5.130000 231.039993
v -90.629997 5.030000 235.789993
v -91.009995 5.030000 236.169998
v -98.799995 5.130000 236.169998
v -98.799995 5.130000 237.119995
v -93.099998 5.030000 233.889999
v -93.099998 5.030000 231.610001
v -94.430000 5.130000 231.610001
v -94.619995 5.130000 232.559998
v -94.619995 5.130000 233.319992
v -95.379997 5.130000 233.699997
v -95.379997 5.130000 233.889999
v -95.949997 5.130000 233.509995
v -95.949997 5.130000 232.369995
v -95.000000 5.130000 232.179993
v -97.279999 5.130000 231.610001
v -97.279999 5.130000 233.889999
v -91.579994 5.030000 233.129990
v -91.579994 5.030000 232.369995
v -92.150002 5.030000 232.369995
v -92.150002 5.030000 233.129990
v -88.919998 5.130000 227.239990
v -98.799995 5.130000 227.239990
v -98.799995 5.130000 229.330002
v -91.009995 5.130000 229.330002
v -90.629997 5.130000 229.709991
f 7800 7801 7802 7799
f 7803 7804 7805 7799
f 7799 7802 7803
f 7810 7811 7812 7806
f 7808 7809 7810 7806 7807
f 7812 7811 7813 7817
f 7815 7809 7808
f 7814 7816 7817 7813
f 7814 7815 7808 7816
f 7818 7819 7820 7821
f 7826 7801 7800
f 7825 7826 7800 7822
f 7823 7824 7825 7822
v -187.720001 5.330000 98.799995
v -187.720001 5.330000 97.279999
v -189.050003 5.330000 97.279999
v -192.849991 5.330000 98.799995
v -196.839996 5.730000 98.229996
v -196.839996 5.730000 97.470001
v -197.409988 5.530000 97.279999
v -197.409988 5.530000 96.709999
v -195.129990 5.530000 95.949997
v -194.559998 5.530000 93.860001
v -194.559998 5.530000 93.479996
v -195.129990 5.530000 92.909996
v -196.080002 5.530000 92.720001
v -196.459991 5.630000 90.820000
v -196.269989 5.330000 89.299995
v -196.649994 5.330000 88.919998
v -197.599991 5.330000 88.919998
v -197.599991 5.330000 90.059998
v -196.839996 5.630000 90.820000
v -196.839996 5.530000 91.769997
v -197.599991 5.530000 91.959999
v -197.599991 5.530000 92.720001
v -197.599991 5.530000 93.290001
v -197.599991 5.530000 95.949997
v -197.599991 5.530000 97.279999
v -197.599991 5.530000 97.470001
v -197.220001 5.530000 98.229996
v -192.659988 5.530000 96.519997
v -191.899994 5.530000 96.519997
v -192.659988 5.530000 95.189995
v -192.470001 5.530000 94.049995
v -191.330002 5.930000 94.049995
v -191.139999 5.930000 94.619995
v -190.190002 5.930000 94.430000
v -189.809998 5.530000 95.570000
v -189.429993 5.530000 95.570000
v -189.619995 5.530000 94.430000
v -190.190002 5.930000 94.239998
v -190.190002 5.930000 93.099998
v -190.569992 5.930000 93.860001
v -191.139999 5.530000 93.860001
v -191.519989 5.530000 93.479996
v -191.899994 5.530000 91.199997
v -192.659988 5.530000 91.199997
v -193.039993 5.530000 90.629997
v -194.940002 5.530000 91.009995
v -193.419998 5.530000 93.099998
v -193.229996 5.530000 94.239998
v -194.179993 5.530000 94.430000
v -194.750000 5.530000 96.139999
v -194.750000 5.530000 96.900002
v -195.319992 5.530000 97.279999
v -193.989990 5.530000 97.279999
v -187.720001 5.330000 94.430000
v -187.720001 5.330000 88.919998
v -189.050003 5.330000 88.919998
v -189.429993 5.330000 90.059998
v -187.909988 5.330000 94.619995
f 7827 7828 7829 7830
f 7852 7853 7831 7832 7833 7851
f 7839 7846 7848 7849
f 7850 7834 7835 7836 7839 7849
f 7840 7841 7842 7843 7844 7845
f 7851 7833 7834 7850
f 7846 7839 7840 7845
f 7836 7837 7838 7839
f 7846 7847 7848
f 7864 7865 7866
f 7877 7878 7879
f 7859 7860 7864 7866 7867 7858
f 7860 7861 7862 7863 7864
f 7873 7874 7857 7868 7869 7870
f 7876 7877 7879
f 7874 7856 7857
f 7875 7876 7879 7854 7856 7874
f 7875 7836 7835 7876
f 7858 7867 7868 7857
f 7838 7837 7873 7870 7871 7872
f 7854 7855 7856
f 7881 7882 7883 7884 7880
v -141.929993 5.130000 247.000000
v -141.739990 5.130000 246.239990
v -138.319992 5.130000 246.239990
v -138.319992 5.130000 243.959991
v -141.929993 5.130000 244.149994
v -142.119995 5.130000 244.720001
v -144.399994 5.130000 244.720001
v -144.399994 5.230000 242.819992
v -145.729996 5.230000 242.250000
v -145.919998 5.230000 242.629990
v -148.199997 5.230000 242.439987
v -148.199997 5.230000 247.000000
v -138.319992 5.130000 237.119995
v -146.110001 5.230000 237.119995
v -142.119995 5.130000 242.819992
v -147.629990 5.630000 239.779999
v -147.629990 5.530000 238.259995
v -148.199997 5.930000 238.449997
v -148.199997 5.930000 239.970001
f 7892 7893 7894
f 7891 7892 7894 7895 7896
f 7888 7889 7890 7886 7887
f 7885 7886 7890 7891 7896
f 7893 7892 7899 7897 7898
f 7899 7889 7888 7897
f 7900 7901 7902 7903
v -148.199997 5.330000 79.040001
v -148.199997 5.330000 69.159996
v -158.080002 5.330000 69.159996
v -158.080002 5.330000 74.099998
v -156.179993 5.330000 75.049995
v -156.179993 5.330000 76.000000
v -156.940002 5.330000 77.139999
v -157.699997 5.330000 77.330002
v -158.080002 5.330000 78.470001
v -158.080002 5.330000 79.040001
f 7910 7911 7912 7913
f 7908 7909 7904
f 7909 7910 7913 7904
f 7906 7907 7908
f 7905 7906 7908 7904
v -49.399998 5.130000 187.720001
v -49.399998 5.130000 179.360001
v -50.349998 5.130000 177.839996
v -52.439999 5.130000 177.839996
v -50.349998 5.130000 180.500000
v -49.779999 5.130000 182.779999
v -51.680000 5.130000 183.539993
v -53.009998 5.130000 181.259995
v -54.149998 5.130000 181.639999
v -56.809998 5.230000 184.110001
v -56.809998 5.230000 186.580002
v -57.949997 5.230000 187.720001
v -53.579998 5.130000 187.720001
v -52.820000 5.130000 187.720001
v -52.250000 5.130000 187.720001
v -51.869999 5.130000 185.629990
v -50.919998 5.130000 185.250000
v -49.590000 5.130000 185.629990
v -49.590000 5.130000 187.720001
v -50.539997 5.130000 187.149994
v -50.539997 5.130000 186.389999
v -50.919998 5.130000 186.389999
v -51.110001 5.130000 186.959991
v -57.759998 5.230000 186.009995
v -57.759998 5.230000 184.489990
v -59.279999 5.230000 183.349991
v -59.279999 5.230000 186.959991
v -58.709999 5.230000 186.959991
v -56.430000 5.130000 179.550003
v -56.049999 5.130000 178.220001
v -57.570000 5.130000 177.839996
v -59.279999 5.130000 177.839996
v -59.279999 5.230000 182.399994
v -58.329998 5.230000 182.399994
v -51.110001 5.130000 181.639999
v -51.489998 5.130000 181.639999
v -51.299999 5.130000 182.209991
v -50.919998 5.130000 182.209991
v -52.059998 5.130000 180.309998
v -52.059998 5.130000 179.929993
v -52.439999 5.130000 179.929993
v -52.439999 5.130000 180.309998
v -53.009998 5.130000 178.979996
v -53.579998 5.130000 178.599991
v -53.389999 5.130000 179.169998
f 7931 7932 7914
f 7927 7928 7929
f 7916 7917 7918 7915
f 7930 7931 7919 7920
f 7926 7927 7929
f 7920 7921 7922
f 7924 7925 7926
f 7915 7918 7919
f 7920 7922 7923 7924 7926 7929
f 7914 7915 7919 7931
f 7929 7930 7920
f 7934 7935 7936 7933
f 7940 7941 7937 7938 7939
f 7942 7943 7944 7945 7946 7947
f 7922 7942 7947 7923
f 7948 7949 7950 7951
f 7952 7953 7954 7955
f 7956 7957 7958
v -207.479996 5.430000 197.599991
v -207.479996 5.430000 197.220001
v -208.429993 5.430000 197.409988
v -208.619995 5.430000 196.269989
v -208.239990 5.430000 195.889999
v -209.190002 5.430000 195.699997
v -209.190002 5.430000 196.649994
v -209.949997 5.430000 196.839996
v -210.139999 5.430000 197.599991
v -216.789993 5.330000 197.599991
v -216.789993 5.330000 196.649994
v -217.360001 5.330000 196.459991
v -217.360001 5.330000 197.599991
v -214.699997 5.330000 196.839996
v -214.889999 5.330000 195.319992
v -214.319992 5.330000 194.750000
v -213.369995 5.330000 194.369995
v -213.179993 5.330000 193.800003
v -209.949997 5.330000 191.330002
v -208.809998 5.330000 191.519989
v -208.429993 5.330000 190.569992
v -207.479996 5.330000 190.190002
v -209.000000 5.330000 190.000000
v -209.379990 5.330000 189.619995
v -209.569992 5.330000 187.720001
v -212.610001 5.330000 187.720001
v -212.799988 5.330000 190.759995
v -212.989990 5.330000 191.899994
v -213.940002 5.330000 191.899994
v -214.129990 5.330000 191.519989
v -216.029999 5.330000 191.899994
v -215.459991 5.330000 197.409988
v -216.789993 5.330000 195.319992
v -216.789993 5.330000 193.800003
v -217.360001 5.330000 192.470001
v -217.360001 5.330000 195.509995
v -207.479996 5.930000 192.849991
v -207.669998 5.730000 192.659988
v -207.479996 5.930000 193.039993
v -213.940002 5.330000 190.569992
v -214.889999 5.330000 187.720001
v -216.409988 5.330000 188.860001
v -216.789993 5.330000 190.190002
v -216.979996 5.330000 187.720001
v -217.360001 5.330000 187.720001
v -217.360001 5.330000 188.099991
f 7962 7963 7964 7965
f 7959 7961 7967
f 7959 7960 7961
f 7961 7962 7965
f 7965 7966 7967 7961
f 7969 7970 7971 7968
f 7979 7980 7981
f 7974 7975 7976 7986 7987
f 7978 7979 7981
f 7977 7978 7981 7982
f 7985 7977 7982 7983 7984
f 7987 7988 7989 7973 7974
f 7990 7972 7973 7989
f 7985 7986 7976 7977
f 7992 7993 7994 7991
f 7995 7996 7997
f 7989 7988 7998 7999 8000 8001
f 7998 7985 7984 7999
f 8002 8003 8004
v -128.440002 5.130000 247.000000
v -128.440002 5.130000 242.629990
v -129.580002 5.130000 242.250000
v -129.199997 5.130000 241.299988
v -128.440002 5.130000 241.299988
v -128.440002 5.130000 237.119995
v -138.319992 5.130000 237.119995
v -138.319992 5.130000 239.589996
v -134.330002 5.130000 239.589996
v -134.139999 5.130000 239.209991
v -132.809998 5.130000 239.399994
v -132.809998 5.130000 240.539993
v -133.379990 5.130000 240.919998
v -132.429993 5.130000 243.580002
v -131.479996 5.130000 243.769989
v -131.479996 5.130000 244.529999
v -132.239990 5.130000 244.720001
v -132.239990 5.130000 246.239990
v -131.860001 5.130000 246.429993
v -131.860001 5.130000 247.000000
v -131.289993 5.130000 247.000000
v -131.099991 5.130000 246.239990
v -130.149994 5.130000 246.239990
v -129.959991 5.130000 247.000000
v -133.190002 5.130000 247.000000
v -133.000000 5.130000 246.239990
v -132.619995 5.130000 244.529999
v -134.330002 5.130000 240.539993
v -138.319992 5.130000 246.239990
v -136.800003 5.130000 246.239990
v -136.610001 5.130000 247.000000
v -134.899994 5.130000 247.000000
v -134.709991 5.130000 246.239990
v -133.759995 5.130000 246.239990
v -133.569992 5.130000 247.000000
f 8023 8024 8025 8026
f 8015 8016 8008 8009 8010
f 8022 8023 8026 8020 8021
f 8012 8013 8014 8011
f 8011 8014 8015 8010
f 8027 8028 8005
f 8020 8026 8027
f 8019 8020 8027 8005 8006 8007
f 8016 8017 8018 8019 8007 8008
f 8038 8039 8029 8030
f 8037 8031 8018 8034
f 8030 8022 8021
f 8030 8021 8031 8038
f 8034 8035 8036 8037
f 8018 8017 8032 8012 8033 8034
f 8032 8013 8012
f 8037 8038 8031
v -52.059998 5.330000 138.319992
v -52.059998 5.330000 137.369995
v -53.579998 5.330000 137.369995
v -53.770000 5.330000 136.419998
v -56.239998 5.330000 136.610001
v -56.809998 5.330000 136.229996
v -57.759998 5.330000 137.179993
v -58.520000 5.330000 137.179993
v -58.899998 5.330000 135.849991
v -58.899998 5.330000 135.089996
v -58.520000 5.330000 134.899994
v -58.709999 5.330000 128.819992
v -57.759998 5.330000 128.629990
v -56.809998 5.330000 129.389999
v -56.239998 5.330000 129.389999
v -55.289997 5.330000 129.009995
v -53.389999 5.330000 129.009995
v -53.389999 5.330000 128.440002
v -59.279999 5.330000 128.440002
v -59.279999 5.330000 138.319992
v -49.399998 5.330000 137.179993
v -49.399998 5.330000 136.610001
v -50.160000 5.330000 136.610001
v -50.160000 5.330000 137.179993
v -55.289997 5.330000 134.709991
v -55.480000 5.330000 131.099991
v -57.570000 5.330000 131.099991
v -57.570000 5.330000 135.089996
v -49.399998 5.330000 132.809998
v -49.399998 5.330000 131.099991
v -50.919998 5.330000 131.099991
v -50.919998 5.330000 132.809998
v -53.389999 5.330000 131.669998
v -53.389999 5.330000 131.099991
v -54.340000 5.330000 131.099991
v -54.340000 5.330000 131.669998
v -50.349998 5.330000 128.440002
v -50.919998 5.330000 128.440002
v -50.919998 5.330000 129.580002
v -49.969997 5.330000 129.580002
f 8053 8054 8055
f 8044 8045 8046
f 8040 8041 8042
f 8055 8056 8057
f 8052 8053 8055 8057
f 8042 8043 8044 8046
f 8059 8048 8049
f 8059 8047 8048
f 8052 8057 8058
f 8051 8052 8058
f 8042 8046 8047 8059 8040
f 8049 8050 8051
f 8049 8051 8058 8059
f 8060 8061 8062 8063
f 8064 8065 8066 8067
f 8068 8069 8070 8071
f 8072 8073 8074 8075
f 8076 8077 8078 8079
v -59.279999 5.130000 207.479996
v -59.279999 5.130000 202.349991
v -60.989998 5.130000 202.349991
v -61.180000 5.130000 203.489990
v -64.409996 5.130000 203.489990
v -64.409996 5.130000 205.959991
v -63.840000 5.130000 206.149994
v -63.840000 5.130000 207.099991
v -64.409996 5.130000 207.289993
v -64.409996 5.130000 207.479996
v -65.169998 5.130000 207.099991
v -65.169998 5.130000 206.149994
v -69.159996 5.130000 203.489990
v -69.159996 5.130000 205.769989
v -68.779999 5.130000 205.769989
v -67.449997 5.130000 205.769989
v -67.449997 5.130000 206.720001
v -68.400002 5.130000 206.909988
v -68.400002 5.130000 207.479996
v -68.779999 5.130000 206.720001
v -69.159996 5.130000 207.479996
v -61.939999 5.130000 202.539993
v -61.939999 5.130000 202.159988
v -62.889999 5.130000 202.159988
v -62.889999 5.130000 202.539993
v -64.029999 5.130000 202.539993
v -64.029999 5.130000 202.159988
v -64.790001 5.130000 202.159988
v -64.790001 5.130000 202.539993
v -65.930000 5.130000 202.539993
v -65.930000 5.130000 202.159988
v -66.689995 5.130000 202.159988
v -66.689995 5.130000 202.539993
v -67.830002 5.130000 202.539993
v -67.830002 5.130000 202.159988
v -68.779999 5.130000 202.159988
v -68.779999 5.130000 202.539993
v -59.279999 5.130000 197.599991
v -61.180000 5.130000 197.599991
v -61.559998 5.130000 199.500000
v -62.129997 5.130000 200.069992
v -65.739998 5.130000 199.119995
v -68.209999 5.130000 197.599991
v -69.159996 5.130000 197.599991
v -69.159996 5.130000 201.209991
v -61.180000 5.130000 201.209991
v -62.509998 5.130000 198.929993
v -62.320000 5.130000 198.360001
v -62.320000 5.130000 197.789993
v -63.079998 5.130000 197.599991
v -63.840000 5.130000 197.599991
v -64.029999 5.130000 197.979996
v -64.029999 5.130000 198.550003
v -62.889999 5.130000 198.929993
f 8087 8088 8089 8080
f 8081 8082 8083
f 8084 8085 8086 8083
f 8080 8081 8083 8086 8087
f 8089 8088 8090 8096 8097 8098
f 8091 8095 8096 8090
f 8092 8093 8094
f 8091 8085 8084 8092 8095
f 8092 8094 8095
f 8098 8097 8099 8100
f 8099 8094 8093 8100
f 8101 8102 8103 8104
f 8105 8106 8107 8108
f 8109 8110 8111 8112
f 8113 8114 8115 8116
f 8125 8082 8081
f 8117 8118 8119 8125 8081
f 8122 8123 8124 8121
f 8121 8124 8125 8120
f 8125 8119 8120
f 8133 8126 8127
f 8130 8131 8132
f 8127 8128 8129 8130 8132 8133
v -209.569992 5.330000 128.440002
v -209.569992 5.330000 123.879997
v -214.319992 5.330000 123.500000
v -214.319992 5.330000 128.440002
v -215.459991 5.330000 125.589996
v -215.459991 5.330000 124.449997
v -215.839996 5.330000 124.639999
v -215.839996 5.330000 125.589996
v -208.809998 5.330000 121.409996
v -208.619995 5.330000 118.559998
v -215.080002 5.530000 118.559998
v -214.129990 5.330000 121.790001
v -207.479996 5.330000 123.689995
v -207.479996 5.330000 118.559998
v -207.669998 5.330000 118.559998
v -207.669998 5.330000 121.790001
v -208.239990 5.330000 123.689995
v -215.459991 5.330000 121.599998
v -216.220001 5.330000 118.559998
v -217.360001 5.330000 118.559998
v -217.360001 5.330000 121.029999
v -216.979996 5.330000 121.790001
f 8135 8136 8137 8134
f 8138 8139 8140 8141
f 8145 8136 8135
f 8145 8135 8142 8143 8144
f 8149 8150 8146
f 8147 8148 8149 8146
f 8154 8155 8151 8152 8153
v -88.919998 5.330000 88.919998
v -88.919998 5.330000 87.400002
v -90.250000 5.330000 87.209999
v -90.250000 5.330000 85.689995
v -93.860001 5.330000 85.689995
v -94.049995 5.330000 86.259995
v -97.279999 5.330000 86.259995
v -97.470001 5.330000 85.689995
v -98.799995 5.330000 85.689995
v -98.799995 5.330000 88.919998
v -88.919998 5.330000 86.449997
v -88.919998 5.330000 85.689995
v -89.299995 5.330000 85.689995
v -89.299995 5.330000 86.449997
v -88.919998 5.330000 83.409996
v -88.919998 5.330000 79.040001
v -98.799995 5.330000 79.040001
v -98.799995 5.330000 83.409996
v -97.470001 5.330000 83.409996
v -97.279999 5.330000 82.650002
v -94.049995 5.330000 82.650002
v -93.860001 5.330000 83.409996
f 8162 8163 8164 8165
f 8156 8157 8158
f 8161 8162 8165 8156 8158
f 8159 8160 8161 8158
f 8166 8167 8168 8169
f 8173 8174 8175 8172
f 8171 8172 8176 8170
f 8176 8177 8170
f 8172 8175 8176
v -118.559998 5.330000 79.040001
v -118.559998 5.330000 69.159996
v -128.440002 5.330000 69.159996
v -128.440002 5.330000 72.010002
v -127.869995 5.330000 72.389999
v -127.869995 5.330000 73.339996
v -128.440002 5.330000 73.720001
v -128.440002 5.330000 79.040001
f 8180 8181 8182 8179
f 8183 8184 8185 8178 8179
f 8179 8182 8183
v -209.569992 5.330000 187.720001
v -209.759995 5.330000 186.769989
v -213.750000 5.330000 187.149994
v -214.889999 5.330000 187.720001
v -216.409988 5.330000 187.529999
v -216.599991 5.530000 186.580002
v -216.029999 5.730000 186.199997
v -216.220001 5.630000 185.629990
v -216.979996 5.330000 185.440002
v -216.979996 5.330000 184.869995
v -215.649994 5.330000 184.489990
v -216.029999 5.330000 181.830002
v -216.789993 5.330000 181.830002
v -216.599991 5.330000 184.110001
v -217.360001 5.330000 184.300003
v -217.360001 5.330000 187.720001
v -216.979996 5.330000 187.720001
v -211.659988 5.330000 185.440002
v -211.849991 5.330000 182.970001
v -214.319992 5.330000 183.349991
v -213.940002 5.330000 185.819992
v -207.479996 5.330000 182.589996
v -207.479996 5.330000 180.119995
v -208.809998 5.330000 179.739990
v -209.190002 5.330000 178.599991
v -211.470001 5.330000 177.839996
v -213.179993 5.330000 177.839996
v -213.369995 5.330000 181.639999
v -210.709991 5.330000 181.259995
v -210.519989 5.330000 180.309998
v -209.000000 5.330000 180.119995
v -208.239990 5.330000 182.399994
v -214.129990 5.930000 180.690002
v -214.129990 5.930000 177.839996
v -216.599991 5.830000 177.839996
v -216.599991 5.830000 180.879990
v -214.509995 5.930000 180.879990
f 8186 8187 8188 8189
f 8201 8202 8190 8191 8194
f 8191 8192 8193 8194
f 8199 8200 8195 8196
f 8200 8201 8194 8195
f 8197 8198 8199 8196
f 8203 8204 8205 8206
f 8216 8217 8207 8208 8209
f 8213 8214 8215 8211 8212
f 8216 8209 8210 8211 8215
f 8221 8222 8218 8219 8220
v -167.959991 5.330000 237.119995
v -167.959991 5.330000 227.239990
v -172.709991 5.330000 227.239990
v -171.949997 5.330000 228.759995
v -172.330002 5.330000 230.089996
v -171.379990 5.330000 232.559998
v -171.379990 5.330000 233.889999
v -170.429993 5.330000 234.269989
v -170.429993 5.330000 235.409988
v -171.190002 5.330000 236.929993
v -173.089996 5.330000 236.549988
v -173.470001 5.330000 237.119995
v -177.080002 5.430000 235.029999
v -177.269989 5.430000 233.699997
v -177.839996 5.430000 233.319992
v -177.839996 5.430000 235.029999
v -174.800003 5.330000 228.000000
v -176.129990 5.330000 227.239990
v -177.839996 5.330000 227.239990
v -177.839996 5.330000 228.190002
v -175.559998 5.330000 228.000000
v -175.369995 5.330000 229.899994
v -175.750000 5.330000 230.470001
v -173.470001 5.330000 230.470001
v -176.319992 5.330000 229.330002
v -176.319992 5.330000 228.949997
v -176.889999 5.330000 228.949997
v -176.889999 5.330000 229.330002
f 8228 8229 8230
f 8232 8233 8234
f 8232 8234 8223
f 8231 8232 8223
f 8230 8231 8223
f 8226 8227 8228 8230 8223 8224
f 8224 8225 8226
f 8236 8237 8238 8235
f 8240 8241 8242 8243
f 8244 8245 8246
f 8239 8240 8243
f 8239 8243 8244 8246
f 8247 8248 8249 8250
v -167.959991 5.330000 88.919998
v -167.959991 5.330000 88.349998
v -168.720001 5.330000 87.779999
v -169.099991 5.330000 88.159996
v -169.099991 5.330000 88.540001
v -170.619995 5.330000 88.919998
v -170.050003 5.330000 87.209999
v -172.330002 5.330000 86.070000
v -172.899994 5.330000 86.449997
v -172.899994 5.330000 87.400002
v -172.899994 5.330000 88.919998
v -174.229996 5.330000 87.400002
v -174.039993 5.330000 86.259995
v -172.330002 5.330000 84.930000
v -173.279999 5.330000 84.549995
v -174.800003 5.330000 84.549995
v -175.369995 5.330000 85.879997
v -177.839996 5.330000 85.500000
v -177.839996 5.330000 86.070000
v -176.509995 5.330000 86.449997
v -175.369995 5.330000 87.400002
v -175.750000 5.330000 88.919998
v -176.889999 5.930000 88.919998
v -176.509995 5.930000 87.779999
v -177.839996 5.930000 87.209999
v -177.839996 5.930000 88.919998
v -167.959991 5.430000 83.979996
v -167.959991 5.430000 82.459999
v -168.339996 5.430000 82.080002
v -169.099991 5.430000 83.790001
v -170.050003 5.330000 81.509995
v -169.669998 5.330000 79.799995
v -168.910004 5.330000 79.610001
v -168.720001 5.330000 79.040001
v -169.669998 5.330000 79.040001
v -170.050003 5.330000 79.989998
v -173.089996 5.330000 81.320000
v -171.569992 5.330000 81.699997
v -171.379990 5.330000 83.790001
v -176.129990 5.330000 81.509995
v -176.129990 5.330000 80.369995
v -175.369995 5.330000 79.799995
v -173.470001 5.330000 79.419998
v -172.899994 5.330000 79.989998
v -171.190002 5.330000 79.040001
v -177.839996 5.330000 79.040001
v -177.839996 5.330000 81.889999
f 8253 8254 8255 8251 8252
f 8258 8259 8260
f 8260 8261 8256 8257 8258
f 8259 8258 8264
f 8268 8269 8270 8267
f 8271 8262 8263 8267 8270
f 8261 8260 8262
f 8263 8259 8264 8265 8266 8267
f 8262 8271 8272 8261
f 8274 8275 8276 8273
f 8278 8279 8280 8277
f 8283 8284 8285 8282
f 8286 8287 8288 8281
f 8282 8285 8286 8281
f 8288 8289 8281
f 8297 8290 8291 8296
f 8292 8293 8296
f 8293 8294 8295
f 8296 8291 8292
f 8293 8295 8296
v -217.360001 5.330000 108.680000
v -217.360001 5.330000 108.299995
v -217.929993 5.330000 108.680000
v -219.069992 5.330000 108.680000
v -219.069992 5.330000 107.919998
v -218.119995 5.330000 107.349998
v -217.929993 5.330000 106.589996
v -217.360001 5.330000 106.589996
v -217.360001 5.330000 106.019997
v -217.929993 5.330000 106.019997
v -219.069992 5.330000 104.689995
v -227.239990 5.330000 104.879997
v -227.239990 5.330000 108.680000
v -218.119995 5.330000 102.220001
v -217.929993 5.330000 101.650002
v -217.360001 5.330000 101.650002
v -217.360001 5.330000 101.079994
v -217.360001 5.330000 98.799995
v -218.309998 5.330000 98.799995
v -218.690002 5.330000 99.180000
v -222.110001 5.330000 98.799995
v -227.239990 5.330000 98.799995
v -227.239990 5.330000 102.220001
v -226.099991 5.330000 102.220001
v -225.909988 5.330000 102.599998
v -218.879990 5.330000 102.599998
f 8298 8299 8300
f 8304 8305 8306 8307
f 8310 8301 8302
f 8303 8304 8307
f 8302 8303 8307 8308 8309 8310
f 8312 8313 8314
f 8323 8311 8312 8317
f 8315 8316 8317 8312 8314
f 8319 8320 8321
f 8319 8321 8322 8323 8317 8318
v -59.279999 5.330000 88.919998
v -59.279999 5.330000 86.070000
v -66.500000 5.330000 86.259995
v -66.689995 5.330000 87.400002
v -69.159996 5.330000 87.400002
v -69.159996 5.330000 88.919998
v -63.840000 5.330000 88.919998
v -64.029999 5.330000 87.019997
v -62.129997 5.330000 86.830002
v -62.129997 5.330000 88.919998
v -59.279999 5.230000 83.409996
v -59.279999 5.330000 79.040001
v -64.790001 5.330000 79.040001
v -64.979996 5.230000 82.650002
v -63.840000 5.230000 82.650002
v -63.649998 5.230000 83.409996
v -67.449997 5.230000 83.409996
v -67.260002 5.230000 82.650002
v -69.159996 5.330000 79.040001
v -69.159996 5.230000 83.409996
f 8327 8328 8329
f 8327 8329 8330 8331
f 8326 8331 8332 8325
f 8326 8327 8331
f 8332 8333 8324 8325
f 8336 8337 8338
f 8338 8339 8334
f 8335 8336 8338 8334
f 8343 8340 8341 8342
f 8341 8337 8336 8342
v -30.019999 5.130000 177.839996
v -30.209999 5.130000 175.940002
v -31.539999 5.130000 175.940002
v -31.539999 5.130000 173.470001
v -34.579998 5.130000 173.470001
v -34.770000 5.130000 176.129990
v -35.910000 5.130000 175.940002
v -35.910000 5.130000 174.039993
v -38.570000 5.130000 174.039993
v -38.759998 5.130000 174.800003
v -39.520000 5.130000 174.800003
v -39.520000 5.130000 177.839996
v -35.719997 5.130000 173.089996
v -34.579998 5.130000 173.279999
v -34.389999 5.130000 167.959991
v -38.950001 5.130000 167.959991
v -39.520000 5.130000 168.149994
v -39.520000 5.130000 173.470001
v -38.759998 5.130000 173.470001
v -31.349998 5.130000 173.089996
v -30.209999 5.130000 173.279999
v -30.019999 5.130000 169.669998
v -29.639999 5.130000 169.479996
v -29.639999 5.130000 167.959991
v -29.830000 5.130000 167.959991
f 8344 8345 8346 8349 8355
f 8351 8352 8353 8350
f 8349 8350 8355
f 8353 8354 8355 8350
f 8346 8347 8348 8349
f 8362 8352 8351 8356
f 8356 8357 8358
f 8361 8362 8356 8358 8359 8360
f 8366 8367 8368 8365
f 8363 8364 8365
f 8357 8348 8347
f 8357 8347 8363 8365 8368 8358
v -167.959991 5.330000 256.880005
v -167.959991 5.330000 247.000000
v -168.339996 5.330000 247.000000
v -168.529999 5.330000 251.559998
v -169.289993 5.330000 251.369995
v -169.289993 5.330000 249.089996
v -170.050003 5.330000 249.089996
v -170.239990 5.330000 247.949997
v -171.000000 5.330000 247.949997
v -171.379990 5.330000 247.000000
v -174.800003 5.330000 247.000000
v -177.839996 5.330000 247.759995
v -177.839996 5.330000 248.330002
v -171.569992 5.330000 248.330002
v -171.379990 5.330000 252.319992
v -170.619995 5.330000 252.319992
v -170.429993 5.330000 251.939987
v -168.149994 5.330000 252.129990
v -168.149994 5.330000 253.269989
v -168.720001 5.330000 253.459991
v -168.720001 5.330000 256.309998
v -168.339996 5.330000 256.880005
v -173.089996 5.330000 256.500000
v -172.330002 5.330000 256.500000
v -172.330002 5.330000 253.269989
v -173.089996 5.330000 253.269989
v -173.279999 5.330000 252.889999
v -177.839996 5.330000 252.889999
v -177.839996 5.330000 256.880005
v -173.279999 5.330000 256.880005
v -170.809998 5.330000 256.500000
v -170.619995 5.330000 255.360001
v -169.669998 5.330000 255.360001
v -169.669998 5.330000 254.409988
v -170.429993 5.330000 254.409988
v -170.619995 5.330000 253.269989
v -171.379990 5.330000 253.269989
v -171.379990 5.330000 256.500000
v -173.089996 5.330000 252.319992
v -172.330002 5.330000 252.319992
v -172.330002 5.330000 249.279999
v -177.839996 5.330000 249.279999
f 8389 8390 8369 8387 8388
f 8383 8384 8385
f 8375 8376 8377
f 8373 8374 8375
f 8375 8377 8382 8383 8385 8373
f 8378 8379 8380 8381 8382 8377
f 8386 8372 8373 8385
f 8386 8387 8369 8370
f 8370 8371 8372 8386
f 8391 8392 8393 8394
f 8391 8394 8395 8396 8397 8398
f 8401 8402 8403 8400
f 8403 8404 8405 8406 8400
f 8406 8399 8400
f 8407 8408 8409
f 8395 8407 8409 8410 8396
v -88.919998 5.330000 69.159996
v -88.919998 5.330000 66.689995
v -90.820000 5.330000 66.500000
v -90.820000 5.330000 63.459999
v -98.799995 5.330000 63.459999
v -98.799995 5.330000 69.159996
v -88.919998 5.330000 65.739998
v -88.919998 5.330000 61.369999
v -89.110001 5.330000 63.270000
v -89.869995 5.330000 63.459999
v -89.869995 5.330000 65.739998
v -90.820000 5.330000 62.509998
v -90.820000 5.430000 60.609997
v -92.150002 5.230000 60.609997
v -92.339996 5.230000 60.230000
v -94.619995 5.230000 60.419998
v -95.570000 5.330000 60.039997
v -95.759995 5.630000 59.469997
v -96.519997 5.630000 59.469997
v -96.900002 5.330000 60.419998
v -97.659996 5.330000 60.419998
v -97.849998 5.330000 61.369999
v -98.799995 5.330000 61.369999
v -98.799995 5.330000 62.509998
f 8411 8412 8413 8416
f 8413 8414 8415 8416
f 8420 8421 8417 8419
f 8417 8418 8419
f 8427 8428 8429 8430
f 8430 8431 8432
f 8430 8432 8434 8422 8424 8426
f 8432 8433 8434
f 8426 8427 8430
f 8422 8423 8424
f 8424 8425 8426
v -29.639999 5.130000 148.199997
v -29.639999 5.030000 138.319992
v -34.770000 5.030000 138.319992
v -34.770000 5.130000 148.199997
v -37.049999 5.330000 148.199997
v -37.049999 5.330000 145.729996
v -38.189999 5.330000 145.539993
v -38.189999 5.330000 142.309998
v -37.049999 5.330000 142.119995
v -37.049999 5.330000 138.319992
v -39.520000 5.330000 138.319992
v -39.520000 5.330000 148.199997
f 8435 8436 8437 8438
f 8439 8440 8441 8446
f 8442 8445 8446 8441
f 8442 8443 8444 8445
v -40.469997 5.130000 207.479996
v -40.279999 5.130000 206.720001
v -39.520000 5.130000 206.720001
v -39.520000 5.130000 203.869995
v -40.660000 5.130000 203.869995
v -40.469997 5.130000 202.729996
v -39.520000 5.130000 202.919998
v -39.520000 5.130000 197.599991
v -41.230000 5.130000 197.599991
v -41.230000 5.130000 203.110001
v -42.559998 5.130000 203.679993
v -44.459999 5.130000 203.679993
v -44.459999 5.130000 206.529999
v -43.889999 5.130000 206.720001
v -43.889999 5.130000 207.479996
v -45.219997 5.130000 207.479996
v -45.219997 5.130000 206.720001
v -48.639999 5.130000 203.679993
v -49.020000 5.130000 203.300003
v -49.020000 5.130000 201.209991
v -46.739998 5.130000 199.690002
v -47.119999 5.130000 199.309998
v -46.739998 5.130000 198.169998
v -45.410000 5.130000 197.789993
v -44.840000 5.130000 198.360001
v -44.270000 5.130000 197.599991
v -49.399998 5.130000 197.599991
v -49.399998 5.130000 205.959991
v -49.020000 5.130000 206.149994
v -49.020000 5.130000 206.909988
v -49.399998 5.130000 207.289993
v -49.399998 5.130000 207.479996
f 8448 8449 8450 8451
f 8452 8453 8454 8455
f 8458 8459 8460 8457
f 8456 8457 8451
f 8460 8461 8447 8448 8451 8457
f 8456 8451 8452 8455
f 8476 8477 8478 8462 8463
f 8470 8471 8472
f 8466 8467 8468
f 8463 8459 8458 8464 8474 8475
f 8466 8468 8469 8473
f 8474 8464 8465
f 8466 8473 8474 8465
f 8475 8476 8463
f 8470 8472 8473
f 8469 8470 8473
v -187.720001 5.330000 79.040001
v -187.720001 5.330000 78.659996
v -188.099991 5.330000 78.470001
v -188.289993 5.330000 77.139999
v -189.619995 5.330000 77.139999
v -189.050003 5.330000 77.900002
v -189.429993 5.330000 79.040001
v -194.750000 5.330000 78.849998
v -195.129990 5.330000 77.139999
v -196.459991 5.330000 73.720001
v -197.599991 5.330000 74.099998
v -197.599991 5.330000 79.040001
v -195.889999 5.330000 79.040001
v -192.470001 5.330000 76.949997
v -191.519989 5.330000 76.949997
v -191.139999 5.330000 76.000000
v -190.569992 5.330000 76.000000
v -190.569992 5.330000 71.629997
v -189.619995 5.330000 71.439995
v -189.429993 5.330000 71.820000
v -187.720001 5.330000 71.820000
v -187.720001 5.330000 69.159996
v -197.599991 5.330000 69.159996
v -197.599991 5.330000 72.389999
v -196.459991 5.330000 71.820000
v -195.319992 5.330000 72.010002
v -194.179993 5.330000 75.809998
v -193.039993 5.330000 77.900002
v -187.720001 5.330000 75.809998
v -187.720001 5.330000 73.339996
v -189.050003 5.330000 73.529999
v -189.050003 5.330000 75.809998
f 8479 8480 8481
f 8482 8483 8484 8481
f 8481 8484 8485 8479
f 8491 8486 8487 8488 8489 8490
f 8492 8493 8494 8505
f 8497 8498 8499 8500
f 8505 8506 8492
f 8501 8502 8503
f 8501 8503 8504 8496 8497 8500
f 8505 8494 8495 8496 8504
f 8507 8508 8509 8510
v -208.049988 5.330000 227.239990
v -207.479996 5.330000 225.529999
v -207.479996 5.330000 217.360001
v -210.709991 5.330000 217.360001
v -208.619995 5.330000 218.879990
v -208.619995 5.330000 219.830002
v -209.190002 5.330000 220.019989
v -209.000000 5.330000 220.779999
v -209.759995 5.330000 221.159988
v -211.849991 5.330000 223.629990
v -211.849991 5.330000 224.389999
v -212.419998 5.330000 224.580002
v -212.419998 5.330000 227.239990
v -212.989990 5.330000 224.580002
v -214.509995 5.330000 222.869995
v -216.789993 5.330000 221.539993
v -216.789993 5.330000 220.779999
v -214.129990 5.330000 217.929993
v -214.129990 5.330000 217.360001
v -217.169998 5.330000 217.360001
v -217.360001 5.330000 217.739990
v -217.360001 5.430000 227.239990
v -211.279999 5.330000 220.779999
v -211.279999 5.330000 220.399994
v -212.419998 5.330000 219.830002
v -212.989990 5.330000 219.069992
v -214.509995 5.330000 220.589996
v -214.509995 5.330000 221.159988
v -212.989990 5.330000 222.299988
v -212.610001 5.330000 222.299988
f 8516 8517 8518
f 8513 8514 8515
f 8513 8515 8516
f 8521 8522 8523
f 8513 8516 8518 8512
f 8519 8520 8521
f 8512 8518 8519 8521 8523 8511
f 8523 8522 8524
f 8528 8529 8530 8531 8527
f 8526 8527 8531 8532
f 8523 8524 8525 8526 8532
f 8533 8534 8535
f 8538 8539 8540 8533 8535 8537
f 8535 8536 8537
v -30.209999 5.130000 166.250000
v -31.539999 5.130000 166.250000
v -31.349998 5.130000 163.589996
v -36.099998 5.130000 163.399994
v -36.099998 5.130000 163.970001
v -36.860001 5.130000 164.160004
v -36.860001 5.130000 166.250000
v -37.239998 5.130000 166.440002
v -37.239998 5.130000 167.959991
v -29.830000 5.130000 167.959991
v -38.189999 5.130000 166.250000
v -38.189999 5.130000 163.779999
v -37.619999 5.130000 163.589996
v -37.430000 5.130000 162.830002
v -36.480000 5.130000 162.830002
v -34.579998 5.130000 160.169998
v -34.959999 5.130000 159.979996
v -34.959999 5.130000 159.220001
v -36.099998 5.130000 158.080002
v -39.520000 5.130000 158.080002
v -39.520000 5.130000 166.819992
v -38.950001 5.130000 167.009995
v -38.950001 5.130000 167.959991
v -30.209999 5.130000 163.779999
v -30.209999 5.130000 160.550003
v -30.019999 5.130000 159.410004
v -29.639999 5.130000 159.220001
v -29.639999 5.130000 158.080002
v -30.400000 5.130000 158.080002
v -31.539999 5.130000 159.410004
v -32.869999 5.130000 159.410004
v -32.869999 5.230000 158.080002
v -33.439999 5.230000 158.080002
v -33.250000 5.130000 159.410004
v -34.009998 5.130000 160.169998
f 8547 8548 8549
f 8545 8546 8547
f 8550 8541 8542
f 8545 8547 8549 8550 8542
f 8543 8544 8545 8542
f 8552 8553 8554
f 8563 8549 8548 8551 8562
f 8554 8559 8560 8552
f 8551 8552 8560 8561 8562
f 8555 8556 8557
f 8557 8558 8559 8554 8555
f 8567 8568 8569 8566
f 8570 8571 8575 8565
f 8572 8573 8574 8571
f 8543 8564 8565
f 8571 8574 8575
f 8566 8569 8570 8565
f 8556 8555 8544 8543 8565 8575
v -29.639999 5.130000 158.080002
v -29.639999 5.130000 148.199997
v -34.770000 5.130000 148.199997
v -34.770000 5.130000 151.809998
v -34.200001 5.130000 152.000000
v -34.200001 5.130000 153.330002
v -31.730000 5.130000 153.330002
v -30.779999 5.130000 154.089996
v -30.019999 5.130000 155.419998
v -30.019999 5.130000 157.509995
v -30.400000 5.130000 158.080002
v -31.730000 5.230000 157.509995
v -31.349998 5.630000 155.800003
v -31.920000 5.730000 155.419998
v -32.489998 5.230000 157.129990
v -33.630001 5.230000 157.319992
v -34.009998 5.230000 156.940002
v -34.009998 5.230000 155.989990
v -32.869999 5.230000 154.849991
v -33.630001 5.230000 154.660004
v -34.770000 5.230000 155.610001
v -34.959999 5.230000 156.750000
v -34.579998 5.230000 157.699997
v -33.439999 5.230000 158.080002
v -32.869999 5.230000 158.080002
v -36.099998 5.130000 158.080002
v -36.480000 5.130000 156.369995
v -39.520000 5.130000 156.369995
v -39.520000 5.130000 158.080002
v -39.520000 5.130000 155.229996
v -39.520000 5.130000 155.419998
v -37.619999 5.130000 155.419998
v -37.809998 5.330000 152.569992
v -37.619999 5.330000 151.809998
v -37.049999 5.330000 151.809998
v -37.049999 5.330000 148.199997
v -39.520000 5.330000 148.199997
v -39.520000 5.330000 152.569992
f 8585 8586 8576
f 8584 8585 8576 8577
f 8580 8581 8582
f 8578 8579 8580
f 8577 8578 8580 8582
f 8577 8583 8584
f 8577 8582 8583
f 8593 8594 8595 8596
f 8588 8589 8590 8587
f 8592 8593 8596 8597 8598
f 8600 8587 8590 8591 8599
f 8591 8592 8598 8599
f 8602 8603 8604 8601
f 8605 8606 8607
f 8613 8608 8609 8611 8612
f 8609 8610 8611
v -39.520000 5.330000 118.559998
v -39.520000 5.330000 108.680000
v -49.399998 5.030000 108.680000
v -49.399998 5.030000 118.559998
f 8614 8615 8616 8617
v -197.599991 5.330000 237.119995
v -197.599991 5.330000 234.459991
v -204.440002 5.330000 231.610001
v -205.959991 5.330000 231.610001
v -207.479996 5.330000 230.849991
v -207.479996 5.330000 235.979996
v -207.099991 5.330000 236.169998
v -207.099991 5.330000 237.119995
v -197.599991 5.530000 232.559998
v -197.599991 5.530000 227.239990
v -200.449997 5.530000 227.239990
v -200.639999 5.530000 228.190002
v -200.069992 5.530000 228.569992
v -200.069992 5.530000 229.330002
v -200.830002 5.530000 229.899994
v -201.209991 5.530000 231.229996
v -200.449997 5.930000 231.229996
v -200.449997 5.530000 230.089996
v -199.500000 5.530000 229.899994
v -197.979996 5.530000 230.659988
v -197.979996 5.530000 231.419998
v -198.739990 5.530000 231.799988
v -202.919998 5.530000 230.470001
v -203.489990 5.930000 229.519989
v -204.250000 5.930000 229.330002
v -204.440002 5.630000 229.709991
v -206.720001 5.330000 228.569992
v -205.959991 5.330000 228.569992
v -206.149994 5.330000 228.190002
v -207.479996 5.330000 227.809998
v -207.479996 5.330000 229.899994
f 8621 8622 8623 8624
f 8620 8621 8624 8625 8618 8619
f 8638 8639 8626
f 8633 8634 8635 8632
f 8627 8628 8630 8636 8637
f 8631 8632 8635 8636
f 8637 8638 8626 8627
f 8628 8629 8630
f 8630 8631 8636
f 8641 8642 8643 8640
f 8644 8645 8646 8647
f 8644 8647 8648
v -167.959991 5.330000 68.970001
v -173.470001 5.330000 68.970001
v -173.660004 5.330000 67.449997
v -174.419998 5.330000 68.209999
v -175.179993 5.330000 68.209999
v -176.319992 5.330000 67.449997
v -176.319992 5.330000 65.930000
v -175.750000 5.330000 65.549995
v -175.750000 5.330000 64.979996
v -176.319992 5.330000 64.599998
v -176.319992 5.330000 63.649998
v -175.369995 5.330000 62.699997
v -177.459991 5.330000 62.509998
v -177.459991 5.330000 61.369999
v -177.080002 5.330000 61.180000
v -177.269989 5.330000 59.279999
v -177.839996 5.330000 59.279999
v -177.839996 5.330000 69.159996
v -167.959991 5.330000 69.159996
v -168.910004 5.330000 68.019997
v -168.910004 5.330000 66.879997
v -172.709991 5.330000 66.879997
v -172.709991 5.330000 68.019997
v -167.959991 5.330000 65.739998
v -167.959991 5.330000 59.279999
v -173.089996 5.330000 59.279999
v -173.089996 5.330000 61.369999
v -172.709991 5.330000 61.559998
v -172.709991 5.330000 62.129997
v -173.089996 5.330000 62.320000
v -173.089996 5.330000 65.739998
v -174.039993 5.330000 63.649998
v -174.039993 5.330000 62.320000
v -175.179993 5.330000 62.509998
v -174.229996 5.330000 63.079998
v -174.039993 5.330000 61.369999
v -174.039993 5.330000 59.279999
v -174.989990 5.330000 59.279999
v -176.129990 5.330000 59.279999
v -176.129990 5.330000 60.230000
v -174.989990 5.330000 60.419998
v -174.989990 5.330000 61.369999
f 8655 8656 8657 8658
f 8650 8651 8652
f 8667 8649 8650 8666
f 8659 8660 8661
f 8650 8652 8653 8666
f 8663 8664 8665 8662
f 8666 8653 8654
f 8658 8659 8661
f 8661 8662 8665 8666
f 8655 8658 8661
f 8654 8655 8661 8666
f 8668 8669 8670 8671
f 8674 8675 8676 8673
f 8677 8678 8679
f 8672 8673 8677 8679
f 8673 8676 8677
f 8681 8682 8683
f 8680 8681 8683
f 8689 8690 8684
f 8686 8687 8688 8689
f 8689 8684 8685 8686
v -227.239990 5.330000 187.720001
v -227.239990 5.330000 186.580002
v -227.429993 5.330000 182.779999
v -232.750000 5.330000 183.159988
v -232.559998 5.330000 187.720001
v -234.459991 5.430000 182.019989
v -237.119995 5.430000 182.019989
v -237.119995 5.430000 187.720001
v -233.889999 5.330000 187.720001
v -234.269989 5.430000 181.639999
v -230.470001 5.330000 181.639999
v -227.239990 5.330000 181.069992
v -227.239990 5.330000 179.169998
v -229.330002 5.330000 178.979996
v -229.899994 5.330000 179.929993
v -231.229996 5.330000 179.929993
v -236.549988 5.430000 178.979996
v -236.929993 5.430000 178.029999
v -237.119995 5.430000 178.220001
f 8691 8692 8693 8694 8695
f 8696 8697 8698 8699
f 8707 8708 8709 8697
f 8703 8704 8705 8701 8702
f 8697 8696 8700
f 8706 8700 8701 8705
f 8700 8706 8707 8697
v -98.799995 5.230000 256.880005
v -98.799995 5.230000 252.319992
v -108.680000 5.230000 252.319992
v -108.680000 5.230000 256.880005
v -98.799995 5.030000 251.369995
v -98.799995 5.030000 247.000000
v -108.680000 5.130000 247.000000
v -108.680000 5.030000 251.369995
f 8710 8711 8712 8713
f 8714 8715 8716 8717
v -207.860001 5.330000 97.470001
v -208.049988 5.330000 95.570000
v -214.129990 5.330000 95.000000
v -214.699997 5.330000 98.799995
v -208.809998 5.330000 98.799995
v -216.029999 5.330000 98.419998
v -217.360001 5.330000 98.419998
v -217.360001 5.330000 98.799995
v -216.220001 5.330000 98.799995
v -216.789993 5.330000 97.089996
v -216.599991 5.330000 96.139999
v -216.599991 5.330000 95.189995
v -217.360001 5.330000 95.189995
v -217.360001 5.330000 96.900002
v -207.479996 5.330000 93.099998
v -207.479996 5.330000 88.919998
v -212.419998 5.330000 88.919998
v -213.179993 5.330000 89.680000
v -217.169998 5.330000 90.250000
v -217.360001 5.330000 90.629997
v -217.360001 5.330000 92.529999
v -217.169998 5.330000 93.860001
v -216.789993 5.330000 93.099998
v -214.509995 5.330000 93.479996
v -214.129990 5.330000 93.860001
f 8722 8718 8719 8720 8721
f 8724 8725 8726 8723
f 8731 8727 8728 8729 8730
f 8738 8739 8740
f 8736 8737 8738 8740 8741 8735
f 8734 8742 8720 8719 8732 8733
f 8735 8741 8742 8734
v -227.239990 5.330000 138.319992
v -227.239990 5.330000 128.440002
v -237.119995 5.330000 128.440002
v -237.119995 5.330000 138.319992
f 8743 8744 8745 8746
v -197.599991 5.330000 88.919998
v -197.599991 5.330000 83.220001
v -199.309998 5.330000 83.599998
v -203.489990 5.330000 85.500000
v -206.149994 5.730000 85.119995
v -206.149994 5.430000 85.879997
v -206.909988 5.330000 86.070000
v -207.479996 5.330000 85.309998
v -207.479996 5.330000 88.919998
v -201.019989 5.330000 88.919998
v -198.739990 5.330000 88.540001
v -198.550003 5.330000 88.919998
v -197.599991 5.330000 79.799995
v -197.599991 5.330000 79.040001
v -207.479996 5.330000 79.040001
v -207.479996 5.330000 83.599998
f 8757 8758 8747 8748 8749
f 8750 8751 8752
f 8753 8754 8755
f 8752 8753 8755 8756 8750
f 8749 8750 8756 8757
f 8759 8760 8761 8762
v -82.080002 4.930000 246.429993
v -80.939995 4.930000 246.619995
v -80.750000 4.930000 246.049988
v -82.650002 4.930000 244.909988
v -83.790001 4.930000 244.720001
v -84.360001 4.930000 244.909988
v -84.169998 4.930000 247.000000
v -82.459999 4.930000 247.000000
v -87.589996 4.930000 247.000000
v -87.589996 4.930000 246.049988
v -86.259995 4.930000 245.860001
v -86.259995 4.930000 244.720001
v -85.879997 4.930000 244.339996
v -83.220001 4.930000 243.580002
v -83.029999 4.930000 243.009995
v -80.559998 4.930000 243.009995
v -80.369995 4.930000 244.149994
v -79.040001 4.930000 243.769989
v -79.040001 5.030000 237.119995
v -80.369995 5.030000 237.119995
v -80.559998 5.030000 237.879990
v -83.029999 5.030000 237.879990
v -83.220001 5.030000 237.119995
v -88.919998 5.030000 237.119995
v -88.919998 4.930000 247.000000
v -79.229996 5.730000 246.809998
v -79.419998 5.830000 246.049988
v -79.799995 6.030000 246.619995
f 8763 8764 8765 8766
f 8766 8767 8768 8769 8770 8763
f 8787 8771 8772
f 8783 8778 8779 8780 8781 8782
f 8777 8778 8783 8784
f 8772 8773 8774
f 8775 8776 8777 8784
f 8787 8772 8774
f 8787 8774 8775 8784 8785 8786
f 8788 8789 8790
v -158.080002 5.330000 256.880005
v -158.080002 5.330000 249.279999
v -159.979996 5.330000 249.279999
v -159.979996 5.330000 252.319992
v -159.410004 5.330000 252.509995
v -159.410004 5.330000 253.080002
v -159.979996 5.330000 253.269989
v -159.979996 5.330000 256.500000
v -159.410004 5.330000 256.880005
v -164.160004 5.330000 256.880005
v -163.970001 5.330000 253.269989
v -164.919998 5.330000 250.610001
v -167.959991 5.330000 250.799988
v -167.959991 5.330000 256.880005
v -160.929993 5.330000 256.500000
v -160.929993 5.330000 253.269989
v -161.690002 5.330000 253.269989
v -161.879990 5.330000 254.409988
v -162.830002 5.330000 254.409988
v -162.830002 5.330000 255.360001
v -161.879990 5.330000 255.360001
v -161.690002 5.330000 256.500000
v -160.929993 5.330000 252.319992
v -160.929993 5.330000 249.279999
v -163.019989 5.330000 248.899994
v -163.589996 5.330000 247.949997
v -163.589996 5.330000 247.000000
v -167.959991 5.330000 247.000000
v -164.729996 5.330000 247.949997
v -163.970001 5.330000 247.759995
v -163.399994 5.330000 251.939987
v -158.080002 5.330000 248.330002
v -158.080002 5.330000 247.000000
v -159.979996 5.330000 247.000000
v -160.169998 5.330000 248.330002
v -161.309998 5.330000 248.139999
v -161.119995 5.330000 247.000000
v -161.879990 5.330000 247.000000
v -161.879990 5.330000 247.949997
f 8798 8799 8791 8796 8797
f 8793 8794 8795 8792
f 8792 8795 8796 8791
f 8801 8802 8803 8804 8800
f 8808 8809 8810 8811
f 8805 8806 8807 8808 8811 8812
f 8821 8813 8814 8815
f 8803 8802 8819 8818
f 8820 8821 8815 8816
f 8817 8818 8819 8820
f 8820 8816 8817
f 8822 8823 8824 8825
f 8827 8828 8829 8826
v -98.799995 5.330000 69.159996
v -98.799995 5.330000 63.459999
v -104.309998 5.330000 63.459999
v -104.500000 5.330000 67.449997
v -104.500000 5.330000 68.209999
v -105.070000 5.330000 68.400002
v -105.070000 5.330000 69.159996
v -105.829994 5.330000 68.209999
v -105.829994 5.330000 67.260002
v -104.689995 5.330000 67.070000
v -108.680000 5.330000 63.459999
v -108.680000 5.330000 69.159996
v -98.799995 5.330000 62.509998
v -98.799995 5.330000 61.369999
v -107.349998 5.330000 61.369999
v -107.919998 5.430000 60.609997
v -108.680000 5.330000 60.609997
v -108.680000 5.330000 62.509998
f 8834 8835 8836 8830
f 8832 8833 8834 8830 8831
f 8836 8835 8837 8841
f 8838 8832 8840 8841
f 8841 8837 8838
f 8839 8833 8832
f 8838 8839 8832
f 8844 8845 8846 8847
f 8842 8843 8844 8847
v -228.190002 5.330000 177.839996
v -228.000000 5.330000 177.080002
v -228.000000 5.330000 175.940002
v -229.139999 5.330000 175.940002
v -229.330002 5.330000 176.509995
v -229.330002 5.330000 177.649994
v -233.509995 5.430000 175.750000
v -233.319992 5.430000 175.179993
v -231.989990 5.430000 175.179993
v -231.989990 5.430000 174.800003
v -232.179993 5.430000 174.039993
v -231.799988 5.430000 173.849991
v -231.610001 5.430000 173.660004
v -232.179993 5.430000 172.709991
v -231.989990 5.430000 171.759995
v -229.139999 5.330000 172.139999
v -228.759995 5.330000 172.519989
v -228.949997 5.330000 173.279999
v -228.569992 5.330000 173.470001
v -228.569992 5.330000 174.610001
v -228.000000 5.330000 174.989990
v -227.239990 5.330000 173.470001
v -227.239990 5.330000 171.000000
v -227.239990 5.330000 170.050003
v -227.239990 5.330000 167.959991
v -227.619995 5.330000 167.959991
v -227.619995 5.330000 169.860001
v -228.379990 5.330000 170.050003
v -228.759995 5.330000 171.569992
v -230.279999 5.430000 171.190002
v -229.899994 5.430000 170.050003
v -231.229996 5.430000 169.860001
v -231.039993 5.430000 168.720001
v -231.419998 5.430000 168.529999
v -231.419998 5.430000 167.959991
v -235.409988 5.430000 167.959991
v -235.789993 5.630000 169.289993
v -234.459991 5.430000 169.289993
v -234.269989 5.430000 170.239990
v -234.649994 5.430000 171.759995
v -235.409988 5.430000 172.139999
v -235.029999 5.430000 172.709991
v -234.269989 5.430000 172.709991
v -234.080002 5.430000 173.279999
v -233.129990 5.430000 173.470001
v -233.129990 5.430000 174.419998
v -234.080002 5.430000 174.610001
v -233.889999 5.430000 175.750000
v -230.849991 5.430000 175.179993
v -230.849991 5.630000 173.849991
v -231.039993 5.730000 174.039993
v -231.039993 5.830000 174.610001
f 8849 8850 8851 8852 8853 8848
f 8858 8859 8860 8861 8892 8893
f 8895 8854 8855 8893 8894
f 8877 8878 8879 8862
f 8883 8884 8885 8881 8882
f 8864 8865 8866
f 8887 8888 8889 8890
f 8876 8864 8866 8869 8870 8875
f 8856 8857 8858 8893 8855
f 8863 8864 8876
f 8879 8880 8881 8885 8886 8862
f 8890 8891 8892
f 8871 8874 8875 8870
f 8892 8861 8862 8886 8887 8890
f 8872 8873 8874 8871
f 8863 8876 8877 8862
f 8866 8867 8868 8869
f 8860 8859 8898 8897
f 8899 8857 8856 8896
f 8897 8898 8899 8896
v -217.360001 5.330000 207.479996
v -217.360001 5.330000 207.099991
v -217.549988 5.330000 207.479996
v -218.500000 5.330000 206.720001
v -218.309998 5.330000 205.009995
v -219.449997 5.330000 203.679993
v -220.779999 5.330000 200.449997
v -220.970001 5.330000 198.739990
v -223.059998 5.330000 197.599991
v -223.440002 5.330000 197.599991
v -223.629990 5.330000 200.449997
v -225.529999 5.330000 200.449997
v -225.720001 5.330000 199.309998
v -227.239990 5.330000 199.309998
v -227.239990 5.330000 201.019989
v -225.339996 5.330000 200.639999
v -224.580002 5.330000 202.729996
v -224.199997 5.330000 202.729996
v -224.009995 5.330000 201.970001
v -223.059998 5.330000 201.589996
v -221.919998 5.330000 201.589996
v -221.349991 5.330000 201.970001
v -220.399994 5.330000 203.679993
v -220.589996 5.330000 204.440002
v -219.639999 5.330000 207.479996
v -219.259995 5.330000 207.479996
v -222.299988 5.530000 206.720001
v -224.009995 5.530000 206.909988
v -224.389999 5.530000 206.339996
v -224.580002 5.930000 206.720001
v -224.199997 5.530000 206.909988
v -224.199997 5.530000 207.479996
v -223.629990 5.530000 207.479996
v -226.860001 5.930000 207.289993
v -227.239990 5.630000 207.099991
v -227.239990 5.930000 207.479996
v -227.049988 5.930000 207.479996
v -217.360001 5.330000 204.250000
v -217.360001 5.330000 197.599991
v -220.209991 5.330000 197.599991
v -219.639999 5.330000 199.879990
v -218.500000 5.330000 200.069992
v -217.929993 5.330000 201.779999
v -218.309998 5.330000 203.110001
v -225.909988 5.330000 202.729996
v -226.099991 5.330000 201.970001
v -227.239990 5.330000 202.349991
v -227.239990 5.330000 202.919998
v -224.389999 5.330000 197.979996
v -224.389999 5.330000 197.599991
v -224.580002 5.330000 197.599991
v -226.289993 5.330000 197.599991
v -227.239990 5.330000 197.599991
v -227.239990 5.330000 197.789993
f 8900 8901 8902
f 8916 8917 8918
f 8924 8925 8903 8904 8905 8923
f 8915 8916 8918 8910
f 8911 8912 8913 8914
f 8922 8923 8905
f 8911 8914 8915
f 8910 8911 8915
f 8921 8922 8905 8906
f 8910 8918 8919
f 8910 8919 8920
f 8907 8908 8909 8910 8920 8906
f 8920 8921 8906
f 8927 8928 8929 8930
f 8927 8931 8932 8926
f 8927 8930 8931
f 8933 8934 8935 8936
f 8942 8943 8937
f 8939 8940 8941 8938
f 8937 8938 8942
f 8938 8941 8942
f 8944 8945 8946 8947
f 8948 8949 8950
f 8951 8952 8953
v -53.199997 5.130000 217.360001
v -53.199997 5.130000 216.599991
v -52.629997 5.130000 216.409988
v -52.439999 5.130000 215.269989
v -49.779999 5.130000 215.269989
v -49.399998 5.130000 216.220001
v -49.399998 5.130000 210.899994
v -50.919998 5.130000 210.899994
v -51.110001 5.130000 211.470001
v -53.959999 5.130000 211.279999
v -55.099998 5.130000 215.459991
v -54.719997 5.130000 215.649994
v -54.719997 5.130000 216.789993
v -55.099998 5.130000 217.360001
v -55.860001 5.130000 215.649994
v -53.959999 5.130000 211.089996
v -59.279999 5.130000 211.089996
v -59.279999 5.130000 216.220001
v -56.239998 5.130000 216.409988
v -53.770000 5.130000 210.139999
v -51.110001 5.130000 210.139999
v -49.399998 5.130000 207.479996
v -54.340000 5.130000 207.479996
v -55.289997 5.130000 207.479996
v -59.279999 5.130000 207.479996
f 8955 8956 8957 8965 8966
f 8966 8967 8954 8955
f 8964 8965 8957 8962 8963
f 8962 8957 8958
f 8960 8961 8962 8958 8959
f 8971 8972 8968
f 8971 8968 8964 8963 8969 8970
f 8974 8961 8960 8975
f 8973 8976 8977
f 8974 8975 8976 8973
f 8977 8978 8970 8969 8973
v -228.569992 5.330000 148.199997
v -228.569992 5.330000 147.440002
v -229.139999 5.330000 145.919998
v -231.419998 5.330000 146.489990
v -230.849991 5.330000 148.199997
v -228.949997 5.330000 148.199997
v -232.939987 5.330000 146.869995
v -233.509995 5.330000 146.489990
v -233.509995 5.330000 145.539993
v -232.369995 5.330000 145.160004
v -233.129990 5.330000 141.360001
v -234.269989 5.330000 140.979996
v -234.269989 5.330000 140.029999
v -233.319992 5.330000 139.649994
v -233.319992 5.330000 138.319992
v -237.119995 5.330000 138.319992
v -237.119995 5.430000 148.199997
v -232.559998 5.330000 148.199997
v -229.709991 5.330000 144.399994
v -229.139999 5.330000 143.830002
v -227.239990 5.330000 143.830002
v -227.239990 5.330000 138.319992
v -232.559998 5.330000 140.029999
v -232.559998 5.330000 140.979996
f 8984 8979 8980
f 8984 8980 8981 8982 8983
f 8991 8992 8993 8994
f 8996 8985 8986 8995
f 8995 8986 8987 8990 8994
f 8990 8991 8994
f 8987 8988 8989 8990
f 8993 8992 9001
f 8988 8997 8998 9001 9002
f 9002 8989 8988
f 9000 8993 9001 8998 8999
v -79.040001 5.330000 79.040001
v -79.040001 5.330000 69.159996
v -85.879997 5.330000 69.159996
v -85.879997 5.330000 71.059998
v -84.930000 5.330000 71.629997
v -84.930000 5.330000 72.389999
v -85.500000 5.330000 72.959999
v -86.259995 5.330000 72.959999
v -86.830002 5.330000 72.010002
v -88.919998 5.330000 72.010002
v -88.919998 5.330000 79.040001
v -86.259995 5.330000 71.059998
v -88.919998 5.330000 69.159996
f 9005 9006 9007 9004
f 9010 9011 9012 9013
f 9009 9010 9013
f 9004 9008 9009 9013 9003
f 9004 9007 9008
f 9014 9006 9005
f 9012 9011 9014 9005 9015
v -39.520000 5.130000 197.599991
v -39.520000 5.130000 196.839996
v -40.279999 5.130000 196.649994
v -40.279999 5.130000 195.699997
v -39.520000 5.130000 195.509995
v -39.520000 5.130000 189.809998
v -40.660000 5.130000 189.619995
v -40.469997 5.130000 188.479996
v -39.520000 5.130000 188.479996
v -39.520000 5.130000 187.720001
v -44.840000 5.130000 187.720001
v -44.840000 5.130000 188.669998
v -43.700001 5.130000 188.860001
v -43.509998 5.130000 188.099991
v -41.419998 5.130000 188.289993
v -41.419998 5.130000 194.750000
v -43.509998 5.130000 194.940002
v -43.509998 5.130000 196.649994
v -41.610001 5.130000 196.649994
v -41.230000 5.130000 197.599991
v -45.029999 5.130000 189.809998
v -47.119999 5.130000 193.989990
v -49.399998 5.130000 196.649994
v -49.399998 5.130000 197.599991
v -44.270000 5.130000 197.599991
v -49.020000 5.130000 194.750000
v -49.399998 5.130000 194.559998
v -49.399998 5.130000 194.940002
v -42.369999 5.130000 193.989990
v -42.369999 5.130000 193.039993
v -42.750000 5.130000 193.039993
v -42.750000 5.130000 193.989990
v -48.070000 5.130000 193.419998
v -47.689999 5.130000 192.659988
v -47.689999 5.130000 192.279999
v -48.450001 5.130000 191.899994
v -49.020000 5.130000 192.659988
v -42.369999 5.130000 191.899994
v -42.369999 5.130000 191.139999
v -42.750000 5.130000 191.139999
v -42.750000 5.130000 191.899994
v -46.549999 5.130000 190.379990
v -47.500000 5.130000 190.000000
v -47.879997 5.130000 190.379990
v -46.930000 5.130000 190.949997
v -48.070000 5.130000 188.669998
v -48.070000 5.130000 187.720001
v -49.399998 5.130000 187.720001
v -49.399998 5.130000 190.949997
v -42.369999 5.130000 189.809998
v -42.369999 5.130000 189.050003
v -42.750000 5.130000 189.050003
v -42.750000 5.130000 189.809998
v -45.980000 5.130000 188.479996
v -45.789997 5.130000 187.720001
v -46.930000 5.130000 187.720001
v -46.930000 5.130000 188.099991
f 9016 9017 9018 9034 9035
f 9023 9024 9025 9030
f 9031 9019 9020 9021 9022
f 9026 9029 9030 9025
f 9027 9028 9029 9026
f 9022 9023 9030
f 9034 9018 9019
f 9031 9032 9033 9034 9019
f 9022 9030 9031
f 9028 9027 9036
f 9040 9033 9032 9037 9038 9039
f 9032 9028 9036 9037
f 9041 9042 9043
f 9044 9045 9046 9047
f 9049 9050 9051 9052 9048
f 9053 9054 9055 9056
f 9058 9059 9060 9057
f 9061 9062 9063 9064
f 9065 9066 9067 9068
f 9070 9071 9072 9069
v -217.360001 5.330000 118.559998
v -217.360001 5.330000 117.229996
v -217.360001 5.330000 116.659996
v -217.929993 5.330000 116.659996
v -218.119995 5.330000 115.899994
v -218.879990 5.330000 115.519997
v -226.099991 5.330000 115.519997
v -226.289993 5.330000 115.899994
v -227.239990 5.330000 115.899994
v -227.239990 5.330000 118.559998
v -218.119995 5.330000 112.860001
v -217.929993 5.330000 112.099998
v -217.360001 5.330000 112.099998
v -217.360001 5.330000 111.529999
v -217.929993 5.330000 111.529999
v -218.119995 5.330000 110.769997
v -219.069992 5.330000 110.389999
v -219.069992 5.330000 108.680000
v -227.239990 5.330000 108.680000
v -227.239990 5.330000 113.430000
v -219.069992 5.330000 113.430000
v -217.360001 5.330000 109.820000
v -217.360001 5.330000 108.680000
v -217.929993 5.330000 108.680000
v -218.119995 5.330000 109.629997
f 9074 9075 9076
f 9076 9077 9078
f 9073 9074 9076
f 9080 9081 9082
f 9079 9080 9082 9073 9076 9078
f 9084 9085 9086 9087
f 9089 9090 9091
f 9083 9084 9087
f 9087 9088 9089
f 9093 9083 9087 9089 9091 9092
f 9095 9096 9097 9094
v -182.589996 5.330000 247.000000
v -182.209991 5.330000 245.099991
v -182.589996 5.330000 243.580002
v -183.349991 5.330000 242.629990
v -183.159988 5.330000 241.299988
v -184.489990 5.330000 237.119995
v -187.720001 5.330000 237.119995
v -187.720001 5.330000 245.099991
v -186.769989 5.330000 245.289993
v -186.769989 5.330000 246.049988
v -187.720001 5.330000 246.239990
v -187.720001 5.330000 247.000000
v -180.309998 5.830000 245.669998
v -180.309998 6.030000 244.339996
v -180.690002 5.930000 243.769989
v -177.839996 5.430000 243.389999
v -177.839996 5.430000 242.819992
v -178.409988 5.430000 242.819992
v -178.409988 5.430000 243.199997
v -180.879990 6.030000 243.199997
v -180.879990 5.930000 242.059998
v -181.259995 5.930000 242.250000
v -178.979996 5.430000 242.629990
v -178.789993 5.430000 241.679993
v -177.839996 5.430000 241.679993
v -177.839996 5.430000 237.309998
v -177.839996 5.430000 237.119995
v -182.399994 5.430000 237.119995
v -182.019989 5.630000 238.830002
v -181.259995 5.430000 238.259995
v -180.500000 5.430000 238.449997
v -180.309998 5.430000 240.919998
v -180.879990 5.430000 241.299988
v -179.739990 5.430000 241.679993
v -179.360001 5.730000 242.629990
v -181.449997 5.430000 240.349991
v -181.449997 5.430000 241.110001
v -181.069992 5.430000 241.110001
f 9107 9108 9109 9098
f 9099 9100 9101 9106 9107 9098
f 9105 9106 9101 9102 9103 9104
f 9110 9111 9112
f 9114 9115 9116 9113
f 9117 9118 9119
f 9129 9130 9131 9121
f 9132 9120 9121 9131
f 9129 9121 9122 9123 9128
f 9125 9126 9127
f 9125 9127 9128 9123 9124
f 9133 9134 9135
v -108.680000 5.230000 256.880005
v -108.680000 5.230000 252.319992
v -110.579994 5.230000 252.319992
v -110.579994 5.230000 256.880005
v -112.290001 5.130000 256.880005
v -112.290001 5.030000 251.559998
v -111.529999 5.030000 251.369995
v -111.529999 5.130000 249.279999
v -118.559998 5.130000 249.279999
v -118.559998 5.130000 256.880005
v -108.680000 5.030000 251.369995
v -108.680000 5.130000 247.000000
v -112.290001 5.130000 247.000000
v -112.479996 5.130000 248.330002
v -110.579994 5.130000 248.519989
v -110.389999 5.130000 247.189987
v -109.439995 5.130000 247.189987
v -109.059998 5.130000 247.569992
v -109.439995 5.030000 248.709991
v -110.579994 5.030000 251.369995
v -115.899994 5.130000 247.759995
v -118.559998 5.130000 247.759995
v -118.559998 5.130000 248.330002
v -115.709999 5.130000 248.330002
f 9136 9137 9138 9139
f 9141 9142 9143 9144
f 9141 9144 9145 9140
f 9148 9149 9150 9151
f 9154 9150 9155 9146
f 9147 9148 9151 9152
f 9147 9153 9154 9146
f 9147 9152 9153
f 9156 9157 9158 9159
v -227.239990 5.330000 167.959991
v -227.239990 5.330000 166.440002
v -227.619995 5.330000 167.959991
v -229.519989 5.430000 167.959991
v -229.139999 5.430000 166.059998
v -231.799988 5.430000 166.250000
v -232.179993 5.430000 165.300003
v -233.129990 5.430000 165.110001
v -233.319992 5.430000 165.489990
v -233.889999 5.430000 165.489990
v -234.080002 5.430000 166.250000
v -235.220001 5.430000 166.059998
v -235.409988 5.430000 167.959991
v -231.419998 5.430000 167.959991
v -236.360001 5.430000 163.970001
v -236.929993 5.430000 163.019989
v -236.929993 5.430000 162.069992
v -236.360001 5.430000 161.879990
v -236.169998 5.430000 161.119995
v -234.269989 5.330000 161.309998
v -233.889999 5.330000 161.879990
v -233.319992 5.330000 161.690002
v -233.129990 5.330000 159.979996
v -229.139999 5.330000 160.550003
v -228.949997 5.330000 161.309998
v -229.330002 5.330000 162.449997
v -228.949997 5.330000 162.830002
v -227.239990 5.330000 163.019989
v -227.239990 5.330000 158.839996
v -228.000000 5.330000 158.080002
v -237.119995 5.430000 158.080002
v -237.119995 5.430000 166.629990
v -233.889999 5.430000 163.970001
v -234.649994 5.430000 163.779999
v -234.649994 5.430000 164.160004
v -230.470001 5.330000 162.259995
v -230.470001 5.330000 161.500000
v -232.179993 5.330000 161.309998
v -232.369995 5.330000 161.690002
v -232.179993 5.330000 162.069992
f 9160 9161 9162
f 9168 9169 9170
f 9166 9167 9168
f 9165 9166 9168 9170 9172 9173
f 9170 9171 9172
f 9163 9164 9165 9173
f 9179 9180 9181 9182
f 9176 9177 9178 9190
f 9184 9185 9186 9187
f 9178 9179 9182 9190
f 9191 9175 9176 9190
f 9184 9187 9188 9183
f 9191 9174 9175
f 9183 9188 9189 9190 9182
f 9192 9193 9194
f 9197 9198 9199 9195 9196
v -158.080002 5.330000 69.159996
v -158.080002 5.330000 63.459999
v -160.739990 5.330000 63.459999
v -160.739990 5.330000 66.500000
v -162.639999 5.330000 66.689995
v -162.830002 5.330000 68.779999
v -167.959991 5.330000 68.970001
v -167.959991 5.330000 69.159996
v -163.589996 5.330000 67.830002
v -163.589996 5.330000 66.689995
v -167.389999 5.330000 66.689995
v -167.389999 5.330000 68.019997
v -161.690002 5.330000 65.739998
v -161.690002 5.330000 63.459999
v -162.639999 5.330000 63.270000
v -162.639999 5.330000 59.279999
v -167.959991 5.330000 59.279999
v -167.959991 5.330000 65.739998
v -158.080002 5.330000 62.509998
v -158.080002 5.330000 59.279999
v -160.739990 5.330000 59.279999
v -160.739990 5.330000 62.509998
f 9203 9204 9205 9200
f 9201 9202 9203 9200
f 9205 9206 9207 9200
f 9208 9209 9210 9211
f 9212 9213 9214 9217
f 9214 9215 9216 9217
f 9218 9219 9220 9221
v -49.399998 5.030000 108.680000
v -49.399998 4.930000 101.459999
v -50.349998 5.330000 101.079994
v -50.349998 5.330000 98.799995
v -50.919998 5.330000 98.799995
v -50.919998 5.330000 102.599998
v -49.969997 5.330000 102.790001
v -49.969997 5.330000 106.019997
v -50.919998 5.330000 106.209999
v -50.919998 5.330000 108.680000
v -53.389999 5.330000 108.680000
v -53.579998 5.330000 104.879997
v -55.289997 5.330000 105.070000
v -59.279999 5.330000 105.259995
v -59.279999 5.330000 108.680000
v -55.480000 5.330000 108.680000
v -55.289997 5.330000 107.159996
v -53.959999 5.330000 107.159996
v -53.770000 5.330000 108.680000
v -55.669998 5.330000 104.879997
v -55.669998 5.330000 103.169998
v -53.579998 5.330000 103.169998
v -53.389999 5.330000 102.790001
v -53.389999 5.330000 98.799995
v -53.770000 5.330000 98.799995
v -53.959999 5.330000 101.650002
v -55.480000 5.330000 101.459999
v -55.480000 5.330000 98.799995
v -59.279999 5.330000 98.799995
f 9224 9225 9226 9227
f 9223 9228 9229 9222
f 9224 9227 9228 9223
f 9229 9230 9231 9222
f 9239 9240 9232 9233
f 9237 9238 9234 9235 9236
f 9239 9233 9234 9238
f 9242 9243 9244 9247 9248
f 9245 9246 9247 9244
f 9242 9248 9249 9250 9235
f 9235 9241 9242
f 9235 9234 9241
v -230.089996 5.330000 156.179993
v -230.089996 5.330000 155.419998
v -227.239990 5.330000 152.759995
v -227.239990 5.330000 149.529999
v -230.279999 5.330000 150.289993
v -231.039993 5.330000 151.050003
v -231.610001 5.330000 151.050003
v -232.559998 5.330000 148.199997
v -237.119995 5.430000 148.199997
v -237.119995 5.430000 155.419998
v -236.169998 5.430000 155.419998
v -235.789993 5.430000 154.660004
v -234.649994 5.330000 155.039993
v -234.649994 5.330000 155.989990
v -235.599991 5.430000 156.369995
v -235.979996 5.430000 158.080002
v -228.000000 5.330000 158.080002
v -236.169998 5.430000 155.989990
v -237.119995 5.430000 158.080002
v -227.239990 5.330000 156.369995
v -227.239990 5.330000 155.039993
v -228.000000 5.330000 155.800003
v -228.949997 5.330000 148.199997
v -230.849991 5.330000 148.199997
v -230.659988 5.330000 148.770004
v -230.089996 5.330000 148.770004
f 9260 9261 9262
f 9264 9265 9266 9267 9251
f 9253 9254 9255 9256 9252
f 9263 9264 9251
f 9257 9258 9259 9260 9262
f 9252 9256 9257 9262 9263 9251
f 9268 9261 9260
f 9265 9268 9260 9269 9266
f 9270 9271 9272
f 9274 9275 9276 9273
v -39.520000 5.330000 128.440002
v -39.520000 5.330000 118.559998
v -49.399998 5.030000 118.559998
v -49.399998 4.930000 119.509995
v -47.879997 4.930000 119.509995
v -45.980000 4.930000 121.599998
v -44.840000 5.330000 121.599998
v -44.459999 5.330000 121.979996
v -44.459999 5.330000 128.440002
f 9279 9280 9281 9278
f 9281 9282 9283 9278
f 9284 9285 9277 9278
f 9283 9284 9278
v -69.159996 5.030000 237.119995
v -69.159996 5.030000 236.169998
v -74.860001 5.030000 236.169998
v -75.049995 5.130000 231.229996
v -78.089996 5.130000 231.229996
v -78.089996 5.030000 235.789993
v -79.040001 5.030000 236.169998
v -79.040001 5.030000 237.119995
v -69.159996 5.130000 233.889999
v -69.159996 5.130000 231.610001
v -69.729996 5.130000 231.610001
v -69.349998 5.130000 232.750000
v -69.729996 5.130000 233.129990
v -71.059998 5.130000 232.939987
v -70.869995 5.130000 231.610001
v -72.580002 5.130000 231.610001
v -72.580002 5.130000 233.889999
v -73.529999 5.130000 233.129990
v -73.529999 5.130000 232.369995
v -74.099998 5.130000 232.369995
v -74.099998 5.130000 233.129990
v -74.860001 5.130000 229.330002
v -69.159996 5.130000 229.330002
v -69.159996 5.130000 227.239990
v -79.040001 5.130000 227.239990
v -79.040001 5.130000 229.330002
v -78.089996 5.130000 229.709991
f 9291 9292 9293 9288
f 9289 9290 9291 9288
f 9286 9287 9288 9293
f 9295 9296 9297
f 9294 9295 9297
f 9294 9297 9298
f 9299 9300 9301 9302
f 9294 9298 9299 9302
f 9303 9304 9305 9306
f 9310 9311 9312 9307
f 9312 9290 9289 9307
f 9307 9308 9309 9310
v -148.959991 5.330000 256.880005
v -148.959991 5.230000 251.559998
v -148.389999 5.230000 251.369995
v -148.389999 5.230000 249.279999
v -158.080002 5.330000 249.279999
v -158.080002 5.330000 256.880005
v -148.199997 5.230000 248.330002
v -148.199997 5.230000 247.000000
v -158.080002 5.330000 247.000000
v -158.080002 5.330000 248.330002
f 9314 9315 9316 9317
f 9314 9317 9318 9313
f 9319 9320 9321 9322
v -59.279999 5.130000 227.239990
v -59.279999 5.130000 223.250000
v -63.649998 5.130000 223.250000
v -64.029999 5.130000 222.869995
v -64.029999 5.130000 217.360001
v -66.119995 5.130000 217.360001
v -66.119995 5.130000 222.869995
v -66.500000 5.130000 223.250000
v -69.159996 5.130000 223.250000
v -69.159996 5.130000 227.239990
v -59.279999 5.130000 222.299988
v -59.279999 5.130000 221.919998
v -60.039997 5.130000 221.919998
v -60.039997 5.130000 222.299988
v -61.180000 5.130000 222.299988
v -61.180000 5.130000 221.919998
v -61.559998 5.130000 221.919998
v -61.559998 5.130000 222.299988
v -68.589996 5.130000 222.299988
v -68.589996 5.130000 221.919998
v -69.159996 5.130000 221.919998
v -69.159996 5.130000 222.299988
v -59.279999 5.130000 220.970001
v -59.279999 5.130000 220.589996
v -59.660000 5.130000 220.970001
v -60.609997 5.130000 219.259995
v -59.660000 5.130000 219.259995
v -59.279999 5.130000 219.639999
v -59.279999 5.130000 218.690002
v -61.559998 5.130000 218.690002
v -61.559998 5.130000 220.970001
v -60.609997 5.130000 220.970001
v -68.589996 5.130000 220.970001
v -68.589996 5.130000 218.690002
v -69.159996 5.130000 218.690002
v -69.159996 5.130000 220.970001
v -62.509998 5.130000 220.209991
v -62.509998 5.130000 219.449997
v -63.079998 5.130000 219.449997
v -63.079998 5.130000 220.209991
v -67.070000 5.130000 220.209991
v -67.070000 5.130000 219.449997
v -67.639999 5.130000 219.449997
v -67.639999 5.130000 220.209991
v -59.279999 5.130000 217.739990
v -59.279999 5.130000 217.360001
v -59.849998 5.130000 217.360001
v -59.849998 5.130000 217.739990
v -61.180000 5.130000 217.739990
v -61.180000 5.130000 217.360001
v -61.559998 5.130000 217.360001
v -61.559998 5.130000 217.739990
v -68.589996 5.130000 217.739990
v -68.589996 5.130000 217.360001
v -69.159996 5.130000 217.360001
v -69.159996 5.130000 217.739990
f 9330 9331 9332
f 9329 9330 9332 9323 9325
f 9326 9327 9328 9329
f 9323 9324 9325
f 9325 9326 9329
f 9333 9334 9335 9336
f 9337 9338 9339 9340
f 9341 9342 9343 9344
f 9345 9346 9347
f 9349 9350 9351
f 9348 9349 9351 9352
f 9348 9352 9353 9354
f 9355 9356 9357 9358
f 9359 9360 9361 9362
f 9363 9364 9365 9366
f 9367 9368 9369 9370
f 9371 9372 9373 9374
f 9375 9376 9377 9378
v -177.839996 5.330000 79.040001
v -177.839996 5.330000 69.159996
v -182.209991 5.330000 69.159996
v -182.209991 5.330000 72.769997
v -182.779999 5.330000 73.909996
v -182.589996 5.330000 78.089996
v -186.199997 5.430000 78.659996
v -186.389999 5.730000 77.900002
v -187.149994 5.730000 77.900002
v -187.149994 5.530000 78.470001
v -187.720001 5.330000 78.659996
v -187.720001 5.330000 79.040001
v -183.729996 5.330000 77.139999
v -183.919998 5.330000 73.529999
v -183.349991 5.330000 72.199997
v -183.349991 5.330000 71.250000
v -184.679993 5.330000 71.629997
v -185.059998 5.330000 73.909996
v -185.059998 5.330000 77.330002
v -184.110001 5.330000 77.330002
v -186.580002 5.330000 75.809998
v -186.389999 5.330000 74.479996
v -186.389999 5.330000 73.339996
v -187.720001 5.330000 73.339996
v -187.720001 5.330000 75.809998
v -186.009995 5.330000 72.010002
v -186.389999 5.330000 70.299995
v -187.149994 5.330000 69.159996
v -187.720001 5.330000 69.159996
v -187.720001 5.330000 71.820000
v -183.349991 5.330000 69.919998
v -183.349991 5.330000 69.159996
v -183.729996 5.330000 69.159996
f 9388 9389 9390
f 9386 9387 9388
f 9385 9386 9388 9390
f 9382 9383 9384 9379 9380
f 9384 9385 9390 9379
f 9380 9381 9382
f 9397 9398 9391 9392 9396
f 9393 9394 9395 9396 9392
f 9400 9401 9402 9403 9399
f 9405 9406 9407 9408 9404
f 9409 9410 9411
v -108.680000 5.330000 69.159996
v -108.680000 5.330000 63.459999
v -116.849998 5.330000 63.459999
v -116.849998 5.330000 66.500000
v -118.559998 5.330000 66.689995
v -118.559998 5.330000 69.159996
v -117.799995 5.330000 65.739998
v -117.799995 5.330000 63.459999
v -118.559998 5.330000 63.459999
v -118.559998 5.330000 65.739998
v -108.680000 5.330000 62.509998
v -108.680000 5.330000 60.609997
v -109.439995 5.330000 60.230000
v -113.809998 5.430000 60.230000
v -114.000000 5.530000 60.609997
v -114.570000 5.730000 60.609997
v -114.759995 5.330000 61.369999
v -116.849998 5.630000 61.559998
v -116.849998 5.330000 62.509998
f 9415 9416 9417 9412
f 9413 9414 9415 9412
f 9418 9419 9420 9421
f 9426 9427 9428
f 9428 9429 9430
f 9422 9423 9424 9428 9430
f 9424 9425 9426
f 9424 9426 9428
v -118.559998 5.130000 256.880005
v -118.559998 5.130000 249.279999
v -122.930000 5.130000 249.279999
v -122.930000 5.130000 251.369995
v -121.979996 5.130000 251.559998
v -121.979996 5.130000 256.880005
v -123.879997 5.230000 256.880005
v -123.879997 5.230000 252.319992
v -128.440002 5.230000 252.319992
v -128.440002 5.230000 256.880005
v -123.879997 5.130000 251.369995
v -123.689995 5.130000 248.330002
v -126.349998 5.130000 248.330002
v -126.540001 5.130000 247.000000
v -128.440002 5.130000 247.000000
v -128.440002 5.130000 251.369995
v -118.559998 5.130000 248.330002
v -118.559998 5.130000 247.759995
v -122.930000 5.130000 247.759995
v -123.119995 5.130000 248.330002
v -125.019997 5.330000 247.000000
v -125.589996 5.330000 247.000000
v -125.589996 5.330000 247.379990
v -124.829994 5.330000 247.379990
f 9433 9434 9435 9432
f 9431 9432 9435 9436
f 9437 9438 9439 9440
f 9443 9444 9445 9446
f 9441 9442 9443 9446
f 9447 9448 9449 9450
f 9451 9452 9453 9454
v -69.159996 5.330000 88.919998
v -69.159996 5.330000 87.400002
v -69.540001 5.630000 87.400002
v -69.540001 5.630000 88.919998
v -70.489998 5.230000 88.919998
v -70.489998 5.230000 87.019997
v -77.139999 5.330000 87.400002
v -77.330002 5.330000 86.830002
v -79.040001 5.330000 86.830002
v -79.040001 5.330000 88.919998
v -79.040001 5.330000 85.689995
v -79.040001 5.330000 85.879997
v -77.330002 5.330000 85.879997
v -69.159996 5.230000 83.409996
v -69.159996 5.330000 79.040001
v -74.860001 5.330000 79.040001
v -75.049995 5.330000 82.650002
v -73.909996 5.330000 82.650002
v -73.720001 5.330000 83.409996
v -77.330002 5.330000 83.409996
v -77.139999 5.330000 82.650002
v -79.040001 5.330000 79.040001
v -79.040001 5.330000 83.409996
f 9455 9456 9457 9458
f 9461 9462 9463 9464
f 9459 9460 9461 9464
f 9465 9466 9467
f 9470 9471 9472
f 9472 9473 9468
f 9469 9470 9472 9468
f 9477 9474 9475 9476
f 9475 9471 9470 9476
v -59.279999 5.330000 98.799995
v -59.279999 5.330000 93.479996
v -64.029999 5.330000 93.669998
v -63.649998 5.330000 93.860001
v -63.649998 5.330000 95.570000
v -64.599998 5.330000 95.759995
v -64.599998 5.330000 97.659996
v -64.220001 5.330000 97.849998
v -64.220001 5.330000 98.799995
v -65.930000 5.330000 98.799995
v -65.739998 5.330000 97.659996
v -65.739998 5.330000 95.570000
v -65.739998 5.330000 93.860001
v -64.979996 5.330000 93.669998
v -64.790001 5.330000 88.919998
v -69.159996 5.330000 88.919998
v -69.159996 5.330000 92.909996
v -66.500000 5.330000 93.099998
v -66.689995 5.330000 98.799995
v -68.970001 5.330000 98.799995
v -69.159996 5.330000 96.519997
v -69.159996 5.330000 98.799995
v -59.279999 5.330000 88.919998
v -62.129997 5.330000 88.919998
v -63.840000 5.330000 88.919998
f 9483 9484 9485 9482
f 9479 9481 9482
f 9482 9485 9486 9478 9479
f 9479 9480 9481
f 9496 9487 9488 9489 9495
f 9488 9484 9483 9489
f 9491 9492 9495 9490
f 9495 9489 9490
f 9493 9494 9495 9492
f 9497 9498 9499
f 9492 9491 9480 9502
f 9479 9500 9501 9480
f 9501 9502 9480
v -138.319992 5.230000 256.880005
v -138.319992 5.230000 252.509995
v -140.220001 5.230000 252.509995
v -140.410004 5.230000 253.080002
v -141.360001 5.230000 253.080002
v -141.550003 5.230000 252.319992
v -147.440002 5.230000 252.319992
v -147.440002 5.230000 256.880005
v -138.319992 5.130000 251.369995
v -138.319992 5.130000 247.379990
v -140.599991 5.130000 247.379990
v -140.220001 5.130000 249.279999
v -140.599991 5.130000 249.470001
v -140.599991 5.130000 250.039993
v -140.220001 5.130000 250.229996
v -140.410004 5.130000 251.369995
v -141.929993 5.130000 251.369995
v -141.929993 5.130000 249.279999
v -143.069992 5.130000 249.470001
v -144.020004 5.230000 249.470001
v -144.970001 5.230000 249.470001
v -145.160004 5.230000 249.089996
v -147.440002 5.230000 249.089996
v -147.440002 5.230000 251.369995
v -143.259995 5.130000 248.330002
v -141.929993 5.130000 248.330002
v -141.929993 5.130000 247.000000
v -148.199997 5.230000 247.000000
v -148.199997 5.230000 248.330002
v -147.440002 5.230000 248.519989
v -144.970001 5.230000 248.139999
v -144.020004 5.230000 248.139999
f 9504 9505 9506 9503
f 9507 9509 9510 9503
f 9503 9506 9507
f 9507 9508 9509
f 9514 9515 9516 9517
f 9511 9512 9514 9517
f 9517 9518 9511
f 9512 9513 9514
f 9519 9520 9521
f 9523 9524 9525 9526
f 9519 9521 9522
f 9519 9522 9523 9526
f 9522 9521 9527 9534
f 9533 9534 9529
f 9530 9531 9532 9533 9529
f 9527 9528 9529 9534
f 9532 9525 9524 9533
v -207.479996 5.330000 217.360001
v -207.479996 5.330000 209.000000
v -207.860001 5.330000 208.429993
v -208.809998 5.330000 208.429993
v -209.759995 5.330000 207.479996
v -217.360001 5.330000 207.479996
v -217.360001 5.330000 210.139999
v -216.979996 5.330000 209.949997
v -216.789993 5.330000 209.000000
v -215.839996 5.330000 209.000000
v -214.889999 5.330000 210.709991
v -215.269989 5.330000 212.419998
v -213.750000 5.330000 212.799988
v -213.559998 5.330000 212.419998
v -212.610001 5.330000 212.419998
v -212.229996 5.330000 212.799988
v -212.610001 5.330000 213.940002
v -211.849991 5.330000 214.319992
v -212.039993 5.630000 217.169998
v -211.659988 5.630000 217.360001
v -211.279999 5.630000 217.360001
v -210.709991 5.530000 217.360001
v -213.179993 5.330000 216.979996
v -212.989990 5.330000 215.269989
v -214.129990 5.330000 213.940002
v -215.649994 5.330000 213.559998
v -215.839996 5.330000 214.319992
v -217.360001 5.330000 214.699997
v -217.360001 5.330000 215.649994
v -217.169998 5.330000 217.360001
v -214.129990 5.330000 217.360001
f 9553 9554 9555
f 9541 9542 9543 9540
f 9553 9555 9556 9552
f 9536 9537 9538
f 9550 9551 9552
f 9544 9549 9550 9538 9539
f 9546 9547 9548 9545
f 9540 9543 9544 9539
f 9550 9552 9556 9535 9536 9538
f 9545 9548 9549 9544
f 9559 9560 9561
f 9561 9562 9563
f 9565 9557 9558
f 9558 9559 9561 9563 9564 9565
v -128.440002 5.230000 256.880005
v -128.440002 5.230000 252.319992
v -131.669998 5.230000 252.319992
v -131.860001 5.230000 252.889999
v -132.809998 5.230000 252.889999
v -133.000000 5.230000 252.319992
v -133.569992 5.230000 252.319992
v -133.759995 5.230000 252.889999
v -134.709991 5.230000 252.889999
v -134.899994 5.230000 252.319992
v -138.319992 5.230000 252.509995
v -138.319992 5.230000 256.880005
v -128.440002 5.130000 251.369995
v -128.440002 5.130000 247.000000
v -129.959991 5.130000 247.000000
v -130.149994 5.130000 247.379990
v -130.720001 5.130000 247.379990
v -130.720001 5.130000 248.139999
v -129.959991 5.130000 248.330002
v -129.959991 5.130000 249.089996
v -130.720001 5.130000 249.279999
v -130.720001 5.130000 249.659988
v -130.149994 5.130000 249.849991
v -130.149994 5.130000 250.799988
v -130.720001 5.130000 250.989990
v -130.720001 5.130000 251.369995
v -131.289993 5.130000 250.799988
v -131.289993 5.130000 249.849991
v -131.289993 5.130000 249.089996
v -131.289993 5.130000 248.330002
v -131.289993 5.130000 247.000000
v -131.860001 5.130000 247.000000
v -132.050003 5.130000 247.379990
v -133.000000 5.130000 247.379990
v -133.190002 5.130000 247.000000
v -133.569992 5.130000 247.000000
v -133.759995 5.130000 247.379990
v -134.330002 5.130000 247.379990
v -134.330002 5.130000 249.659988
v -133.569992 5.130000 249.849991
v -133.569992 5.130000 250.610001
v -134.330002 5.130000 250.799988
v -134.330002 5.130000 251.369995
v -134.899994 5.130000 250.610001
v -134.899994 5.130000 249.849991
v -134.899994 5.130000 247.000000
v -136.610001 5.130000 247.000000
v -136.610001 5.130000 251.369995
v -137.940002 5.130000 251.369995
v -137.940002 5.130000 247.379990
v -138.319992 5.130000 247.379990
v -138.319992 5.130000 251.369995
f 9570 9571 9572 9573
f 9566 9569 9570
f 9567 9568 9569 9566
f 9574 9575 9576 9577
f 9573 9574 9577
f 9566 9570 9573 9577
f 9586 9587 9588 9585
f 9591 9578 9589 9590
f 9585 9588 9589 9578 9579
f 9581 9582 9583 9584
f 9579 9584 9585
f 9580 9581 9584 9579
f 9599 9600 9601 9602
f 9594 9599 9602 9604 9605 9593
f 9591 9590 9592 9606 9607 9608
f 9593 9587 9586 9594
f 9606 9592 9593 9605
f 9596 9597 9598 9595 9583 9582
f 9594 9595 9598 9599
f 9602 9603 9604
f 9608 9607 9609 9613
f 9610 9604 9603
f 9613 9609 9610
f 9603 9611 9612 9613 9610
f 9614 9615 9616 9617
v -148.199997 5.330000 68.970001
v -148.199997 5.330000 67.639999
v -148.199997 5.330000 63.459999
v -150.479996 5.330000 63.459999
v -150.289993 5.330000 64.599998
v -150.099991 5.330000 64.220001
v -148.959991 5.330000 64.409996
v -148.959991 5.330000 65.169998
v -149.720001 5.330000 65.360001
v -149.720001 5.330000 65.739998
v -149.149994 5.330000 65.930000
v -149.149994 5.330000 66.879997
v -150.289993 5.330000 66.879997
v -150.289993 5.330000 67.830002
v -149.149994 5.330000 67.830002
v -149.149994 5.330000 68.779999
v -149.720001 5.330000 68.970001
v -149.720001 5.330000 69.159996
v -148.199997 5.330000 69.159996
v -150.289993 5.330000 68.779999
v -150.289993 5.330000 65.930000
v -150.289993 5.330000 65.169998
v -154.660004 5.330000 63.459999
v -154.849991 5.330000 65.360001
v -154.660004 5.330000 66.500000
v -155.229996 5.330000 66.879997
v -155.229996 5.330000 69.159996
v -156.179993 5.330000 66.879997
v -156.559998 5.330000 66.500000
v -156.559998 5.330000 65.549995
v -156.179993 5.330000 65.169998
v -158.080002 5.330000 63.459999
v -158.080002 5.330000 69.159996
v -148.199997 5.330000 62.129997
v -148.199997 5.330000 59.279999
v -158.080002 5.330000 59.279999
v -158.080002 5.330000 62.509998
v -148.580002 5.330000 62.509998
f 9633 9634 9635 9636 9618
f 9626 9627 9628 9625
f 9621 9623 9624 9620
f 9621 9622 9623
f 9632 9633 9618 9619
f 9625 9628 9629 9619 9620
f 9629 9630 9631 9632 9619
f 9620 9624 9625
f 9635 9634 9637
f 9638 9627 9626 9639
f 9631 9630 9621
f 9639 9622 9621
f 9638 9639 9621
f 9642 9643 9644 9635 9637
f 9640 9641 9642 9637 9631 9621
f 9630 9638 9621
f 9648 9641 9640
f 9644 9643 9645
f 9648 9640 9649 9647
f 9646 9647 9649 9650
f 9650 9644 9645 9646
f 9655 9651 9652 9653 9654
v -88.919998 4.930000 247.000000
v -88.919998 5.030000 237.119995
v -98.799995 5.130000 237.119995
v -98.799995 5.030000 247.000000
f 9656 9657 9658 9659
v -187.720001 5.330000 237.119995
v -187.720001 5.330000 227.239990
v -188.289993 5.330000 227.239990
v -188.669998 5.330000 229.330002
v -189.809998 5.330000 229.709991
v -191.519989 5.330000 233.889999
v -191.139999 5.330000 235.599991
v -191.709991 5.330000 236.739990
v -193.989990 5.330000 236.360001
v -194.179993 5.330000 235.789993
v -197.599991 5.330000 234.459991
v -197.599991 5.330000 237.119995
v -193.229996 5.530000 234.080002
v -193.039993 5.930000 232.179993
v -193.610001 5.730000 231.989990
v -193.610001 5.530000 231.039993
v -192.659988 5.530000 229.709991
v -192.659988 5.530000 229.139999
v -193.229996 5.530000 228.759995
v -193.039993 5.530000 228.000000
v -193.419998 5.530000 227.619995
v -194.369995 5.530000 227.619995
v -194.559998 5.530000 227.239990
v -194.750000 5.530000 227.239990
v -195.319992 5.530000 228.000000
v -195.319992 5.530000 229.139999
v -194.940002 5.530000 230.089996
v -195.319992 5.530000 230.470001
v -195.129990 5.530000 231.039993
v -194.179993 5.530000 231.419998
v -194.559998 5.830000 232.750000
v -194.179993 5.930000 232.369995
v -193.229996 5.930000 232.559998
v -193.610001 5.530000 234.080002
v -195.319992 5.530000 231.989990
v -195.509995 5.530000 231.229996
v -196.269989 5.530000 230.279999
v -196.269989 5.530000 229.330002
v -196.459991 5.530000 228.379990
v -196.459991 5.530000 227.239990
v -197.599991 5.530000 227.239990
v -197.599991 5.530000 232.559998
v -195.889999 5.530000 232.939987
v -191.899994 5.930000 230.659988
v -192.470001 6.030000 230.659988
v -192.279999 5.930000 231.039993
f 9661 9662 9663 9660
f 9669 9670 9671 9668
f 9666 9667 9660
f 9660 9663 9664 9665 9666
f 9667 9668 9671
f 9667 9671 9660
f 9681 9682 9683 9684 9685
f 9689 9690 9691
f 9686 9687 9688 9689 9675
f 9689 9674 9675
f 9676 9677 9678
f 9678 9679 9680 9681
f 9689 9691 9692 9674
f 9692 9693 9672 9673
f 9678 9681 9685 9686 9675 9676
f 9692 9673 9674
f 9695 9688 9687 9696
f 9702 9694 9695 9696 9701
f 9685 9684 9698 9697
f 9696 9697 9698 9700 9701
f 9698 9699 9700
f 9703 9704 9705
v -39.520000 5.130000 187.720001
v -39.520000 5.130000 180.690002
v -40.090000 5.130000 180.500000
v -40.090000 5.130000 179.550003
v -39.520000 5.130000 179.360001
v -39.520000 5.130000 177.839996
v -41.419998 5.130000 177.839996
v -41.610001 5.130000 181.639999
v -43.700001 5.130000 181.449997
v -43.700001 5.130000 177.839996
v -46.360001 5.130000 177.839996
v -45.219997 5.130000 180.119995
v -45.219997 5.130000 181.069992
v -45.599998 5.130000 181.449997
v -47.879997 5.130000 182.019989
v -49.399998 5.130000 179.360001
v -49.399998 5.130000 187.720001
v -48.070000 5.130000 187.720001
v -47.689999 5.130000 186.009995
v -45.599998 5.130000 186.009995
v -44.649998 5.130000 186.580002
v -44.840000 5.130000 187.720001
v -45.789997 5.130000 187.720001
v -45.789997 5.130000 187.149994
v -46.169998 5.130000 186.959991
v -46.930000 5.130000 186.959991
v -46.930000 5.130000 187.720001
v -46.360001 5.130000 180.500000
v -46.930000 5.130000 179.169998
v -47.689999 5.130000 179.550003
v -47.309998 5.130000 180.879990
v -42.369999 5.130000 180.690002
v -42.369999 5.130000 179.739990
v -42.750000 5.130000 179.739990
v -42.750000 5.130000 180.690002
v -42.369999 5.130000 178.599991
v -42.369999 5.130000 177.839996
v -42.750000 5.130000 177.839996
v -42.750000 5.130000 178.599991
f 9709 9710 9711 9712
f 9714 9718 9719
f 9722 9723 9724 9720 9721
f 9709 9712 9713 9708
f 9713 9726 9727 9706 9707 9708
f 9713 9714 9719 9725 9726
f 9715 9716 9717 9714
f 9720 9724 9725 9719
f 9714 9717 9718
f 9728 9729 9730 9731 9732
f 9733 9734 9735 9736
f 9737 9738 9739 9740
f 9741 9742 9743 9744
v -217.360001 5.330000 197.599991
v -217.360001 5.330000 196.459991
v -217.360001 5.330000 195.509995
v -217.360001 5.330000 193.229996
v -220.399994 5.330000 193.229996
v -220.399994 5.330000 194.750000
v -221.349991 5.330000 194.940002
v -221.539993 5.330000 190.379990
v -222.110001 5.330000 189.429993
v -222.299988 5.330000 187.720001
v -225.529999 5.330000 187.720001
v -225.529999 5.330000 189.429993
v -224.580002 5.330000 189.809998
v -224.580002 5.330000 190.379990
v -224.199997 5.330000 190.379990
v -224.009995 5.330000 189.619995
v -222.869995 5.330000 189.809998
v -222.869995 5.330000 190.569992
v -224.009995 5.330000 190.759995
v -224.009995 5.330000 191.519989
v -223.819992 5.330000 193.610001
v -222.679993 5.330000 193.229996
v -222.489990 5.330000 194.369995
v -223.629990 5.430000 194.559998
v -224.009995 5.330000 194.179993
v -224.009995 5.530000 194.940002
v -224.580002 5.630000 195.129990
v -224.580002 5.730000 195.889999
v -223.819992 5.430000 196.080002
v -223.440002 5.330000 197.599991
v -223.059998 5.330000 197.599991
v -222.679993 5.330000 196.839996
v -221.919998 5.330000 196.839996
v -220.209991 5.330000 197.599991
v -226.289993 5.330000 197.599991
v -227.049988 5.330000 187.720001
v -227.239990 5.330000 187.720001
v -227.239990 5.330000 197.599991
v -217.360001 5.330000 192.470001
v -217.929993 5.330000 190.949997
v -217.360001 5.330000 188.099991
v -217.360001 5.330000 187.720001
v -221.159988 5.330000 187.720001
v -220.399994 5.330000 190.000000
f 9768 9769 9770
f 9757 9758 9759 9760
f 9778 9745 9746
f 9774 9775 9776 9773
f 9770 9771 9772
f 9770 9772 9773 9768
f 9748 9749 9750 9747
f 9762 9763 9764 9765 9766
f 9756 9757 9760
f 9753 9760 9761
f 9773 9776 9777 9751 9767 9768
f 9762 9752 9753 9761
f 9766 9767 9751 9752 9762
f 9755 9756 9760 9753 9754
f 9777 9778 9746 9747 9750 9751
f 9780 9781 9782 9779
f 9748 9783 9784 9788 9749
f 9784 9785 9786 9787 9788
v -39.520000 5.330000 138.319992
v -39.520000 5.330000 134.709991
v -47.689999 5.330000 134.709991
v -45.029999 5.330000 134.899994
v -44.840000 5.330000 136.229996
v -48.450001 5.330000 136.419998
v -48.450001 5.330000 138.319992
v -39.520000 5.330000 132.809998
v -39.520000 5.330000 128.440002
v -44.459999 5.330000 128.440002
v -44.840000 5.330000 129.580002
v -47.689999 5.330000 129.580002
v -47.689999 5.330000 131.099991
v -49.399998 5.330000 131.099991
v -49.399998 5.330000 132.809998
f 9793 9794 9795
f 9790 9791 9792
f 9790 9792 9793
f 9789 9790 9793 9795
f 9801 9802 9803
f 9799 9800 9801
f 9797 9798 9799
f 9799 9801 9803 9796 9797
v -208.619995 5.330000 108.299995
v -208.619995 5.330000 106.209999
v -209.000000 5.330000 106.019997
v -208.619995 5.330000 102.979996
v -209.000000 5.530000 102.790001
v -209.379990 5.530000 100.889999
v -208.809998 5.330000 98.799995
v -214.699997 5.330000 98.799995
v -215.459991 5.330000 99.939995
v -215.459991 5.330000 108.680000
v -209.000000 5.330000 108.680000
v -216.599991 5.330000 108.299995
v -216.599991 5.330000 107.540001
v -217.169998 5.330000 107.540001
v -217.360001 5.330000 108.299995
v -217.360001 5.330000 108.680000
v -217.169998 5.330000 108.680000
v -216.599991 5.330000 100.889999
v -216.599991 5.330000 99.369995
v -216.220001 5.330000 98.799995
v -217.360001 5.330000 98.799995
v -217.360001 5.330000 101.079994
v -207.479996 5.330000 100.889999
v -207.479996 5.330000 99.369995
v -208.049988 5.330000 100.889999
f 9804 9805 9806 9814
f 9809 9811 9812 9813 9814 9806
f 9806 9807 9808
f 9806 9808 9809
f 9809 9810 9811
f 9818 9819 9820 9815 9816 9817
f 9822 9823 9824
f 9822 9824 9825 9821
f 9826 9827 9828
v -187.720001 5.330000 88.919998
v -187.720001 5.330000 86.639999
v -187.720001 5.330000 85.879997
v -192.849991 5.330000 86.449997
v -192.279999 5.330000 88.159996
v -191.519989 5.330000 87.400002
v -189.619995 5.330000 87.209999
v -189.050003 5.330000 88.919998
v -193.610001 5.330000 88.729996
v -193.800003 5.330000 87.209999
v -195.509995 5.330000 87.779999
v -195.129990 5.330000 88.919998
v -194.750000 5.330000 88.919998
v -196.649994 5.330000 88.919998
v -197.029999 5.330000 87.970001
v -196.839996 5.330000 86.830002
v -194.559998 5.330000 86.259995
v -193.800003 5.330000 85.500000
v -192.659988 5.330000 85.119995
v -187.909988 5.330000 84.930000
v -187.720001 5.330000 84.360001
v -187.720001 5.330000 79.040001
v -189.429993 5.330000 79.040001
v -190.190002 5.330000 79.799995
v -192.659988 5.330000 79.229996
v -193.229996 5.430000 79.989998
v -195.129990 5.830000 80.369995
v -194.750000 5.630000 80.939995
v -194.179993 5.630000 80.559998
v -193.229996 5.330000 80.750000
v -193.229996 5.430000 82.269997
v -194.179993 5.330000 82.459999
v -194.369995 5.330000 83.029999
v -195.889999 5.330000 83.029999
v -196.269989 5.330000 82.459999
v -197.599991 5.330000 83.220001
v -197.599991 5.330000 88.919998
v -195.889999 5.330000 79.040001
v -197.599991 5.330000 79.040001
v -197.599991 5.330000 79.799995
f 9832 9833 9834
f 9835 9836 9829 9830
f 9831 9832 9834 9835 9830
f 9839 9840 9841 9837 9838
f 9855 9856 9857
f 9854 9855 9857
f 9854 9857 9858
f 9865 9842 9843
f 9859 9860 9861 9846 9847
f 9853 9854 9858
f 9862 9863 9864
f 9865 9843 9844 9864
f 9850 9851 9852
f 9853 9858 9859 9852
f 9861 9862 9864 9844 9845 9846
f 9847 9848 9849 9850 9852 9859
f 9866 9867 9868
v -197.599991 5.530000 227.239990
v -197.599991 5.530000 225.909988
v -198.360001 5.530000 227.049988
v -199.500000 5.530000 226.860001
v -200.069992 5.530000 226.479996
v -200.069992 5.530000 225.720001
v -199.500000 5.530000 225.149994
v -200.069992 5.530000 224.959991
v -200.259995 5.530000 225.909988
v -201.209991 5.530000 226.289993
v -200.449997 5.530000 227.239990
v -205.769989 5.330000 226.860001
v -205.389999 5.330000 225.909988
v -205.389999 5.330000 225.339996
v -205.959991 5.330000 225.149994
v -206.529999 5.330000 226.479996
v -206.529999 5.330000 223.629990
v -205.769989 5.330000 223.629990
v -205.009995 5.330000 224.199997
v -204.059998 5.330000 224.009995
v -204.440002 5.330000 223.629990
v -204.440002 5.330000 222.679993
v -204.059998 5.330000 221.729996
v -203.300003 5.330000 221.349991
v -202.919998 5.330000 220.209991
v -201.019989 5.330000 220.399994
v -200.639999 5.330000 220.779999
v -200.830002 5.330000 221.919998
v -198.929993 5.330000 222.679993
v -199.500000 5.330000 220.589996
v -198.360001 5.330000 220.019989
v -200.069992 5.330000 220.019989
v -201.399994 5.330000 219.449997
v -204.059998 5.330000 219.639999
v -204.250000 5.330000 218.879990
v -203.869995 5.330000 218.500000
v -201.019989 5.330000 218.309998
v -199.879990 5.330000 218.879990
v -197.599991 5.330000 219.069992
v -197.599991 5.330000 217.360001
v -207.479996 5.330000 217.360001
v -207.479996 5.330000 225.529999
f 9874 9875 9876
f 9874 9876 9877
f 9873 9874 9877
f 9869 9870 9871
f 9873 9877 9878 9879
f 9869 9871 9872 9879
f 9872 9873 9879
f 9881 9882 9883 9884 9880
f 9887 9888 9889
f 9898 9899 9900
f 9886 9887 9889 9890
f 9906 9907 9908 9905
f 9895 9896 9897 9898 9900
f 9909 9910 9885 9903
f 9885 9886 9890 9891 9902 9903
f 9894 9895 9900 9901
f 9904 9905 9908 9909
f 9893 9894 9901 9902
f 9909 9903 9904
f 9892 9893 9902 9891
v -118.559998 5.330000 69.159996
v -118.559998 5.330000 66.689995
v -128.440002 5.330000 66.689995
v -128.440002 5.330000 69.159996
v -118.559998 5.330000 65.739998
v -118.559998 5.330000 63.459999
v -119.129997 5.330000 63.270000
v -119.129997 5.530000 60.609997
v -120.459999 5.330000 60.419998
v -121.599998 5.530000 59.279999
v -128.440002 5.330000 59.279999
v -128.440002 5.330000 65.739998
f 9911 9912 9913 9914
f 9915 9916 9917
f 9917 9918 9919
f 9917 9919 9920 9921 9922 9915
v -219.069992 5.530000 127.489998
v -220.399994 5.530000 128.059998
v -220.779999 5.530000 126.919998
v -220.399994 5.530000 125.779999
v -219.259995 5.530000 125.779999
v -219.259995 5.530000 125.399994
v -220.779999 5.530000 125.209999
v -221.159988 5.530000 125.209999
v -221.539993 5.530000 126.159996
v -222.489990 5.530000 126.159996
v -222.869995 5.530000 127.110001
v -225.529999 5.530000 126.919998
v -225.529999 5.730000 127.489998
v -225.149994 5.930000 127.680000
v -224.769989 5.930000 127.680000
v -224.580002 5.530000 127.110001
v -224.009995 5.530000 127.110001
v -223.819992 5.530000 128.440002
v -219.259995 5.530000 128.440002
v -225.149994 5.530000 128.250000
v -224.959991 5.530000 128.440002
v -224.769989 5.530000 128.440002
v -227.049988 5.330000 128.440002
v -227.239990 5.330000 126.729996
v -227.239990 5.330000 128.440002
v -223.250000 5.930000 125.209999
v -223.440002 5.530000 124.829994
v -224.389999 5.930000 124.829994
v -224.199997 5.930000 125.399994
v -224.769989 5.930000 124.829994
v -224.959991 5.930000 123.309998
v -225.720001 5.630000 123.500000
v -225.529999 5.530000 125.019997
v -225.149994 5.330000 121.599998
v -224.769989 5.330000 119.129997
v -220.970001 5.330000 118.939995
v -220.399994 5.330000 121.409996
v -220.019989 5.330000 121.409996
v -219.830002 5.330000 120.649994
v -217.739990 5.330000 120.649994
v -217.360001 5.330000 121.029999
v -217.360001 5.330000 118.559998
v -227.239990 5.330000 118.559998
v -227.239990 5.330000 120.839996
v -225.529999 5.330000 120.839996
v -221.919998 5.330000 120.839996
v -221.919998 5.330000 120.079994
v -223.819992 5.330000 120.269997
v -223.819992 5.330000 121.029999
f 9935 9936 9937 9938 9934
f 9933 9934 9939
f 9933 9939 9940
f 9926 9927 9928 9929
f 9924 9940 9941
f 9926 9929 9930 9931 9925
f 9931 9932 9933
f 9925 9931 9933 9940 9924
f 9941 9923 9924
f 9934 9938 9939
f 9942 9943 9944
f 9945 9946 9947
f 9949 9950 9951 9948
f 9952 9953 9954 9955
f 9959 9960 9961 9958
f 9967 9956 9957
f 9961 9962 9964 9958
f 9962 9963 9964
f 9965 9966 9967 9957
f 9958 9964 9965 9957
f 9968 9969 9970 9971
v -59.279999 5.130000 247.000000
v -59.279999 5.130000 244.339996
v -61.369999 5.130000 244.149994
v -61.180000 5.130000 243.009995
v -59.279999 5.130000 243.009995
v -59.279999 5.130000 237.879990
v -61.180000 5.130000 237.879990
v -61.369999 5.130000 237.119995
v -69.159996 5.030000 237.119995
v -69.159996 4.930000 247.000000
f 9972 9973 9974 9981
f 9975 9976 9977 9978
f 9975 9978 9979 9980 9981 9974
v -20.139999 5.130000 158.080002
v -20.139999 5.130000 157.129990
v -21.469999 5.130000 157.129990
v -22.990000 5.130000 156.179993
v -23.180000 5.130000 154.470001
v -22.039999 5.130000 152.379990
v -19.760000 5.130000 152.379990
v -19.760000 5.130000 148.199997
v -29.639999 5.130000 148.199997
v -29.639999 5.130000 158.080002
v -19.760000 5.130000 155.989990
v -19.760000 5.130000 153.519989
v -20.709999 5.130000 153.330002
v -21.090000 5.130000 155.610001
f 9982 9983 9984
f 9982 9984 9985 9991
f 9987 9988 9989 9990
f 9986 9987 9990 9991
f 9991 9985 9986
f 9993 9994 9995 9992
v -31.539999 5.130000 207.479996
v -31.349998 5.130000 206.909988
v -30.209999 5.130000 207.099991
v -30.209999 5.130000 206.529999
v -31.539999 5.130000 206.720001
v -31.730000 5.130000 205.580002
v -30.209999 5.130000 205.580002
v -30.019999 5.130000 203.489990
v -29.639999 5.130000 203.300003
v -29.639999 5.130000 200.259995
v -30.019999 5.130000 200.069992
v -30.209999 5.130000 197.789993
v -31.349998 5.130000 197.979996
v -31.539999 5.130000 197.599991
v -35.149998 5.130000 197.599991
v -35.340000 5.130000 197.979996
v -36.480000 5.130000 197.979996
v -36.669998 5.130000 197.599991
v -39.520000 5.130000 197.599991
v -39.520000 5.130000 202.919998
v -39.520000 5.130000 203.869995
v -39.520000 5.130000 206.720001
v -39.139999 5.130000 206.909988
v -39.139999 5.130000 207.479996
f 9997 9998 9999 10000
f 10015 10016 10018
f 9996 9997 10000
f 9996 10000 10001 10018 10019
f 10006 10007 10008 10003
f 10001 10002 10003
f 10012 10013 10014 10015
f 10016 10017 10018
f 10003 10004 10005 10006
f 10001 10003 10008 10011 10015 10018
f 10008 10009 10010 10011
f 10011 10012 10015
v -49.399998 5.130000 237.119995
v -49.399998 5.130000 236.169998
v -53.199997 5.130000 235.979996
v -53.199997 5.130000 229.899994
v -55.099998 5.130000 229.899994
v -55.099998 5.130000 235.979996
v -59.279999 5.130000 236.169998
v -59.279999 5.130000 236.360001
v -58.520000 5.130000 236.360001
v -58.329998 5.130000 237.119995
v -49.399998 5.130000 233.889999
v -49.399998 5.130000 231.610001
v -50.730000 5.130000 231.610001
v -50.730000 5.130000 233.889999
v -57.379997 5.130000 233.889999
v -57.379997 5.130000 231.610001
v -58.899998 5.130000 231.610001
v -58.899998 5.130000 232.559998
v -59.279999 5.130000 232.750000
v -59.279999 5.130000 233.889999
v -51.680000 5.130000 233.129990
v -51.680000 5.130000 232.369995
v -52.250000 5.130000 232.369995
v -52.250000 5.130000 233.129990
v -53.009998 5.130000 229.330002
v -49.399998 5.130000 229.330002
v -49.399998 5.130000 227.239990
v -59.279999 5.130000 227.239990
v -59.279999 5.130000 229.330002
v -55.480000 5.130000 229.330002
f 10026 10027 10028 10025
f 10022 10023 10024 10025
f 10025 10028 10029 10020 10021 10022
f 10030 10031 10032 10033
f 10037 10038 10039
f 10035 10036 10037
f 10034 10035 10037 10039
f 10040 10041 10042 10043
f 10024 10023 10044 10049
f 10046 10047 10049 10044
f 10044 10045 10046
f 10047 10048 10049
v -247.000000 5.430000 187.720001
v -240.919998 5.430000 187.720001
v -241.299988 5.430000 186.769989
v -240.919998 5.430000 186.389999
v -239.970001 5.430000 186.389999
v -239.970001 5.430000 187.720001
v -237.119995 5.430000 187.720001
v -237.119995 5.430000 178.220001
v -239.589996 5.430000 177.839996
v -244.339996 5.430000 177.839996
v -244.720001 5.430000 178.979996
v -245.669998 5.430000 178.979996
v -246.049988 5.430000 177.839996
v -247.000000 5.430000 177.839996
v -245.669998 5.430000 184.110001
v -245.860001 5.430000 183.159988
v -244.909988 5.430000 182.970001
v -244.529999 5.430000 183.919998
f 10061 10062 10063 10050 10065
f 10054 10055 10056
f 10067 10064 10050 10051 10052
f 10050 10064 10065
f 10066 10060 10061 10065
f 10060 10066 10067
f 10067 10052 10053
f 10067 10053 10054
f 10058 10059 10060
f 10057 10058 10060 10067 10054 10056
v -29.639999 5.330000 118.559998
v -29.639999 5.330000 108.680000
v -39.520000 5.330000 108.680000
v -39.520000 5.330000 118.559998
f 10068 10069 10070 10071
v -167.959991 5.330000 59.279999
v -167.959991 5.330000 56.049999
v -173.089996 5.330000 56.049999
v -172.709991 5.330000 57.949997
v -173.089996 5.330000 58.139999
v -173.089996 5.330000 59.279999
v -174.039993 5.330000 59.279999
v -174.039993 5.330000 58.139999
v -174.800003 5.330000 58.139999
v -174.989990 5.330000 59.279999
v -177.080002 5.330000 56.809998
v -174.989990 5.330000 56.619999
v -174.800003 5.330000 57.189999
v -174.039993 5.330000 57.189999
v -174.039993 5.330000 56.049999
v -177.839996 5.330000 56.049999
v -177.839996 5.330000 59.279999
v -177.269989 5.330000 59.279999
f 10075 10076 10077 10072
f 10073 10074 10075 10072
f 10078 10079 10080 10081
f 10083 10084 10085 10086
f 10083 10086 10087 10082
f 10088 10089 10082 10087
v -237.119995 5.330000 138.319992
v -237.119995 5.330000 128.440002
v -247.000000 5.330000 128.440002
v -247.000000 5.430000 138.319992
f 10090 10091 10092 10093
v -59.279999 5.330000 79.040001
v -59.279999 5.330000 69.159996
v -69.159996 5.330000 69.159996
v -69.159996 5.330000 79.040001
f 10094 10095 10096 10097
v -98.799995 5.230000 257.449982
v -98.799995 5.230000 256.880005
v -108.680000 5.230000 256.880005
v -108.680000 5.230000 257.449982
f 10098 10099 10100 10101
v -187.720001 5.330000 69.159996
v -187.720001 5.330000 66.689995
v -197.599991 5.330000 66.689995
v -197.599991 5.330000 67.830002
v -197.599991 5.330000 68.400002
v -197.599991 5.330000 69.159996
v -187.720001 5.330000 65.739998
v -187.720001 5.330000 59.279999
v -196.080002 5.330000 59.279999
v -196.080002 5.330000 63.270000
v -197.220001 5.330000 63.459999
v -197.220001 5.330000 65.739998
v -197.029999 5.330000 62.509998
v -197.029999 5.330000 59.279999
v -197.220001 5.330000 59.279999
f 10106 10107 10102
f 10103 10104 10105
f 10102 10103 10105 10106
f 10111 10112 10113 10108
f 10109 10110 10111 10108
f 10114 10115 10116
v -49.399998 4.930000 88.919998
v -49.399998 4.930000 86.830002
v -49.969997 5.330000 86.830002
v -49.969997 5.330000 88.919998
v -50.919998 5.630000 88.919998
v -50.919998 5.630000 87.400002
v -53.389999 5.330000 87.400002
v -53.579998 5.330000 86.070000
v -59.279999 5.330000 86.070000
v -59.279999 5.330000 88.919998
v -58.709999 5.330000 88.919998
v -58.899998 5.330000 87.019997
v -57.000000 5.330000 86.830002
v -57.000000 5.330000 88.919998
v -52.250000 5.330000 86.449997
v -52.250000 5.330000 86.070000
v -52.629997 5.330000 86.070000
v -52.629997 5.330000 86.449997
v -49.399998 4.930000 83.409996
v -49.399998 5.130000 79.040001
v -54.910000 5.230000 79.040001
v -55.099998 4.930000 82.650002
v -53.959999 4.930000 82.650002
v -53.770000 4.930000 83.409996
v -57.379997 5.030000 83.409996
v -57.189999 5.030000 82.650002
v -59.279999 5.330000 79.040001
v -59.279999 5.230000 83.409996
f 10117 10118 10119 10120
f 10126 10127 10128 10125
f 10123 10129 10130 10121
f 10125 10128 10129
f 10121 10122 10123
f 10124 10125 10129 10123
f 10131 10132 10133 10134
f 10137 10138 10139
f 10139 10140 10135
f 10136 10137 10139 10135
f 10144 10141 10142 10143
f 10142 10138 10137 10143
v -217.360001 5.430000 227.239990
v -217.360001 5.430000 222.869995
v -222.489990 5.930000 223.059998
v -222.489990 5.930000 226.099991
v -221.539993 5.830000 227.239990
v -219.639999 5.630000 227.239990
v -219.639999 5.630000 226.289993
v -219.259995 5.630000 225.909988
v -218.309998 5.530000 225.909988
v -217.929993 5.530000 226.289993
v -217.929993 5.530000 227.239990
v -217.360001 5.330000 217.739990
v -219.449997 5.330000 217.929993
v -220.019989 5.330000 217.549988
v -226.099991 5.930000 219.259995
v -224.959991 6.030000 219.449997
v -222.489990 5.830000 221.919998
f 10154 10155 10145 10146
f 10149 10150 10151
f 10149 10151 10152 10146 10147 10148
f 10152 10153 10146
f 10153 10154 10146
f 10161 10147 10146 10156 10157
f 10158 10159 10160
f 10158 10160 10161 10157
v -198.739990 5.330000 247.000000
v -198.550003 5.330000 246.239990
v -197.599991 5.330000 246.429993
v -197.599991 5.330000 237.119995
v -202.539993 5.330000 237.119995
v -202.539993 5.330000 238.449997
v -201.779999 5.330000 238.830002
v -201.779999 5.330000 239.779999
v -202.919998 5.330000 239.970001
v -205.959991 5.330000 243.389999
v -205.959991 5.330000 244.529999
v -207.099991 5.330000 244.720001
v -206.720001 5.330000 246.239990
v -207.479996 5.330000 246.809998
v -207.479996 5.330000 247.000000
v -205.959991 5.330000 247.000000
v -205.769989 5.330000 246.239990
v -200.830002 5.330000 246.239990
v -200.639999 5.330000 247.000000
v -203.489990 5.330000 239.589996
v -203.489990 5.330000 238.830002
v -207.099991 5.330000 237.119995
v -207.479996 5.330000 237.309998
v -207.479996 5.330000 243.199997
v -206.149994 5.330000 243.009995
f 10174 10175 10176 10177 10178
f 10171 10172 10178 10179
f 10179 10162 10163 10169 10170 10171
f 10166 10167 10168 10165
f 10172 10173 10174 10178
f 10165 10168 10169 10163 10164
f 10179 10180 10162
f 10182 10167 10166 10183
f 10186 10171 10170 10181
f 10182 10183 10184 10185 10186 10181
v -158.080002 5.330000 258.399994
v -158.080002 5.330000 256.880005
v -159.410004 5.330000 256.880005
v -159.410004 5.330000 257.259979
v -159.979996 5.330000 257.449982
v -159.979996 5.330000 258.399994
v -160.929993 5.330000 258.399994
v -160.929993 5.330000 257.449982
v -162.259995 5.330000 257.829987
v -162.259995 5.330000 258.399994
v -163.399994 5.330000 258.399994
v -163.399994 5.330000 257.829987
v -164.160004 5.330000 257.639984
v -164.160004 5.330000 256.880005
v -167.959991 5.330000 256.880005
v -167.959991 5.330000 258.399994
f 10190 10191 10192 10187 10188
f 10188 10189 10190
f 10193 10194 10195 10196
f 10197 10198 10199 10202
f 10199 10200 10201 10202
v -239.589996 5.430000 177.839996
v -239.399994 5.430000 175.750000
v -238.639999 5.430000 175.559998
v -238.449997 5.430000 174.800003
v -238.259995 5.430000 172.139999
v -244.909988 5.430000 171.949997
v -247.000000 5.430000 173.089996
v -247.000000 5.430000 177.839996
v -246.049988 5.430000 177.839996
v -245.860001 5.430000 177.269989
v -244.529999 5.430000 177.269989
v -244.339996 5.430000 177.839996
v -237.689987 5.430000 170.809998
v -237.309998 5.430000 167.959991
v -246.049988 5.430000 167.959991
v -244.529999 5.430000 171.000000
v -244.529999 5.430000 171.759995
f 10210 10211 10212 10209
f 10204 10205 10206 10207
f 10213 10214 10203 10204
f 10209 10212 10213 10204 10207 10208
f 10207 10215 10216 10217 10218
f 10219 10208 10207
f 10218 10219 10207
v -79.040001 5.330000 256.880005
v -79.040001 4.930000 251.559998
v -81.509995 4.930000 251.559998
v -81.889999 4.930000 252.509995
v -85.309998 4.930000 252.509995
v -85.309998 5.330000 256.880005
v -87.209999 5.330000 256.880005
v -87.209999 5.230000 252.319992
v -88.919998 5.230000 252.319992
v -88.919998 5.330000 256.880005
v -86.449997 4.930000 248.330002
v -86.259995 4.930000 247.379990
v -87.209999 4.930000 247.379990
v -87.589996 4.930000 247.000000
v -88.919998 4.930000 247.000000
v -88.919998 4.930000 248.519989
v -82.459999 4.930000 247.379990
v -82.459999 4.930000 247.000000
v -84.169998 4.930000 247.000000
v -83.790001 4.930000 247.379990
f 10221 10222 10223 10220
f 10223 10224 10225 10220
f 10226 10227 10228 10229
f 10230 10231 10232
f 10230 10232 10233 10234 10235
f 10237 10238 10239 10236
v -237.119995 5.430000 148.199997
v -237.119995 5.330000 138.319992
v -247.000000 5.430000 138.319992
v -247.000000 5.430000 148.199997
v -242.059998 5.430000 148.199997
v -241.869995 5.430000 147.250000
v -240.919998 5.430000 147.250000
v -240.729996 5.430000 148.199997
f 10246 10247 10240 10241
f 10243 10244 10245
f 10242 10243 10245 10241
f 10245 10246 10241
v -217.360001 5.330000 98.799995
v -217.360001 5.330000 98.419998
v -217.929993 5.330000 98.229996
v -218.309998 5.330000 98.799995
v -225.149994 5.330000 98.229996
v -225.529999 5.330000 97.279999
v -227.239990 5.330000 97.279999
v -227.239990 5.330000 98.799995
v -222.110001 5.330000 98.799995
v -217.360001 5.330000 96.900002
v -217.360001 5.330000 95.189995
v -217.739990 5.330000 95.189995
v -218.119995 5.330000 96.709999
v -222.110001 5.430000 95.000000
v -221.919998 5.430000 94.239998
v -220.019989 5.430000 94.239998
v -220.779999 5.430000 93.860001
v -220.589996 5.430000 93.099998
v -219.639999 5.730000 93.099998
v -220.209991 5.430000 92.909996
v -220.779999 5.430000 91.959999
v -220.589996 5.430000 91.009995
v -217.739990 5.330000 91.389999
v -217.360001 5.330000 92.529999
v -217.360001 5.330000 90.629997
v -218.690002 5.530000 90.629997
v -218.690002 5.430000 89.299995
v -219.639999 5.430000 89.299995
v -219.830002 5.430000 88.919998
v -222.869995 5.430000 88.919998
v -223.250000 5.430000 91.009995
v -224.009995 5.430000 91.389999
v -223.440002 5.430000 91.959999
v -222.869995 5.430000 91.959999
v -222.679993 5.430000 92.529999
v -221.729996 5.430000 92.720001
v -221.919998 5.430000 93.860001
v -222.869995 5.430000 93.669998
v -222.489990 5.430000 95.000000
v -226.860001 5.330000 92.909996
v -227.049988 5.330000 91.389999
v -226.479996 5.330000 90.820000
v -226.289993 5.330000 88.919998
v -227.239990 5.330000 88.919998
v -227.239990 5.330000 93.860001
f 10248 10249 10250 10251
f 10255 10256 10252
f 10253 10254 10255 10252
f 10258 10259 10260 10257
f 10265 10266 10267
f 10270 10271 10272
f 10286 10261 10262 10284 10285
f 10278 10279 10280 10281
f 10283 10268 10269
f 10269 10275 10276
f 10273 10274 10275 10269
f 10265 10267 10268
f 10262 10263 10264 10284
f 10278 10281 10283 10269 10276 10277
f 10270 10272 10273 10269
f 10281 10282 10283
f 10283 10284 10264 10265 10268
f 10289 10290 10291 10288
f 10287 10288 10292
f 10288 10291 10292
v -208.429993 5.330000 237.119995
v -208.429993 5.330000 236.169998
v -207.479996 5.330000 235.979996
v -207.479996 5.330000 230.849991
v -207.479996 5.330000 229.899994
v -207.479996 5.330000 227.809998
v -208.049988 5.330000 227.239990
v -215.839996 5.330000 227.239990
v -215.839996 5.430000 229.709991
v -214.699997 5.330000 229.899994
v -214.699997 5.330000 231.229996
v -216.029999 5.430000 231.419998
v -216.409988 5.430000 230.659988
v -217.360001 5.530000 230.659988
v -217.360001 5.530000 237.119995
v -216.409988 5.430000 230.089996
v -217.360001 5.430000 227.239990
f 10304 10305 10306 10307
f 10297 10298 10299
f 10300 10301 10302 10299
f 10296 10297 10299
f 10294 10295 10296 10299 10302 10303
f 10303 10304 10307 10293 10294
f 10306 10305 10308
f 10306 10308 10301 10300 10309
v -228.379990 5.930000 205.959991
v -228.759995 5.630000 205.959991
v -228.949997 5.630000 206.720001
v -228.569992 5.530000 207.479996
v -228.190002 5.930000 207.479996
v -230.470001 5.630000 207.479996
v -230.659988 5.630000 206.529999
v -231.229996 5.630000 206.339996
v -231.229996 5.630000 205.580002
v -231.610001 5.630000 205.389999
v -231.610001 5.530000 204.250000
v -230.089996 5.430000 203.489990
v -229.519989 5.430000 203.489990
v -228.949997 5.430000 204.059998
v -228.759995 5.430000 203.489990
v -229.330002 5.430000 203.110001
v -229.330002 5.430000 201.779999
v -227.239990 5.330000 201.019989
v -227.239990 5.330000 199.309998
v -232.939987 5.430000 199.879990
v -233.129990 5.430000 197.599991
v -237.119995 5.430000 197.599991
v -237.119995 5.430000 198.360001
v -237.119995 5.830000 207.479996
v -236.169998 5.930000 207.479996
v -233.889999 5.830000 207.479996
v -227.239990 5.330000 202.919998
v -227.239990 5.330000 202.349991
v -228.000000 5.330000 202.729996
v -227.809998 5.330000 203.110001
v -227.239990 5.330000 197.789993
v -227.239990 5.330000 197.599991
v -231.799988 5.430000 197.599991
v -231.610001 5.430000 198.169998
f 10310 10311 10312 10313 10314
f 10322 10323 10324 10325
f 10320 10321 10326
f 10321 10322 10325 10326
f 10317 10318 10319 10335
f 10315 10316 10317 10335
f 10335 10319 10320 10334
f 10320 10326 10329 10332 10333 10334
f 10330 10331 10332 10329
f 10326 10327 10328 10329
f 10336 10337 10338 10339
f 10341 10342 10343 10340
v -237.119995 5.430000 166.629990
v -237.119995 5.430000 158.080002
v -247.000000 5.430000 158.080002
v -247.000000 5.430000 166.059998
v -246.049988 5.430000 167.959991
v -237.309998 5.430000 167.959991
f 10348 10349 10344 10345 10346 10347
v -197.599991 5.330000 79.040001
v -197.599991 5.330000 74.099998
v -207.479996 5.330000 77.900002
v -207.479996 5.330000 79.040001
v -201.589996 5.330000 73.909996
v -201.970001 5.330000 72.199997
v -204.059998 5.330000 72.010002
v -204.059998 5.330000 70.489998
v -202.919998 5.330000 70.299995
v -202.919998 5.330000 69.159996
v -207.479996 5.330000 69.159996
v -207.479996 5.330000 76.189995
v -197.599991 5.330000 72.389999
v -197.599991 5.330000 69.159996
v -201.589996 5.330000 70.489998
v -201.589996 5.330000 72.010002
f 10350 10351 10352 10353
f 10357 10358 10359 10360
f 10354 10355 10356 10361
f 10356 10357 10360 10361
f 10359 10358 10364 10363
f 10365 10355 10354 10362
f 10362 10363 10364 10365
v -237.119995 5.430000 158.080002
v -237.119995 5.430000 148.199997
v -240.729996 5.430000 148.199997
v -240.919998 5.430000 148.580002
v -241.679993 5.430000 148.580002
v -242.059998 5.430000 154.849991
v -241.679993 5.430000 155.039993
v -241.679993 5.430000 155.800003
v -242.439987 5.430000 155.989990
v -242.439987 5.430000 158.080002
v -243.009995 5.430000 155.800003
v -243.009995 5.430000 155.039993
v -242.059998 5.430000 148.199997
v -247.000000 5.430000 148.199997
v -247.000000 5.430000 158.080002
f 10373 10374 10375 10366
f 10367 10368 10369 10372 10373 10366
f 10369 10370 10371 10372
f 10375 10374 10376 10380
f 10377 10371 10370
f 10380 10376 10377
f 10370 10378 10379 10380 10377
v -112.290001 5.130000 256.880005
v -118.559998 5.130000 256.880005
v -118.559998 5.130000 258.399994
v -112.099998 5.130000 258.399994
v -108.680000 5.230000 257.449982
v -108.680000 5.230000 256.880005
v -110.579994 5.230000 256.880005
v -110.579994 5.230000 257.449982
f 10381 10382 10383 10384
f 10385 10386 10387 10388
v -31.539999 5.130000 197.599991
v -31.539999 5.130000 195.319992
v -30.209999 5.130000 195.319992
v -30.019999 5.130000 191.519989
v -29.639999 5.130000 191.330002
v -29.639999 5.130000 189.239990
v -30.019999 5.130000 189.050003
v -30.209999 5.130000 187.720001
v -39.520000 5.130000 187.720001
v -39.520000 5.130000 188.479996
v -39.520000 5.130000 189.809998
v -39.520000 5.130000 195.509995
v -38.950001 5.130000 195.699997
v -38.950001 5.130000 196.649994
v -39.520000 5.130000 196.839996
v -39.520000 5.130000 197.599991
v -36.669998 5.130000 197.599991
v -36.669998 5.130000 195.319992
v -35.340000 5.130000 195.129990
v -35.149998 5.130000 197.599991
f 10402 10403 10404 10405
f 10392 10393 10394 10395
f 10398 10399 10407
f 10408 10389 10390 10407
f 10402 10405 10406 10401
f 10407 10390 10392 10396 10397 10398
f 10400 10401 10406
f 10392 10395 10396
f 10390 10391 10392
f 10400 10406 10407 10399
v -158.080002 5.330000 59.279999
v -158.080002 5.330000 57.189999
v -160.739990 5.330000 57.189999
v -160.739990 5.330000 59.279999
v -162.639999 5.330000 59.279999
v -162.639999 5.330000 56.430000
v -161.690002 5.330000 56.049999
v -167.959991 5.330000 56.049999
v -167.959991 5.330000 59.279999
v -158.080002 5.330000 56.049999
v -160.739990 5.330000 56.239998
v -158.080002 5.330000 56.239998
f 10409 10410 10411 10412
f 10414 10415 10416
f 10414 10416 10417 10413
f 10418 10419 10420
v -207.479996 5.330000 88.919998
v -207.479996 5.330000 85.309998
v -209.759995 5.330000 85.879997
v -211.279999 5.330000 81.509995
v -213.179993 5.330000 82.459999
v -212.799988 5.330000 82.650002
v -212.610001 5.330000 84.930000
v -211.470001 5.330000 84.930000
v -211.659988 5.330000 87.589996
v -212.419998 5.330000 88.919998
v -213.559998 5.330000 88.540001
v -212.610001 5.330000 86.070000
v -213.750000 5.330000 85.309998
v -213.940002 5.330000 84.360001
v -215.269989 5.330000 84.360001
v -215.839996 5.330000 84.739998
v -216.409988 5.330000 87.589996
v -216.220001 5.330000 88.919998
v -207.479996 5.330000 83.599998
v -207.479996 5.330000 79.040001
v -210.330002 5.330000 79.040001
v -208.619995 5.330000 83.979996
v -211.849991 5.330000 79.610001
v -212.419998 5.330000 79.040001
v -217.360001 5.330000 79.040001
v -217.360001 5.330000 81.889999
v -215.459991 5.330000 82.269997
v -214.889999 5.330000 83.029999
f 10424 10425 10426
f 10426 10427 10428
f 10424 10426 10428 10423
f 10421 10422 10423 10429 10430
f 10423 10428 10429
f 10432 10427 10433
f 10433 10434 10435 10436
f 10437 10438 10431 10432 10433 10436
f 10440 10441 10442 10439
f 10447 10448 10425
f 10424 10443 10444
f 10425 10424 10444 10445 10446 10447
v -42.750000 5.130000 217.360001
v -42.750000 5.130000 216.599991
v -42.180000 5.130000 216.409988
v -41.989998 5.130000 215.269989
v -39.520000 5.130000 215.269989
v -39.520000 5.130000 210.899994
v -41.799999 5.130000 210.899994
v -42.939999 5.130000 210.899994
v -43.129997 5.130000 209.949997
v -42.750000 5.130000 209.759995
v -42.750000 5.130000 207.479996
v -43.889999 5.130000 207.479996
v -44.270000 5.130000 207.860001
v -45.029999 5.130000 207.860001
v -45.219997 5.130000 207.479996
v -49.399998 5.130000 207.479996
v -49.399998 5.130000 216.220001
v -44.649998 5.130000 216.409988
v -44.270000 5.130000 217.360001
v -39.520000 5.130000 208.049988
v -40.279999 5.130000 208.049988
v -40.469997 5.130000 207.479996
v -41.610001 5.130000 209.949997
f 10450 10451 10452
f 10459 10460 10461 10457 10458
f 10467 10449 10450
f 10466 10467 10450 10452
f 10462 10463 10464
f 10466 10452 10456 10462 10464 10465
f 10457 10461 10462 10456
f 10453 10454 10455 10452
f 10452 10455 10456
f 10471 10455 10454 10468 10469
f 10469 10470 10459 10458 10471
v -227.239990 5.330000 118.559998
v -227.239990 5.330000 115.899994
v -228.190002 5.330000 115.899994
v -228.379990 5.330000 115.519997
v -236.169998 5.330000 115.519997
v -236.360001 5.330000 116.089996
v -237.119995 5.330000 116.089996
v -237.119995 5.330000 118.559998
v -235.220001 5.330000 118.559998
v -235.029999 5.330000 117.799995
v -233.889999 5.330000 117.799995
v -233.699997 5.330000 118.559998
v -232.369995 5.330000 118.559998
v -231.989990 5.330000 117.989998
v -231.229996 5.330000 117.989998
v -231.039993 5.330000 118.559998
v -227.239990 5.330000 113.430000
v -227.239990 5.330000 108.680000
v -237.119995 5.330000 108.680000
v -237.119995 5.330000 109.820000
v -236.549988 5.330000 110.009995
v -236.739990 5.330000 112.479996
v -236.169998 5.330000 112.669998
v -236.169998 5.330000 113.430000
f 10482 10483 10484 10485
f 10482 10485 10486 10475 10476
f 10479 10480 10481 10477 10478
f 10472 10473 10474
f 10472 10474 10475 10486 10487
f 10476 10477 10481 10482
f 10490 10491 10492 10489
f 10492 10493 10494 10488 10489
f 10494 10495 10488
v -29.639999 5.330000 128.440002
v -29.639999 5.330000 118.559998
v -39.520000 5.330000 118.559998
v -39.520000 5.330000 128.440002
f 10496 10497 10498 10499
v -79.040001 5.330000 69.159996
v -79.040001 5.330000 66.689995
v -88.919998 5.330000 66.689995
v -88.919998 5.330000 69.159996
v -79.040001 5.330000 65.739998
v -79.040001 5.330000 63.459999
v -79.610001 5.330000 63.270000
v -79.610001 5.230000 61.369999
v -80.369995 5.230000 61.369999
v -81.129997 5.230000 60.419998
v -81.509995 5.230000 60.419998
v -81.889999 5.330000 61.369999
v -82.650002 5.530000 61.369999
v -82.650002 5.330000 62.129997
v -83.029999 5.330000 62.320000
v -83.029999 5.330000 65.739998
v -85.309998 5.330000 62.509998
v -86.259995 5.330000 62.320000
v -87.209999 5.330000 61.369999
v -88.919998 5.330000 61.369999
v -88.919998 5.330000 65.739998
f 10500 10501 10502 10503
f 10511 10512 10513
f 10509 10510 10511 10508
f 10508 10513 10514 10515 10504 10506
f 10506 10507 10508
f 10508 10511 10513
f 10504 10505 10506
f 10517 10518 10519 10520
f 10515 10514 10516
f 10515 10516 10517 10520
v -148.959991 5.330000 256.880005
v -158.080002 5.330000 256.880005
v -158.080002 5.330000 258.399994
v -148.770004 5.330000 258.399994
f 10521 10522 10523 10524
v -177.839996 5.330000 256.880005
v -177.839996 5.330000 249.279999
v -183.919998 5.330000 249.279999
v -183.919998 5.330000 251.369995
v -182.779999 5.330000 251.559998
v -182.779999 5.330000 256.880005
v -183.729996 5.330000 256.880005
v -183.729996 5.330000 252.319992
v -183.919998 5.330000 256.880005
v -184.869995 5.330000 256.880005
v -184.869995 5.330000 252.319992
v -187.720001 5.330000 252.319992
v -187.720001 5.330000 256.880005
v -184.869995 5.330000 251.369995
v -184.679993 5.330000 248.330002
v -177.839996 5.330000 248.330002
v -177.839996 5.330000 247.759995
v -179.169998 5.330000 247.949997
v -179.739990 5.330000 247.379990
v -180.119995 5.330000 247.949997
v -182.019989 5.330000 248.139999
v -182.589996 5.330000 247.000000
v -187.720001 5.330000 247.000000
v -187.720001 5.330000 251.369995
f 10527 10528 10529 10526
f 10525 10526 10529 10530
f 10531 10532 10533
f 10534 10535 10536 10537
f 10542 10543 10544
f 10540 10541 10542
f 10540 10542 10544 10545
f 10539 10547 10548 10538
f 10539 10540 10545
f 10539 10545 10546 10547
v -39.520000 5.330000 108.680000
v -39.520000 5.330000 98.799995
v -46.549999 4.930000 98.799995
v -46.549999 4.930000 101.079994
v -46.930000 4.930000 101.459999
v -49.399998 4.930000 101.459999
v -49.399998 5.030000 108.680000
f 10550 10551 10552
f 10553 10554 10555
f 10550 10552 10553 10555 10549
v -118.559998 5.130000 258.399994
v -118.559998 5.130000 256.880005
v -121.979996 5.130000 256.880005
v -122.169998 5.130000 258.399994
v -123.879997 5.230000 257.449982
v -123.879997 5.230000 256.880005
v -128.440002 5.230000 256.880005
v -128.440002 5.230000 257.449982
f 10556 10557 10558 10559
f 10560 10561 10562 10563
v -138.319992 5.230000 257.449982
v -138.319992 5.230000 256.880005
v -147.440002 5.230000 256.880005
v -147.440002 5.230000 257.449982
f 10564 10565 10566 10567
v -128.440002 5.230000 257.449982
v -128.440002 5.230000 256.880005
v -138.319992 5.230000 256.880005
v -138.319992 5.230000 257.449982
f 10568 10569 10570 10571
v -69.159996 4.930000 247.000000
v -69.159996 5.030000 237.119995
v -73.150002 5.030000 237.119995
v -72.959999 4.930000 241.489990
v -71.820000 4.930000 241.489990
v -70.489998 4.930000 242.819992
v -70.489998 4.930000 247.000000
v -77.330002 5.730000 246.049988
v -77.330002 5.430000 245.099991
v -78.279999 5.730000 245.289993
v -78.279999 5.730000 245.669998
v -76.189995 4.930000 243.580002
v -75.430000 4.930000 243.580002
v -75.430000 4.930000 242.819992
v -74.479996 4.930000 242.439987
v -74.099998 4.930000 241.489990
v -79.040001 5.030000 237.119995
v -79.040001 4.930000 243.769989
v -78.659996 4.930000 244.339996
v -77.330002 4.930000 244.149994
v -76.949997 4.930000 244.720001
f 10577 10578 10572 10573
f 10574 10575 10576
f 10573 10574 10576 10577
f 10580 10581 10582 10579
f 10583 10584 10585
f 10591 10592 10583
f 10589 10590 10591
f 10585 10586 10587
f 10591 10583 10585
f 10589 10591 10585 10587 10574 10588
f 10587 10575 10574
v -177.839996 5.330000 69.159996
v -177.839996 5.330000 59.279999
v -181.830002 5.330000 59.279999
v -182.019989 5.330000 61.180000
v -181.449997 5.330000 61.369999
v -181.449997 5.330000 62.699997
v -182.209991 5.330000 69.159996
v -183.349991 5.330000 69.159996
v -182.779999 5.330000 62.699997
v -184.679993 5.330000 62.320000
v -184.869995 5.330000 66.689995
v -187.720001 5.330000 66.689995
v -187.720001 5.330000 69.159996
v -187.149994 5.330000 69.159996
v -187.149994 5.330000 68.400002
v -186.580002 5.330000 67.830002
v -184.679993 5.330000 67.449997
v -183.729996 5.330000 68.589996
v -183.729996 5.330000 69.159996
v -185.629990 5.330000 65.739998
v -185.629990 5.330000 62.320000
v -186.580002 5.330000 62.129997
v -186.389999 5.330000 61.369999
v -185.629990 5.330000 61.369999
v -185.629990 5.330000 59.279999
v -187.720001 5.330000 59.279999
v -187.720001 5.330000 65.739998
v -183.919998 5.330000 61.369999
v -183.919998 5.330000 60.419998
v -182.970001 5.330000 60.230000
v -182.970001 5.330000 59.279999
v -183.729996 5.330000 59.279999
v -184.679993 5.330000 59.279999
v -184.679993 5.330000 61.369999
f 10595 10596 10597 10594
f 10593 10594 10598 10599
f 10594 10597 10598
f 10610 10611 10600
f 10605 10606 10607 10604
f 10603 10609 10610
f 10604 10607 10608
f 10603 10604 10608 10609
f 10603 10610 10600 10601 10602
f 10615 10616 10617 10618
f 10614 10618 10619 10612
f 10614 10615 10618
f 10612 10613 10614
f 10622 10623 10624 10621
f 10621 10624 10625 10626
f 10626 10620 10621
v -148.199997 5.330000 59.279999
v -148.199997 5.330000 57.189999
v -158.080002 5.330000 57.189999
v -158.080002 5.330000 59.279999
v -148.199997 5.330000 56.049999
v -158.080002 5.330000 56.049999
v -158.080002 5.330000 56.239998
v -148.199997 5.330000 56.239998
f 10627 10628 10629 10630
f 10631 10632 10633 10634
v -30.209999 5.130000 187.720001
v -30.209999 5.130000 186.580002
v -31.539999 5.130000 186.580002
v -31.539999 5.130000 184.110001
v -30.209999 5.130000 184.110001
v -30.209999 5.130000 182.209991
v -30.969999 5.130000 182.019989
v -30.969999 5.130000 181.259995
v -30.019999 5.130000 181.069992
v -30.019999 5.130000 180.500000
v -29.639999 5.130000 180.309998
v -29.639999 5.130000 178.409988
v -30.019999 5.130000 177.839996
v -39.520000 5.130000 177.839996
v -39.520000 5.130000 179.360001
v -38.759998 5.130000 179.739990
v -38.759998 5.130000 180.500000
v -39.520000 5.130000 180.690002
v -39.520000 5.130000 186.580002
v -38.950001 5.130000 186.580002
v -38.570000 5.130000 185.440002
v -37.619999 5.130000 185.440002
v -37.430000 5.130000 186.769989
v -38.570000 5.130000 186.769989
v -38.570000 5.130000 187.720001
v -39.520000 5.130000 187.720001
f 10642 10643 10644
f 10653 10654 10655 10651 10652
f 10657 10658 10659
f 10635 10636 10637 10657 10659
f 10648 10649 10650
f 10644 10645 10646
f 10639 10640 10641 10638
f 10651 10655 10656 10638 10642 10650
f 10644 10646 10647 10648 10650 10642
f 10638 10641 10642
f 10656 10657 10637 10638
f 10658 10654 10653 10660 10659
v -49.399998 5.130000 227.239990
v -49.399998 5.130000 223.250000
v -53.199997 5.130000 223.059998
v -53.199997 5.130000 217.360001
v -55.099998 5.130000 217.360001
v -55.099998 5.130000 222.869995
v -55.480000 5.130000 223.250000
v -59.279999 5.130000 223.250000
v -59.279999 5.130000 227.239990
v -50.349998 5.130000 222.299988
v -50.349998 5.130000 221.919998
v -50.730000 5.130000 221.919998
v -50.730000 5.130000 222.299988
v -57.379997 5.130000 222.299988
v -57.379997 5.130000 221.919998
v -58.139999 5.130000 221.919998
v -58.139999 5.130000 222.299988
v -49.779999 5.130000 219.830002
v -49.399998 5.130000 219.449997
v -49.399998 5.130000 218.690002
v -50.730000 5.130000 218.690002
v -50.730000 5.130000 220.970001
v -49.590000 5.130000 220.970001
v -57.379997 5.130000 220.970001
v -57.379997 5.130000 218.690002
v -59.279999 5.130000 218.690002
v -59.279999 5.130000 219.639999
v -59.279999 5.130000 220.589996
v -59.279999 5.130000 220.970001
v -51.680000 5.130000 220.209991
v -51.680000 5.130000 219.449997
v -52.250000 5.130000 219.449997
v -52.250000 5.130000 220.209991
v -56.049999 5.130000 220.209991
v -56.049999 5.130000 219.449997
v -56.430000 5.130000 219.449997
v -56.430000 5.130000 220.209991
v -50.539997 5.130000 217.739990
v -50.539997 5.130000 217.360001
v -50.730000 5.130000 217.360001
v -57.379997 5.130000 217.739990
v -57.379997 5.130000 217.360001
v -58.139999 5.130000 217.360001
v -58.139999 5.130000 217.739990
f 10667 10668 10669
f 10661 10662 10663 10667 10669
f 10664 10665 10666 10663
f 10663 10666 10667
f 10670 10671 10672 10673
f 10674 10675 10676 10677
f 10678 10679 10680
f 10678 10680 10681 10682
f 10678 10682 10683
f 10688 10689 10684
f 10685 10686 10687
f 10684 10685 10687 10688
f 10690 10691 10692 10693
f 10694 10695 10696 10697
f 10698 10699 10700
f 10701 10702 10703 10704
v -122.549995 5.330000 58.329998
v -122.360001 5.830000 56.430000
v -123.309998 5.830000 56.430000
v -123.500000 5.830000 56.049999
v -128.440002 5.630000 56.049999
v -128.440002 5.330000 59.279999
v -121.599998 5.530000 59.279999
f 10705 10706 10707
f 10705 10707 10708 10709 10710
f 10705 10710 10711
v -29.639999 5.030000 138.319992
v -29.639999 4.930000 135.089996
v -33.630001 4.930000 135.089996
v -33.630001 4.930000 136.039993
v -34.770000 4.930000 136.229996
v -34.770000 5.030000 138.319992
v -37.049999 5.330000 138.319992
v -37.239998 5.330000 134.709991
v -39.520000 5.330000 134.709991
v -39.520000 5.330000 138.319992
v -29.639999 5.330000 132.809998
v -29.639999 5.330000 128.440002
v -39.520000 5.330000 128.440002
v -39.520000 5.330000 132.809998
f 10715 10716 10717
f 10713 10714 10715
f 10712 10713 10715 10717
f 10719 10720 10721 10718
f 10722 10723 10724 10725
v -88.919998 5.330000 256.880005
v -88.919998 5.230000 252.319992
v -98.799995 5.230000 252.319992
v -98.799995 5.230000 256.880005
v -92.529999 4.930000 249.849991
v -92.150002 4.930000 249.470001
v -90.439995 4.930000 249.470001
v -90.059998 4.930000 248.519989
v -88.919998 4.930000 248.519989
v -88.919998 4.930000 247.000000
v -98.799995 5.030000 247.000000
v -98.799995 5.030000 251.369995
v -92.339996 4.930000 251.369995
f 10726 10727 10728 10729
f 10733 10734 10735
f 10731 10732 10733
f 10731 10733 10735 10736
f 10737 10738 10730
f 10736 10737 10730 10731
v -61.369999 5.130000 237.119995
v -61.180000 5.130000 236.360001
v -59.279999 5.130000 236.360001
v -59.279999 5.130000 236.169998
v -64.029999 5.130000 235.979996
v -64.029999 5.130000 231.039993
v -66.119995 5.130000 231.039993
v -66.119995 5.030000 235.979996
v -69.159996 5.030000 236.169998
v -69.159996 5.030000 237.119995
v -59.279999 5.130000 233.889999
v -59.279999 5.130000 232.750000
v -60.230000 5.130000 232.559998
v -60.230000 5.130000 231.610001
v -61.559998 5.130000 231.610001
v -61.559998 5.130000 233.889999
v -68.589996 5.130000 233.889999
v -68.589996 5.130000 231.610001
v -69.159996 5.130000 231.610001
v -69.159996 5.130000 233.889999
v -62.509998 5.130000 233.129990
v -62.509998 5.130000 232.369995
v -63.079998 5.130000 232.369995
v -63.079998 5.130000 233.129990
v -67.070000 5.130000 233.129990
v -67.070000 5.130000 232.369995
v -67.639999 5.130000 232.369995
v -67.639999 5.130000 233.129990
v -64.029999 5.130000 229.709991
v -63.649998 5.130000 229.330002
v -59.279999 5.130000 229.330002
v -59.279999 5.130000 227.239990
v -69.159996 5.130000 227.239990
v -69.159996 5.130000 229.330002
v -66.500000 5.130000 229.330002
v -66.119995 5.130000 229.709991
f 10740 10741 10742 10743
f 10743 10744 10745 10746
f 10739 10740 10743 10746 10747 10748
f 10749 10750 10751
f 10751 10752 10753
f 10751 10753 10754 10749
f 10755 10756 10757 10758
f 10759 10760 10761 10762
f 10763 10764 10765 10766
f 10774 10745 10744 10767
f 10768 10769 10770
f 10773 10774 10767 10768
f 10768 10770 10771 10773
f 10771 10772 10773
v -69.159996 5.330000 79.040001
v -69.159996 5.330000 69.159996
v -79.040001 5.330000 69.159996
v -79.040001 5.330000 75.619995
v -77.330002 5.330000 75.619995
v -77.139999 5.330000 75.049995
v -76.189995 5.330000 75.049995
v -76.000000 5.330000 76.189995
v -76.379997 5.330000 76.379997
v -76.379997 5.330000 79.040001
v -77.139999 5.330000 76.379997
v -79.040001 5.330000 79.040001
f 10778 10779 10780 10777
f 10782 10783 10784 10775
f 10781 10782 10775
f 10777 10780 10781
f 10776 10777 10781 10775
f 10785 10779 10778
f 10784 10783 10785
f 10785 10778 10786 10784
v -138.319992 5.430000 59.279999
v -138.319992 5.830000 57.189999
v -148.199997 5.330000 57.189999
v -148.199997 5.330000 59.279999
v -148.199997 5.330000 56.049999
v -148.199997 5.330000 56.239998
v -141.360001 5.830000 56.239998
f 10787 10788 10789 10790
f 10791 10792 10793
v -227.239990 5.330000 197.599991
v -227.239990 5.330000 187.720001
v -232.559998 5.330000 187.720001
v -231.799988 5.430000 197.599991
v -233.889999 5.330000 187.720001
v -237.119995 5.430000 187.720001
v -237.119995 5.430000 197.220001
v -237.119995 5.430000 197.599991
v -233.129990 5.430000 197.599991
f 10795 10796 10797 10794
f 10800 10801 10802
f 10798 10799 10800 10802
v -223.059998 6.030000 216.599991
v -223.819992 5.930000 216.220001
v -223.629990 5.530000 215.459991
v -221.159988 5.530000 215.080002
v -221.159988 5.530000 214.129990
v -220.399994 5.530000 213.559998
v -220.970001 5.530000 212.989990
v -220.779999 5.530000 212.039993
v -222.679993 5.530000 211.849991
v -223.250000 5.530000 212.419998
v -223.059998 5.530000 213.369995
v -223.440002 5.530000 213.750000
v -224.199997 5.530000 213.559998
v -224.009995 5.530000 212.419998
v -225.339996 5.530000 212.229996
v -225.529999 5.930000 213.179993
v -226.289993 5.930000 212.989990
v -226.289993 5.530000 212.039993
v -226.669998 5.530000 212.039993
v -226.860001 5.530000 211.470001
v -227.239990 5.530000 212.419998
v -226.289993 5.530000 214.699997
v -224.769989 5.530000 214.319992
v -224.009995 5.530000 214.509995
v -224.009995 5.930000 215.269989
v -224.959991 5.530000 215.459991
v -224.389999 5.930000 215.839996
v -224.389999 5.930000 216.599991
v -225.529999 5.530000 216.979996
v -225.529999 5.530000 217.360001
v -224.959991 5.530000 217.360001
v -217.360001 5.330000 215.649994
v -217.360001 5.330000 214.699997
v -218.119995 5.330000 215.080002
v -217.360001 5.330000 213.369995
v -217.360001 5.330000 212.610001
v -217.549988 5.330000 211.470001
v -218.879990 5.330000 212.039993
v -218.500000 5.330000 213.559998
v -222.679993 5.530000 210.899994
v -218.879990 5.330000 210.709991
v -217.360001 5.330000 210.139999
v -217.360001 5.330000 207.479996
v -217.549988 5.330000 207.479996
v -219.069992 5.330000 209.190002
v -219.830002 5.330000 209.190002
v -219.830002 5.330000 209.759995
v -220.399994 5.630000 210.330002
v -221.729996 5.530000 209.949997
v -221.729996 5.530000 208.619995
v -223.059998 5.530000 209.190002
v -223.629990 5.530000 207.479996
v -224.199997 5.530000 207.479996
v -224.769989 5.530000 208.049988
v -225.339996 5.530000 208.049988
v -225.720001 5.530000 209.190002
v -227.239990 5.530000 209.190002
v -227.239990 5.530000 209.569992
v -226.479996 5.530000 209.379990
v -226.099991 5.530000 209.759995
v -225.909988 5.530000 211.849991
v -219.259995 5.330000 207.479996
v -219.639999 5.330000 207.479996
v -219.449997 5.330000 207.860001
f 10821 10822 10823
f 10827 10828 10829
f 10831 10832 10833 10830
f 10826 10805 10806 10807 10813 10814
f 10819 10820 10821
f 10819 10821 10823 10824
f 10807 10808 10809 10811 10812 10813
f 10830 10833 10803 10804
f 10815 10825 10826 10814
f 10829 10830 10804 10805 10827
f 10815 10816 10817 10818 10825
f 10809 10810 10811
f 10826 10827 10805
f 10818 10819 10824 10825
f 10834 10835 10836
f 10841 10837 10838 10839 10840
f 10859 10860 10861
f 10858 10859 10861
f 10858 10861 10862
f 10847 10848 10849
f 10854 10855 10856 10853
f 10816 10812 10811 10842
f 10856 10857 10858
f 10851 10852 10853 10842
f 10847 10849 10850 10843
f 10863 10817 10816
f 10842 10850 10851
f 10842 10843 10850
f 10856 10858 10862
f 10844 10845 10846 10847 10843
f 10853 10856 10862 10863 10816 10842
f 10864 10865 10866
v -128.440002 5.330000 59.279999
v -128.440002 5.630000 56.049999
v -129.389999 5.730000 56.049999
v -129.199997 5.330000 59.279999
v -130.339996 5.430000 59.279999
v -130.339996 5.530000 57.189999
v -138.319992 5.830000 57.189999
v -138.319992 5.430000 59.279999
f 10868 10869 10870 10867
f 10871 10872 10873 10874
v -50.349998 5.330000 98.799995
v -50.349998 5.330000 96.709999
v -50.919998 5.330000 96.709999
v -50.919998 5.330000 98.799995
v -53.389999 5.330000 98.799995
v -53.579998 5.330000 94.809998
v -53.770000 5.330000 94.809998
v -53.959999 5.330000 95.759995
v -55.860001 5.330000 95.759995
v -56.049999 5.330000 94.619995
v -59.279999 5.330000 94.619995
v -59.279999 5.330000 98.799995
v -55.480000 5.330000 98.799995
v -55.289997 5.330000 97.659996
v -53.959999 5.330000 97.659996
v -53.770000 5.330000 98.799995
v -53.389999 5.330000 93.099998
v -50.919998 5.630000 93.099998
v -50.919998 5.630000 88.919998
v -57.000000 5.330000 88.919998
v -58.709999 5.330000 88.919998
v -59.279999 5.330000 88.919998
v -55.860001 5.330000 93.669998
v -53.959999 5.330000 93.669998
v -49.399998 5.230000 94.430000
v -49.969997 5.330000 94.619995
v -49.399998 5.230000 94.619995
v -49.399998 4.930000 93.479996
v -49.399998 4.930000 88.919998
v -49.969997 5.330000 88.919998
v -49.969997 5.330000 93.479996
f 10875 10876 10877 10878
f 10880 10881 10882 10889 10890 10879
f 10888 10889 10882 10883
f 10887 10888 10883
f 10883 10884 10885 10886 10887
f 10898 10881 10880 10891
f 10897 10894 10895
f 10897 10898 10891 10893 10894
f 10885 10884 10897 10895 10896
f 10891 10892 10893
f 10899 10900 10901
f 10902 10903 10904 10905
v -227.239990 5.330000 128.440002
v -227.239990 5.330000 126.729996
v -227.239990 5.330000 123.500000
v -227.809998 5.330000 122.549995
v -233.319992 5.330000 123.309998
v -233.319992 5.330000 124.070000
v -234.080002 5.330000 124.449997
v -233.889999 5.330000 125.779999
v -233.319992 5.330000 125.969994
v -233.319992 5.330000 127.110001
v -233.889999 5.330000 127.299995
v -233.889999 5.330000 128.440002
v -234.649994 5.330000 127.110001
v -234.649994 5.330000 125.969994
v -234.839996 5.330000 124.070000
v -234.839996 5.330000 123.119995
v -233.889999 5.330000 122.739998
v -233.889999 5.330000 119.320000
v -234.839996 5.330000 119.509995
v -235.220001 5.330000 118.559998
v -237.119995 5.330000 118.559998
v -237.119995 5.330000 128.440002
v -227.809998 5.330000 121.219994
v -227.239990 5.330000 120.839996
v -227.239990 5.330000 118.559998
v -231.039993 5.330000 118.559998
v -231.229996 5.330000 119.320000
v -231.989990 5.330000 119.320000
v -232.369995 5.330000 118.559998
v -233.699997 5.330000 118.559998
f 10915 10916 10917 10906
f 10912 10913 10914 10909 10911
f 10906 10907 10909 10914 10915
f 10907 10908 10909
f 10909 10910 10911
f 10917 10916 10918 10927
f 10919 10913 10912 10920
f 10921 10926 10927 10920
f 10924 10925 10926 10921 10922
f 10922 10923 10924
f 10918 10919 10920 10927
f 10934 10935 10923 10922 10933
f 10933 10922 10910 10909 10928 10932
f 10928 10929 10930 10931 10932
v -187.720001 5.330000 247.000000
v -187.720001 5.330000 246.239990
v -188.099991 5.330000 246.049988
v -188.099991 5.330000 245.289993
v -187.720001 5.330000 245.099991
v -187.720001 5.330000 244.909988
v -188.860001 5.330000 244.909988
v -189.239990 5.330000 246.049988
v -190.379990 5.330000 245.860001
v -190.379990 5.330000 247.000000
v -190.569992 5.330000 244.909988
v -190.190002 5.330000 244.339996
v -189.239990 5.330000 244.339996
v -187.720001 5.330000 237.119995
v -197.599991 5.330000 237.119995
v -197.599991 5.330000 246.429993
v -197.599991 5.330000 247.000000
v -197.220001 5.330000 247.000000
v -197.029999 5.330000 246.239990
v -196.080002 5.330000 246.239990
v -195.889999 5.330000 247.000000
v -195.319992 5.330000 247.000000
v -195.129990 5.330000 246.239990
v -194.179993 5.330000 246.239990
v -193.989990 5.330000 247.000000
f 10939 10940 10941 10942
f 10943 10944 10945
f 10936 10937 10938 10943 10945
f 10938 10939 10942 10943
f 10951 10952 10953 10954
f 10950 10951 10954
f 10955 10956 10957 10958
f 10955 10958 10947
f 10948 10942 10941 10949
f 10945 10944 10946 10959 10960
f 10954 10955 10947 10949 10950
f 10947 10948 10949
f 10959 10946 10947 10958
v -247.000000 5.430000 158.080002
v -247.000000 5.430000 148.199997
v -247.949997 5.430000 148.199997
v -248.139999 5.430000 148.580002
v -249.089996 5.430000 148.580002
v -249.659988 5.430000 151.809998
v -249.089996 5.430000 152.190002
v -249.089996 5.430000 152.759995
v -250.039993 5.430000 153.139999
v -250.039993 5.430000 158.080002
v -250.419998 5.430000 152.569992
v -252.699997 5.430000 152.569992
v -253.080002 5.430000 153.330002
v -253.839996 5.430000 153.330002
v -254.029999 5.430000 158.080002
v -254.409988 5.430000 152.949997
v -254.409988 5.430000 152.000000
v -253.459991 5.430000 151.619995
v -253.459991 5.430000 148.199997
v -256.880005 5.430000 148.199997
v -256.880005 5.430000 158.080002
v -250.229996 5.430000 151.809998
v -249.279999 5.430000 148.199997
v -252.699997 5.430000 151.809998
f 10962 10963 10964 10968 10970 10961
f 10964 10965 10966 10967
f 10968 10969 10970
f 10964 10967 10968
f 10969 10971 10972 10973 10975 10970
f 10973 10974 10975
f 10977 10978 10979 10980
f 10976 10980 10981 10975
f 10975 10974 10976
f 10976 10977 10980
f 10984 10972 10971 10982
f 10982 10966 10965 10983 10979 10978
f 10978 10984 10982
v -39.520000 5.330000 88.919998
v -39.520000 5.330000 86.830002
v -42.750000 5.330000 86.830002
v -42.939999 5.330000 87.400002
v -46.360001 5.030000 87.400002
v -46.549999 5.030000 86.830002
v -49.399998 4.930000 86.830002
v -49.399998 4.930000 88.919998
v -49.399998 5.230000 85.689995
v -49.399998 5.230000 85.879997
v -47.309998 5.230000 85.879997
v -39.520000 5.230000 83.409996
v -39.520000 5.330000 79.040001
v -44.840000 5.230000 79.040001
v -45.029999 5.030000 82.650002
v -43.889999 5.030000 82.650002
v -43.700001 5.030000 83.409996
v -47.309998 5.030000 83.409996
v -47.119999 5.030000 82.650002
v -49.399998 5.130000 79.040001
v -49.399998 4.930000 83.409996
f 10989 10990 10991 10992
f 10988 10989 10992 10985
f 10986 10987 10988 10985
f 10993 10994 10995
f 10998 10999 11000
f 11000 11001 10996
f 10997 10998 11000 10996
f 11005 11002 11003 11004
f 11003 10999 10998 11004
v -79.040001 5.330000 258.399994
v -79.040001 5.330000 256.880005
v -85.309998 5.330000 256.880005
v -85.500000 5.330000 258.399994
v -87.209999 5.330000 257.449982
v -87.209999 5.330000 256.880005
v -88.919998 5.330000 256.880005
v -88.919998 5.330000 257.449982
f 11006 11007 11008 11009
f 11010 11011 11012 11013
v -197.599991 5.430000 256.880005
v -197.599991 5.330000 252.699997
v -198.550003 5.330000 252.889999
v -198.739990 5.330000 252.319992
v -201.019989 5.330000 252.319992
v -204.250000 5.330000 252.509995
v -204.440002 5.430000 253.080002
v -205.389999 5.430000 253.080002
v -205.580002 5.330000 252.319992
v -207.479996 5.430000 252.319992
v -207.479996 5.830000 256.880005
v -197.599991 5.330000 251.369995
v -197.599991 5.330000 250.610001
v -198.739990 5.330000 250.610001
v -198.550003 5.330000 249.659988
v -197.599991 5.330000 249.849991
v -197.599991 5.330000 247.189987
v -198.550003 5.330000 247.379990
v -198.739990 5.330000 247.000000
v -200.639999 5.330000 247.000000
v -200.830002 5.330000 250.229996
v -201.779999 5.330000 250.039993
v -201.779999 5.330000 247.379990
v -204.819992 5.330000 247.569992
v -204.819992 5.330000 248.139999
v -204.250000 5.330000 248.330002
v -204.250000 5.330000 249.279999
v -204.819992 5.330000 249.470001
v -204.819992 5.330000 250.039993
v -204.250000 5.330000 250.229996
v -204.440002 5.330000 251.369995
v -201.779999 5.330000 251.369995
v -201.589996 5.330000 250.989990
v -201.019989 5.630000 250.989990
v -200.830002 5.330000 251.369995
v -205.580002 5.330000 250.989990
v -205.769989 5.330000 249.470001
v -207.289993 5.330000 249.279999
v -207.099991 5.330000 248.139999
v -205.959991 5.330000 248.330002
v -205.959991 5.330000 247.000000
v -207.479996 5.330000 247.000000
v -207.479996 5.330000 251.369995
v -205.199997 5.630000 251.369995
f 11021 11022 11023 11024
f 11016 11017 11018 11020 11024 11014
f 11018 11019 11020
f 11014 11015 11016
f 11020 11021 11024
f 11037 11038 11039 11036
f 11040 11041 11042 11043 11035
f 11043 11044 11045 11046 11035
f 11025 11026 11027 11048
f 11031 11032 11033 11034 11028
f 11035 11036 11039 11040
f 11047 11048 11027 11028 11034
f 11028 11029 11030 11031
f 11046 11047 11034 11035
f 11052 11053 11054 11055
f 11049 11050 11051 11056
f 11056 11057 11049
f 11051 11052 11055
f 11051 11055 11056
v -19.760000 5.130000 197.599991
v -19.760000 5.130000 187.720001
v -23.180000 5.130000 187.720001
v -23.180000 5.130000 188.860001
v -23.559999 5.130000 189.239990
v -29.639999 5.130000 189.239990
v -29.639999 5.130000 191.330002
v -23.559999 5.130000 191.330002
v -23.180000 5.130000 191.709991
v -23.180000 5.130000 197.599991
v -25.459999 5.130000 197.599991
v -25.459999 5.130000 194.750000
v -26.029999 5.130000 194.750000
v -26.410000 5.130000 195.889999
v -27.549999 5.130000 195.509995
v -27.740000 5.130000 195.699997
v -27.740000 5.130000 197.599991
v -24.129999 5.130000 196.269989
v -24.129999 5.130000 195.509995
v -24.510000 5.130000 195.509995
v -24.510000 5.130000 196.269989
v -28.689999 5.130000 196.080002
v -28.689999 5.130000 195.509995
v -29.260000 5.130000 195.509995
v -29.260000 5.130000 196.080002
v -27.359999 5.130000 194.179993
v -26.219999 5.130000 194.179993
v -25.459999 5.130000 193.800003
v -27.740000 5.130000 193.800003
v -24.129999 5.130000 194.369995
v -24.129999 5.130000 193.800003
v -24.510000 5.130000 193.800003
v -24.510000 5.130000 194.369995
v -28.689999 5.130000 194.369995
v -28.689999 5.130000 193.800003
v -29.260000 5.130000 193.800003
v -29.260000 5.130000 194.369995
v -26.410000 5.130000 192.849991
v -26.410000 5.130000 192.279999
v -26.980000 5.130000 192.279999
v -26.980000 5.130000 192.849991
v -26.410000 5.130000 188.289993
v -26.410000 5.130000 187.720001
v -26.980000 5.130000 187.720001
v -26.980000 5.130000 188.289993
f 11059 11060 11061
f 11066 11059 11061 11062 11065
f 11062 11063 11064 11065
f 11058 11059 11066 11067
f 11071 11072 11073 11074 11068
f 11069 11070 11071 11068
f 11075 11076 11077 11078
f 11079 11080 11081 11082
f 11084 11070 11069 11085
f 11073 11072 11083 11086
f 11084 11085 11086 11083
f 11087 11088 11089 11090
f 11091 11092 11093 11094
f 11095 11096 11097 11098
f 11099 11100 11101 11102
v -49.399998 5.130000 79.040001
v -49.399998 5.330000 69.159996
v -59.279999 5.330000 69.159996
v -59.279999 5.330000 79.040001
f 11103 11104 11105 11106
v -237.119995 5.830000 207.479996
v -237.119995 5.430000 198.360001
v -238.259995 5.430000 198.550003
v -238.639999 5.430000 197.599991
v -247.000000 5.430000 197.599991
v -247.000000 5.430000 201.970001
v -245.860001 5.430000 202.159988
v -245.860001 5.430000 203.110001
v -247.000000 5.430000 203.300003
v -247.000000 5.430000 207.479996
f 11114 11115 11116
f 11111 11112 11113 11109 11110
f 11109 11113 11114
f 11107 11108 11109 11114 11116
v -19.760000 5.330000 128.440002
v -19.760000 5.330000 118.559998
v -29.639999 5.330000 118.559998
v -29.639999 5.330000 128.440002
f 11117 11118 11119 11120
v -237.119995 5.330000 118.559998
v -237.119995 5.330000 116.089996
v -239.779999 5.330000 116.089996
v -239.970001 5.330000 115.709999
v -247.000000 5.330000 115.899994
v -247.000000 5.330000 118.559998
v -239.970001 5.330000 113.239998
v -239.779999 5.330000 112.479996
v -239.019989 5.330000 112.479996
v -239.589996 5.330000 110.009995
v -237.119995 5.330000 109.820000
v -237.119995 5.330000 108.680000
v -243.009995 5.330000 108.680000
v -243.199997 5.330000 109.439995
v -244.339996 5.330000 109.439995
v -244.720001 5.330000 108.680000
v -245.479996 5.330000 108.680000
v -245.479996 5.330000 109.629997
v -244.149994 5.330000 110.769997
v -242.629990 5.330000 110.389999
v -242.439987 5.330000 109.629997
v -241.869995 5.330000 109.250000
v -240.159988 5.330000 109.250000
v -239.970001 5.330000 110.389999
v -242.439987 5.330000 112.479996
v -244.909988 5.330000 112.479996
v -246.049988 5.330000 111.909996
v -247.000000 5.330000 110.769997
v -247.000000 5.330000 112.669998
v -247.000000 5.330000 113.239998
f 11121 11122 11123
f 11123 11124 11125
f 11123 11125 11126 11121
f 11136 11137 11138 11135
f 11133 11142 11143 11132
f 11147 11148 11149
f 11134 11135 11138 11139 11140 11141
f 11145 11146 11150 11127
f 11130 11143 11144
f 11130 11131 11132 11143
f 11133 11134 11141 11142
f 11128 11129 11130 11144
f 11147 11149 11150 11146
f 11145 11127 11128 11144
v -177.839996 5.330000 258.399994
v -177.839996 5.330000 256.880005
v -182.779999 5.330000 256.880005
v -182.970001 5.330000 258.399994
v -184.869995 5.330000 257.449982
v -184.869995 5.330000 256.880005
v -187.720001 5.330000 256.880005
v -187.720001 5.330000 257.449982
f 11151 11152 11153 11154
f 11155 11156 11157 11158
v -29.639999 5.130000 215.839996
v -29.639999 5.130000 212.229996
v -30.019999 5.130000 212.039993
v -30.209999 5.130000 209.569992
v -31.539999 5.130000 209.569992
v -31.539999 5.130000 207.479996
v -39.139999 5.130000 207.479996
v -39.520000 5.130000 208.049988
v -39.520000 5.130000 215.269989
v -39.329998 5.130000 216.220001
v -34.200001 5.130000 216.409988
v -34.009998 5.130000 217.360001
v -30.209999 5.130000 217.360001
f 11161 11162 11163
f 11159 11160 11161
f 11169 11170 11171 11159 11161 11163
f 11165 11166 11167 11169 11163 11164
f 11167 11168 11169
v -217.360001 5.530000 237.119995
v -217.360001 5.430000 227.239990
v -217.929993 5.530000 227.239990
v -218.309998 5.530000 227.619995
v -219.259995 5.630000 227.619995
v -219.639999 5.630000 227.239990
v -221.539993 5.830000 227.239990
v -221.539993 5.930000 234.080002
v -220.589996 5.830000 234.839996
v -220.589996 5.830000 237.119995
f 11173 11174 11175 11179 11180 11172
f 11176 11177 11178 11179
f 11180 11181 11172
f 11175 11176 11179
v -197.599991 5.330000 69.159996
v -197.599991 5.330000 68.400002
v -197.979996 5.330000 68.779999
v -198.929993 5.330000 68.779999
v -199.119995 5.330000 67.449997
v -197.979996 5.330000 67.260002
v -197.599991 5.330000 67.830002
v -197.599991 5.330000 66.689995
v -198.169998 5.330000 66.500000
v -198.169998 5.330000 63.459999
v -201.399994 5.330000 63.459999
v -201.399994 5.330000 65.739998
v -201.019989 5.330000 65.930000
v -201.019989 5.330000 66.689995
v -201.399994 5.330000 66.879997
v -201.399994 5.330000 69.159996
v -202.159988 5.330000 66.689995
v -202.159988 5.330000 65.930000
v -204.819992 5.630000 63.459999
v -204.059998 5.330000 65.930000
v -203.110001 5.330000 65.739998
v -202.919998 5.330000 66.689995
v -204.059998 5.330000 66.689995
v -204.059998 5.330000 68.589996
v -204.440002 5.330000 68.970001
v -207.479996 5.330000 68.970001
v -207.479996 5.330000 69.159996
v -205.389999 5.330000 67.449997
v -205.389999 5.330000 66.879997
v -205.769989 5.330000 66.689995
v -205.769989 5.330000 65.930000
v -205.389999 5.330000 65.739998
v -205.769989 5.330000 63.840000
v -207.479996 5.330000 63.840000
v -207.479996 5.330000 67.639999
v -198.169998 5.330000 62.509998
v -198.169998 5.330000 59.279999
v -207.479996 5.330000 59.279999
v -207.479996 5.330000 62.509998
v -204.819992 5.330000 62.129997
v -204.629990 5.330000 62.509998
f 11182 11183 11184
f 11187 11188 11189
f 11187 11189 11190 11186
f 11194 11195 11186
f 11182 11184 11185 11197
f 11192 11193 11194
f 11195 11196 11197 11185 11186
f 11194 11186 11190 11191 11192
f 11203 11204 11205
f 11197 11196 11198 11203 11205
f 11199 11193 11192 11202
f 11200 11201 11202 11192
f 11206 11207 11208 11197
f 11197 11205 11206
f 11199 11202 11203 11198
f 11209 11210 11211 11216
f 11212 11214 11215 11216
f 11212 11213 11214
f 11216 11211 11212
f 11219 11220 11221
f 11221 11222 11217
f 11218 11219 11221 11217
v -209.000000 5.430000 245.289993
v -210.330002 5.430000 243.009995
v -214.129990 5.430000 245.099991
v -212.989990 5.430000 247.000000
v -212.229996 5.430000 247.000000
v -216.599991 5.330000 247.000000
v -217.360001 5.330000 245.669998
v -217.360001 5.330000 247.000000
v -213.369995 5.330000 242.250000
v -214.319992 5.330000 238.830002
v -214.699997 5.330000 239.399994
v -215.839996 5.330000 239.019989
v -215.839996 5.330000 238.259995
v -215.080002 5.430000 237.879990
v -215.080002 5.430000 237.119995
v -217.360001 5.530000 237.119995
v -217.360001 5.330000 241.489990
v -215.649994 5.330000 243.389999
v -215.080002 5.330000 243.389999
v -207.479996 5.330000 243.199997
v -207.479996 5.330000 237.309998
v -208.429993 5.330000 237.119995
v -214.319992 5.330000 238.259995
v -210.519989 5.330000 240.539993
v -209.569992 5.330000 240.539993
v -208.239990 5.330000 243.009995
f 11225 11226 11227 11223 11224
f 11228 11229 11230
f 11235 11236 11237 11238
f 11231 11232 11233
f 11234 11235 11238 11239
f 11240 11241 11231 11233 11234 11239
f 11237 11236 11245
f 11247 11248 11242 11243 11244
f 11246 11247 11244 11237 11245
f 11245 11232 11231 11246
v -29.639999 5.330000 108.680000
v -29.639999 5.330000 98.799995
v -39.520000 5.330000 98.799995
v -39.520000 5.330000 108.680000
f 11249 11250 11251 11252
v -219.830002 5.430000 88.919998
v -219.639999 5.430000 87.970001
v -220.019989 5.430000 87.779999
v -220.019989 5.430000 87.209999
v -218.500000 5.430000 86.830002
v -218.119995 5.430000 87.209999
v -217.929993 5.430000 85.309998
v -220.399994 5.430000 85.500000
v -220.589996 5.430000 84.739998
v -221.919998 5.430000 83.979996
v -222.869995 5.730000 84.360001
v -222.489990 5.430000 84.739998
v -222.679993 5.430000 85.500000
v -223.819992 5.430000 85.309998
v -224.389999 5.430000 88.159996
v -224.009995 5.830000 88.919998
v -223.059998 5.430000 88.540001
v -222.869995 5.430000 88.919998
v -225.909988 5.330000 87.970001
v -225.909988 5.330000 85.879997
v -225.529999 5.330000 85.689995
v -225.149994 5.330000 84.169998
v -225.529999 5.330000 81.320000
v -224.959991 5.330000 81.129997
v -224.769989 5.330000 80.369995
v -221.919998 5.330000 80.939995
v -221.729996 5.330000 79.229996
v -218.500000 5.330000 79.610001
v -217.739990 5.330000 79.989998
v -217.929993 5.330000 81.699997
v -217.360001 5.330000 81.889999
v -217.360001 5.330000 79.040001
v -227.239990 5.330000 79.040001
v -227.239990 5.330000 88.919998
v -226.289993 5.330000 88.919998
v -219.069992 5.330000 81.509995
v -219.069992 5.330000 80.750000
v -220.970001 5.330000 80.750000
v -220.589996 5.330000 81.320000
f 11262 11263 11264
f 11253 11254 11255 11270
f 11267 11268 11269 11265 11266
f 11257 11258 11259
f 11262 11264 11265 11260 11261
f 11255 11256 11260 11265 11269 11270
f 11257 11259 11260 11256
f 11275 11276 11277 11285
f 11286 11287 11271 11272
f 11272 11273 11274 11275
f 11281 11282 11283 11284
f 11272 11275 11285 11286
f 11280 11281 11284
f 11277 11278 11279 11285
f 11279 11284 11285
f 11279 11280 11284
f 11289 11290 11291 11288
v -19.760000 5.130000 187.720001
v -19.760000 5.130000 182.209991
v -23.180000 5.130000 182.209991
v -23.180000 5.130000 187.720001
v -24.129999 5.130000 186.769989
v -24.129999 5.130000 186.389999
v -24.510000 5.130000 186.389999
v -24.510000 5.130000 186.769989
v -25.459999 5.130000 186.769989
v -25.459999 5.130000 184.869995
v -25.840000 5.130000 184.869995
v -26.219999 5.130000 185.629990
v -27.359999 5.130000 185.629990
v -27.549999 5.130000 184.869995
v -27.740000 5.130000 184.869995
v -27.740000 5.130000 186.769989
v -28.689999 5.130000 186.769989
v -28.689999 5.130000 186.389999
v -29.260000 5.130000 186.389999
v -29.260000 5.130000 186.769989
v -24.129999 5.130000 185.250000
v -24.129999 5.130000 184.489990
v -24.510000 5.130000 184.489990
v -24.510000 5.130000 185.250000
v -28.689999 5.130000 185.059998
v -28.689999 5.130000 184.489990
v -29.260000 5.130000 184.489990
v -29.260000 5.130000 185.059998
v -25.459999 5.130000 182.779999
v -27.740000 5.130000 182.779999
v -27.170000 5.130000 183.919998
v -26.219999 5.130000 183.919998
v -24.129999 5.130000 183.349991
v -24.129999 5.130000 182.779999
v -24.510000 5.130000 182.779999
v -24.510000 5.130000 183.349991
v -28.689999 5.130000 183.349991
v -28.689999 5.130000 182.779999
v -29.260000 5.130000 182.779999
v -29.260000 5.130000 183.349991
v -19.760000 5.130000 177.839996
v -23.180000 5.130000 177.839996
v -23.369999 5.130000 178.409988
v -29.639999 5.130000 178.409988
v -29.639999 5.130000 180.309998
v -23.559999 5.130000 180.309998
v -23.180000 5.130000 180.690002
v -26.410000 5.130000 181.830002
v -26.410000 5.130000 181.259995
v -26.980000 5.130000 181.259995
v -26.980000 5.130000 181.830002
f 11292 11293 11294 11295
f 11296 11297 11298 11299
f 11304 11305 11306 11307
f 11301 11302 11303 11300
f 11303 11304 11307 11300
f 11308 11309 11310 11311
f 11312 11313 11314 11315
f 11316 11317 11318 11319
f 11306 11305 11322 11321
f 11323 11302 11301 11320
f 11321 11322 11323 11320
f 11324 11325 11326 11327
f 11328 11329 11330 11331
f 11332 11333 11334 11337 11338 11293
f 11338 11294 11293
f 11335 11336 11337 11334
f 11339 11340 11341 11342
v -207.479996 5.330000 79.040001
v -207.479996 5.330000 77.900002
v -210.330002 5.330000 79.040001
v -212.419998 5.330000 79.040001
v -212.229996 5.330000 77.900002
v -207.479996 5.330000 76.189995
v -207.479996 5.330000 71.059998
v -210.330002 5.330000 71.250000
v -210.330002 5.330000 72.010002
v -211.279999 5.330000 72.389999
v -211.659988 5.330000 72.010002
v -211.659988 5.330000 71.059998
v -211.089996 5.330000 70.869995
v -211.089996 5.330000 69.159996
v -217.360001 5.330000 69.159996
v -217.360001 5.330000 79.040001
v -207.479996 5.330000 69.159996
v -210.519989 5.330000 70.869995
f 11343 11344 11345
f 11354 11355 11356 11357
f 11349 11350 11351
f 11349 11351 11352 11347 11348
f 11358 11346 11347 11353 11354 11357
f 11347 11352 11353
f 11356 11355 11360
f 11356 11360 11350 11349 11359
v -177.839996 5.330000 59.279999
v -177.839996 5.330000 56.049999
v -184.679993 5.330000 56.049999
v -184.679993 5.330000 57.189999
v -183.919998 5.330000 57.189999
v -183.729996 5.330000 56.619999
v -181.449997 5.330000 57.000000
v -181.449997 5.330000 58.139999
v -182.019989 5.330000 58.329998
v -181.830002 5.330000 59.279999
v -183.919998 5.330000 58.139999
v -184.679993 5.330000 58.139999
v -184.679993 5.330000 59.279999
v -183.729996 5.330000 59.279999
v -185.629990 5.330000 59.279999
v -185.629990 5.330000 58.139999
v -186.580002 5.330000 57.949997
v -186.389999 5.330000 57.189999
v -185.629990 5.330000 57.189999
v -185.629990 5.330000 56.049999
v -187.720001 5.330000 56.049999
v -187.720001 5.330000 59.279999
f 11364 11365 11366 11363
f 11362 11367 11368 11361
f 11368 11369 11370 11361
f 11363 11366 11367 11362
f 11371 11372 11373 11374
f 11378 11379 11380 11381
f 11375 11376 11377 11382
f 11377 11378 11381 11382
v -19.760000 5.030000 138.319992
v -19.760000 4.930000 135.089996
v -23.369999 4.930000 135.089996
v -23.559999 4.930000 135.470001
v -29.639999 4.930000 135.089996
v -29.639999 5.030000 138.319992
v -19.760000 5.330000 132.809998
v -19.760000 5.330000 128.440002
v -25.080000 5.330000 128.440002
v -25.080000 5.330000 131.860001
v -23.559999 5.330000 131.860001
v -23.369999 5.330000 132.809998
v -26.980000 5.330000 132.809998
v -26.789999 5.330000 131.860001
v -29.639999 5.330000 128.440002
v -29.639999 5.330000 132.809998
f 11384 11385 11386 11383
f 11386 11387 11388 11383
f 11391 11392 11393
f 11393 11394 11389
f 11390 11391 11393 11389
f 11398 11395 11396
f 11396 11392 11391
f 11396 11391 11397 11398
v -69.159996 5.330000 256.880005
v -69.159996 5.230000 252.319992
v -73.720001 5.230000 252.319992
v -73.720001 5.330000 256.880005
v -75.809998 5.330000 256.880005
v -75.809998 4.930000 251.559998
v -74.669998 4.930000 251.369995
v -74.669998 4.930000 250.419998
v -76.379997 4.930000 250.419998
v -76.949997 4.930000 251.559998
v -79.040001 4.930000 251.559998
v -79.040001 5.330000 256.880005
v -69.159996 5.030000 251.369995
v -69.159996 4.930000 247.000000
v -70.489998 4.930000 247.000000
v -71.250000 4.930000 247.379990
v -71.439995 4.930000 248.330002
v -72.580002 4.930000 248.519989
v -72.959999 4.930000 249.470001
v -73.720001 4.930000 249.470001
v -73.720001 4.930000 251.369995
f 11399 11400 11401 11402
f 11404 11405 11406 11407 11408
f 11408 11409 11410 11403
f 11403 11404 11408
f 11413 11414 11415 11412
f 11415 11416 11417
f 11417 11418 11419
f 11419 11411 11412 11415 11417
v -88.919998 5.330000 257.449982
v -88.919998 5.330000 256.880005
v -98.799995 5.230000 256.880005
v -98.799995 5.230000 257.449982
f 11420 11421 11422 11423
v -238.259995 5.430000 197.029999
v -237.119995 5.430000 197.220001
v -237.119995 5.430000 187.720001
v -239.970001 5.430000 187.720001
v -240.919998 5.430000 187.720001
v -247.000000 5.430000 187.720001
v -247.000000 5.430000 188.099991
v -245.860001 5.430000 189.050003
v -245.860001 5.430000 190.000000
v -247.000000 5.430000 191.709991
v -247.000000 5.430000 197.599991
v -238.639999 5.430000 197.599991
f 11429 11430 11431 11428
f 11434 11435 11424 11426 11427 11432
f 11428 11431 11432 11427
f 11424 11425 11426
f 11432 11433 11434
v -237.119995 5.330000 128.440002
v -237.119995 5.330000 118.559998
v -247.000000 5.330000 118.559998
v -247.000000 5.330000 124.449997
v -247.000000 5.330000 125.589996
v -247.000000 5.330000 128.440002
f 11440 11441 11436
f 11439 11440 11436
f 11437 11438 11439 11436
v -39.520000 5.130000 227.239990
v -39.520000 5.130000 223.250000
v -42.750000 5.130000 223.059998
v -42.750000 5.130000 217.360001
v -44.270000 5.130000 217.360001
v -44.270000 5.130000 222.869995
v -44.649998 5.130000 223.250000
v -49.399998 5.130000 223.250000
v -49.399998 5.130000 227.239990
v -40.090000 5.130000 222.299988
v -40.090000 5.130000 221.919998
v -40.469997 5.130000 221.919998
v -40.469997 5.130000 222.299988
v -46.739998 5.130000 222.299988
v -46.739998 5.130000 221.919998
v -47.309998 5.130000 221.919998
v -47.309998 5.130000 222.299988
v -48.450001 5.130000 222.299988
v -48.450001 5.130000 221.919998
v -49.209999 5.130000 221.919998
v -49.209999 5.130000 222.299988
v -39.520000 5.130000 220.970001
v -39.520000 5.130000 218.690002
v -40.469997 5.130000 218.690002
v -40.469997 5.130000 220.970001
v -46.739998 5.130000 220.970001
v -46.739998 5.130000 218.690002
v -49.399998 5.130000 218.690002
v -49.399998 5.130000 219.449997
v -48.450001 5.130000 219.449997
v -48.070000 5.130000 219.830002
v -48.070000 5.130000 220.970001
v -41.419998 5.130000 220.209991
v -41.419998 5.130000 219.449997
v -41.799999 5.130000 219.449997
v -41.799999 5.130000 220.209991
v -45.219997 5.130000 220.209991
v -45.219997 5.130000 219.449997
v -45.789997 5.130000 219.449997
v -45.789997 5.130000 220.209991
v -40.090000 5.130000 217.739990
v -40.090000 5.130000 217.360001
v -40.469997 5.130000 217.360001
v -40.469997 5.130000 217.739990
v -46.739998 5.130000 217.739990
v -46.739998 5.130000 217.360001
v -47.309998 5.130000 217.360001
v -47.309998 5.130000 217.739990
v -48.639999 5.130000 217.739990
v -48.639999 5.130000 217.360001
v -49.020000 5.130000 217.360001
v -49.020000 5.130000 217.739990
f 11442 11443 11444 11448 11450
f 11445 11446 11447 11444
f 11448 11449 11450
f 11444 11447 11448
f 11451 11452 11453 11454
f 11455 11456 11457 11458
f 11459 11460 11461 11462
f 11463 11464 11465 11466
f 11469 11470 11471 11468
f 11472 11473 11467 11468
f 11468 11471 11472
f 11474 11475 11476 11477
f 11478 11479 11480 11481
f 11482 11483 11484 11485
f 11486 11487 11488 11489
f 11490 11491 11492 11493
v -19.760000 5.130000 177.839996
v -19.760000 5.130000 167.959991
v -23.369999 5.130000 167.959991
v -29.639999 5.130000 167.959991
v -29.639999 5.130000 169.479996
v -23.559999 5.130000 169.479996
v -23.180000 5.130000 169.860001
v -23.180000 5.130000 177.839996
v -26.410000 5.130000 177.459991
v -26.410000 5.130000 177.080002
v -26.980000 5.130000 177.080002
v -26.980000 5.130000 177.459991
v -24.129999 5.130000 176.129990
v -24.129999 5.130000 175.559998
v -24.510000 5.130000 175.559998
v -24.510000 5.130000 176.129990
v -25.459999 5.130000 176.129990
v -25.459999 5.130000 173.849991
v -25.840000 5.130000 173.849991
v -25.840000 5.130000 174.800003
v -26.219999 5.130000 175.179993
v -27.359999 5.130000 174.800003
v -27.359999 5.130000 173.849991
v -27.740000 5.130000 173.849991
v -27.740000 5.130000 176.129990
v -28.689999 5.130000 176.129990
v -28.689999 5.130000 175.750000
v -29.260000 5.130000 175.750000
v -29.260000 5.130000 176.129990
v -24.129999 5.130000 174.419998
v -24.129999 5.130000 173.849991
v -24.510000 5.130000 173.849991
v -24.510000 5.130000 174.419998
v -28.689999 5.130000 174.229996
v -28.689999 5.130000 173.849991
v -29.260000 5.130000 173.849991
v -29.260000 5.130000 174.229996
v -25.459999 5.130000 171.949997
v -27.740000 5.130000 171.949997
v -26.219999 5.130000 173.470001
v -28.689999 5.130000 172.709991
v -28.689999 5.130000 171.949997
v -29.260000 5.130000 171.949997
v -29.260000 5.130000 172.709991
v -24.129999 5.130000 172.519989
v -24.129999 5.130000 171.949997
v -24.510000 5.130000 171.949997
v -24.510000 5.130000 172.519989
v -26.410000 5.130000 171.000000
v -26.410000 5.130000 170.429993
v -26.980000 5.130000 170.429993
v -26.980000 5.130000 171.000000
f 11497 11498 11499 11496
f 11494 11495 11500 11501
f 11496 11499 11500 11495
f 11502 11503 11504 11505
f 11506 11507 11508 11509
f 11511 11512 11513 11510
f 11515 11516 11517 11518
f 11514 11515 11518 11510
f 11510 11513 11514
f 11519 11520 11521 11522
f 11523 11524 11525 11526
f 11527 11528 11529 11530
f 11533 11512 11511 11531
f 11517 11516 11533 11531 11532
f 11534 11535 11536 11537
f 11538 11539 11540 11541
f 11542 11543 11544 11545
v -233.509995 5.930000 217.360001
v -234.459991 5.830000 216.220001
v -234.459991 5.930000 215.080002
v -235.409988 5.830000 214.319992
v -235.409988 5.930000 212.989990
v -236.549988 5.730000 212.039993
v -236.549988 5.930000 209.949997
v -237.119995 5.830000 209.569992
v -237.119995 5.430000 217.360001
v -228.949997 5.830000 212.419998
v -230.470001 5.630000 207.479996
v -233.889999 5.830000 207.479996
v -227.239990 5.930000 209.949997
v -227.239990 5.730000 209.569992
v -227.239990 5.530000 209.190002
v -228.000000 5.530000 209.379990
v -228.000000 5.730000 209.949997
v -236.549988 5.930000 208.429993
v -236.169998 5.930000 207.479996
v -237.119995 5.830000 207.479996
v -237.119995 5.930000 208.619995
f 11547 11548 11549 11554
f 11551 11552 11553 11554
f 11549 11550 11551 11554
f 11554 11546 11547
f 11555 11556 11557
f 11559 11560 11561
f 11559 11561 11562 11558
f 11563 11564 11565 11566
v -19.760000 5.130000 148.199997
v -19.760000 5.030000 138.319992
v -29.639999 5.030000 138.319992
v -29.639999 5.130000 148.199997
f 11567 11568 11569 11570
v -69.159996 5.330000 69.159996
v -69.159996 5.330000 63.459999
v -77.330002 5.330000 63.459999
v -77.330002 5.330000 66.500000
v -79.040001 5.330000 66.689995
v -79.040001 5.330000 69.159996
v -78.279999 5.330000 65.739998
v -78.279999 5.330000 63.459999
v -79.040001 5.330000 63.459999
v -79.040001 5.330000 65.739998
v -70.299995 5.530000 61.559998
v -71.250000 5.430000 61.369999
v -77.330002 5.330000 61.369999
v -77.330002 5.330000 62.509998
v -69.919998 5.330000 62.509998
f 11574 11575 11576 11571
f 11572 11573 11574 11571
f 11577 11578 11579 11580
f 11585 11581 11582 11583 11584
v -167.959991 5.330000 258.399994
v -167.959991 5.330000 256.880005
v -168.339996 5.330000 256.880005
v -168.529999 5.330000 258.399994
v -169.479996 5.330000 258.209991
v -169.479996 5.330000 257.829987
v -171.379990 5.330000 257.449982
v -171.379990 5.330000 258.399994
v -172.330002 5.330000 258.399994
v -172.330002 5.330000 257.449982
v -173.089996 5.330000 257.449982
v -173.279999 5.330000 256.880005
v -177.839996 5.330000 256.880005
v -177.839996 5.330000 258.399994
f 11586 11587 11588 11589
f 11591 11592 11593 11590
f 11594 11595 11596
f 11596 11597 11598
f 11596 11598 11599 11594
v -19.760000 5.130000 167.959991
v -19.760000 5.130000 159.789993
v -20.330000 5.130000 159.029999
v -20.139999 5.130000 158.080002
v -29.639999 5.130000 158.080002
v -29.639999 5.130000 159.220001
v -23.559999 5.130000 159.220001
v -23.180000 5.130000 159.599991
v -23.369999 5.130000 167.959991
v -25.459999 5.130000 165.679993
v -25.459999 5.130000 161.500000
v -27.740000 5.130000 161.500000
v -27.740000 5.130000 161.879990
v -26.789999 5.130000 161.879990
v -26.410000 5.130000 162.259995
v -26.410000 5.130000 163.019989
v -26.789999 5.130000 163.399994
v -27.740000 5.130000 163.209991
v -27.740000 5.130000 165.679993
v -28.689999 5.130000 163.970001
v -28.689999 5.130000 163.399994
v -29.260000 5.130000 163.399994
v -29.260000 5.130000 163.970001
v -28.689999 5.130000 162.259995
v -28.689999 5.130000 161.500000
v -29.260000 5.130000 161.500000
v -29.260000 5.130000 162.259995
f 11603 11604 11605 11606 11602
f 11607 11608 11600 11601 11602
f 11602 11606 11607
f 11611 11612 11613 11610
f 11616 11618 11609 11615
f 11610 11613 11614
f 11610 11614 11615 11609
f 11616 11617 11618
f 11619 11620 11621 11622
f 11623 11624 11625 11626
v -187.720001 5.330000 256.880005
v -187.720001 5.330000 252.319992
v -195.699997 5.330000 252.319992
v -195.889999 5.330000 252.889999
v -196.839996 5.330000 252.889999
v -197.029999 5.330000 252.319992
v -197.599991 5.330000 252.319992
v -197.599991 5.330000 252.699997
v -197.599991 5.430000 256.880005
v -187.720001 5.330000 251.369995
v -187.720001 5.330000 247.000000
v -193.989990 5.330000 247.000000
v -194.559998 5.330000 247.379990
v -194.559998 5.330000 248.139999
v -193.989990 5.330000 248.330002
v -193.989990 5.330000 249.089996
v -194.559998 5.330000 249.279999
v -194.750000 5.330000 249.659988
v -194.179993 5.330000 249.849991
v -194.179993 5.330000 250.799988
v -194.750000 5.330000 250.989990
v -194.750000 5.330000 251.369995
v -195.319992 5.330000 250.799988
v -195.319992 5.330000 249.849991
v -195.319992 5.330000 249.089996
v -195.319992 5.330000 248.330002
v -195.129990 5.330000 247.379990
v -195.319992 5.330000 247.000000
v -195.889999 5.330000 247.000000
v -196.080002 5.330000 247.379990
v -197.029999 5.330000 247.379990
v -197.220001 5.330000 247.000000
v -197.599991 5.330000 247.000000
v -197.599991 5.330000 247.189987
v -197.599991 5.330000 249.849991
v -197.599991 5.330000 250.610001
v -197.599991 5.330000 251.369995
f 11632 11633 11634
f 11631 11632 11634 11635
f 11627 11628 11630 11635
f 11630 11631 11635
f 11628 11629 11630
f 11643 11644 11645 11642
f 11642 11645 11646 11636 11637
f 11646 11647 11648 11636
f 11639 11640 11641 11637 11638
f 11637 11641 11642
f 11658 11659 11660 11657
f 11662 11649 11650 11661
f 11648 11647 11649 11662 11663
f 11644 11643 11651 11650
f 11651 11652 11656 11657
f 11653 11654 11655
f 11640 11639 11653
f 11653 11655 11656 11652 11640
f 11651 11657 11660 11661 11650
v -227.239990 5.330000 108.680000
v -227.239990 5.330000 104.879997
v -236.169998 5.330000 104.879997
v -236.169998 5.330000 105.259995
v -236.739990 5.330000 105.449997
v -236.549988 5.330000 107.540001
v -237.119995 5.330000 107.729996
v -237.119995 5.330000 108.680000
v -228.000000 5.330000 102.220001
v -227.239990 5.330000 102.220001
v -227.239990 5.330000 98.799995
v -237.119995 5.330000 98.799995
v -237.119995 5.330000 101.839996
v -236.360001 5.330000 101.839996
v -236.169998 5.330000 102.599998
v -228.190002 5.330000 102.599998
f 11669 11670 11671 11664
f 11667 11668 11669 11664 11665
f 11665 11666 11667
f 11675 11676 11677
f 11672 11673 11674
f 11679 11672 11674 11675 11677
f 11677 11678 11679
v -39.520000 5.330000 98.799995
v -39.520000 5.330000 95.570000
v -42.939999 5.330000 95.570000
v -43.129997 5.330000 96.519997
v -45.789997 4.930000 96.519997
v -45.599998 4.930000 98.040001
v -46.549999 4.930000 98.419998
v -46.549999 4.930000 98.799995
v -39.520000 5.330000 94.430000
v -40.469997 5.330000 94.619995
v -39.520000 5.330000 94.619995
v -49.399998 5.230000 94.430000
v -49.399998 5.230000 94.619995
v -48.259998 5.230000 94.619995
v -39.520000 5.330000 93.479996
v -39.520000 5.330000 88.919998
v -49.399998 4.930000 88.919998
v -49.399998 4.930000 93.479996
v -46.549999 4.930000 93.479996
v -46.360001 5.030000 92.909996
v -43.129997 5.330000 92.909996
v -42.939999 5.330000 93.479996
f 11685 11686 11687
f 11683 11684 11685
f 11681 11682 11683
f 11683 11685 11687 11680 11681
f 11688 11689 11690
f 11691 11692 11693
f 11697 11698 11699 11696
f 11700 11701 11694 11695
f 11696 11699 11700 11695
v -197.599991 5.430000 257.449982
v -197.599991 5.430000 256.880005
v -207.479996 5.830000 256.880005
v -207.479996 5.830000 257.449982
f 11702 11703 11704 11705
v -237.119995 5.330000 98.799995
v -237.119995 5.330000 88.919998
v -247.000000 5.330000 88.919998
v -247.000000 5.330000 98.799995
f 11706 11707 11708 11709
v -39.520000 5.330000 79.040001
v -39.520000 5.330000 69.159996
v -49.399998 5.330000 69.159996
v -49.399998 5.130000 79.040001
f 11710 11711 11712 11713
v -198.169998 5.330000 59.279999
v -198.169998 5.330000 57.189999
v -207.479996 5.330000 57.189999
v -207.479996 5.330000 59.279999
v -207.479996 5.330000 56.049999
v -207.479996 5.330000 56.239998
v -198.169998 5.330000 56.239998
f 11714 11715 11716 11717
f 11718 11719 11720
v -10.070000 5.230000 137.750000
v -10.260000 5.730000 136.039993
v -11.020000 5.730000 136.610001
v -10.830000 5.230000 137.369995
v -11.210000 5.230000 137.940002
v -12.349999 5.230000 137.940002
v -12.730000 5.230000 137.369995
v -12.730000 5.230000 136.800003
v -11.969999 5.230000 136.419998
v -11.590000 5.230000 135.470001
v -12.540000 5.230000 135.470001
v -13.490000 5.230000 136.610001
v -13.490000 5.230000 137.750000
v -12.920000 5.230000 138.319992
v -10.639999 5.230000 138.319992
v -14.820000 4.930000 138.319992
v -14.820000 4.930000 136.039993
v -16.719999 4.930000 136.039993
v -16.910000 4.930000 135.089996
v -19.760000 4.930000 135.089996
v -19.760000 5.030000 138.319992
v -12.349999 4.930000 133.949997
v -12.160000 4.930000 133.569992
v -10.450000 4.930000 133.569992
v -10.450000 4.930000 132.809998
v -9.880000 4.930000 132.429993
v -9.880000 5.030000 128.440002
v -14.059999 5.030000 128.440002
v -14.059999 4.930000 132.239990
v -13.299999 4.930000 132.429993
v -13.299999 4.930000 134.139999
v -16.910000 5.330000 132.809998
v -16.529999 5.330000 132.239990
v -16.529999 5.330000 128.440002
v -19.760000 5.330000 128.440002
v -19.760000 5.330000 132.809998
f 11729 11730 11731 11732 11728
f 11735 11721 11724 11725
f 11722 11723 11724 11721
f 11727 11728 11732 11733
f 11725 11726 11734 11735
f 11727 11733 11734 11726
f 11736 11737 11738
f 11738 11739 11740
f 11738 11740 11741 11736
f 11751 11742 11743 11750
f 11748 11749 11750 11746 11747
f 11743 11744 11745
f 11743 11745 11746 11750
f 11756 11752 11753 11754 11755
v -207.479996 5.830000 256.880005
v -207.479996 5.430000 252.319992
v -211.849991 5.930000 252.319992
v -211.089996 6.030000 253.459991
v -209.949997 5.830000 253.459991
v -208.619995 5.830000 254.789993
v -208.429993 5.930000 256.880005
v -214.509995 5.930000 251.559998
v -215.269989 5.330000 248.899994
v -216.599991 5.330000 247.000000
v -217.360001 5.330000 247.000000
v -217.360001 5.930000 250.989990
v -216.979996 6.230000 251.559998
v -207.479996 5.330000 251.369995
v -207.479996 5.330000 249.279999
v -207.860001 5.330000 249.279999
v -209.000000 5.330000 249.470001
v -209.000000 5.330000 248.139999
v -209.000000 5.330000 247.759995
v -212.039993 5.330000 249.279999
v -211.659988 5.330000 250.989990
v -211.470001 5.430000 251.369995
v -207.479996 5.330000 247.000000
v -207.669998 5.330000 247.000000
v -207.860001 5.330000 248.330002
v -212.229996 5.430000 247.000000
v -212.989990 5.430000 247.000000
v -212.989990 5.430000 247.379990
v -212.419998 5.430000 247.379990
f 11759 11760 11761 11758
f 11762 11763 11757 11758
f 11758 11761 11762
f 11765 11766 11767 11768 11769 11764
f 11771 11772 11773 11770
f 11776 11777 11778 11770 11773
f 11773 11774 11776
f 11774 11775 11776
f 11781 11772 11771 11779 11780
f 11775 11774 11781 11780
f 11783 11784 11785 11782
v -217.360001 5.330000 247.000000
v -217.360001 5.330000 245.669998
v -219.830002 5.430000 243.199997
v -221.539993 6.130000 242.439987
v -221.539993 6.130000 247.000000
v -219.639999 5.430000 241.869995
v -219.639999 5.430000 242.250000
v -219.259995 5.430000 242.250000
v -217.360001 5.330000 241.489990
v -217.360001 5.530000 237.119995
v -220.589996 5.830000 237.119995
v -220.589996 5.830000 239.019989
v -221.539993 6.030000 239.589996
v -220.399994 5.630000 240.159988
v -219.639999 5.530000 239.970001
f 11788 11789 11790 11786 11787
f 11791 11792 11793
f 11797 11798 11799 11800
f 11796 11797 11800 11794 11795
v -9.880000 5.130000 177.839996
v -9.880000 5.130000 170.619995
v -10.260000 5.130000 170.619995
v -10.260000 5.130000 177.839996
v -17.100000 5.130000 177.839996
v -17.289999 5.130000 171.000000
v -17.100000 5.130000 169.860001
v -15.960000 5.130000 169.289993
v -16.150000 5.130000 167.959991
v -16.910000 5.130000 167.959991
v -19.760000 5.130000 167.959991
v -19.760000 5.130000 177.839996
v -13.299999 5.130000 177.459991
v -13.299999 5.130000 177.080002
v -14.059999 5.130000 177.080002
v -14.059999 5.130000 177.459991
v -11.210000 5.130000 176.129990
v -11.210000 5.130000 175.559998
v -11.590000 5.130000 175.559998
v -11.590000 5.130000 176.129990
v -12.540000 5.130000 176.129990
v -12.540000 5.130000 174.610001
v -13.679999 5.130000 174.229996
v -13.490000 5.130000 173.089996
v -12.540000 5.130000 173.089996
v -12.540000 5.130000 171.949997
v -14.820000 5.130000 171.949997
v -14.820000 5.130000 176.129990
v -15.770000 5.130000 176.129990
v -15.770000 5.130000 175.750000
v -16.340000 5.130000 175.750000
v -16.340000 5.130000 176.129990
v -11.210000 5.130000 174.419998
v -11.210000 5.130000 173.849991
v -11.590000 5.130000 173.849991
v -11.590000 5.130000 174.419998
v -15.770000 5.130000 174.229996
v -15.770000 5.130000 173.849991
v -16.340000 5.130000 173.849991
v -16.340000 5.130000 174.229996
v -15.770000 5.130000 172.709991
v -15.770000 5.130000 171.949997
v -16.340000 5.130000 171.949997
v -16.340000 5.130000 172.709991
v -11.210000 5.130000 172.519989
v -11.210000 5.130000 171.949997
v -11.590000 5.130000 171.949997
v -11.590000 5.130000 172.519989
v -13.299999 5.130000 171.000000
v -13.299999 5.130000 170.429993
v -14.059999 5.130000 170.429993
v -14.059999 5.130000 171.000000
v -9.880000 5.130000 169.289993
v -9.880000 5.130000 168.720001
v -10.450000 5.130000 168.720001
v -10.639999 5.130000 167.959991
v -14.059999 5.130000 167.959991
v -14.059999 5.130000 169.479996
f 11801 11802 11803 11804
f 11808 11809 11810 11807
f 11806 11811 11812 11805
f 11806 11807 11810 11811
f 11813 11814 11815 11816
f 11817 11818 11819 11820
f 11824 11825 11826 11827
f 11823 11824 11827 11828
f 11821 11822 11823 11828
f 11829 11830 11831 11832
f 11833 11834 11835 11836
f 11837 11838 11839 11840
f 11841 11842 11843 11844
f 11845 11846 11847 11848
f 11849 11850 11851 11852
f 11853 11854 11855 11858
f 11855 11856 11857 11858
v -247.000000 5.330000 128.440002
v -247.000000 5.330000 125.589996
v -248.139999 5.330000 125.969994
v -248.709991 5.330000 125.399994
v -248.330002 5.330000 124.259995
v -247.000000 5.330000 124.449997
v -247.000000 5.330000 118.559998
v -256.880005 5.330000 118.559998
v -256.880005 5.330000 128.440002
f 11859 11860 11861
f 11859 11861 11862 11867
f 11863 11864 11865
f 11862 11863 11865 11866 11867
v -9.880000 5.030000 148.199997
v -9.880000 4.930000 145.919998
v -9.880000 4.930000 142.500000
v -11.400000 4.930000 141.169998
v -11.590000 4.930000 140.029999
v -11.969999 4.930000 140.029999
v -12.349999 4.930000 140.979996
v -13.110000 4.930000 140.979996
v -13.299999 4.930000 140.029999
v -14.250000 4.930000 139.459991
v -14.820000 4.930000 138.319992
v -19.760000 5.030000 138.319992
v -19.760000 5.130000 148.199997
v -11.780000 5.230000 139.270004
v -11.590000 5.230000 138.699997
v -10.830000 5.230000 138.699997
v -10.639999 5.230000 138.319992
v -12.920000 5.230000 138.319992
f 11872 11873 11874 11871
f 11877 11878 11879
f 11871 11874 11875 11869 11870
f 11875 11876 11877
f 11875 11877 11879 11880 11868 11869
f 11882 11883 11884 11885
f 11881 11882 11885
v -75.809998 5.330000 256.880005
v -79.040001 5.330000 256.880005
v -79.040001 5.330000 258.399994
v -75.619995 5.330000 258.399994
v -69.159996 5.330000 257.449982
v -69.159996 5.330000 256.880005
v -73.720001 5.330000 256.880005
v -73.720001 5.330000 257.449982
f 11886 11887 11888 11889
f 11890 11891 11892 11893
v -207.479996 5.330000 68.970001
v -209.569992 5.330000 68.779999
v -209.569992 5.330000 65.739998
v -211.470001 5.330000 65.549995
v -212.039993 5.330000 65.549995
v -212.039993 5.330000 67.639999
v -211.279999 5.330000 67.830002
v -211.470001 5.330000 68.970001
v -212.419998 5.330000 68.970001
v -212.610001 5.330000 67.830002
v -212.989990 5.330000 67.830002
v -212.989990 5.330000 68.779999
v -213.940002 5.330000 68.970001
v -214.129990 5.330000 69.159996
v -207.479996 5.330000 69.159996
v -214.129990 5.330000 67.830002
v -212.610001 5.330000 65.360001
v -212.419998 5.330000 64.409996
v -211.279999 5.330000 64.599998
v -209.379990 5.330000 64.790001
v -208.619995 5.630000 64.790001
v -208.429993 5.330000 67.449997
v -207.479996 5.330000 67.639999
v -207.479996 5.330000 63.840000
v -209.000000 5.630000 64.220001
v -209.569992 5.330000 63.459999
v -215.269989 5.330000 63.459999
v -215.269989 5.330000 64.220001
v -214.699997 5.330000 64.409996
v -214.699997 5.330000 65.169998
v -215.269989 5.330000 65.360001
v -215.459991 5.330000 65.739998
v -214.889999 5.330000 65.930000
v -214.889999 5.330000 66.879997
v -215.459991 5.330000 67.070000
v -215.459991 5.330000 67.639999
v -214.889999 5.330000 67.830002
v -214.889999 5.330000 68.779999
v -215.459991 5.330000 68.970001
v -215.459991 5.330000 69.159996
v -216.029999 5.330000 68.779999
v -216.029999 5.330000 67.830002
v -216.029999 5.330000 66.879997
v -216.029999 5.330000 65.930000
v -216.029999 5.330000 65.169998
v -216.029999 5.330000 64.409996
v -217.360001 5.330000 63.459999
v -217.360001 5.330000 69.159996
v -207.479996 5.330000 62.509998
v -207.479996 5.330000 59.279999
v -217.360001 5.330000 59.279999
v -217.360001 5.330000 62.509998
v -214.319992 5.330000 62.509998
v -214.129990 5.330000 62.129997
v -213.369995 5.330000 62.129997
v -213.179993 5.330000 62.509998
v -212.610001 5.330000 62.509998
v -212.419998 5.330000 62.129997
v -211.470001 5.330000 62.129997
v -211.279999 5.330000 62.509998
f 11903 11904 11905 11902
f 11901 11902 11907 11908
f 11905 11906 11907 11902
f 11896 11897 11900 11895
f 11908 11894 11895 11901
f 11897 11898 11899 11900
f 11895 11900 11901
f 11924 11925 11926 11923
f 11931 11932 11933 11907
f 11909 11904 11899
f 11922 11923 11910 11911
f 11927 11928 11929 11930 11909
f 11919 11911 11912 11913 11914 11918
f 11904 11903 11899
f 11931 11907 11906 11909 11930
f 11920 11921 11922 11911 11919
f 11914 11915 11916 11917
f 11917 11918 11914
f 11899 11898 11910 11923 11927 11909
f 11923 11926 11927
f 11912 11897 11896 11913
f 11933 11932 11934 11941
f 11925 11924 11938 11937
f 11941 11935 11936
f 11935 11929 11928 11936
f 11937 11938 11940
f 11939 11921 11920 11940
f 11938 11939 11940
f 11937 11940 11941 11936
f 11941 11934 11935
f 11948 11949 11950 11951
f 11943 11951 11952
f 11945 11946 11947 11944
f 11952 11953 11942 11943
f 11944 11948 11951 11943
f 11944 11947 11948
v -17.289999 5.130000 166.819992
v -17.289999 5.130000 160.739990
v -18.619999 5.130000 160.550003
v -19.760000 5.130000 159.789993
v -19.760000 5.130000 167.959991
v -16.910000 5.130000 167.959991
v -9.880000 5.130000 167.389999
v -10.260000 5.130000 167.580002
v -9.880000 5.130000 167.580002
v -13.299999 5.130000 167.009995
v -13.299999 5.130000 166.629990
v -14.059999 5.130000 166.629990
v -14.059999 5.130000 167.009995
v -9.880000 5.130000 165.869995
v -9.880000 5.130000 163.399994
v -10.260000 5.130000 163.399994
v -10.260000 5.130000 165.869995
v -12.730000 5.130000 165.679993
v -12.730000 5.130000 164.349991
v -13.490000 5.130000 163.970001
v -13.490000 5.130000 163.209991
v -12.540000 5.130000 162.449997
v -12.540000 5.130000 161.500000
v -14.820000 5.130000 161.500000
v -14.820000 5.130000 165.679993
v -15.770000 5.130000 165.679993
v -15.770000 5.130000 165.300003
v -16.340000 5.130000 165.300003
v -16.340000 5.130000 165.679993
v -15.770000 5.130000 163.970001
v -15.770000 5.130000 163.399994
v -16.340000 5.130000 163.399994
v -16.340000 5.130000 163.970001
v -15.770000 5.130000 162.259995
v -15.770000 5.130000 161.500000
v -16.340000 5.130000 161.500000
v -16.340000 5.130000 162.259995
v -9.880000 5.130000 162.069992
v -9.880000 5.130000 158.080002
v -11.400000 5.130000 158.080002
v -11.590000 5.130000 158.649994
v -12.349999 5.130000 158.649994
v -12.540000 5.130000 158.080002
v -13.299999 5.130000 158.080002
v -13.299999 5.130000 159.220001
v -11.590000 5.130000 159.029999
v -10.260000 5.130000 159.410004
v -10.260000 5.130000 162.069992
v -11.210000 5.130000 162.069992
v -11.210000 5.130000 161.500000
v -11.590000 5.130000 161.500000
v -11.590000 5.130000 162.069992
v -13.299999 5.130000 160.550003
v -13.299999 5.130000 160.169998
v -13.870000 5.130000 160.169998
v -13.870000 5.130000 160.550003
v -14.440000 5.130000 159.029999
v -14.820000 5.130000 158.269989
v -17.100000 5.130000 158.459991
v -17.289999 5.330000 158.080002
v -18.619999 5.130000 158.080002
v -18.809999 5.130000 158.459991
v -17.670000 5.130000 159.599991
f 11958 11959 11954
f 11954 11955 11956
f 11954 11956 11957 11958
f 11960 11961 11962
f 11963 11964 11965 11966
f 11967 11968 11969 11970
f 11971 11972 11973 11978
f 11974 11975 11976 11977
f 11973 11974 11977 11978
f 11979 11980 11981 11982
f 11983 11984 11985 11986
f 11987 11988 11989 11990
f 11995 11996 11997 11998
f 11991 11992 12000 12001
f 11995 11998 11999 11994
f 11993 11994 11999 12000 11992
f 12002 12003 12004 12005
f 12006 12007 12008 12009
f 12012 12013 12014 12015 12016
f 12010 12011 12012 12016
v -9.880000 5.130000 158.080002
v -9.880000 5.130000 156.750000
v -10.450000 5.130000 156.750000
v -10.639999 5.130000 156.179993
v -11.400000 5.130000 156.179993
v -11.590000 5.130000 156.750000
v -12.540000 5.130000 156.559998
v -13.110000 5.130000 156.940002
v -13.490000 5.130000 157.319992
v -13.299999 5.130000 158.080002
v -12.540000 5.130000 158.080002
v -12.349999 5.130000 157.509995
v -11.590000 5.130000 157.509995
v -11.400000 5.130000 158.080002
v -17.289999 5.330000 158.080002
v -17.289999 5.530000 157.699997
v -18.619999 5.130000 158.080002
v -12.349999 5.130000 155.610001
v -11.590000 5.130000 155.610001
v -10.450000 5.130000 155.610001
v -9.880000 5.130000 155.610001
v -9.880000 5.030000 148.199997
v -19.760000 5.130000 148.199997
v -19.760000 5.130000 152.379990
v -17.480000 5.130000 152.759995
v -15.960000 5.130000 154.470001
v -14.630000 5.130000 154.279999
v -14.440000 5.530000 155.039993
v -15.009999 5.730000 155.610001
v -14.059999 5.730000 156.179993
v -13.870000 5.430000 155.610001
v -13.299999 5.130000 155.610001
v -16.150000 5.830000 156.179993
v -16.150000 5.830000 155.419998
v -16.529999 5.930000 155.989990
v -16.529999 5.930000 156.369995
v -17.480000 5.130000 155.610001
v -18.809999 5.130000 153.899994
v -19.760000 5.130000 153.519989
v -19.760000 5.130000 155.989990
v -18.049999 5.130000 156.179993
f 12019 12020 12021
f 12026 12027 12028 12024 12025
f 12019 12021 12022 12029 12030 12017
f 12028 12029 12022 12023 12024
f 12017 12018 12019
f 12031 12032 12033
f 12035 12021 12020 12036
f 12043 12034 12035
f 12045 12046 12047 12044
f 12043 12035 12036
f 12048 12024 12023 12034
f 12043 12036 12037 12038 12039 12041
f 12044 12047 12048
f 12043 12044 12048 12034
f 12039 12040 12041
f 12041 12042 12043
f 12049 12050 12051 12052
f 12054 12055 12056 12057 12053
v -237.119995 5.430000 217.360001
v -237.119995 5.830000 209.569992
v -237.119995 5.930000 208.619995
v -237.119995 5.830000 207.479996
v -247.000000 5.430000 207.479996
v -247.000000 5.430000 211.470001
v -244.149994 5.430000 217.360001
v -240.539993 5.430000 217.360001
v -239.399994 5.430000 217.360001
v -246.239990 5.430000 215.649994
v -247.000000 5.430000 216.029999
v -247.000000 5.430000 217.360001
v -245.479996 5.430000 217.360001
f 12066 12058 12059
f 12065 12066 12059 12060
f 12063 12064 12065 12060 12061 12062
f 12067 12068 12069 12070
v -29.639999 5.130000 227.239990
v -29.639999 5.130000 224.769989
v -30.019999 5.130000 224.580002
v -30.209999 5.130000 223.629990
v -30.209999 5.130000 217.360001
v -34.009998 5.130000 217.360001
v -34.009998 5.130000 223.059998
v -35.340000 5.130000 223.250000
v -35.149998 5.130000 227.239990
v -39.520000 5.130000 223.250000
v -39.520000 5.130000 227.239990
v -36.290001 5.130000 222.299988
v -36.290001 5.130000 221.919998
v -36.860001 5.130000 221.919998
v -36.860001 5.130000 222.299988
v -38.189999 5.130000 222.299988
v -38.189999 5.130000 221.919998
v -38.950001 5.130000 221.919998
v -38.950001 5.130000 222.299988
v -36.290001 5.130000 220.970001
v -36.290001 5.130000 218.690002
v -38.000000 5.130000 218.690002
v -38.189999 5.130000 219.069992
v -37.619999 5.130000 219.449997
v -37.619999 5.130000 220.399994
v -38.000000 5.130000 220.779999
v -37.809998 5.130000 220.970001
v -39.329998 5.130000 220.399994
v -39.329998 5.130000 219.449997
v -39.520000 5.130000 218.690002
v -39.520000 5.130000 220.970001
v -34.959999 5.130000 220.209991
v -34.959999 5.130000 219.449997
v -35.340000 5.130000 219.449997
v -35.340000 5.130000 220.209991
v -36.290001 5.130000 217.739990
v -36.290001 5.130000 217.360001
v -37.049999 5.130000 217.360001
v -37.049999 5.130000 217.739990
v -38.189999 5.130000 217.739990
v -38.189999 5.130000 217.360001
v -38.759998 5.130000 217.360001
v -38.759998 5.130000 217.739990
f 12071 12072 12073
f 12071 12073 12074 12077 12078 12079
f 12075 12076 12077 12074
f 12078 12080 12081 12079
f 12082 12083 12084 12085
f 12086 12087 12088 12089
f 12095 12096 12097 12090
f 12092 12093 12094 12091
f 12090 12091 12094 12095
f 12093 12092 12100 12099
f 12101 12097 12096 12098
f 12099 12100 12101 12098
f 12102 12103 12104 12105
f 12106 12107 12108 12109
f 12110 12111 12112 12113
v -19.760000 5.130000 207.479996
v -19.760000 5.130000 197.599991
v -23.180000 5.130000 197.599991
v -23.180000 5.130000 199.879990
v -23.559999 5.130000 200.259995
v -29.639999 5.130000 200.259995
v -29.639999 5.130000 203.300003
v -23.559999 5.130000 203.300003
v -23.180000 5.130000 203.679993
v -23.180000 5.130000 207.479996
v -25.459999 5.130000 207.479996
v -25.459999 5.130000 205.769989
v -27.740000 5.130000 205.769989
v -27.740000 5.130000 207.479996
v -26.980000 5.130000 207.479996
v -28.689999 5.130000 206.529999
v -28.689999 5.130000 205.769989
v -29.260000 5.130000 205.769989
v -29.260000 5.130000 206.529999
v -24.129999 5.130000 206.339996
v -24.129999 5.130000 205.769989
v -24.510000 5.130000 205.769989
v -24.510000 5.130000 206.339996
v -26.410000 5.130000 204.819992
v -26.410000 5.130000 204.250000
v -26.980000 5.130000 204.250000
v -26.980000 5.130000 204.819992
v -26.410000 5.130000 199.309998
v -26.410000 5.130000 198.739990
v -26.980000 5.130000 198.739990
v -26.980000 5.130000 199.309998
f 12115 12116 12117
f 12115 12117 12118 12122 12114
f 12122 12123 12114
f 12118 12119 12120 12121
f 12118 12121 12122
f 12126 12127 12128
f 12125 12126 12128 12124
f 12129 12130 12131 12132
f 12133 12134 12135 12136
f 12137 12138 12139 12140
f 12141 12142 12143 12144
v -247.000000 5.430000 187.720001
v -247.000000 5.430000 177.839996
v -249.659988 5.430000 177.839996
v -250.039993 5.430000 183.159988
v -250.989990 5.430000 185.629990
v -247.569992 5.430000 187.720001
v -251.750000 5.430000 187.339996
v -251.939987 5.430000 187.720001
v -251.559998 5.430000 187.720001
v -253.459991 5.430000 184.679993
v -252.509995 5.430000 181.449997
v -252.509995 5.430000 177.839996
v -256.880005 5.430000 177.839996
v -256.880005 5.430000 187.720001
v -255.549988 5.430000 187.720001
v -251.369995 5.430000 182.209991
v -251.559998 5.430000 181.069992
v -251.939987 5.430000 182.589996
v -251.750000 5.430000 182.970001
v -251.179993 5.430000 178.979996
v -251.179993 5.430000 177.839996
v -251.559998 5.430000 177.839996
v -251.559998 5.430000 178.979996
f 12149 12150 12145 12148
f 12146 12147 12148 12145
f 12151 12152 12153
f 12158 12159 12154 12155 12156 12157
f 12160 12161 12162 12163
f 12164 12165 12166 12167
v -237.119995 5.330000 108.680000
v -237.119995 5.330000 107.729996
v -239.589996 5.330000 107.540001
v -239.589996 5.330000 106.589996
v -239.019989 5.330000 106.209999
v -239.019989 5.330000 105.449997
v -239.970001 5.330000 105.259995
v -239.970001 5.330000 104.309998
v -247.000000 5.330000 104.309998
v -247.000000 5.330000 105.070000
v -247.000000 5.330000 106.970001
v -246.049988 5.330000 105.829994
v -244.909988 5.330000 105.259995
v -242.439987 5.330000 105.259995
v -241.110001 5.330000 106.019997
v -240.539993 5.330000 107.159996
v -239.970001 5.330000 107.349998
v -239.970001 5.330000 108.299995
v -241.869995 5.330000 108.489998
v -242.819992 5.330000 107.159996
v -244.529999 5.730000 107.159996
v -244.149994 5.730000 107.729996
v -243.009995 5.330000 108.110001
v -243.009995 5.330000 108.680000
v -245.099991 5.330000 108.110001
v -245.479996 5.330000 108.110001
v -245.479996 5.330000 108.680000
v -244.720001 5.330000 108.680000
v -237.119995 5.330000 101.839996
v -237.119995 5.330000 98.799995
v -240.729996 5.330000 98.799995
v -240.729996 5.330000 100.129997
v -239.970001 5.330000 100.320000
v -239.970001 5.330000 101.459999
v -240.729996 5.330000 101.839996
v -240.729996 5.330000 102.029999
v -241.489990 5.330000 101.459999
v -241.489990 5.330000 100.320000
v -244.339996 5.330000 98.799995
v -244.339996 5.330000 98.989998
v -243.580002 5.330000 99.180000
v -243.580002 5.330000 100.129997
v -244.339996 5.330000 100.509995
v -244.339996 5.330000 102.029999
v -244.909988 5.330000 100.129997
v -244.909988 5.330000 99.180000
v -247.000000 5.330000 98.799995
v -247.000000 5.330000 101.839996
f 12177 12178 12179
f 12171 12172 12173 12174
f 12176 12180 12181 12175
f 12187 12188 12189 12190
f 12175 12181 12182 12174
f 12186 12187 12190 12191
f 12185 12186 12191 12168
f 12182 12183 12184
f 12176 12177 12179 12180
f 12184 12185 12170
f 12184 12170 12171 12174 12182
f 12168 12169 12170 12185
f 12192 12193 12194 12195
f 12201 12202 12203 12196
f 12198 12199 12200
f 12196 12200 12201
f 12197 12198 12200 12196
f 12206 12207 12208 12198
f 12203 12202 12204
f 12205 12199 12198 12208 12209
f 12209 12210 12211 12203 12204
f 12204 12205 12209
f 12213 12207 12206 12214
f 12211 12210 12212 12214 12215
f 12212 12213 12214
v -187.720001 5.330000 257.449982
v -187.720001 5.330000 256.880005
v -197.599991 5.430000 256.880005
v -197.599991 5.430000 257.449982
f 12216 12217 12218 12219
v -247.000000 5.430000 138.319992
v -247.000000 5.330000 128.440002
v -254.220001 5.330000 128.440002
v -254.220001 5.430000 130.339996
v -253.459991 5.430000 130.720001
v -253.649994 5.430000 131.860001
v -254.599991 5.430000 132.050003
v -255.169998 5.430000 131.099991
v -256.880005 5.430000 131.099991
v -256.880005 5.430000 138.319992
v -254.789993 5.430000 130.339996
v -256.880005 5.330000 128.440002
f 12222 12223 12224 12221
f 12226 12227 12228 12229
f 12220 12221 12225 12229
f 12221 12224 12225
f 12225 12226 12229
f 12230 12223 12222
f 12228 12227 12230 12222 12231
v -29.639999 5.330000 98.799995
v -29.639999 5.330000 94.430000
v -30.400000 5.330000 94.430000
v -30.590000 5.330000 95.570000
v -39.520000 5.330000 95.570000
v -39.520000 5.330000 98.799995
v -39.520000 5.330000 94.430000
v -39.520000 5.330000 94.619995
v -31.349998 5.330000 94.619995
v -29.639999 5.330000 88.919998
v -39.520000 5.330000 88.919998
v -39.520000 5.330000 93.479996
v -30.590000 5.330000 93.479996
f 12233 12234 12235 12232
f 12235 12236 12237 12232
f 12238 12239 12240
f 12244 12234 12233 12241
f 12242 12243 12244 12241
v -19.760000 5.330000 118.559998
v -19.760000 5.330000 108.680000
v -29.639999 5.330000 108.680000
v -29.639999 5.330000 118.559998
f 12245 12246 12247 12248
v -227.239990 5.330000 98.799995
v -227.239990 5.330000 97.279999
v -228.190002 5.330000 96.900002
v -228.190002 5.330000 95.570000
v -227.809998 5.330000 94.809998
v -227.239990 5.330000 94.809998
v -227.239990 5.330000 93.860001
v -227.239990 5.330000 88.919998
v -237.119995 5.330000 88.919998
v -237.119995 5.330000 98.799995
f 12253 12254 12255
f 12249 12250 12251 12258
f 12253 12255 12256
f 12252 12253 12256 12257 12258
f 12258 12251 12252
v -248.139999 5.430000 165.869995
v -247.000000 5.430000 166.059998
v -247.000000 5.430000 162.069992
v -249.470001 5.430000 162.069992
v -249.659988 5.430000 162.639999
v -250.989990 5.430000 162.449997
v -250.989990 5.430000 161.500000
v -250.229996 5.430000 161.119995
v -250.229996 5.430000 158.080002
v -256.880005 5.430000 158.080002
v -256.880005 5.430000 164.729996
v -253.459991 5.430000 167.959991
v -252.509995 5.430000 167.959991
v -247.000000 5.430000 158.080002
v -249.470001 5.430000 161.500000
f 12261 12262 12263 12259 12260
f 12265 12266 12267
f 12269 12270 12271 12264 12265
f 12265 12267 12268 12269
f 12259 12263 12264 12271
f 12273 12262 12261
f 12266 12273 12261 12272 12267
v -230.470001 5.830000 227.239990
v -230.470001 5.930000 223.059998
v -231.419998 5.830000 222.299988
v -231.419998 6.030000 220.019989
v -233.509995 5.830000 218.119995
v -233.509995 5.930000 217.360001
v -237.119995 5.430000 217.360001
v -237.119995 5.430000 227.239990
f 12278 12279 12280
f 12276 12277 12278
f 12274 12275 12276
f 12276 12278 12280 12281 12274
v -59.279999 5.230000 256.880005
v -59.279999 5.230000 252.319992
v -69.159996 5.230000 252.319992
v -69.159996 5.330000 256.880005
v -59.279999 5.130000 251.369995
v -59.279999 5.130000 247.000000
v -64.409996 5.030000 247.000000
v -64.409996 5.030000 247.189987
v -63.649998 5.130000 247.569992
v -63.649998 5.130000 248.709991
v -64.409996 5.030000 248.899994
v -64.409996 5.130000 251.369995
v -65.169998 5.030000 248.709991
v -65.169998 5.030000 247.569992
v -69.159996 4.930000 247.000000
v -69.159996 5.030000 251.369995
f 12282 12283 12284 12285
f 12288 12289 12290 12287
f 12291 12292 12293
f 12286 12287 12291 12293
f 12287 12290 12291
f 12295 12289 12288 12296
f 12293 12292 12294
f 12294 12296 12297 12293
f 12294 12295 12296
v -187.720001 5.330000 59.279999
v -187.720001 5.330000 56.049999
v -197.220001 5.330000 56.049999
v -196.080002 5.330000 56.430000
v -196.080002 5.330000 59.279999
f 12299 12300 12301
f 12298 12299 12301 12302
v -39.520000 5.130000 237.119995
v -39.520000 5.130000 236.169998
v -42.750000 5.130000 235.979996
v -42.750000 5.130000 229.899994
v -44.270000 5.130000 229.899994
v -44.270000 5.130000 235.789993
v -44.649998 5.130000 236.169998
v -49.399998 5.130000 236.169998
v -49.399998 5.130000 237.119995
v -40.090000 5.130000 235.220001
v -40.090000 5.130000 234.839996
v -40.469997 5.130000 234.839996
v -40.469997 5.130000 235.220001
v -46.739998 5.130000 235.220001
v -46.739998 5.130000 234.839996
v -47.309998 5.130000 234.839996
v -47.309998 5.130000 235.220001
v -48.450001 5.130000 235.220001
v -48.450001 5.130000 234.839996
v -49.209999 5.130000 234.839996
v -49.209999 5.130000 235.220001
v -39.520000 5.130000 233.889999
v -39.520000 5.130000 231.610001
v -40.469997 5.130000 231.610001
v -40.469997 5.130000 233.889999
v -49.399998 5.130000 231.610001
v -49.399998 5.130000 233.889999
v -46.739998 5.130000 233.889999
v -46.739998 5.130000 231.610001
v -49.209999 5.130000 232.179993
v -47.879997 5.130000 231.799988
v -47.500000 5.130000 232.179993
v -47.500000 5.130000 233.319992
v -48.639999 5.130000 233.699997
v -49.209999 5.130000 233.129990
v -41.419998 5.130000 233.129990
v -41.419998 5.130000 232.369995
v -41.799999 5.130000 232.369995
v -41.799999 5.130000 233.129990
v -45.219997 5.130000 233.129990
v -45.219997 5.130000 232.369995
v -45.789997 5.130000 232.369995
v -45.789997 5.130000 233.129990
v -40.090000 5.130000 230.659988
v -40.090000 5.130000 230.279999
v -40.469997 5.130000 230.279999
v -40.469997 5.130000 230.659988
v -46.739998 5.130000 230.659988
v -46.739998 5.130000 230.279999
v -47.309998 5.130000 230.279999
v -47.309998 5.130000 230.659988
v -48.639999 5.130000 230.659988
v -48.639999 5.130000 230.279999
v -49.020000 5.130000 230.279999
v -49.020000 5.130000 230.659988
v -42.559998 5.130000 229.330002
v -39.520000 5.130000 229.330002
v -39.520000 5.130000 227.239990
v -49.399998 5.130000 227.239990
v -49.399998 5.130000 229.330002
v -44.649998 5.130000 229.330002
f 12303 12304 12305 12309 12311
f 12309 12310 12311
f 12308 12309 12305
f 12306 12307 12308 12305
f 12312 12313 12314 12315
f 12316 12317 12318 12319
f 12320 12321 12322 12323
f 12324 12325 12326 12327
f 12328 12332 12333
f 12331 12328 12333
f 12331 12333 12334
f 12337 12332 12328 12329
f 12330 12335 12336
f 12336 12337 12329
f 12330 12331 12334 12335
f 12329 12330 12336
f 12338 12339 12340 12341
f 12342 12343 12344 12345
f 12346 12347 12348 12349
f 12350 12351 12352 12353
f 12354 12355 12356 12357
f 12307 12306 12358 12363
f 12360 12361 12363 12358
f 12358 12359 12360
f 12361 12362 12363
v -247.000000 5.430000 177.839996
v -247.000000 5.430000 173.089996
v -250.229996 5.430000 174.419998
v -249.659988 5.430000 177.839996
v -251.179993 5.430000 177.839996
v -251.179993 5.430000 177.080002
v -251.559998 5.430000 177.080002
v -251.559998 5.430000 177.839996
v -252.509995 5.430000 177.839996
v -252.889999 5.430000 174.989990
v -254.220001 5.430000 171.949997
v -256.880005 5.430000 168.529999
v -256.880005 5.430000 177.839996
v -247.000000 5.530000 170.809998
v -248.139999 5.430000 168.149994
v -252.129990 5.430000 170.050003
v -250.989990 5.430000 172.519989
v -252.509995 5.430000 167.959991
v -253.459991 5.430000 167.959991
v -252.889999 5.430000 168.339996
f 12364 12365 12366 12367
f 12368 12369 12370 12371
f 12376 12372 12373 12374 12375
f 12377 12378 12379 12380
f 12381 12382 12383
v -247.000000 5.430000 148.199997
v -247.000000 5.430000 138.319992
v -256.880005 5.430000 138.319992
v -256.880005 5.430000 139.459991
v -256.880005 5.430000 140.410004
v -256.880005 5.430000 148.199997
v -249.279999 5.430000 148.199997
v -249.089996 5.430000 147.250000
v -248.139999 5.430000 147.250000
v -247.949997 5.430000 148.199997
f 12392 12393 12384 12385
f 12389 12390 12391
f 12388 12389 12391 12385
f 12391 12392 12385
f 12385 12386 12387
f 12385 12387 12388
v -51.489998 5.130000 246.429993
v -51.489998 5.130000 245.860001
v -52.250000 5.130000 246.049988
v -53.009998 5.130000 247.000000
v -52.250000 5.130000 247.000000
v -51.110001 5.130000 247.000000
v -50.919998 5.130000 247.000000
v -56.239998 5.130000 246.429993
v -54.719997 5.130000 246.809998
v -52.250000 5.130000 244.720001
v -50.539997 5.130000 244.720001
v -49.779999 5.130000 245.860001
v -49.399998 5.130000 245.479996
v -49.399998 5.130000 237.119995
v -58.329998 5.130000 237.119995
v -58.709999 5.130000 237.879990
v -59.279999 5.130000 237.879990
v -59.279999 5.130000 243.009995
v -58.329998 5.130000 243.199997
v -58.329998 5.130000 244.149994
v -59.279999 5.130000 244.339996
v -59.279999 5.130000 247.000000
v -56.619999 5.130000 247.000000
f 12399 12400 12394
f 12394 12395 12396 12397 12398
f 12394 12398 12399
f 12404 12405 12406 12407
f 12413 12414 12415 12416 12401
f 12409 12410 12411 12412
f 12408 12409 12412 12403 12404 12407
f 12412 12413 12401 12402 12403
v -59.279999 5.330000 69.159996
v -59.279999 5.430000 63.459999
v -69.159996 5.330000 63.459999
v -69.159996 5.330000 69.159996
f 12417 12418 12419 12420
v -29.639999 5.330000 79.040001
v -29.639999 5.330000 69.159996
v -39.520000 5.330000 69.159996
v -39.520000 5.330000 79.040001
f 12421 12422 12423 12424
v -39.520000 5.330000 69.159996
v -39.520000 5.330000 66.689995
v -49.399998 5.330000 66.689995
v -49.399998 5.330000 69.159996
v -39.520000 5.330000 65.739998
v -39.520000 5.330000 64.029999
v -39.899998 5.330000 63.840000
v -39.899998 5.330000 61.559998
v -40.279999 5.330000 61.369999
v -40.279999 5.530000 60.419998
v -42.180000 5.830000 60.419998
v -41.989998 5.330000 61.180000
v -43.700001 5.730000 61.559998
v -43.889999 5.330000 62.509998
v -46.739998 5.730000 62.509998
v -46.930000 5.530000 63.270000
v -47.689999 6.030000 63.270000
v -47.879997 5.430000 64.409996
v -49.399998 5.730000 64.409996
v -49.399998 5.330000 65.739998
f 12425 12426 12427 12428
f 12440 12441 12442
f 12434 12435 12436 12433
f 12438 12439 12440
f 12429 12430 12431 12438 12442 12444
f 12442 12443 12444
f 12432 12433 12436 12437 12438 12431
f 12438 12440 12442
v -237.119995 5.330000 88.919998
v -237.119995 5.330000 79.040001
v -240.159988 5.430000 79.040001
v -240.349991 5.330000 82.839996
v -246.619995 5.430000 82.839996
v -246.809998 5.430000 79.040001
v -247.000000 5.430000 79.040001
v -247.000000 5.330000 88.919998
v -242.059998 5.430000 81.129997
v -242.059998 5.530000 79.040001
v -245.479996 5.930000 79.040001
v -245.479996 5.930000 79.799995
v -244.909988 5.530000 80.180000
v -244.720001 5.430000 81.129997
f 12449 12450 12451 12452
f 12446 12447 12448 12445
f 12448 12449 12452 12445
f 12455 12456 12457 12453 12454
f 12457 12458 12453
v -256.880005 5.430000 187.720001
v -256.880005 5.430000 177.839996
v -266.759979 5.430000 177.839996
v -266.759979 5.430000 187.720001
f 12459 12460 12461 12462
v -217.360001 5.830000 250.989990
v -217.360001 5.330000 247.000000
v -221.539993 6.130000 247.000000
v -221.539993 6.130000 247.949997
v -220.779999 5.830000 248.709991
v -219.830002 5.230000 248.709991
v -219.639999 5.330000 249.659988
v -218.879990 5.130000 249.659988
f 12468 12469 12470
f 12465 12466 12467 12468 12464
f 12464 12468 12470 12463
v -207.479996 5.330000 59.279999
v -207.479996 5.330000 57.189999
v -217.360001 5.330000 57.189999
v -217.360001 5.330000 59.279999
v -207.479996 5.330000 56.049999
v -217.360001 5.330000 56.049999
v -217.360001 5.330000 56.239998
v -207.479996 5.330000 56.239998
f 12471 12472 12473 12474
f 12475 12476 12477 12478
v -19.760000 5.130000 227.239990
v -19.760000 5.130000 217.360001
v -23.180000 5.130000 217.360001
v -23.180000 5.130000 224.580002
v -29.639999 5.130000 224.769989
v -29.639999 5.130000 227.239990
v -25.459999 5.130000 222.489990
v -25.459999 5.130000 220.399994
v -26.980000 5.130000 220.399994
v -26.980000 5.130000 219.449997
v -26.599998 5.130000 219.069992
v -25.459999 5.130000 219.259995
v -25.459999 5.130000 218.309998
v -27.740000 5.130000 218.309998
v -27.740000 5.130000 222.489990
v -28.689999 5.130000 220.779999
v -28.689999 5.130000 220.209991
v -29.260000 5.130000 220.209991
v -29.260000 5.130000 220.779999
v -28.689999 5.130000 219.069992
v -28.689999 5.130000 218.309998
v -29.260000 5.130000 218.309998
v -29.260000 5.130000 219.069992
f 12482 12483 12484 12479
f 12480 12481 12482 12479
f 12489 12490 12491 12492
f 12485 12486 12487 12493
f 12488 12489 12492
f 12487 12488 12492 12493
f 12494 12495 12496 12497
f 12498 12499 12500 12501
v -247.379990 5.330000 108.680000
v -247.000000 5.330000 106.970001
v -247.000000 5.330000 105.070000
v -248.139999 5.330000 105.259995
v -248.139999 5.330000 108.680000
v -250.610001 5.330000 108.680000
v -250.610001 5.330000 101.839996
v -247.000000 5.330000 101.839996
v -247.000000 5.330000 98.799995
v -256.880005 5.430000 98.799995
v -256.880005 5.430000 108.680000
v -249.089996 5.330000 103.360001
v -249.089996 5.330000 102.599998
v -249.659988 5.330000 102.599998
v -249.659988 5.330000 103.360001
f 12503 12504 12505 12506 12502
f 12508 12509 12510 12511
f 12508 12511 12512 12507
f 12513 12514 12515 12516
v -9.880000 5.330000 118.559998
v -9.880000 5.330000 112.860001
v -13.299999 5.330000 112.860001
v -13.299999 5.330000 115.899994
v -14.059999 5.330000 116.089996
v -14.059999 5.330000 118.559998
v -16.529999 5.330000 118.559998
v -16.529999 5.330000 116.089996
v -16.910000 5.330000 115.899994
v -16.529999 5.330000 108.680000
v -19.760000 5.330000 108.680000
v -19.760000 5.330000 118.559998
v -9.880000 5.330000 108.869995
v -9.880000 5.330000 108.680000
v -14.059999 5.330000 108.680000
v -14.059999 5.330000 112.479996
v -13.490000 5.330000 112.479996
f 12520 12521 12522 12517
f 12518 12519 12520 12517
f 12523 12524 12525 12528
f 12525 12526 12527 12528
f 12533 12519 12518 12529 12531
f 12531 12532 12533
f 12529 12530 12531
v -256.880005 5.430000 177.839996
v -256.880005 5.430000 168.529999
v -257.639984 5.430000 167.959991
v -266.759979 5.430000 167.959991
v -266.759979 5.430000 177.839996
f 12535 12536 12537 12538 12534
v -19.760000 5.330000 98.799995
v -19.760000 5.330000 88.919998
v -29.639999 5.330000 88.919998
v -29.639999 5.330000 98.799995
f 12539 12540 12541 12542
v -217.360001 5.330000 69.159996
v -217.360001 5.330000 63.459999
v -226.479996 5.330000 63.459999
v -226.860001 5.330000 65.169998
v -221.919998 5.330000 67.830002
v -221.539993 5.330000 68.209999
v -221.729996 5.330000 69.159996
v -227.239990 5.430000 67.260002
v -227.239990 5.430000 69.159996
v -224.009995 5.430000 69.159996
v -217.360001 5.330000 62.509998
v -217.360001 5.330000 59.279999
v -226.099991 5.330000 59.279999
v -226.289993 5.330000 62.509998
f 12548 12549 12543
f 12547 12548 12543
f 12544 12545 12546 12547 12543
f 12550 12551 12552
f 12553 12554 12555 12556
v -256.880005 5.430000 148.199997
v -256.880005 5.430000 140.410004
v -258.019989 5.430000 140.599991
v -258.209991 5.430000 140.029999
v -261.059998 5.430000 141.169998
v -261.250000 5.430000 142.119995
v -261.059998 5.430000 148.199997
v -262.389984 5.430000 142.309998
v -262.769989 5.430000 141.929993
v -262.769989 5.430000 140.979996
v -266.759979 5.430000 140.979996
v -266.759979 5.430000 148.199997
v -258.019989 5.430000 139.270004
v -256.880005 5.430000 139.459991
v -256.880005 5.430000 138.319992
v -266.759979 5.430000 138.319992
v -262.579987 5.430000 140.599991
v -261.440002 5.430000 140.599991
f 12559 12560 12561
f 12559 12561 12562 12563 12557 12558
f 12565 12566 12567
f 12564 12565 12567 12568 12563
f 12563 12562 12564
f 12569 12570 12571
f 12574 12561 12560
f 12574 12560 12569 12573
f 12567 12566 12573
f 12572 12567 12573 12569 12571
v -260.109985 5.430000 166.059998
v -262.769989 5.430000 164.919998
v -266.759979 5.430000 164.539993
v -266.759979 5.430000 167.959991
v -257.639984 5.430000 167.959991
v -256.880005 5.430000 164.729996
v -256.880005 5.430000 158.080002
v -259.350006 5.430000 158.080002
v -258.970001 5.430000 159.220001
v -259.350006 5.430000 159.599991
v -260.489990 5.430000 159.599991
v -260.679993 5.430000 158.459991
v -260.299988 5.430000 158.080002
v -262.199982 5.430000 158.080002
v -262.579987 5.430000 162.259995
v -259.350006 5.430000 163.209991
v -264.479980 5.430000 161.879990
v -264.100006 5.530000 158.080002
v -266.759979 5.430000 158.080002
v -266.759979 5.430000 161.690002
f 12576 12577 12578 12579 12575
f 12586 12587 12588
f 12585 12586 12588 12589
f 12581 12582 12583
f 12581 12583 12584 12590 12580
f 12585 12589 12590 12584
f 12591 12592 12593 12594
v -256.880005 5.430000 158.080002
v -256.880005 5.430000 148.199997
v -266.759979 5.430000 148.199997
v -266.759979 5.430000 155.419998
v -262.389984 5.430000 155.800003
v -262.199982 5.430000 158.080002
v -260.299988 5.430000 158.080002
v -259.350006 5.430000 158.080002
v -264.100006 5.530000 158.080002
v -264.100006 5.530000 157.319992
v -266.759979 5.430000 157.319992
v -266.759979 5.430000 158.080002
f 12599 12600 12601
f 12599 12601 12602
f 12599 12602 12595 12596 12597
f 12597 12598 12599
f 12603 12604 12605 12606
v -59.279999 5.230000 257.449982
v -59.279999 5.230000 256.880005
v -69.159996 5.330000 256.880005
v -69.159996 5.330000 257.449982
f 12607 12608 12609 12610
v -9.880000 5.030000 128.440002
v -9.880000 5.330000 122.930000
v -13.299999 5.230000 122.930000
v -13.299999 5.030000 125.969994
v -14.059999 5.030000 126.159996
v -14.059999 5.030000 128.440002
v -16.529999 5.330000 128.440002
v -16.529999 5.330000 126.159996
v -16.910000 5.330000 125.969994
v -16.529999 5.330000 118.559998
v -19.760000 5.330000 118.559998
v -19.760000 5.330000 128.440002
v -9.880000 5.330000 118.559998
v -14.059999 5.330000 118.559998
v -14.059999 5.230000 122.549995
v -13.490000 5.230000 122.549995
f 12614 12615 12616 12611
f 12612 12613 12614 12611
f 12617 12618 12619 12622
f 12619 12620 12621 12622
f 12626 12613 12612 12623 12624
f 12624 12625 12626
v -19.760000 5.330000 108.680000
v -19.760000 5.330000 98.799995
v -29.639999 5.330000 98.799995
v -29.639999 5.330000 108.680000
f 12627 12628 12629 12630
v -236.169998 5.930000 236.549988
v -237.119995 5.530000 234.649994
v -237.119995 5.830000 236.549988
v -234.459991 5.930000 235.599991
v -234.080002 5.830000 234.459991
v -233.509995 5.930000 234.459991
v -233.129990 5.830000 233.509995
v -232.559998 5.930000 233.509995
v -232.179993 5.830000 232.559998
v -231.610001 5.930000 232.559998
v -231.419998 5.830000 231.229996
v -233.699997 5.530000 230.849991
v -234.649994 5.430000 231.039993
v -235.029999 5.430000 230.089996
v -237.119995 5.430000 230.089996
v -237.119995 5.430000 231.799988
v -235.409988 5.830000 235.599991
v -235.029999 5.930000 235.789993
v -231.039993 5.930000 230.470001
v -230.470001 6.030000 230.470001
v -230.470001 5.830000 227.239990
v -237.119995 5.430000 227.239990
v -234.839996 5.430000 229.330002
v -233.699997 5.430000 229.330002
f 12631 12632 12633
f 12647 12648 12634 12635
f 12635 12636 12637
f 12637 12638 12639
f 12639 12640 12641
f 12637 12642 12643 12646 12647 12635
f 12639 12641 12642 12637
f 12643 12644 12645 12646
f 12645 12644 12653 12652
f 12642 12641 12649 12654
f 12652 12653 12654 12651
f 12649 12650 12651 12654
v -237.119995 5.430000 227.239990
v -237.119995 5.430000 217.360001
v -239.399994 5.430000 217.360001
v -239.399994 5.430000 218.690002
v -240.729996 5.430000 218.500000
v -240.539993 5.430000 217.360001
v -244.149994 5.430000 217.360001
v -239.399994 5.430000 227.239990
v -240.729996 5.430000 227.239990
v -245.479996 5.430000 217.360001
v -247.000000 5.430000 217.360001
v -247.000000 5.430000 225.720001
v -246.239990 5.430000 227.239990
f 12656 12657 12658
f 12659 12660 12661
f 12659 12661 12662
f 12658 12659 12662
f 12655 12656 12658 12662
f 12666 12667 12663 12664 12665
v -247.000000 5.430000 197.599991
v -247.000000 5.430000 191.709991
v -249.089996 5.430000 194.559998
v -250.229996 5.430000 194.369995
v -254.409988 5.430000 191.330002
v -254.979996 5.430000 191.330002
v -255.929993 5.430000 192.470001
v -256.309998 5.430000 192.470001
v -253.839996 5.430000 197.599991
v -255.169998 5.430000 197.599991
v -256.880005 5.430000 194.179993
v -256.880005 5.430000 197.599991
v -248.139999 5.430000 189.809998
v -251.559998 5.430000 187.720001
v -251.939987 5.430000 187.720001
v -253.080002 5.430000 189.050003
v -253.269989 5.430000 189.809998
v -249.659988 5.530000 192.089996
v -255.549988 5.430000 187.720001
v -256.880005 5.430000 187.720001
v -256.880005 5.430000 189.050003
v -247.000000 5.430000 188.099991
v -247.000000 5.430000 187.720001
v -247.569992 5.430000 187.720001
f 12672 12673 12674 12676 12668 12671
f 12668 12669 12670
f 12668 12670 12671
f 12674 12675 12676
f 12677 12678 12679
f 12681 12682 12683 12684 12685 12680
f 12686 12687 12688
f 12689 12690 12691
v -50.160000 5.230000 256.880005
v -50.160000 5.230000 252.319992
v -59.279999 5.230000 252.319992
v -59.279999 5.230000 256.880005
v -50.160000 5.130000 251.369995
v -50.160000 5.830000 249.659988
v -50.919998 5.830000 249.470001
v -51.680000 5.530000 249.849991
v -52.439999 5.430000 250.989990
v -53.199997 5.230000 251.179993
v -55.669998 5.130000 250.229996
v -56.049999 5.130000 248.139999
v -56.619999 5.130000 247.949997
v -56.619999 5.130000 247.000000
v -59.279999 5.130000 247.000000
v -59.279999 5.130000 251.369995
v -53.770000 5.130000 251.369995
v -53.770000 5.130000 249.659988
v -53.770000 5.130000 248.709991
v -52.250000 5.130000 247.000000
v -53.009998 5.130000 247.000000
v -54.910000 5.130000 248.519989
v -54.910000 5.130000 249.089996
v -54.149998 5.130000 249.849991
v -51.680000 5.730000 248.330002
v -51.869999 5.730000 247.949997
v -52.820000 5.730000 249.089996
v -52.629997 5.730000 249.470001
v -49.399998 5.130000 248.330002
v -49.399998 5.130000 247.759995
v -49.779999 5.130000 248.330002
f 12692 12693 12694 12695
f 12697 12698 12699 12700 12696
f 12696 12700 12701
f 12702 12703 12704
f 12704 12705 12706
f 12707 12708 12702
f 12704 12706 12707 12702
f 12714 12715 12709 12710 12713
f 12710 12711 12712 12713
f 12716 12717 12718 12719
f 12720 12721 12722
v -29.639999 5.330000 88.919998
v -29.639999 5.330000 87.400002
v -32.489998 5.330000 87.400002
v -32.680000 5.330000 86.830002
v -39.520000 5.330000 86.830002
v -39.520000 5.330000 88.919998
v -30.019999 5.330000 86.449997
v -30.019999 5.330000 85.689995
v -30.590000 5.330000 85.689995
v -30.590000 5.330000 86.449997
v -29.639999 5.330000 83.409996
v -29.639999 5.330000 79.040001
v -33.250000 5.330000 79.040001
v -33.439999 5.330000 82.839996
v -33.439999 5.330000 83.409996
v -37.239998 5.330000 83.409996
v -37.049999 5.330000 82.650002
v -39.520000 5.330000 79.040001
v -39.520000 5.230000 83.409996
f 12723 12724 12725
f 12725 12726 12727
f 12725 12727 12728 12723
f 12729 12730 12731 12732
f 12736 12737 12733 12734 12735
f 12741 12738 12739 12740
f 12739 12736 12735 12740
v -227.239990 5.330000 88.919998
v -227.239990 5.330000 79.040001
v -237.119995 5.330000 79.040001
v -237.119995 5.330000 88.919998
f 12742 12743 12744 12745
v -247.000000 5.330000 118.559998
v -247.000000 5.330000 115.899994
v -250.610001 5.330000 115.899994
v -250.610001 5.330000 108.680000
v -256.880005 5.430000 108.680000
v -256.880005 5.330000 118.559998
v -249.089996 5.330000 115.139999
v -249.089996 5.330000 114.379997
v -249.659988 5.330000 114.570000
v -249.659988 5.330000 115.139999
v -247.000000 5.330000 112.669998
v -247.000000 5.330000 110.769997
v -247.379990 5.330000 108.680000
v -248.139999 5.330000 108.680000
v -248.139999 5.330000 112.479996
f 12746 12747 12748 12751
f 12748 12749 12750 12751
f 12752 12753 12754 12755
f 12760 12756 12757 12758 12759
v -9.880000 5.130000 197.599991
v -9.880000 5.130000 187.720001
v -10.260000 5.130000 187.720001
v -10.450000 5.130000 189.239990
v -16.910000 5.130000 189.239990
v -17.289999 5.130000 187.720001
v -19.760000 5.130000 187.720001
v -19.760000 5.130000 197.599991
v -17.289999 5.130000 197.599991
v -17.289999 5.130000 192.849991
v -16.719999 5.130000 191.330002
v -10.639999 5.130000 191.330002
v -10.260000 5.130000 191.709991
v -10.260000 5.130000 197.599991
v -12.540000 5.130000 193.800003
v -14.820000 5.130000 193.800003
v -14.820000 5.130000 197.599991
v -12.540000 5.130000 197.599991
v -12.920000 5.130000 194.750000
v -12.730000 5.130000 196.080002
v -14.059999 5.130000 196.269989
v -14.250000 5.130000 194.940002
v -11.210000 5.130000 196.269989
v -11.210000 5.130000 195.509995
v -11.590000 5.130000 195.509995
v -11.590000 5.130000 196.269989
v -15.770000 5.130000 196.080002
v -15.770000 5.130000 195.509995
v -16.340000 5.130000 195.509995
v -16.340000 5.130000 196.080002
v -11.210000 5.130000 194.369995
v -11.210000 5.130000 193.800003
v -11.590000 5.130000 193.800003
v -11.590000 5.130000 194.369995
v -15.770000 5.130000 194.369995
v -15.770000 5.130000 193.800003
v -16.340000 5.130000 193.800003
v -16.340000 5.130000 194.369995
v -13.299999 5.130000 192.849991
v -13.299999 5.130000 192.279999
v -14.059999 5.130000 192.279999
v -14.059999 5.130000 192.849991
v -13.299999 5.130000 188.289993
v -13.299999 5.130000 187.720001
v -14.059999 5.130000 187.720001
v -14.059999 5.130000 188.289993
f 12762 12763 12764 12772 12773
f 12765 12766 12767 12768 12770 12771
f 12768 12769 12770
f 12764 12765 12771 12772
f 12773 12774 12761 12762
f 12782 12779 12775 12776
f 12776 12777 12781 12782
f 12775 12779 12780
f 12778 12775 12780
f 12778 12780 12781 12777
f 12783 12784 12785 12786
f 12787 12788 12789 12790
f 12791 12792 12793 12794
f 12795 12796 12797 12798
f 12799 12800 12801 12802
f 12803 12804 12805 12806
v -40.090000 5.130000 246.809998
v -40.660000 5.130000 245.860001
v -41.230000 5.130000 246.049988
v -41.419998 5.130000 247.000000
v -40.849998 5.130000 247.000000
v -45.980000 5.930000 246.809998
v -46.739998 6.130000 246.049988
v -46.360001 6.030000 247.000000
v -47.689999 5.130000 246.619995
v -48.259998 5.130000 247.000000
v -47.879997 5.130000 247.000000
v -43.700001 5.930000 246.809998
v -43.700001 5.830000 246.429993
v -44.270000 5.830000 246.239990
v -44.079998 6.030000 246.809998
v -45.029999 5.130000 245.479996
v -44.840000 5.130000 244.339996
v -44.079998 5.530000 244.529999
v -44.079998 5.730000 245.099991
v -43.509998 5.730000 245.099991
v -43.320000 5.730000 244.720001
v -42.750000 5.730000 244.720001
v -43.320000 5.630000 244.339996
v -43.129997 5.130000 243.580002
v -41.989998 5.130000 243.769989
v -41.610001 5.130000 244.529999
v -40.660000 5.130000 244.529999
v -39.520000 5.130000 245.289993
v -39.520000 5.130000 244.339996
v -40.849998 5.130000 244.149994
v -40.660000 5.130000 243.009995
v -39.520000 5.130000 243.009995
v -39.520000 5.130000 237.119995
v -49.399998 5.130000 237.119995
v -49.399998 5.130000 245.479996
v -48.639999 5.130000 244.909988
v -47.309998 5.130000 244.720001
v -47.119999 5.130000 244.339996
v -46.169998 5.130000 244.339996
v -45.599998 5.130000 245.669998
f 12809 12810 12811 12807 12808
f 12812 12813 12814
f 12815 12816 12817
f 12819 12820 12821 12818
f 12827 12828 12829
f 12826 12827 12829 12824 12825
f 12830 12831 12837
f 12845 12823 12830
f 12833 12834 12835 12836
f 12844 12845 12830
f 12832 12833 12836
f 12831 12832 12836 12837
f 12824 12829 12830 12823
f 12837 12838 12839
f 12846 12822 12823 12845
f 12840 12841 12842
f 12842 12843 12844 12840
f 12844 12830 12837 12839 12840
v -29.639999 5.130000 237.119995
v -29.639999 5.130000 236.739990
v -30.019999 5.130000 236.549988
v -30.209999 5.130000 235.409988
v -30.209999 5.130000 229.330002
v -30.019999 5.130000 228.000000
v -29.639999 5.130000 227.809998
v -29.639999 5.130000 227.239990
v -39.520000 5.130000 227.239990
v -39.520000 5.130000 229.330002
v -34.009998 5.130000 229.519989
v -34.009998 5.130000 235.979996
v -39.520000 5.130000 236.169998
v -39.520000 5.130000 237.119995
v -39.139999 5.130000 237.119995
v -38.950001 5.130000 236.360001
v -36.480000 5.130000 236.360001
v -36.290001 5.130000 237.119995
v -39.520000 5.130000 231.610001
v -39.520000 5.130000 233.889999
v -36.290001 5.130000 233.889999
v -36.290001 5.130000 231.610001
v -38.950001 5.130000 232.179993
v -38.570000 5.130000 231.799988
v -37.619999 5.130000 231.799988
v -37.239998 5.130000 232.179993
v -37.239998 5.130000 233.129990
v -37.809998 5.130000 233.509995
v -38.759998 5.130000 233.319992
f 12847 12848 12849 12858 12863 12864
f 12852 12853 12854 12855 12856 12857
f 12860 12861 12862 12859
f 12858 12849 12850
f 12859 12862 12863 12858
f 12850 12851 12857 12858
f 12851 12852 12857
f 12865 12869 12870
f 12869 12865 12866 12875
f 12865 12870 12871 12868
f 12874 12875 12866 12867
f 12871 12872 12868
f 12873 12874 12867
f 12873 12867 12868 12872
v -19.760000 5.130000 217.360001
v -19.760000 5.130000 207.479996
v -23.180000 5.130000 207.479996
v -23.180000 5.130000 212.039993
v -24.699999 5.130000 212.229996
v -24.889999 5.130000 215.839996
v -23.559999 5.130000 215.839996
v -23.180000 5.130000 216.220001
v -23.180000 5.130000 217.360001
v -26.410000 5.130000 217.360001
v -26.410000 5.130000 216.789993
v -26.980000 5.130000 216.789993
v -26.980000 5.130000 217.360001
v -29.639999 5.130000 212.229996
v -29.639999 5.130000 215.839996
v -25.459999 5.130000 209.949997
v -25.459999 5.130000 207.479996
v -26.980000 5.130000 207.479996
v -26.599998 5.130000 207.860001
v -26.599998 5.130000 209.000000
v -27.740000 5.130000 209.190002
v -27.740000 5.130000 209.949997
f 12883 12884 12876
f 12880 12881 12882 12879
f 12877 12878 12879
f 12882 12883 12876 12877 12879
f 12885 12886 12887 12888
f 12881 12880 12889 12890
f 12892 12893 12894
f 12895 12896 12897 12891
f 12892 12894 12895 12891
v -49.399998 5.330000 69.159996
v -49.399998 5.330000 66.689995
v -50.919998 5.330000 66.500000
v -50.919998 5.430000 64.220001
v -51.869999 5.430000 64.029999
v -52.059998 5.330000 64.409996
v -53.579998 5.430000 64.409996
v -53.770000 5.330000 69.159996
v -55.289997 5.330000 64.220001
v -55.860001 5.430000 63.459999
v -59.279999 5.430000 63.459999
v -59.279999 5.330000 69.159996
v -49.399998 5.330000 65.739998
v -49.399998 5.730000 64.409996
v -49.969997 5.730000 64.409996
v -49.969997 5.330000 65.739998
f 12901 12902 12903 12900
f 12900 12904 12905 12898
f 12898 12899 12900
f 12900 12903 12904
f 12906 12907 12908 12909 12905
f 12905 12904 12906
f 12910 12911 12912 12913
v -217.360001 5.330000 79.040001
v -217.360001 5.330000 76.189995
v -218.119995 5.330000 76.189995
v -218.309998 5.330000 76.949997
v -219.069992 5.330000 76.949997
v -219.449997 5.330000 76.189995
v -221.159988 5.330000 76.379997
v -221.539993 5.330000 77.330002
v -222.489990 5.330000 77.330002
v -222.679993 5.330000 76.000000
v -222.299988 5.330000 75.809998
v -224.199997 5.330000 73.529999
v -225.339996 5.330000 73.909996
v -227.239990 5.330000 72.769997
v -227.239990 5.330000 79.040001
v -217.360001 5.330000 69.159996
v -221.729996 5.330000 69.159996
v -221.539993 5.330000 75.809998
v -219.069992 5.330000 75.619995
v -218.309998 5.330000 75.619995
v -217.929993 5.330000 71.059998
v -217.739990 5.330000 72.389999
v -218.879990 5.330000 72.769997
v -219.259995 5.330000 72.389999
v -219.259995 5.330000 71.439995
v -218.879990 5.330000 71.059998
v -225.149994 5.430000 71.439995
v -224.009995 5.430000 69.159996
v -227.239990 5.430000 69.159996
v -227.239990 5.430000 70.299995
f 12915 12916 12917 12914
f 12918 12919 12920 12921
f 12914 12921 12922 12928
f 12922 12923 12926 12927 12928
f 12914 12917 12918 12921
f 12923 12924 12925 12926
f 12933 12916 12915 12935 12936
f 12931 12920 12919 12932
f 12939 12934 12929
f 12937 12938 12930
f 12938 12939 12929 12930
f 12924 12931 12932 12937 12930 12925
f 12929 12934 12935
f 12936 12937 12932 12933
f 12915 12929 12935
f 12940 12941 12942 12943
v -9.880000 5.130000 187.720001
v -9.880000 5.130000 182.779999
v -9.880000 5.130000 177.839996
v -10.260000 5.130000 177.839996
v -10.450000 5.130000 178.409988
v -16.910000 5.130000 178.409988
v -17.100000 5.130000 177.839996
v -19.760000 5.130000 177.839996
v -19.760000 5.130000 187.720001
v -17.289999 5.130000 187.720001
v -17.100000 5.130000 180.500000
v -10.639999 5.130000 180.309998
v -10.260000 5.130000 180.690002
v -10.260000 5.130000 187.720001
v -11.210000 5.130000 186.769989
v -11.210000 5.130000 186.389999
v -11.590000 5.130000 186.389999
v -11.590000 5.130000 186.769989
v -12.540000 5.130000 186.769989
v -12.540000 5.130000 185.059998
v -14.059999 5.130000 185.059998
v -14.059999 5.130000 183.729996
v -12.540000 5.130000 183.729996
v -12.540000 5.130000 182.779999
v -14.820000 5.130000 182.779999
v -14.820000 5.130000 186.769989
v -15.770000 5.130000 186.769989
v -15.770000 5.130000 186.389999
v -16.340000 5.130000 186.389999
v -16.340000 5.130000 186.769989
v -11.210000 5.130000 185.250000
v -11.210000 5.130000 184.489990
v -11.590000 5.130000 184.489990
v -11.590000 5.130000 185.250000
v -15.770000 5.130000 185.059998
v -15.770000 5.130000 184.489990
v -16.340000 5.130000 184.489990
v -16.340000 5.130000 185.059998
v -11.210000 5.130000 183.349991
v -11.210000 5.130000 182.779999
v -11.590000 5.130000 182.779999
v -11.590000 5.130000 183.349991
v -15.770000 5.130000 183.349991
v -15.770000 5.130000 182.779999
v -16.340000 5.130000 182.779999
v -16.340000 5.130000 183.349991
v -13.299999 5.130000 181.830002
v -13.299999 5.130000 181.259995
v -14.059999 5.130000 181.259995
v -14.059999 5.130000 181.830002
f 12946 12947 12948 12956 12945
f 12949 12950 12951 12954
f 12955 12956 12948
f 12957 12944 12945 12956
f 12955 12948 12949 12954
f 12952 12953 12954 12951
f 12958 12959 12960 12961
f 12965 12966 12967 12968
f 12964 12965 12968 12969
f 12962 12963 12964 12969
f 12970 12971 12972 12973
f 12974 12975 12976 12977
f 12978 12979 12980 12981
f 12982 12983 12984 12985
f 12986 12987 12988 12989
f 12990 12991 12992 12993
v -247.000000 5.430000 207.479996
v -247.000000 5.430000 203.300003
v -247.379990 5.430000 203.110001
v -247.000000 5.430000 201.970001
v -247.000000 5.430000 197.599991
v -253.839996 5.430000 197.599991
v -249.089996 5.430000 207.479996
v -250.419998 5.430000 207.479996
v -255.169998 5.430000 197.599991
v -256.880005 5.430000 197.599991
v -256.880005 5.430000 205.389999
v -255.929993 5.430000 207.479996
f 12994 12995 12996 13000
f 12996 12997 12998 12999 13000
f 13004 13005 13001 13002 13003
v -266.759979 5.430000 177.839996
v -266.759979 5.430000 167.959991
v -276.259979 5.430000 167.959991
v -276.639984 5.430000 168.339996
v -276.639984 5.430000 177.269989
v -276.070007 5.430000 176.129990
v -274.929993 5.430000 176.319992
v -274.929993 5.430000 177.839996
f 13009 13010 13011
f 13009 13011 13012
f 13012 13013 13006
f 13008 13009 13012 13006 13007
v -9.880000 5.130000 227.239990
v -9.880000 5.130000 219.830002
v -9.880000 5.130000 217.360001
v -10.260000 5.130000 217.360001
v -10.260000 5.130000 224.580002
v -15.770000 5.130000 224.769989
v -15.960000 5.130000 227.239990
v -17.100000 5.130000 224.580002
v -17.289999 5.130000 217.360001
v -19.760000 5.130000 217.360001
v -19.760000 5.130000 227.239990
v -12.540000 5.130000 222.489990
v -12.540000 5.130000 220.209991
v -12.730000 5.130000 220.209991
v -13.110000 5.130000 220.970001
v -13.870000 5.130000 220.970001
v -14.820000 5.130000 221.349991
v -14.820000 5.130000 222.489990
v -14.250000 5.130000 220.779999
v -14.059999 5.130000 219.639999
v -12.920000 5.130000 219.639999
v -12.540000 5.130000 218.309998
v -14.820000 5.130000 218.309998
v -15.770000 5.130000 220.779999
v -15.770000 5.130000 220.209991
v -16.340000 5.130000 220.209991
v -16.340000 5.130000 220.779999
v -15.770000 5.130000 219.069992
v -15.770000 5.130000 218.309998
v -16.340000 5.130000 218.309998
v -16.340000 5.130000 219.069992
f 13015 13016 13017
f 13015 13017 13018 13014
f 13018 13019 13020 13014
f 13020 13019 13021 13024
f 13021 13022 13023 13024
f 13026 13027 13028 13025
f 13028 13029 13030 13031 13025
f 13034 13027 13026 13035
f 13030 13029 13032
f 13033 13034 13035 13036
f 13030 13032 13033 13036
f 13037 13038 13039 13040
f 13041 13042 13043 13044
v -266.759979 5.430000 158.080002
v -266.759979 5.430000 157.319992
v -266.949982 5.430000 157.129990
v -266.949982 5.430000 158.080002
v -268.850006 5.430000 155.610001
v -266.759979 5.430000 155.419998
v -266.759979 5.430000 148.199997
v -276.639984 5.430000 148.199997
v -276.639984 5.430000 152.949997
v -273.790009 5.430000 158.080002
v -269.040009 5.430000 158.080002
v -276.639984 5.430000 155.610001
v -276.639984 5.430000 158.080002
v -275.119995 5.430000 158.080002
f 13046 13047 13048 13045
f 13054 13055 13049
f 13049 13050 13051
f 13053 13054 13049 13051 13052
f 13056 13057 13058
v -246.429993 6.030000 240.539993
v -246.429993 5.930000 238.830002
v -245.479996 6.030000 238.449997
v -245.479996 6.030000 237.879990
v -244.529999 6.030000 237.500000
v -244.529999 5.930000 237.119995
v -247.000000 5.630000 237.119995
v -247.000000 5.930000 240.729996
v -237.500000 6.030000 237.500000
v -237.500000 6.030000 237.119995
v -241.489990 5.830000 237.119995
v -241.299988 5.930000 237.500000
v -242.629990 5.930000 237.500000
v -242.819992 5.930000 237.119995
v -243.199997 5.930000 237.119995
f 13062 13063 13064 13065
f 13060 13061 13062 13065
f 13060 13065 13066 13059
f 13068 13069 13070 13067
f 13071 13072 13073
v -9.880000 5.330000 98.799995
v -9.880000 5.330000 95.949997
v -9.880000 5.330000 93.099998
v -13.299999 5.330000 93.099998
v -13.299999 5.330000 96.139999
v -14.059999 5.330000 96.329994
v -14.059999 5.330000 98.799995
v -16.529999 5.330000 98.799995
v -16.529999 5.330000 96.329994
v -16.910000 5.330000 96.139999
v -16.529999 5.330000 88.919998
v -19.760000 5.330000 88.919998
v -19.760000 5.330000 98.799995
v -9.880000 5.330000 88.919998
v -14.059999 5.330000 88.919998
v -14.059999 5.330000 92.720001
v -13.490000 5.330000 92.720001
f 13078 13079 13080 13074 13075
f 13075 13076 13077 13078
f 13081 13082 13083 13086
f 13083 13084 13085 13086
f 13090 13077 13076 13087 13088
f 13088 13089 13090
v -237.119995 5.330000 79.040001
v -237.119995 5.330000 75.619995
v -240.159988 5.430000 76.379997
v -240.159988 5.430000 79.040001
v -242.250000 5.530000 78.279999
v -241.869995 5.530000 78.089996
v -241.869995 5.530000 76.949997
v -242.439987 5.530000 76.379997
v -244.339996 5.630000 76.189995
v -245.479996 5.930000 76.189995
v -245.479996 5.930000 79.040001
v -242.059998 5.530000 79.040001
v -246.809998 5.430000 79.040001
v -247.000000 5.430000 76.379997
v -247.000000 5.430000 79.040001
v -244.529999 5.930000 75.239998
v -244.529999 5.630000 74.860001
v -245.479996 5.530000 74.860001
v -245.289993 5.930000 75.239998
v -237.119995 5.330000 72.389999
v -237.119995 5.330000 69.159996
v -247.000000 5.630000 69.159996
v -247.000000 5.530000 73.339996
v -245.289993 5.630000 73.909996
v -240.919998 5.430000 73.909996
f 13091 13092 13093 13094
f 13095 13096 13097 13098 13099
f 13099 13100 13101 13102 13095
f 13103 13104 13105
f 13107 13108 13109 13106
f 13112 13113 13114 13115 13110 13111
v -0.950000 5.230000 197.599991
v -0.950000 5.230000 187.720001
v -6.080000 5.230000 187.720001
v -6.080000 5.230000 197.599991
v -7.030000 5.130000 197.599991
v -7.030000 5.130000 187.720001
v -9.880000 5.130000 187.720001
v -9.880000 5.130000 197.599991
f 13116 13117 13118 13119
f 13120 13121 13122 13123
v -217.360001 5.330000 59.279999
v -217.360001 5.330000 57.189999
v -226.099991 5.330000 57.189999
v -226.099991 5.330000 59.279999
v -217.360001 5.330000 56.049999
v -226.289993 5.330000 56.239998
v -217.360001 5.330000 56.239998
f 13124 13125 13126 13127
f 13128 13129 13130
v -257.259979 5.430000 207.479996
v -262.009979 5.430000 197.599991
v -264.859985 5.430000 197.599991
v -265.239990 5.430000 202.349991
v -266.759979 5.330000 202.539993
v -266.759979 4.930000 205.580002
v -266.000000 4.930000 206.529999
v -264.859985 5.030000 206.529999
v -263.910004 4.930000 207.479996
v -258.589996 5.430000 207.479996
v -257.639984 5.430000 207.479996
v -256.880005 5.430000 205.389999
v -256.880005 5.430000 197.599991
v -260.679993 5.430000 197.599991
f 13136 13137 13138 13134 13135
f 13132 13133 13134 13141 13131
f 13134 13140 13141
f 13134 13138 13139 13140
f 13142 13143 13144
v -227.239990 5.430000 69.159996
v -227.239990 5.430000 67.260002
v -227.809998 5.430000 66.879997
v -228.949997 5.430000 69.159996
v -231.989990 5.330000 68.589996
v -230.089996 5.330000 65.360001
v -228.949997 5.330000 61.750000
v -228.949997 5.330000 59.279999
v -237.119995 5.430000 59.279999
v -237.119995 5.330000 69.159996
v -232.750000 5.330000 69.159996
f 13145 13146 13147 13148
f 13155 13149 13150
f 13150 13151 13152 13153 13154 13155
v -256.880005 5.330000 118.559998
v -256.880005 5.330000 114.949997
v -260.679993 5.330000 114.949997
v -260.679993 5.330000 115.329994
v -261.630005 5.430000 115.899994
v -261.820007 5.330000 116.849998
v -262.959991 5.330000 116.469994
v -263.339996 5.330000 115.709999
v -264.859985 5.330000 115.519997
v -265.429993 5.330000 115.899994
v -265.429993 5.330000 116.659996
v -266.759979 5.330000 118.559998
v -266.380005 5.430000 115.709999
v -266.759979 5.430000 115.329994
v -266.759979 5.430000 115.899994
v -262.199982 5.330000 114.000000
v -261.250000 5.330000 114.189995
v -256.880005 5.430000 108.680000
v -262.579987 5.430000 108.680000
v -262.959991 5.430000 109.250000
v -264.479980 5.430000 108.869995
v -264.859985 5.430000 111.149994
v -265.049988 5.430000 112.290001
v -266.190002 5.430000 111.909996
v -266.380005 5.430000 112.479996
v -265.809998 5.430000 112.860001
v -265.809998 5.430000 113.430000
v -266.380005 5.430000 114.000000
v -264.859985 5.330000 114.949997
v -265.809998 5.430000 110.959999
v -265.049988 5.430000 108.680000
v -266.759979 5.430000 108.680000
v -266.759979 5.430000 112.479996
f 13164 13165 13166 13162 13163
f 13159 13160 13161 13156 13157
f 13161 13162 13166 13167 13156
f 13157 13158 13159
f 13168 13169 13170
f 13179 13180 13181 13178
f 13175 13177 13178 13171 13172
f 13178 13181 13182 13184 13163 13171
f 13184 13164 13163
f 13182 13183 13184
f 13172 13158 13157 13173 13174 13175
f 13175 13176 13177
f 13188 13180 13179
f 13188 13179 13185 13187
f 13176 13186 13187 13185 13177
v -19.760000 5.130000 237.119995
v -19.760000 5.130000 227.239990
v -29.639999 5.130000 227.239990
v -29.639999 5.130000 227.809998
v -23.559999 5.130000 227.809998
v -23.180000 5.130000 228.190002
v -23.180000 5.130000 236.549988
v -29.639999 5.130000 236.739990
v -29.639999 5.130000 237.119995
v -26.410000 5.130000 235.789993
v -26.410000 5.130000 235.220001
v -26.980000 5.130000 235.220001
v -26.980000 5.130000 235.789993
v -25.459999 5.130000 234.269989
v -25.459999 5.130000 232.369995
v -25.840000 5.130000 232.369995
v -26.219999 5.130000 232.750000
v -27.170000 5.130000 232.750000
v -27.549999 5.130000 232.369995
v -27.740000 5.130000 232.559998
v -27.740000 5.130000 234.269989
v -27.359999 5.130000 231.039993
v -26.219999 5.130000 231.039993
v -25.840000 5.130000 231.419998
v -25.459999 5.130000 230.279999
v -27.740000 5.130000 230.279999
v -28.689999 5.130000 231.039993
v -28.689999 5.130000 230.279999
v -29.260000 5.130000 230.279999
v -29.260000 5.130000 231.039993
v -26.410000 5.130000 229.330002
v -26.410000 5.130000 228.759995
v -26.980000 5.130000 228.759995
v -26.980000 5.130000 229.330002
f 13191 13192 13193 13190
f 13189 13190 13194 13195
f 13190 13193 13194
f 13195 13196 13197 13189
f 13198 13199 13200 13201
f 13206 13207 13208 13209
f 13203 13204 13205 13202
f 13205 13206 13209 13202
f 13212 13204 13203 13213
f 13211 13213 13214 13210
f 13211 13212 13213
f 13208 13207 13210 13214
f 13215 13216 13217 13218
f 13219 13220 13221 13222
v -252.509995 5.430000 217.360001
v -255.739990 4.930000 217.360001
v -254.599991 5.030000 218.690002
v -254.599991 4.930000 219.639999
v -253.269989 5.030000 222.869995
v -250.989990 5.030000 227.239990
v -247.569992 5.430000 227.239990
v -247.000000 5.430000 225.720001
v -247.000000 5.430000 217.360001
v -249.470001 5.430000 217.360001
v -250.610001 5.430000 217.739990
v -250.799988 5.430000 218.309998
f 13223 13224 13225
f 13223 13225 13226 13227 13228 13229
f 13232 13233 13234 13230 13231
v -0.950000 5.230000 187.720001
v -0.950000 5.230000 182.970001
v -6.080000 5.230000 182.970001
v -6.080000 5.230000 187.720001
v -7.030000 5.130000 187.720001
v -7.030000 5.130000 182.970001
v -9.880000 5.130000 182.779999
v -9.880000 5.130000 187.720001
v -0.000000 5.130000 182.019989
v -0.000000 5.130000 177.839996
v -8.929999 5.130000 177.839996
v -8.929999 5.130000 182.019989
f 13235 13236 13237 13238
f 13240 13241 13242 13239
f 13243 13244 13245 13246
v -247.000000 5.330000 98.799995
v -247.000000 5.330000 88.919998
v -255.929993 5.430000 88.919998
v -256.880005 5.630000 90.629997
v -256.880005 5.430000 97.470001
v -256.880005 5.430000 98.229996
v -256.880005 5.430000 98.799995
f 13249 13250 13251
f 13249 13251 13252
f 13252 13253 13247 13248 13249
v -0.950000 5.230000 158.080002
v -0.950000 5.230000 148.199997
v -6.080000 5.230000 148.199997
v -5.890000 5.230000 158.080002
v -7.220000 5.130000 158.080002
v -7.030000 5.130000 155.610001
v -8.170000 5.130000 155.610001
v -8.170000 5.130000 156.940002
v -8.929999 5.130000 156.940002
v -9.120000 5.130000 156.179993
v -9.500000 5.130000 156.179993
v -9.880000 5.130000 156.750000
v -9.880000 5.130000 158.080002
v -8.929999 5.130000 155.610001
v -7.030000 5.030000 148.199997
v -9.880000 5.030000 148.199997
v -9.880000 5.130000 155.610001
f 13255 13256 13257 13254
f 13262 13263 13264 13265 13266
f 13259 13260 13261 13258
f 13258 13261 13262 13266
f 13264 13263 13267 13269 13270
f 13260 13259 13268
f 13260 13268 13269 13267
v -9.880000 5.130000 217.360001
v -9.880000 5.130000 207.479996
v -10.260000 5.130000 207.479996
v -10.450000 5.130000 212.229996
v -15.580000 5.130000 212.229996
v -15.389999 5.130000 215.839996
v -10.639999 5.130000 215.839996
v -10.260000 5.130000 216.220001
v -10.260000 5.130000 217.360001
v -13.299999 5.130000 217.360001
v -13.299999 5.130000 216.789993
v -14.059999 5.130000 216.789993
v -14.059999 5.130000 217.360001
v -16.719999 5.130000 215.839996
v -17.100000 5.130000 212.039993
v -17.289999 5.130000 207.479996
v -19.760000 5.130000 207.479996
v -19.760000 5.130000 217.360001
v -17.289999 5.130000 217.360001
v -11.210000 5.130000 217.169998
v -11.210000 5.130000 216.789993
v -12.160000 5.130000 216.789993
v -12.160000 5.130000 217.169998
v -15.200000 5.130000 217.169998
v -15.200000 5.130000 216.789993
v -16.150000 5.130000 216.789993
v -16.150000 5.130000 217.169998
v -13.299999 5.130000 211.279999
v -13.299999 5.130000 210.899994
v -14.059999 5.130000 210.899994
v -14.059999 5.130000 211.279999
v -11.210000 5.130000 209.949997
v -11.210000 5.130000 209.379990
v -11.590000 5.130000 209.379990
v -11.590000 5.130000 209.949997
v -12.540000 5.130000 209.949997
v -12.540000 5.130000 207.479996
v -13.299999 5.130000 207.479996
v -13.490000 5.130000 208.619995
v -14.440000 5.130000 208.619995
v -14.630000 5.130000 207.479996
v -14.820000 5.130000 207.479996
v -14.820000 5.130000 209.949997
v -15.770000 5.130000 209.949997
v -15.770000 5.130000 209.569992
v -16.340000 5.130000 209.569992
v -16.340000 5.130000 209.949997
v -11.210000 5.130000 208.239990
v -11.210000 5.130000 207.669998
v -11.590000 5.130000 207.669998
v -11.590000 5.130000 208.239990
v -15.770000 5.130000 208.049988
v -15.770000 5.130000 207.669998
v -16.340000 5.130000 207.669998
v -16.340000 5.130000 208.049988
f 13278 13279 13271
f 13272 13273 13274 13278 13271
f 13277 13278 13274
f 13274 13275 13276 13277
f 13280 13281 13282 13283
f 13288 13289 13284 13285 13287
f 13284 13276 13275 13285
f 13285 13286 13287
f 13290 13291 13292 13293
f 13294 13295 13296 13297
f 13298 13299 13300 13301
f 13302 13303 13304 13305
f 13310 13311 13312 13313
f 13309 13310 13313 13306
f 13307 13308 13309 13306
f 13314 13315 13316 13317
f 13318 13319 13320 13321
f 13322 13323 13324 13325
v -207.479996 5.830000 257.449982
v -207.479996 5.830000 256.880005
v -208.429993 5.930000 256.880005
v -208.049988 5.930000 257.449982
f 13327 13328 13329 13326
v -0.000000 5.230000 138.319992
v -0.000000 5.130000 134.330002
v -3.800000 4.930000 134.520004
v -3.610000 4.930000 138.319992
v -0.950000 5.230000 132.619995
v -0.950000 5.230000 128.440002
v -6.080000 5.230000 128.440002
v -6.080000 5.230000 132.619995
v -7.030000 4.930000 132.619995
v -7.030000 5.030000 128.440002
v -9.880000 5.030000 128.440002
v -9.880000 4.930000 132.429993
f 13330 13331 13332 13333
f 13334 13335 13336 13337
f 13339 13340 13341 13338
v -50.160000 5.230000 257.449982
v -50.160000 5.230000 256.880005
v -59.279999 5.230000 256.880005
v -59.279999 5.230000 257.449982
f 13342 13343 13344 13345
v -247.000000 5.430000 217.360001
v -247.000000 5.430000 216.029999
v -249.470001 5.430000 217.360001
v -252.509995 5.430000 217.360001
v -256.880005 5.430000 208.429993
v -256.880005 5.030000 215.459991
v -255.739990 4.930000 217.360001
v -247.000000 5.430000 214.699997
v -247.000000 5.430000 214.509995
v -250.419998 5.430000 207.479996
v -255.929993 5.430000 207.479996
v -251.369995 5.430000 216.979996
v -247.000000 5.430000 211.470001
v -247.000000 5.430000 207.479996
v -249.089996 5.430000 207.479996
f 13346 13347 13348
f 13349 13350 13351 13352
f 13357 13353 13354 13355 13356
f 13358 13359 13360
v -9.880000 5.330000 108.680000
v -9.880000 5.330000 102.979996
v -13.299999 5.330000 102.979996
v -13.299999 5.330000 106.019997
v -14.059999 5.330000 106.209999
v -14.059999 5.330000 108.680000
v -16.529999 5.330000 108.680000
v -16.529999 5.330000 106.209999
v -16.910000 5.330000 106.019997
v -16.529999 5.330000 98.799995
v -19.760000 5.330000 98.799995
v -19.760000 5.330000 108.680000
v -9.880000 5.330000 98.799995
v -14.059999 5.330000 98.799995
v -14.059999 5.330000 102.599998
v -13.490000 5.330000 102.599998
f 13364 13365 13366 13361
f 13362 13363 13364 13361
f 13367 13368 13369 13372
f 13369 13370 13371 13372
f 13376 13363 13362 13373 13374
f 13374 13375 13376
v -256.880005 5.430000 138.319992
v -256.880005 5.330000 128.440002
v -260.869995 5.330000 128.440002
v -260.869995 5.330000 130.529999
v -260.109985 5.330000 130.720001
v -260.109985 5.330000 131.669998
v -261.059998 5.330000 131.860001
v -261.059998 5.430000 138.319992
v -261.440002 5.330000 131.669998
v -261.440002 5.330000 130.720001
v -266.759979 5.430000 128.440002
v -266.759979 5.430000 138.319992
f 13379 13380 13381 13378
f 13377 13378 13382 13384
f 13378 13381 13382
f 13382 13383 13384
f 13386 13380 13379 13387
f 13385 13387 13388 13384
f 13385 13386 13387
f 13384 13383 13385
v -9.880000 5.130000 207.479996
v -9.880000 5.130000 206.720001
v -9.880000 5.130000 197.599991
v -10.260000 5.130000 197.599991
v -10.450000 5.130000 200.259995
v -15.200000 5.130000 200.259995
v -15.200000 5.130000 203.300003
v -10.639999 5.130000 203.300003
v -10.260000 5.130000 203.679993
v -10.260000 5.130000 207.479996
v -12.540000 5.130000 207.479996
v -12.540000 5.130000 205.769989
v -14.820000 5.130000 205.769989
v -14.820000 5.130000 207.479996
v -14.630000 5.130000 207.479996
v -13.299999 5.130000 207.479996
v -17.289999 5.130000 207.479996
v -17.100000 5.130000 203.679993
v -16.719999 5.130000 203.300003
v -17.100000 5.130000 200.069992
v -17.289999 5.130000 197.599991
v -19.760000 5.130000 197.599991
v -19.760000 5.130000 207.479996
v -15.770000 5.130000 206.529999
v -15.770000 5.130000 205.769989
v -16.340000 5.130000 205.769989
v -16.340000 5.130000 206.529999
v -11.210000 5.130000 206.339996
v -11.210000 5.130000 205.769989
v -11.590000 5.130000 205.769989
v -11.590000 5.130000 206.339996
v -13.299999 5.130000 204.819992
v -13.299999 5.130000 204.250000
v -14.059999 5.130000 204.250000
v -14.059999 5.130000 204.819992
v -13.299999 5.130000 199.309998
v -13.299999 5.130000 198.739990
v -14.059999 5.130000 198.739990
v -14.059999 5.130000 199.309998
f 13398 13389 13390 13397
f 13391 13392 13393 13397 13390
f 13393 13396 13397
f 13394 13395 13396 13393
f 13401 13402 13403
f 13404 13399 13400
f 13401 13403 13404 13400
f 13407 13395 13394 13408
f 13408 13409 13410 13411 13405 13406
f 13406 13407 13408
f 13412 13413 13414 13415
f 13416 13417 13418 13419
f 13420 13421 13422 13423
f 13424 13425 13426 13427
v -34.200001 5.130000 247.000000
v -34.200001 5.130000 246.429993
v -33.820000 5.130000 246.239990
v -34.200001 5.130000 244.339996
v -34.389999 5.130000 244.720001
v -36.860001 5.130000 244.529999
v -36.669998 5.130000 242.819992
v -34.579998 5.130000 242.819992
v -34.579998 5.130000 237.119995
v -36.290001 5.130000 237.119995
v -36.480000 5.130000 237.879990
v -38.950001 5.130000 237.879990
v -39.139999 5.130000 237.119995
v -39.520000 5.130000 237.119995
v -39.520000 5.130000 243.009995
v -38.189999 5.130000 243.009995
v -38.000000 5.130000 244.149994
v -39.520000 5.130000 244.339996
v -39.520000 5.130000 245.289993
v -38.759998 5.130000 246.239990
v -38.759998 5.130000 247.000000
v -29.639999 5.130000 246.239990
v -29.639999 5.130000 237.119995
v -34.200001 5.130000 243.009995
f 13439 13440 13441 13442
f 13430 13431 13432 13429
f 13434 13438 13439 13442 13443
f 13444 13445 13446 13447
f 13436 13437 13438 13434 13435
f 13444 13433 13434 13443
f 13428 13429 13432 13433 13448
f 13444 13447 13448 13433
f 13451 13431 13430
f 13451 13430 13449 13450 13436
f 13436 13435 13451
v -256.880005 5.430000 197.599991
v -256.880005 5.430000 194.179993
v -257.070007 5.430000 193.419998
v -257.639984 5.430000 193.419998
v -260.109985 5.430000 194.940002
v -261.820007 5.430000 195.509995
v -260.679993 5.430000 197.599991
v -262.769989 5.430000 195.889999
v -264.859985 5.430000 196.080002
v -264.859985 5.430000 197.599991
v -262.009979 5.430000 197.599991
v -263.720001 5.430000 193.229996
v -258.209991 5.430000 190.569992
v -256.880005 5.430000 189.050003
v -256.880005 5.430000 187.720001
v -266.759979 5.430000 187.720001
v -266.759979 5.430000 193.419998
f 13453 13454 13455 13456 13458 13452
f 13456 13457 13458
f 13459 13460 13461 13462
f 13464 13465 13466 13467 13468 13463
v -0.000000 5.130000 177.839996
v -0.000000 5.130000 171.759995
v -6.840000 5.130000 171.949997
v -7.030000 5.130000 170.619995
v -8.929999 5.130000 170.619995
v -8.929999 5.130000 177.839996
v -0.950000 5.230000 169.669998
v -0.950000 5.230000 167.959991
v -6.080000 5.230000 167.959991
v -6.080000 5.230000 169.669998
v -7.030000 5.130000 169.669998
v -7.030000 5.130000 167.959991
v -9.500000 5.130000 167.959991
v -9.500000 5.130000 168.529999
v -9.880000 5.130000 168.720001
v -9.880000 5.130000 169.289993
v -9.500000 5.130000 169.669998
f 13471 13472 13473 13474
f 13469 13470 13471 13474
f 13475 13476 13477 13478
f 13482 13483 13484 13485 13479 13480
f 13480 13481 13482
v -39.520000 5.130000 256.880005
v -39.520000 5.130000 249.279999
v -39.899998 5.130000 249.279999
v -41.610001 5.130000 251.179993
v -44.459999 5.130000 250.799988
v -44.649998 5.130000 251.559998
v -46.360001 5.130000 252.699997
v -47.500000 5.130000 252.699997
v -48.829998 5.130000 251.559998
v -48.829998 5.130000 256.880005
v -45.980000 5.130000 250.799988
v -45.980000 5.130000 250.419998
v -44.840000 5.130000 249.470001
v -45.789997 5.130000 249.279999
v -47.119999 5.130000 250.039993
v -41.610001 5.130000 249.470001
v -43.129997 5.130000 249.279999
v -42.939999 5.130000 249.659988
v -40.849998 5.130000 248.330002
v -40.849998 5.130000 247.000000
v -41.419998 5.130000 247.000000
v -41.610001 5.130000 247.569992
v -42.180000 5.530000 247.569992
v -42.559998 5.830000 247.000000
v -42.750000 5.430000 248.330002
v -44.649998 5.130000 248.139999
v -44.840000 5.130000 247.379990
v -45.219997 5.130000 247.949997
v -45.219997 5.130000 248.330002
v -48.639999 5.130000 248.330002
v -47.879997 5.130000 247.000000
v -48.259998 5.130000 247.000000
v -49.399998 5.130000 247.759995
v -49.399998 5.130000 248.330002
f 13487 13488 13489 13486
f 13489 13490 13491
f 13493 13494 13495
f 13492 13493 13495
f 13489 13491 13492 13495 13486
f 13497 13498 13499 13500
f 13496 13497 13500
f 13501 13502 13503
f 13505 13506 13507 13504
f 13508 13509 13510
f 13507 13508 13510 13504
f 13511 13512 13513 13514
f 13518 13519 13515 13516 13517
v -0.950000 5.230000 148.199997
v -0.950000 5.230000 146.110001
v -6.080000 5.230000 146.110001
v -6.080000 5.230000 148.199997
v -7.030000 5.030000 148.199997
v -7.030000 4.930000 146.110001
v -9.880000 4.930000 145.919998
v -9.880000 5.030000 148.199997
v -0.000000 5.130000 145.160004
v -0.000000 5.230000 138.319992
v -3.610000 4.930000 138.319992
v -3.610000 4.930000 142.119995
v -4.560000 4.930000 142.500000
v -4.560000 4.930000 144.020004
v -4.940000 4.930000 144.399994
v -8.170000 4.930000 144.399994
v -8.929999 4.930000 143.639999
v -8.929999 4.930000 145.160004
f 13520 13521 13522 13523
f 13525 13526 13527 13524
f 13535 13536 13537
f 13531 13532 13533 13528
f 13534 13535 13537 13528
f 13529 13530 13531 13528
f 13533 13534 13528
v -227.239990 5.330000 79.040001
v -227.239990 5.330000 76.379997
v -227.429993 5.330000 76.379997
v -227.809998 5.330000 77.139999
v -228.949997 5.330000 77.139999
v -229.139999 5.330000 76.000000
v -231.610001 5.330000 72.199997
v -234.269989 5.330000 74.290001
v -237.119995 5.330000 75.619995
v -237.119995 5.330000 79.040001
v -227.239990 5.330000 72.769997
v -230.279999 5.330000 70.869995
v -228.759995 5.330000 75.430000
v -227.809998 5.330000 75.430000
v -234.459991 5.330000 71.059998
v -232.750000 5.330000 69.159996
v -237.119995 5.330000 69.159996
v -237.119995 5.330000 72.389999
v -227.239990 5.430000 70.299995
v -227.239990 5.430000 69.159996
v -228.949997 5.430000 69.159996
v -228.949997 5.430000 69.540001
f 13539 13540 13541 13538
f 13545 13546 13547 13538 13542
f 13538 13541 13542
f 13543 13544 13545 13542
f 13551 13540 13539 13548
f 13543 13550 13548 13549 13544
f 13550 13551 13548
f 13552 13553 13554 13555
f 13557 13558 13559 13556
v -256.880005 5.330000 128.440002
v -256.880005 5.330000 118.559998
v -266.759979 5.330000 118.559998
v -266.759979 5.430000 128.440002
f 13560 13561 13562 13563
v -19.760000 5.330000 88.919998
v -19.760000 5.330000 85.689995
v -23.750000 5.330000 85.689995
v -23.939999 5.330000 86.259995
v -27.170000 5.330000 86.259995
v -27.359999 5.330000 85.689995
v -29.070000 5.330000 85.689995
v -29.070000 5.330000 87.209999
v -29.639999 5.330000 87.400002
v -29.639999 5.330000 88.919998
v -19.760000 5.330000 83.409996
v -19.760000 5.330000 79.040001
v -23.559999 5.330000 79.040001
v -23.750000 5.330000 82.839996
v -23.750000 5.330000 83.409996
v -27.359999 5.330000 83.409996
v -27.170000 5.330000 82.650002
v -29.639999 5.330000 79.040001
v -29.639999 5.330000 83.409996
f 13571 13572 13573
f 13568 13569 13570 13571
f 13565 13566 13567 13564
f 13568 13571 13573 13564 13567
f 13577 13578 13574 13575 13576
f 13582 13579 13580 13581
f 13580 13577 13576 13581
v -0.950000 5.230000 167.959991
v -0.950000 5.230000 158.080002
v -5.890000 5.230000 158.080002
v -6.080000 5.230000 167.959991
v -7.030000 5.130000 167.959991
v -7.030000 5.130000 167.389999
v -9.880000 5.130000 167.389999
v -9.880000 5.130000 167.580002
v -9.500000 5.130000 167.959991
v -7.410000 5.130000 165.679993
v -7.600000 5.130000 163.399994
v -9.880000 5.130000 163.399994
v -9.880000 5.130000 165.869995
v -8.740000 5.130000 166.059998
v -7.030000 5.130000 162.069992
v -7.030000 5.130000 160.360001
v -8.170000 5.130000 160.360001
v -8.929999 5.130000 160.360001
v -9.880000 5.130000 160.739990
v -9.880000 5.130000 162.069992
v -9.309999 5.130000 160.169998
v -9.120000 5.130000 159.029999
v -7.980000 5.130000 159.220001
v -7.220000 5.130000 158.080002
v -9.880000 5.130000 158.080002
f 13583 13584 13585 13586
f 13589 13590 13591 13587 13588
f 13595 13596 13592 13593 13594
f 13599 13600 13601
f 13597 13598 13599 13601 13602
f 13601 13600 13603
f 13605 13599 13598 13606
f 13604 13605 13606 13607
f 13601 13603 13604 13607
v -237.119995 5.930000 236.549988
v -237.119995 5.530000 234.649994
v -240.729996 5.430000 227.239990
v -246.239990 5.430000 227.239990
v -241.489990 5.830000 237.119995
v -237.500000 6.030000 237.119995
v -242.819992 5.930000 237.119995
v -247.000000 5.430000 228.569992
v -247.000000 5.630000 237.119995
v -244.529999 5.930000 237.119995
v -243.580002 5.830000 236.739990
v -243.199997 5.930000 237.119995
v -237.119995 5.430000 231.799988
v -237.119995 5.430000 227.239990
v -239.399994 5.430000 227.239990
f 13613 13608 13609 13610 13611 13612
f 13618 13619 13614 13615
f 13616 13617 13618 13615
f 13620 13621 13622
v -19.760000 5.330000 69.159996
v -19.760000 5.330000 64.029999
v -29.639999 5.330000 64.029999
v -29.639999 5.330000 69.159996
v -19.760000 5.330000 63.079998
v -19.760000 5.430000 60.799999
v -20.139999 5.430000 60.419998
v -23.559999 5.230000 60.230000
v -24.510000 5.230000 59.469997
v -24.699999 5.330000 61.180000
v -25.650000 5.330000 61.369999
v -25.840000 5.330000 62.320000
v -29.639999 5.430000 62.509998
v -29.639999 5.330000 63.079998
f 13623 13624 13625 13626
f 13630 13631 13632
f 13632 13633 13634
f 13627 13628 13629 13630 13632 13634
f 13634 13635 13636 13627
v 6.650000 5.130000 187.720001
v 6.650000 5.230000 177.839996
v 3.610000 5.130000 177.839996
v 3.610000 5.130000 182.779999
v 3.610000 5.130000 185.819992
v 3.800000 5.130000 186.959991
v 3.230000 5.130000 187.339996
v 3.230000 5.130000 187.720001
v 2.470000 5.130000 186.959991
v 2.470000 5.130000 186.009995
v -0.000000 5.130000 182.970001
v -0.000000 5.130000 187.720001
v 2.660000 5.130000 182.019989
v 2.660000 5.130000 177.839996
v -0.000000 5.130000 177.839996
v -0.000000 5.130000 182.019989
f 13642 13643 13644 13637
f 13638 13639 13640 13637
f 13641 13642 13637 13640
f 13644 13643 13645 13648
f 13646 13640 13647 13648
f 13648 13645 13646
f 13646 13641 13640
f 13649 13650 13651 13652
v 6.650000 5.230000 138.319992
v 6.650000 5.130000 128.440002
v -0.000000 5.130000 128.440002
v -0.000000 5.130000 132.619995
v 3.610000 5.130000 132.809998
v 3.610000 5.230000 138.319992
v 2.660000 5.230000 138.319992
v 2.660000 5.130000 133.569992
v -0.000000 5.130000 133.569992
v -0.000000 5.130000 134.330002
v -0.000000 5.230000 138.319992
f 13655 13656 13657 13654
f 13653 13654 13657 13658
f 13660 13661 13662
f 13659 13660 13662 13663
v -9.880000 5.130000 237.119995
v -9.880000 5.130000 236.360001
v -10.260000 5.130000 236.360001
v -10.260000 5.130000 237.119995
v -17.100000 5.130000 237.119995
v -17.100000 5.130000 229.139999
v -12.540000 5.130000 228.949997
v -12.349999 5.130000 228.569992
v -10.639999 5.130000 228.949997
v -10.450000 5.130000 228.569992
v -9.880000 5.130000 228.569992
v -9.880000 5.130000 227.239990
v -19.760000 5.130000 227.239990
v -19.760000 5.130000 237.119995
v -13.299999 5.130000 236.739990
v -13.299999 5.130000 236.360001
v -14.059999 5.130000 236.360001
v -14.059999 5.130000 236.739990
v -12.540000 5.130000 233.129990
v -12.730000 5.130000 233.129990
v -12.920000 5.130000 233.889999
v -13.870000 5.130000 233.889999
v -14.820000 5.130000 234.080002
v -14.820000 5.130000 235.409988
v -12.730000 5.130000 235.409988
v -15.770000 5.130000 235.409988
v -15.770000 5.130000 235.029999
v -16.340000 5.130000 235.029999
v -16.340000 5.130000 235.409988
v -9.880000 5.130000 235.029999
v -9.880000 5.130000 229.709991
v -10.260000 5.130000 229.709991
v -10.260000 5.130000 235.029999
v -13.870000 5.130000 232.369995
v -12.920000 5.130000 232.369995
v -12.540000 5.130000 231.229996
v -14.820000 5.130000 231.229996
v -11.210000 5.130000 233.889999
v -11.210000 5.130000 233.129990
v -11.590000 5.130000 233.129990
v -11.590000 5.130000 233.889999
v -15.770000 5.130000 233.699997
v -15.770000 5.130000 233.129990
v -16.340000 5.130000 233.129990
v -16.340000 5.130000 233.699997
v -15.770000 5.130000 231.989990
v -15.770000 5.130000 231.229996
v -16.340000 5.130000 231.229996
v -16.340000 5.130000 231.989990
v -11.210000 5.130000 231.799988
v -11.210000 5.130000 231.229996
v -11.590000 5.130000 231.419998
v -11.590000 5.130000 231.799988
v -13.299999 5.130000 230.279999
v -13.299999 5.130000 229.899994
v -14.059999 5.130000 229.899994
v -14.059999 5.130000 230.279999
f 13664 13665 13666 13667
f 13673 13674 13675
f 13672 13673 13675 13671
f 13669 13676 13677 13668
f 13669 13670 13671
f 13669 13671 13675 13676
f 13678 13679 13680 13681
f 13682 13683 13684 13688
f 13685 13686 13687 13688 13684
f 13689 13690 13691 13692
f 13693 13694 13695 13696
f 13698 13683 13682 13699
f 13697 13700 13686 13685
f 13697 13698 13699 13700
f 13701 13702 13703 13704
f 13705 13706 13707 13708
f 13709 13710 13711 13712
f 13713 13714 13715 13716
f 13717 13718 13719 13720
v -237.119995 5.330000 69.159996
v -237.119995 5.430000 59.279999
v -247.000000 5.430000 59.279999
v -247.000000 5.630000 69.159996
f 13721 13722 13723 13724
v -0.000000 5.130000 217.360001
v -0.000000 5.130000 208.619995
v -6.840000 5.130000 208.809998
v -7.030000 5.130000 207.479996
v -8.929999 5.130000 207.479996
v -8.929999 5.130000 217.360001
v -0.950000 5.230000 207.860001
v -0.950000 5.230000 207.479996
v -6.080000 5.230000 207.479996
v -6.080000 5.230000 207.860001
f 13727 13728 13729 13730
f 13725 13726 13727 13730
f 13731 13732 13733 13734
v -256.880005 5.430000 98.799995
v -256.880005 5.430000 98.229996
v -257.259979 5.430000 98.799995
v -258.209991 5.430000 98.040001
v -258.970001 5.430000 97.470001
v -260.109985 5.430000 96.900002
v -261.440002 5.430000 97.089996
v -266.759979 5.430000 94.049995
v -266.759979 5.430000 98.799995
v -258.589996 5.430000 98.799995
v -256.880005 5.430000 97.470001
v -256.880005 5.630000 90.629997
v -259.919983 5.430000 95.949997
v -257.259979 5.730000 88.919998
v -263.149994 5.430000 88.919998
v -264.859985 5.430000 91.769997
v -265.239990 5.430000 93.099998
v -260.869995 5.430000 95.379997
v -266.190002 5.430000 92.339996
v -264.479980 5.430000 88.919998
v -266.000000 5.630000 88.919998
v -266.570007 5.430000 88.919998
v -266.759979 5.430000 90.250000
v -266.759979 5.430000 92.150002
f 13735 13736 13737
f 13744 13738 13739 13740 13741
f 13741 13742 13743 13744
f 13745 13746 13747
f 13749 13750 13751 13752 13748
f 13755 13756 13757
f 13757 13758 13753 13754 13755
v -228.949997 5.330000 59.279999
v -229.139999 5.330000 56.049999
v -237.119995 5.430000 56.049999
v -237.119995 5.430000 59.279999
v -227.619995 5.330000 58.329998
v -227.619995 5.330000 56.430000
v -228.000000 5.330000 56.430000
v -228.000000 5.330000 58.329998
f 13760 13761 13762 13759
f 13763 13764 13765 13766
v 6.650000 5.230000 177.839996
v 6.650000 5.230000 167.959991
v -0.000000 5.130000 167.959991
v -0.000000 5.130000 169.669998
v 3.610000 5.130000 169.860001
v 3.610000 5.130000 177.839996
v 2.660000 5.130000 177.839996
v 2.660000 5.130000 170.619995
v -0.000000 5.130000 170.619995
v -0.000000 5.130000 171.759995
v -0.000000 5.130000 177.839996
f 13769 13770 13771 13768
f 13767 13768 13771 13772
f 13774 13775 13776
f 13773 13774 13776 13777
v -9.880000 5.330000 88.919998
v -9.880000 5.330000 83.599998
v -11.780000 5.330000 83.599998
v -11.780000 5.330000 82.650002
v -10.830000 5.330000 82.269997
v -9.880000 5.430000 80.939995
v -10.450000 5.930000 79.419998
v -11.400000 5.330000 81.699997
v -12.349999 5.330000 81.699997
v -12.730000 5.330000 81.320000
v -12.730000 5.330000 80.369995
v -11.969999 5.330000 79.989998
v -11.590000 5.330000 79.040001
v -13.299999 5.330000 79.610001
v -13.679999 5.330000 80.180000
v -13.679999 5.330000 81.509995
v -12.920000 5.330000 82.459999
v -11.969999 5.330000 82.650002
v -11.969999 5.330000 83.790001
v -12.349999 5.330000 84.739998
v -13.299999 5.330000 84.549995
v -13.299999 5.330000 85.879997
v -14.059999 5.330000 86.070000
v -14.059999 5.330000 88.919998
v -16.529999 5.330000 88.919998
v -16.529999 5.330000 86.070000
v -16.910000 5.330000 85.689995
v -19.760000 5.330000 85.689995
v -19.760000 5.330000 88.919998
v -16.910000 5.330000 83.409996
v -16.719999 5.330000 82.459999
v -14.630000 5.330000 82.459999
v -14.820000 5.330000 81.509995
v -15.200000 5.330000 81.320000
v -15.200000 5.330000 80.369995
v -14.440000 5.330000 79.040001
v -19.760000 5.330000 79.040001
v -19.760000 5.330000 83.409996
f 13789 13790 13791 13788
f 13797 13779 13780 13796
f 13788 13791 13792 13793 13787
f 13779 13797 13799 13801 13778
f 13799 13800 13801
f 13787 13793 13794 13786
f 13795 13796 13780 13781
f 13785 13786 13794 13795 13781 13782
f 13783 13784 13785 13782
f 13797 13798 13799
f 13802 13803 13804 13805 13806
f 13809 13810 13811 13808
f 13808 13812 13813 13814 13815
f 13808 13811 13812
f 13815 13807 13808
v 6.650000 5.230000 148.199997
v 6.650000 5.230000 138.319992
v 3.610000 5.230000 138.319992
v 3.610000 5.230000 141.739990
v 4.750000 5.230000 142.119995
v 4.750000 5.230000 143.069992
v 3.610000 5.230000 143.449997
v 3.420000 5.130000 146.110001
v -0.000000 5.130000 146.110001
v -0.000000 5.130000 148.199997
v 2.660000 5.130000 145.160004
v 2.660000 5.230000 138.319992
v -0.000000 5.230000 138.319992
v -0.000000 5.130000 145.160004
f 13821 13822 13823 13816
f 13818 13819 13820 13817
f 13823 13824 13825 13816
f 13817 13820 13821 13816
f 13826 13827 13828 13829
v -266.759979 5.430000 197.599991
v -266.759979 5.430000 196.080002
v -269.609985 5.430000 196.080002
v -269.609985 5.430000 197.599991
v -271.509979 5.430000 195.699997
v -273.979980 5.430000 194.940002
v -276.639984 5.430000 193.419998
v -276.639984 5.430000 197.599991
v -271.699982 5.430000 197.599991
v -266.759979 5.430000 193.419998
v -266.759979 5.430000 187.720001
v -268.850006 5.430000 187.720001
v -269.040009 5.430000 188.479996
v -271.699982 5.430000 187.720001
v -276.639984 5.430000 187.720001
v -276.639984 5.430000 189.619995
v -273.979980 5.430000 191.709991
v -270.940002 5.430000 193.039993
f 13830 13831 13832 13833
f 13838 13834 13835
f 13835 13836 13837 13838
f 13840 13841 13842
f 13843 13844 13845 13846 13847 13842
f 13839 13840 13842 13847
v -7.030000 5.330000 108.110001
v -6.840000 5.330000 107.540001
v -0.000000 5.330000 107.729996
v -0.000000 5.330000 98.799995
v -8.929999 5.330000 98.799995
v -8.929999 5.330000 108.110001
f 13853 13848 13849 13852
f 13849 13850 13851 13852
v -266.759979 5.430000 128.440002
v -266.759979 5.330000 118.559998
v -267.519989 5.430000 119.509995
v -268.279999 5.430000 119.509995
v -269.609985 5.430000 118.559998
v -272.269989 5.430000 118.559998
v -272.269989 5.430000 118.750000
v -271.699982 5.430000 118.939995
v -271.699982 5.430000 119.889999
v -272.079987 5.430000 120.079994
v -270.179993 5.430000 121.029999
v -269.989990 5.430000 120.649994
v -268.850006 5.430000 120.839996
v -268.850006 5.430000 121.599998
v -269.799988 5.430000 121.979996
v -269.989990 5.430000 121.979996
v -269.799988 5.430000 123.119995
v -270.750000 5.430000 123.309998
v -270.940002 5.430000 123.689995
v -270.750000 5.430000 124.449997
v -271.509979 5.430000 124.829994
v -271.509979 5.430000 128.440002
v -272.079987 5.430000 124.639999
v -272.079987 5.430000 123.879997
v -272.459991 5.430000 123.689995
v -273.410004 5.430000 123.879997
v -273.790009 5.430000 123.500000
v -273.600006 5.430000 122.739998
v -273.790009 5.430000 122.739998
v -274.549988 5.430000 122.930000
v -274.929993 5.430000 121.979996
v -275.500000 5.430000 121.599998
v -276.639984 5.430000 123.309998
v -276.639984 5.430000 128.440002
v -271.889984 5.430000 123.500000
v -271.130005 5.430000 122.360001
v -273.029999 5.430000 119.699997
v -273.029999 5.430000 119.129997
v -273.410004 5.430000 118.559998
v -274.739990 5.430000 121.599998
v -273.790009 5.430000 121.599998
v -272.649994 5.430000 122.549995
v -274.929993 5.430000 118.559998
v -276.639984 5.430000 118.559998
v -276.639984 5.430000 121.029999
f 13859 13860 13861 13858
f 13868 13869 13870
f 13871 13872 13873 13870
f 13855 13856 13867 13870 13875 13854
f 13867 13868 13870
f 13862 13863 13864 13865
f 13866 13867 13856 13857
f 13873 13874 13875
f 13857 13858 13861 13862 13865 13866
f 13870 13873 13875
f 13880 13881 13882 13883
f 13876 13879 13886 13887 13875
f 13876 13877 13878 13879
f 13879 13880 13883 13886
f 13875 13874 13876
f 13883 13884 13885 13886
f 13878 13877 13888 13895
f 13885 13884 13893
f 13891 13860 13859 13892
f 13893 13894 13890
f 13869 13868 13864
f 13888 13872 13871 13889 13895
f 13894 13882 13881 13895
f 13890 13891 13892 13885 13893
f 13889 13869 13864
f 13894 13895 13889 13864 13863 13890
f 13896 13897 13898
v 6.650000 5.230000 167.959991
v 6.650000 5.230000 158.080002
v -0.000000 5.130000 158.080002
v -0.000000 5.130000 167.959991
f 13899 13900 13901 13902
v 6.650000 5.230000 158.080002
v 6.650000 5.130000 150.479996
v 6.270000 5.130000 150.860001
v 5.320000 5.130000 150.669998
v 5.510000 5.130000 149.529999
v 6.650000 5.130000 149.910004
v 6.650000 5.230000 148.199997
v -0.000000 5.130000 148.199997
v -0.000000 5.130000 158.080002
f 13907 13908 13909
f 13907 13909 13910
f 13906 13907 13910
f 13903 13904 13905
f 13903 13905 13906
f 13906 13910 13911 13903
v -256.880005 5.030000 215.459991
v -256.880005 5.430000 208.429993
v -257.259979 5.430000 207.479996
v -257.639984 5.430000 207.479996
v -257.259979 5.430000 208.429993
v -257.639984 5.430000 208.809998
v -258.779999 5.430000 208.619995
v -258.589996 5.430000 207.479996
v -263.910004 4.930000 207.479996
v -258.589996 5.030000 212.799988
v -258.589996 4.930000 213.559998
f 13914 13915 13916 13913
f 13921 13917 13918
f 13913 13916 13917 13921 13922 13912
f 13918 13920 13921
f 13918 13919 13920
v -7.030000 5.130000 206.529999
v -7.030000 5.130000 197.599991
v -9.880000 5.130000 197.599991
v -9.880000 5.130000 206.720001
v -0.950000 5.230000 206.529999
v -0.950000 5.230000 197.599991
v -6.080000 5.230000 197.599991
v -6.080000 5.230000 206.529999
f 13923 13924 13925 13926
f 13927 13928 13929 13930
v -247.000000 5.330000 88.919998
v -247.000000 5.430000 79.040001
v -250.419998 5.430000 79.040001
v -255.929993 5.430000 88.919998
v -251.750000 5.430000 79.040001
v -256.309998 5.930000 79.040001
v -255.549988 5.930000 79.799995
v -255.549988 5.930000 81.129997
v -256.500000 6.230000 81.509995
v -256.500000 5.930000 84.169998
v -256.880005 5.930000 84.549995
v -256.880005 5.630000 87.970001
f 13931 13932 13933 13934
f 13938 13939 13940
f 13940 13941 13942
f 13935 13936 13937
f 13935 13937 13938
f 13938 13940 13942 13935
v -0.950000 5.330000 118.559998
v -0.950000 5.330000 109.059998
v -6.080000 5.330000 109.059998
v -6.080000 5.330000 118.559998
v -7.030000 5.330000 118.559998
v -7.030000 5.330000 109.059998
v -9.880000 5.330000 108.869995
v -9.880000 5.330000 118.559998
f 13943 13944 13945 13946
f 13948 13949 13950 13947
v -0.950000 5.230000 128.440002
v -0.950000 5.330000 118.559998
v -6.080000 5.330000 118.559998
v -6.080000 5.230000 128.440002
v -7.030000 5.030000 128.440002
v -7.030000 5.330000 118.559998
v -9.880000 5.330000 118.559998
v -9.880000 5.030000 128.440002
f 13951 13952 13953 13954
f 13955 13956 13957 13958
v -256.880005 5.430000 108.680000
v -256.880005 5.430000 98.799995
v -257.259979 5.430000 98.799995
v -262.579987 5.430000 108.680000
v -266.000000 5.430000 107.919998
v -266.380005 5.430000 107.919998
v -266.759979 5.430000 108.680000
v -265.049988 5.430000 108.680000
v -258.589996 5.430000 98.799995
v -266.759979 5.430000 98.799995
v -266.759979 5.430000 105.449997
v -265.619995 5.430000 106.399994
v -265.429993 5.430000 107.159996
v -263.529999 5.430000 108.110001
f 13959 13960 13961 13962
f 13963 13964 13965 13966
f 13970 13971 13972
f 13969 13970 13972 13967 13968
v -20.900000 5.130000 245.669998
v -19.760000 5.130000 245.479996
v -19.760000 5.130000 237.119995
v -29.639999 5.130000 237.119995
v -29.639999 5.130000 246.239990
v -28.879999 5.130000 246.429993
v -28.879999 5.130000 247.000000
v -27.170000 5.130000 247.000000
v -26.980000 5.130000 246.239990
v -26.029999 5.130000 246.239990
v -25.840000 5.130000 247.000000
v -25.459999 5.130000 247.000000
v -25.269999 5.130000 246.239990
v -24.320000 5.130000 246.239990
v -24.129999 5.130000 247.000000
v -23.559999 5.130000 247.000000
v -23.369999 5.130000 246.239990
v -22.420000 5.130000 246.239990
v -22.230000 5.130000 247.000000
v -20.900000 5.130000 247.000000
f 13982 13983 13984 13985
f 13985 13986 13973
f 13986 13987 13988 13989
f 13982 13985 13973
f 13990 13991 13992 13973
f 13981 13982 13973
f 13978 13979 13980 13981
f 13981 13973 13974 13975 13976 13977
f 13989 13990 13973
f 13977 13978 13981
f 13986 13989 13973
v -266.759979 5.430000 187.720001
v -266.759979 5.430000 177.839996
v -274.929993 5.430000 177.839996
v -275.119995 5.430000 179.929993
v -274.929993 5.430000 180.879990
v -274.169983 5.430000 181.259995
v -274.169983 5.430000 182.019989
v -274.929993 5.430000 182.779999
v -276.070007 5.430000 182.970001
v -276.449982 5.430000 182.589996
v -276.639984 5.430000 180.879990
v -276.639984 5.430000 187.720001
v -271.699982 5.430000 187.720001
v -275.500000 5.430000 184.489990
v -275.500000 5.430000 183.539993
v -275.119995 5.430000 183.159988
v -273.410004 5.430000 182.970001
v -273.410004 5.430000 184.110001
v -271.509979 5.430000 185.819992
v -269.040009 5.430000 186.769989
v -268.850006 5.430000 187.720001
f 13996 13997 13998
f 14012 14013 13993
f 14004 14005 14006
f 14009 14010 14011
f 13995 13996 13998 14012 13993 13994
f 14004 14006 14007 14001
f 14002 14003 14004
f 14001 14002 14004
f 13998 14009 14011 14012
f 14000 14001 14007 14008
f 13998 13999 14009
f 13999 14000 14008 14009
v -266.759979 5.430000 148.199997
v -266.759979 5.430000 143.259995
v -273.220001 5.430000 143.259995
v -273.220001 5.430000 143.830002
v -273.600006 5.430000 144.020004
v -273.600006 5.430000 148.199997
v -274.739990 5.430000 143.639999
v -274.359985 5.430000 142.500000
v -273.600006 5.430000 142.500000
v -273.600006 5.430000 138.319992
v -276.639984 5.430000 138.319992
v -276.639984 5.430000 148.199997
v -266.759979 5.430000 138.319992
v -273.220001 5.430000 142.690002
f 14017 14018 14019 14014 14015
f 14015 14016 14017
f 14021 14022 14023
f 14019 14018 14020 14025
f 14021 14023 14024 14025 14020
f 14023 14022 14027 14015 14026
f 14027 14016 14015
v -29.639999 5.330000 69.159996
v -29.639999 5.330000 64.029999
v -37.430000 5.330000 64.029999
v -37.430000 5.330000 66.500000
v -39.520000 5.330000 66.689995
v -39.520000 5.330000 69.159996
v -38.379997 5.330000 65.739998
v -38.379997 5.330000 64.029999
v -39.520000 5.330000 64.029999
v -39.520000 5.330000 65.739998
v -29.639999 5.330000 63.079998
v -29.639999 5.430000 62.509998
v -31.539999 5.330000 62.129997
v -31.920000 5.330000 62.509998
v -36.669998 5.830000 62.320000
v -37.430000 5.730000 62.509998
v -37.430000 5.430000 63.079998
v -38.379997 5.330000 63.079998
v -38.379997 5.630000 62.320000
v -38.950001 5.430000 62.320000
v -38.950001 5.330000 63.079998
f 14031 14032 14033
f 14029 14030 14031
f 14028 14029 14031 14033
f 14034 14035 14036 14037
f 14042 14043 14044 14038 14041
f 14038 14039 14040 14041
f 14045 14046 14047 14048
v -247.000000 5.530000 237.119995
v -247.000000 5.430000 228.569992
v -247.569992 5.430000 227.239990
v -250.989990 5.030000 227.239990
v -249.849991 5.030000 230.470001
v -249.279999 5.330000 228.949997
v -248.519989 5.430000 228.949997
v -247.949997 5.430000 229.519989
v -248.330002 5.330000 230.659988
v -249.659988 5.030000 230.470001
v -248.519989 5.030000 233.889999
v -248.519989 5.030000 235.029999
v -248.899994 4.930000 235.220001
v -249.470001 4.930000 237.119995
v -248.519989 5.130000 237.119995
v -248.709991 5.030000 236.169998
v -247.569992 5.330000 235.979996
v -247.569992 5.430000 237.119995
f 14062 14063 14064
f 14061 14062 14064
f 14060 14061 14064 14065
f 14065 14066 14049
f 14050 14055 14056
f 14059 14060 14065
f 14052 14053 14054
f 14051 14052 14054 14055 14050
f 14057 14058 14059
f 14050 14056 14057 14059 14065 14049
v -266.759979 5.430000 167.959991
v -266.759979 5.430000 164.539993
v -268.470001 5.430000 164.349991
v -272.079987 5.430000 165.300003
v -274.549988 5.430000 166.440002
v -276.259979 5.430000 167.959991
v -272.649994 5.430000 162.639999
v -275.119995 5.430000 158.080002
v -276.639984 5.430000 158.080002
v -276.639984 5.430000 164.349991
v -269.229980 5.430000 161.879990
v -269.040009 5.430000 158.080002
v -273.790009 5.430000 158.080002
v -271.699982 5.430000 162.259995
v -271.320007 5.430000 162.259995
v -266.759979 5.430000 161.690002
v -266.759979 5.430000 158.080002
v -266.949982 5.430000 158.080002
v -267.329987 5.430000 161.690002
f 14067 14068 14069 14070 14071 14072
f 14073 14074 14075 14076
f 14080 14081 14077 14078 14079
f 14082 14083 14084 14085
v -39.520000 5.130000 258.399994
v -39.520000 5.130000 256.880005
v -48.829998 5.130000 256.880005
v -49.020000 5.130000 258.399994
f 14086 14087 14088 14089
v -266.759979 5.430000 138.319992
v -266.759979 5.430000 133.759995
v -268.279999 5.430000 133.759995
v -268.660004 5.430000 134.709991
v -269.419983 5.430000 134.709991
v -269.799988 5.430000 133.759995
v -271.889984 5.430000 133.949997
v -271.889984 5.430000 134.330002
v -272.459991 5.430000 134.520004
v -272.459991 5.430000 138.319992
v -272.839996 5.430000 134.520004
v -273.029999 5.430000 133.949997
v -276.639984 5.430000 133.949997
v -276.639984 5.430000 138.319992
v -269.609985 5.430000 133.190002
v -268.470001 5.430000 133.190002
v -266.759979 5.430000 128.440002
v -272.459991 5.430000 128.440002
v -272.459991 5.430000 133.379990
v -271.889984 5.430000 133.569992
v -272.839996 5.430000 133.379990
v -276.639984 5.430000 128.440002
f 14091 14092 14093 14090
f 14095 14096 14097 14094
f 14090 14093 14094
f 14094 14097 14098 14099 14090
f 14099 14098 14100
f 14100 14101 14102 14103 14099
f 14105 14092 14091 14106
f 14109 14096 14095
f 14109 14095 14104 14107 14108
f 14104 14105 14106 14107
f 14102 14101 14110 14107 14111
f 14110 14108 14107
v -19.760000 5.330000 79.040001
v -19.760000 5.330000 69.159996
v -29.639999 5.330000 69.159996
v -29.639999 5.330000 79.040001
f 14112 14113 14114 14115
v -29.639999 5.230000 256.880005
v -29.639999 5.230000 252.509995
v -32.680000 5.230000 252.509995
v -32.869999 5.230000 253.080002
v -33.630001 5.230000 253.080002
v -33.820000 5.230000 252.319992
v -36.669998 5.230000 252.319992
v -36.669998 5.230000 256.880005
v -38.759998 5.130000 256.880005
v -38.759998 5.130000 251.559998
v -37.619999 5.130000 251.369995
v -37.619999 5.130000 249.279999
v -39.520000 5.130000 249.279999
v -39.520000 5.130000 256.880005
v -30.209999 5.130000 251.369995
v -30.209999 5.130000 247.379990
v -32.869999 5.130000 247.379990
v -32.869999 5.130000 251.179993
v -34.200001 5.130000 251.369995
v -34.200001 5.130000 249.279999
v -35.529999 5.130000 249.279999
v -35.340000 5.130000 248.139999
v -34.200001 5.130000 248.330002
v -34.200001 5.130000 247.000000
v -38.759998 5.130000 247.000000
v -39.139999 5.130000 248.330002
v -36.099998 5.130000 248.330002
v -36.099998 5.130000 249.279999
v -36.669998 5.130000 249.470001
v -36.669998 5.130000 251.369995
f 14120 14121 14122 14123
f 14117 14118 14119 14116
f 14119 14120 14123 14116
f 14125 14126 14127 14128
f 14125 14128 14129 14124
f 14131 14132 14133 14130
f 14137 14138 14139
f 14143 14144 14145 14136
f 14134 14135 14136 14145
f 14139 14140 14141 14142 14137
f 14136 14137 14142 14143
v -276.639984 5.130000 207.479996
v -276.639984 5.430000 197.599991
v -277.209991 5.530000 197.599991
v -277.209991 5.230000 207.479996
f 14146 14147 14148 14149
v -276.639984 5.430000 118.559998
v -276.639984 5.430000 112.290001
v -277.209991 5.430000 112.860001
v -277.209991 5.430000 118.559998
v -276.639984 5.430000 110.009995
v -276.639984 5.430000 108.680000
v -277.209991 5.430000 108.680000
v -277.209991 5.430000 110.769997
f 14150 14151 14152 14153
f 14154 14155 14156 14157
v -256.880005 5.630000 247.000000
v -256.880005 5.030000 244.529999
v -259.160004 5.330000 244.529999
v -259.729980 5.130000 244.149994
v -259.729980 5.630000 244.720001
v -260.489990 5.730000 244.909988
v -260.869995 5.830000 244.339996
v -262.199982 6.030000 244.339996
v -263.720001 6.030000 246.049988
v -263.720001 6.030000 246.429993
v -262.579987 5.730000 247.000000
f 14160 14161 14162
f 14166 14167 14168 14163 14164 14165
f 14159 14160 14162
f 14159 14162 14163 14168 14158
v -20.139999 5.230000 257.449982
v -20.139999 5.230000 256.880005
v -29.639999 5.230000 256.880005
v -29.639999 5.230000 257.449982
f 14169 14170 14171 14172
v -11.969999 5.330000 67.260002
v -12.349999 5.330000 67.260002
v -12.920000 5.330000 68.019997
v -11.780000 5.330000 68.209999
v -11.210000 5.330000 69.159996
v -10.260000 5.330000 69.159996
v -14.630000 5.330000 68.019997
v -12.730000 5.330000 66.309998
v -13.679999 5.330000 64.029999
v -19.760000 5.330000 64.029999
v -19.760000 5.330000 69.159996
v -14.440000 5.330000 69.159996
v -10.639999 5.330000 66.879997
v -10.260000 5.330000 67.639999
v -9.880000 5.330000 67.639999
v -9.880000 5.330000 65.739998
v -9.880000 5.330000 61.559998
v -11.969999 5.330000 61.559998
v -11.969999 5.330000 62.129997
v -10.830000 5.330000 64.790001
v -12.730000 5.330000 63.270000
v -13.110000 5.330000 61.559998
v -13.110000 5.330000 62.889999
v -14.059999 5.330000 63.079998
v -14.250000 5.330000 61.369999
v -19.189999 5.330000 61.369999
v -19.760000 5.430000 60.799999
v -19.760000 5.330000 63.079998
f 14174 14175 14176 14173
f 14176 14177 14178 14173
f 14179 14180 14181 14182 14183
f 14183 14184 14179
f 14185 14186 14187
f 14189 14190 14191 14192 14188
f 14193 14194 14195
f 14198 14199 14200
f 14196 14197 14198 14200
v 6.650000 5.130000 217.360001
v 6.650000 5.130000 207.479996
v 3.610000 5.130000 207.479996
v 3.610000 5.130000 217.360001
v 2.660000 5.130000 217.360001
v 2.660000 5.130000 216.599991
v 1.710000 5.130000 216.409988
v 1.710000 5.130000 215.269989
v 2.660000 5.130000 215.080002
v 2.660000 5.130000 207.479996
v -0.000000 5.130000 207.479996
v -0.000000 5.130000 208.619995
v -0.000000 5.130000 217.360001
v 0.570000 5.130000 217.360001
v 0.760000 5.130000 216.789993
v 1.710000 5.130000 216.789993
v 1.900000 5.130000 217.360001
f 14201 14202 14203 14204
f 14213 14214 14215
f 14216 14217 14205 14206 14207
f 14210 14211 14212 14208 14209
f 14213 14215 14208 14212
f 14215 14216 14207
f 14215 14207 14208
v -276.639984 5.430000 197.599991
v -276.639984 5.430000 193.419998
v -277.209991 5.430000 193.039993
v -277.209991 5.530000 197.599991
v -276.639984 5.430000 189.619995
v -276.639984 5.430000 187.720001
v -277.209991 5.430000 187.720001
v -277.209991 5.430000 189.239990
f 14219 14220 14221 14218
f 14223 14224 14225 14222
v -266.759979 5.430000 98.799995
v -266.759979 5.430000 94.049995
v -266.949982 5.430000 93.290001
v -267.709991 5.430000 93.099998
v -267.709991 5.630000 93.860001
v -268.470001 5.930000 94.049995
v -268.470001 6.030000 95.000000
v -268.850006 5.930000 95.379997
v -269.609985 5.930000 95.379997
v -269.609985 5.930000 96.139999
v -270.369995 5.930000 96.519997
v -271.509979 5.530000 98.799995
v -271.889984 5.930000 97.279999
v -273.220001 5.730000 97.279999
v -273.790009 6.130000 96.519997
v -276.449982 6.130000 96.519997
v -276.639984 6.030000 97.089996
v -276.639984 5.530000 98.799995
v -272.839996 5.530000 98.799995
v -266.759979 5.430000 92.150002
v -266.759979 5.430000 90.250000
v -268.470001 5.830000 90.439995
v -268.470001 5.730000 91.389999
f 14228 14229 14230 14227
f 14235 14236 14237
f 14233 14234 14235
f 14230 14231 14232 14227
f 14227 14233 14235 14237 14226
f 14227 14232 14233
f 14244 14238 14239
f 14241 14242 14243 14244 14239 14240
f 14246 14247 14248 14245
v -2.280000 5.230000 236.549988
v -0.950000 5.230000 236.549988
v -1.900000 5.230000 235.789993
v -2.470000 5.230000 234.649994
v -2.470000 5.230000 233.699997
v -1.900000 5.230000 233.509995
v -1.900000 5.230000 232.939987
v -0.950000 5.230000 232.179993
v -0.950000 5.230000 227.239990
v -6.080000 5.230000 227.239990
v -6.080000 5.230000 237.119995
v -2.850000 5.230000 237.119995
v -7.410000 5.130000 237.119995
v -7.410000 5.130000 236.360001
v -9.880000 5.130000 236.360001
v -9.880000 5.130000 237.119995
v -7.030000 5.130000 235.029999
v -7.220000 5.130000 232.559998
v -7.980000 5.130000 232.559998
v -8.170000 5.130000 233.319992
v -9.120000 5.130000 233.319992
v -9.309999 5.130000 232.559998
v -9.880000 5.130000 232.559998
v -9.880000 5.130000 235.029999
v -7.030000 5.130000 229.139999
v -7.980000 5.130000 229.139999
v -8.170000 5.130000 229.709991
v -8.929999 5.130000 229.709991
v -9.120000 5.130000 229.139999
v -9.500000 5.130000 229.139999
v -9.880000 5.130000 229.709991
v -9.120000 5.130000 231.989990
v -8.170000 5.130000 231.989990
v -7.030000 5.130000 227.239990
v -9.880000 5.130000 227.239990
v -9.880000 5.130000 228.569992
v -8.929999 5.130000 228.569992
v -8.170000 5.130000 228.569992
f 14249 14250 14251
f 14253 14254 14255
f 14260 14249 14251 14252
f 14255 14256 14257
f 14260 14252 14253 14259
f 14259 14253 14255 14257 14258
f 14261 14262 14263 14264
f 14269 14270 14271 14272
f 14266 14267 14268 14265
f 14268 14269 14272 14265
f 14276 14277 14278
f 14280 14276 14278 14279 14271 14270
f 14276 14280 14281 14275
f 14281 14267 14266 14273 14274 14275
f 14278 14277 14285 14283 14284
f 14283 14285 14286 14282
f 14286 14274 14273 14282
v -276.639984 5.430000 128.440002
v -276.639984 5.430000 123.309998
v -277.209991 5.430000 123.879997
v -277.209991 5.430000 128.440002
v -276.639984 5.430000 121.029999
v -276.639984 5.430000 118.559998
v -277.209991 5.430000 118.559998
v -277.209991 5.430000 121.979996
f 14287 14288 14289 14290
f 14291 14292 14293 14294
v 6.650000 5.330000 108.680000
v 6.650000 5.330000 101.459999
v 5.130000 5.330000 101.459999
v 4.180000 5.330000 101.459999
v 3.990000 5.330000 100.699997
v 3.610000 5.330000 100.699997
v 3.610000 5.330000 108.680000
v 2.660000 5.330000 108.110001
v 2.660000 5.330000 98.799995
v -0.000000 5.330000 98.799995
v -0.000000 5.330000 107.729996
v -0.000000 5.330000 108.110001
v 6.650000 5.330000 98.799995
v 3.610000 5.330000 98.799995
v 4.180000 5.330000 99.939995
v 4.940000 5.330000 99.939995
v 5.320000 5.330000 100.320000
f 14298 14299 14300 14301
f 14297 14298 14301
f 14295 14296 14297 14301
f 14305 14306 14302
f 14303 14304 14305 14302
f 14300 14299 14309 14308
f 14311 14296 14307 14310
f 14308 14309 14310 14307
f 14311 14297 14296
v -0.950000 5.330000 88.919998
v -0.950000 5.330000 79.040001
v -6.080000 5.330000 79.040001
v -6.080000 5.330000 88.919998
v -7.030000 5.330000 88.919998
v -7.030000 5.330000 79.040001
v -9.309999 5.330000 79.040001
v -8.550000 5.330000 80.180000
v -8.550000 5.330000 81.320000
v -9.880000 5.330000 83.599998
v -9.880000 5.330000 88.919998
f 14312 14313 14314 14315
f 14317 14318 14319
f 14317 14319 14320
f 14317 14320 14321 14322 14316
v -247.000000 5.630000 69.159996
v -247.000000 5.430000 59.279999
v -256.119995 6.030000 59.279999
v -255.549988 5.930000 59.849998
v -255.549988 6.230000 62.129997
v -256.119995 6.130000 63.459999
v -255.549988 6.030000 63.840000
v -255.549988 6.230000 64.979996
v -254.789993 5.930000 65.549995
v -254.789993 6.030000 66.119995
v -255.549988 6.230000 66.500000
v -255.549988 5.830000 67.260002
v -254.029999 5.530000 69.159996
f 14332 14333 14334 14335
f 14327 14328 14329
f 14329 14330 14331
f 14331 14335 14323 14324 14326
f 14327 14329 14331
f 14331 14332 14335
f 14326 14327 14331
f 14324 14325 14326
v -276.639984 5.430000 187.720001
v -276.639984 5.430000 180.879990
v -276.639984 5.430000 177.839996
v -277.209991 5.430000 177.839996
v -277.209991 5.430000 187.720001
f 14337 14338 14339
f 14337 14339 14340 14336
v -237.119995 5.430000 59.279999
v -237.119995 5.430000 56.049999
v -247.000000 5.430000 56.049999
v -247.000000 5.430000 59.279999
f 14341 14342 14343 14344
v -276.639984 5.430000 138.319992
v -276.639984 5.430000 128.440002
v -277.209991 5.430000 128.440002
v -277.209991 5.430000 134.899994
v -276.829987 5.430000 135.470001
v -276.829987 5.430000 136.989990
v -277.209991 5.430000 137.179993
v -277.209991 5.430000 138.319992
f 14351 14352 14345 14350
f 14346 14347 14348 14349
f 14349 14350 14345 14346
v 6.650000 5.130000 207.479996
v 6.650000 5.130000 197.599991
v -0.000000 5.130000 197.599991
v -0.000000 5.130000 206.529999
v 3.420000 5.130000 206.529999
v 3.610000 5.130000 207.479996
f 14357 14358 14353 14354
f 14355 14356 14357 14354
v -9.880000 5.130000 247.000000
v -9.880000 5.130000 243.580002
v -10.639999 5.130000 243.389999
v -10.639999 5.130000 242.439987
v -9.880000 5.130000 242.250000
v -9.880000 5.130000 241.679993
v -10.639999 5.130000 241.489990
v -10.639999 5.130000 240.729996
v -9.880000 5.130000 240.539993
v -9.880000 5.130000 240.349991
v -12.540000 5.130000 240.349991
v -12.730000 5.130000 238.259995
v -13.870000 5.130000 238.259995
v -14.440000 5.130000 240.349991
v -14.059999 5.130000 240.539993
v -14.059999 5.130000 242.819992
v -14.820000 5.130000 243.009995
v -14.630000 5.130000 243.389999
v -12.349999 5.130000 243.389999
v -12.160000 5.130000 244.149994
v -11.210000 5.130000 244.339996
v -11.210000 5.130000 245.099991
v -12.160000 5.130000 245.289993
v -12.349999 5.130000 244.720001
v -13.490000 5.130000 244.720001
v -13.490000 5.130000 247.000000
v -11.590000 5.130000 247.000000
v -11.780000 5.130000 245.669998
v -10.450000 5.130000 245.479996
v -10.260000 5.130000 246.619995
v -10.639999 5.130000 247.000000
v -15.200000 5.130000 244.529999
v -15.200000 5.130000 243.580002
v -15.770000 5.130000 243.009995
v -19.760000 5.130000 243.199997
v -19.760000 5.130000 245.479996
v -19.379999 5.130000 246.429993
v -18.809999 5.130000 246.429993
v -18.240000 5.130000 247.000000
v -17.859999 5.130000 247.000000
v -16.719999 5.130000 247.000000
v -16.150000 5.130000 242.819992
v -16.150000 5.130000 240.539993
v -15.009999 5.130000 238.259995
v -15.200000 5.130000 237.689987
v -16.910000 5.130000 237.689987
v -17.100000 5.130000 237.119995
v -19.760000 5.130000 237.119995
v -9.880000 5.130000 238.830002
v -9.880000 5.130000 237.119995
v -10.260000 5.130000 237.119995
v -10.450000 5.130000 237.689987
v -11.400000 5.130000 237.689987
v -11.400000 5.130000 239.019989
f 14388 14389 14359
f 14374 14375 14376 14377
f 14366 14367 14368 14369
f 14362 14363 14364 14365
f 14386 14387 14380 14381
f 14381 14382 14383
f 14377 14378 14379 14361 14362
f 14387 14388 14359 14360
f 14365 14366 14369
f 14377 14362 14365 14369 14373 14374
f 14371 14372 14373 14369 14370
f 14387 14360 14361 14379 14380
f 14381 14383 14384 14385 14386
f 14391 14376 14375 14392
f 14393 14394 14396 14399 14390 14392
f 14396 14397 14398
f 14394 14395 14396
f 14390 14391 14392
f 14396 14398 14399
f 14384 14383 14390 14399
f 14402 14403 14404 14401 14372
f 14372 14371 14402
f 14393 14392 14400
f 14404 14405 14406 14393 14400 14401
f 14408 14409 14410 14407
f 14410 14411 14412 14407
v -275.880005 5.030000 207.669998
v -275.119995 4.930000 207.479996
v -276.639984 5.130000 207.479996
v -276.639984 4.930000 209.000000
f 14413 14414 14415
f 14413 14415 14416
v -273.029999 4.930000 206.529999
v -271.889984 4.930000 206.529999
v -271.130005 4.930000 205.580002
v -266.759979 4.930000 205.580002
v -266.759979 5.330000 202.539993
v -271.699982 5.230000 202.159988
v -271.889984 5.230000 200.830002
v -276.639984 5.430000 201.019989
v -276.639984 5.130000 207.479996
v -275.119995 4.930000 207.479996
v -273.979980 4.930000 207.479996
v -271.699982 5.430000 197.599991
v -276.639984 5.430000 197.599991
v -266.949982 5.430000 200.639999
v -266.759979 5.430000 197.599991
v -269.609985 5.530000 197.599991
v -269.989990 5.530000 200.449997
f 14417 14418 14419 14422
f 14426 14427 14417
f 14425 14426 14417 14422 14423 14424
f 14419 14420 14421 14422
f 14423 14428 14429 14424
f 14430 14431 14432 14433
v -247.000000 5.430000 79.040001
v -247.000000 5.430000 76.379997
v -248.899994 5.430000 76.000000
v -250.419998 5.430000 79.040001
v -249.849991 5.430000 75.430000
v -252.129990 5.430000 74.479996
v -253.839996 5.430000 73.150002
v -254.409988 5.430000 73.150002
v -255.739990 6.030000 75.619995
v -255.549988 5.930000 78.089996
v -256.500000 6.130000 78.470001
v -256.309998 6.030000 79.040001
v -251.750000 5.430000 79.040001
v -254.789993 5.630000 72.010002
v -255.549988 6.130000 71.250000
v -255.549988 5.930000 72.010002
v -256.500000 6.330000 72.389999
v -256.500000 6.230000 72.959999
v -255.739990 5.930000 73.529999
v -247.000000 5.530000 73.339996
v -247.000000 5.630000 69.159996
v -254.029999 5.430000 69.159996
v -251.939987 5.430000 71.250000
v -247.949997 5.430000 73.339996
f 14434 14435 14436 14437
f 14443 14444 14445 14446
f 14439 14440 14441 14442
f 14446 14438 14439 14442 14443
f 14447 14448 14449
f 14449 14450 14451 14452 14447
f 14457 14453 14454 14455 14456
v -270.940002 5.430000 117.419998
v -270.750000 5.630000 116.659996
v -269.799988 5.430000 116.659996
v -267.899994 5.430000 117.799995
v -266.759979 5.430000 115.899994
v -266.759979 5.430000 115.329994
v -267.899994 5.430000 115.139999
v -268.279999 5.430000 114.189995
v -269.419983 5.430000 114.189995
v -269.989990 5.430000 113.809998
v -271.130005 5.430000 115.519997
v -271.130005 5.630000 116.279999
v -272.269989 5.430000 116.659996
v -273.410004 5.430000 118.559998
v -269.609985 5.430000 118.559998
v -274.739990 5.430000 117.799995
v -273.979980 5.430000 117.419998
v -271.130005 5.430000 113.239998
v -271.130005 5.430000 112.290001
v -269.799988 5.430000 111.339996
v -268.279999 5.430000 108.680000
v -274.169983 5.430000 108.680000
v -275.119995 5.430000 109.629997
v -276.639984 5.430000 112.290001
v -276.639984 5.430000 118.559998
v -274.929993 5.430000 118.559998
v -267.139984 5.430000 113.430000
v -267.139984 5.430000 112.669998
v -266.759979 5.430000 112.479996
v -266.759979 5.430000 108.680000
v -269.419983 5.430000 112.479996
v -268.470001 5.430000 113.239998
v -267.709991 5.430000 113.049995
v -275.690002 5.430000 108.680000
v -276.639984 5.430000 108.680000
v -276.639984 5.430000 110.009995
f 14462 14463 14464
f 14464 14465 14466
f 14466 14467 14468
f 14460 14461 14462 14464 14466 14468
f 14458 14470 14471 14472
f 14458 14459 14469 14470
f 14459 14460 14468 14469
f 14482 14483 14473
f 14482 14473 14474
f 14479 14480 14481
f 14476 14477 14478 14479
f 14475 14476 14479 14481 14482 14474
f 14490 14484 14485
f 14489 14490 14485
f 14489 14485 14486 14487 14488
f 14491 14492 14493
v -276.639984 5.430000 148.199997
v -276.639984 5.430000 138.319992
v -277.209991 5.430000 138.319992
v -277.209991 5.430000 148.199997
f 14494 14495 14496 14497
v 6.080000 5.330000 117.989998
v 6.650000 5.330000 117.989998
v 6.650000 5.330000 111.720001
v 5.320000 5.330000 111.720001
v 5.130000 5.330000 112.479996
v 3.990000 5.330000 112.479996
v 3.800000 5.330000 112.099998
v -0.000000 5.330000 112.099998
v -0.000000 5.330000 118.559998
v 5.700000 5.330000 118.559998
v 3.990000 5.330000 110.959999
v 5.130000 5.330000 110.959999
v 6.650000 5.330000 108.680000
v 3.610000 5.330000 108.680000
v 3.420000 5.330000 109.059998
v -0.000000 5.330000 109.059998
f 14500 14501 14502 14498 14499
f 14503 14504 14505 14506 14507 14498
f 14498 14502 14503
f 14509 14501 14500
f 14509 14500 14510 14511
f 14504 14508 14512 14513 14505
f 14508 14509 14511 14512
v -267.329987 5.430000 107.349998
v -271.699982 5.430000 104.879997
v -274.169983 5.430000 108.680000
v -268.279999 5.430000 108.680000
v -272.839996 5.430000 104.689995
v -272.839996 5.430000 104.309998
v -274.739990 5.430000 103.360001
v -274.739990 5.430000 102.409996
v -272.839996 5.530000 98.799995
v -276.639984 5.530000 98.799995
v -276.639984 5.430000 108.680000
v -275.690002 5.430000 108.680000
v -266.759979 5.430000 105.449997
v -266.759979 5.430000 98.799995
v -271.509979 5.530000 98.799995
v -273.600006 5.430000 102.790001
v -272.079987 5.430000 103.549995
v -271.699982 5.430000 102.790001
v -270.750000 5.430000 102.790001
f 14515 14516 14517 14514
f 14518 14519 14520 14525
f 14521 14522 14523
f 14520 14521 14523 14524 14525
f 14529 14530 14531 14528
f 14527 14528 14532 14526
f 14528 14531 14532
v -276.639984 5.430000 164.349991
v -276.639984 5.430000 158.080002
v -277.209991 5.430000 158.080002
v -277.209991 5.430000 164.919998
f 14533 14534 14535 14536
v -13.490000 5.330000 77.900002
v -13.490000 5.330000 72.199997
v -14.440000 5.330000 72.010002
v -15.009999 5.330000 71.439995
v -15.200000 5.330000 69.919998
v -14.440000 5.330000 69.159996
v -19.760000 5.330000 69.159996
v -19.760000 5.330000 79.040001
v -14.440000 5.330000 79.040001
v -9.880000 5.330000 78.089996
v -9.880000 5.330000 70.489998
v -11.020000 5.330000 71.629997
v -12.160000 5.330000 71.250000
v -12.920000 5.330000 72.199997
v -10.450000 5.330000 77.709999
v -12.349999 5.330000 70.110001
v -12.920000 5.330000 69.349998
v -13.870000 5.330000 70.110001
v -13.870000 5.330000 70.680000
v -13.110000 5.330000 70.869995
v -10.260000 5.330000 69.159996
v -11.210000 5.330000 69.159996
v -11.210000 5.330000 69.729996
v -10.830000 5.330000 69.919998
f 14541 14542 14543
f 14540 14541 14543
f 14537 14538 14539
f 14539 14540 14543 14544 14545 14537
f 14548 14549 14550 14537 14551
f 14550 14538 14537
f 14546 14547 14548 14551
f 14554 14555 14556 14552 14553
f 14558 14559 14560 14557
v -276.639984 5.430000 158.080002
v -276.639984 5.430000 155.610001
v -277.209991 5.430000 154.470001
v -277.209991 5.430000 158.080002
v -276.639984 5.430000 152.949997
v -276.639984 5.430000 148.199997
v -277.209991 5.430000 148.199997
v -277.209991 5.430000 152.190002
f 14562 14563 14564 14561
f 14566 14567 14568 14565
v -256.880005 5.630000 87.970001
v -256.880005 5.830000 84.549995
v -257.449982 6.030000 84.549995
v -257.829987 5.930000 85.500000
v -258.589996 6.330000 85.500000
v -258.589996 6.130000 86.070000
v -259.540009 6.030000 86.449997
v -259.919983 6.030000 87.400002
v -261.250000 5.830000 87.400002
v -262.009979 5.630000 86.830002
v -263.149994 5.430000 88.919998
v -257.259979 5.730000 88.919998
v -262.959991 5.430000 86.449997
v -263.529999 5.530000 85.689995
v -263.720001 5.430000 87.019997
v -264.669983 6.030000 87.209999
v -264.669983 5.430000 88.159996
v -265.809998 5.930000 88.349998
v -266.000000 5.630000 88.919998
v -264.479980 5.430000 88.919998
f 14572 14573 14574
f 14570 14571 14572 14569
f 14574 14575 14576
f 14577 14578 14579
f 14576 14577 14579 14580
f 14569 14572 14574 14576 14580
f 14581 14582 14583
f 14586 14587 14588 14585
f 14583 14585 14588 14581
f 14583 14584 14585
v -0.950000 5.230000 227.239990
v -0.950000 5.230000 220.019989
v -6.080000 5.230000 220.019989
v -6.080000 5.230000 227.239990
v -7.030000 5.130000 227.239990
v -7.030000 5.130000 220.019989
v -9.880000 5.130000 219.830002
v -9.880000 5.130000 227.239990
v -0.950000 5.230000 219.069992
v -0.950000 5.230000 218.690002
v -6.080000 5.230000 218.690002
v -6.080000 5.230000 219.069992
v -7.030000 5.130000 219.069992
v -6.840000 5.130000 217.739990
v -0.000000 5.130000 217.929993
v -0.000000 5.130000 217.360001
v -8.929999 5.130000 217.360001
v -8.929999 5.130000 219.069992
f 14589 14590 14591 14592
f 14594 14595 14596 14593
f 14597 14598 14599 14600
f 14606 14601 14602 14605
f 14602 14603 14604 14605
v -20.139999 5.230000 256.880005
v -19.760000 5.230000 254.599991
v -19.760000 5.230000 252.319992
v -23.939999 5.230000 252.319992
v -24.129999 5.230000 252.889999
v -25.080000 5.230000 252.889999
v -25.269999 5.230000 252.319992
v -25.840000 5.230000 252.319992
v -26.029999 5.230000 252.889999
v -26.980000 5.230000 252.889999
v -27.170000 5.230000 252.319992
v -29.639999 5.230000 252.509995
v -29.639999 5.230000 256.880005
v -19.760000 5.130000 251.179993
v -20.520000 5.130000 250.419998
v -20.139999 5.130000 249.279999
v -20.900000 5.130000 248.709991
v -22.230000 5.130000 248.899994
v -22.420000 5.130000 249.279999
v -22.990000 5.130000 249.279999
v -22.990000 5.130000 249.659988
v -22.420000 5.130000 249.849991
v -22.420000 5.130000 250.799988
v -22.990000 5.130000 250.989990
v -22.990000 5.130000 251.369995
v -19.760000 5.130000 251.369995
v -23.559999 5.130000 250.799988
v -23.559999 5.130000 249.849991
v -23.559999 5.130000 249.089996
v -23.369999 5.130000 248.139999
v -22.420000 5.130000 248.139999
v -20.900000 5.130000 247.000000
v -22.230000 5.130000 247.000000
v -22.420000 5.130000 247.379990
v -23.369999 5.130000 247.379990
v -23.559999 5.130000 247.000000
v -24.129999 5.130000 247.000000
v -24.320000 5.130000 247.379990
v -25.269999 5.130000 247.379990
v -25.459999 5.130000 247.000000
v -25.840000 5.130000 247.000000
v -26.029999 5.130000 247.379990
v -26.599998 5.130000 247.379990
v -26.599998 5.130000 249.659988
v -25.840000 5.130000 249.849991
v -25.840000 5.130000 250.610001
v -26.599998 5.130000 250.799988
v -26.599998 5.130000 251.369995
v -27.170000 5.130000 250.610001
v -27.170000 5.130000 249.849991
v -27.170000 5.130000 247.000000
v -28.879999 5.130000 247.000000
v -28.879999 5.130000 251.369995
f 14612 14613 14614 14615
f 14615 14616 14619
f 14616 14617 14618 14619
f 14609 14610 14611 14607 14608
f 14612 14615 14619
f 14607 14611 14612 14619
f 14625 14626 14627 14628
f 14621 14622 14623 14624 14628 14629
f 14629 14630 14631 14632 14620 14621
f 14624 14625 14628
f 14645 14646 14647 14648
f 14635 14645 14648 14650 14651 14634
f 14631 14630 14633 14652 14653 14654
f 14634 14627 14626 14635
f 14635 14636 14644 14645
f 14641 14642 14643 14644 14636
f 14648 14649 14650
f 14636 14637 14640 14641
f 14638 14639 14640 14637 14624 14623
f 14652 14633 14634 14651
f 14654 14653 14655 14659
f 14656 14650 14649
f 14659 14655 14656
f 14649 14657 14658 14659 14656
v -38.759998 5.130000 256.880005
v -39.520000 5.130000 256.880005
v -39.520000 5.130000 258.399994
v -38.570000 5.130000 258.399994
v -29.639999 5.230000 257.449982
v -29.639999 5.230000 256.880005
v -36.669998 5.230000 256.880005
v -36.669998 5.230000 257.449982
v -37.619999 5.230000 257.449982
v -37.619999 5.230000 256.880005
v -37.809998 5.230000 256.880005
f 14660 14661 14662 14663
f 14664 14665 14666 14667
f 14668 14669 14670
v -0.000000 5.330000 98.799995
v -0.000000 5.330000 97.659996
v -6.840000 5.330000 97.849998
v -7.030000 5.330000 96.709999
v -8.929999 5.330000 96.709999
v -8.929999 5.330000 98.799995
v -7.030000 5.330000 95.759995
v -7.030000 5.330000 88.919998
v -9.880000 5.330000 88.919998
v -9.880000 5.330000 95.949997
v -0.950000 5.330000 95.759995
v -0.950000 5.330000 88.919998
v -6.080000 5.330000 88.919998
v -6.080000 5.330000 95.759995
f 14673 14674 14675 14676
f 14671 14672 14673 14676
f 14677 14678 14679 14680
f 14681 14682 14683 14684
v 6.650000 5.130000 197.599991
v 6.650000 5.130000 187.720001
v -0.000000 5.130000 187.720001
v -0.000000 5.130000 197.599991
f 14685 14686 14687 14688
v -276.639984 5.430000 177.839996
v -276.639984 5.430000 177.269989
v -276.639984 5.430000 168.339996
v -277.209991 5.430000 168.529999
v -277.209991 5.430000 177.839996
f 14693 14689 14690
f 14690 14691 14692 14693
v -249.470001 5.930000 247.000000
v -249.849991 5.830000 246.429993
v -249.659988 5.730000 244.720001
v -249.089996 5.830000 244.529999
v -247.000000 5.930000 240.729996
v -247.000000 5.630000 237.119995
v -247.569992 5.430000 237.119995
v -248.519989 5.230000 237.119995
v -249.470001 4.930000 237.119995
v -251.559998 5.030000 241.110001
v -254.409988 4.930000 243.769989
v -255.739990 4.930000 244.149994
v -255.929993 5.030000 244.529999
v -256.880005 5.030000 244.529999
v -256.880005 5.630000 247.000000
v -255.360001 5.430000 247.000000
v -254.409988 5.230000 245.479996
v -252.889999 5.330000 245.289993
v -252.509995 5.830000 246.239990
v -252.889999 6.030000 246.619995
v -250.989990 5.730000 247.000000
f 14714 14694 14695
f 14704 14705 14706 14710
f 14712 14713 14714
f 14711 14712 14714 14695 14696
f 14711 14696 14697 14703 14704 14710
f 14706 14707 14708 14709 14710
f 14698 14701 14702 14703 14697
f 14698 14699 14700
f 14698 14700 14701
v 6.650000 5.130000 128.440002
v 6.650000 5.330000 119.509995
v 6.080000 5.330000 119.509995
v 5.700000 5.330000 118.559998
v -0.000000 5.330000 118.559998
v -0.000000 5.130000 128.440002
f 14717 14718 14719 14720 14715
f 14715 14716 14717
v -276.639984 6.030000 235.599991
v -276.639984 5.130000 233.699997
v -277.209991 5.130000 233.509995
v -277.209991 6.030000 235.409988
f 14722 14723 14724 14721
v -256.880005 5.430000 258.399994
v -256.880005 5.430000 256.880005
v -263.529999 5.830000 256.880005
v -263.910004 5.930000 257.449982
v -264.479980 5.930000 257.449982
v -264.479980 5.930000 258.399994
f 14728 14729 14730
f 14727 14728 14730 14725 14726
v 6.650000 5.330000 79.040001
v 6.650000 5.330000 72.199997
v 5.700000 5.330000 71.250000
v 4.370000 5.330000 71.629997
v 2.660000 5.330000 69.729996
v -0.000000 5.330000 70.869995
v -0.000000 5.330000 79.040001
v 6.650000 5.330000 70.680000
v 6.650000 5.330000 69.540001
v 6.270000 5.330000 69.349998
v 5.890000 5.330000 69.729996
v 4.560000 5.330000 69.159996
v 3.610000 5.330000 69.159996
v 4.370000 5.330000 69.919998
f 14732 14733 14734
f 14734 14735 14736
f 14732 14734 14736 14737 14731
f 14739 14740 14741 14738
f 14742 14743 14744
v -0.570000 5.130000 256.880005
v -1.520000 5.130000 253.839996
v -3.420000 5.130000 251.559998
v -6.840000 5.130000 249.659988
v -9.880000 5.130000 249.470001
v -9.880000 5.130000 256.880005
v -1.710000 5.130000 251.750000
v -1.710000 5.130000 251.369995
v -2.660000 5.130000 250.799988
v -0.000000 5.130000 250.989990
v -0.000000 5.130000 250.229996
v -0.760000 5.130000 250.229996
v -1.330000 5.130000 249.659988
v -1.330000 5.130000 248.709991
v -1.900000 5.130000 248.709991
v -2.470000 5.130000 249.279999
v -0.380000 5.130000 251.369995
v -7.030000 5.130000 248.330002
v -9.880000 5.130000 248.330002
v -9.880000 5.130000 248.519989
v -6.840000 5.130000 248.709991
v -1.710000 5.230000 247.000000
v -6.080000 5.230000 247.000000
v -6.080000 5.230000 247.569992
v -5.700000 5.230000 247.759995
v -2.280000 5.230000 247.759995
v -7.030000 5.130000 247.379990
v -7.030000 5.130000 247.000000
v -9.880000 5.130000 247.000000
v -9.880000 5.130000 247.189987
f 14745 14746 14747 14748 14749 14750
f 14751 14752 14753
f 14754 14755 14756 14761
f 14757 14758 14759 14760
f 14756 14757 14760 14761
f 14762 14763 14764 14765
f 14767 14768 14769 14770 14766
f 14772 14773 14774 14771
v -0.000000 5.330000 68.209999
v -0.000000 5.330000 59.279999
v -7.790000 5.330000 59.279999
v -8.550000 5.630000 59.279999
v -8.550000 5.430000 60.039997
v -9.690000 5.830000 60.419998
v -9.880000 5.330000 61.559998
v -9.880000 5.330000 65.739998
v -9.880000 5.330000 66.119995
v -8.360000 5.330000 67.449997
v -5.700000 5.330000 68.779999
v -1.900000 5.330000 68.970001
f 14777 14778 14779
f 14779 14780 14781
f 14782 14783 14784 14785
f 14777 14779 14781
f 14777 14781 14782 14785 14775 14776
f 14785 14786 14775
v -9.880000 5.130000 258.399994
v -9.880000 5.130000 256.880005
v -11.780000 5.130000 256.880005
v -11.969999 5.130000 258.399994
v -12.730000 5.230000 257.449982
v -12.730000 5.230000 256.880005
v -17.859999 5.230000 256.880005
v -17.859999 5.230000 257.449982
f 14787 14788 14789 14790
f 14791 14792 14793 14794
v -276.639984 5.530000 98.799995
v -276.639984 6.030000 97.089996
v -277.209991 5.930000 97.279999
v -277.209991 5.530000 98.799995
f 14795 14796 14797 14798
v 6.650000 5.130000 237.119995
v 6.650000 5.130000 227.239990
v -0.000000 5.130000 227.239990
v -0.000000 5.130000 231.799988
v 2.280000 5.130000 232.369995
v 3.990000 5.130000 233.889999
v 4.750000 5.130000 235.979996
v 5.890000 5.130000 236.169998
v 5.890000 5.530000 236.739990
v 5.130000 5.730000 237.119995
v 2.850000 5.130000 236.169998
v 2.090000 5.130000 234.080002
v 1.140000 5.130000 233.129990
v 0.570000 5.130000 233.129990
v -0.000000 5.130000 233.889999
v -0.000000 5.130000 235.409988
v 0.760000 5.130000 236.169998
f 14807 14808 14799
f 14806 14807 14799 14800
f 14804 14805 14806 14800
f 14801 14802 14803
f 14800 14801 14803 14804
f 14811 14812 14813
f 14810 14811 14813 14814 14815 14809
v 6.650000 5.330000 88.919998
v 6.650000 5.330000 79.040001
v 0.760000 5.330000 79.040001
v 0.760000 5.330000 79.610001
v 1.900000 5.330000 79.989998
v 1.900000 5.330000 80.939995
v 1.520000 5.330000 81.320000
v 0.380000 5.330000 81.129997
v -0.000000 5.330000 81.129997
v -0.000000 5.330000 88.919998
v 0.380000 5.330000 79.989998
v -0.000000 5.330000 79.040001
f 14818 14819 14820 14817
f 14822 14823 14824 14825
f 14817 14821 14822 14825 14816
f 14817 14820 14821
f 14819 14818 14827 14826
f 14826 14827 14824 14823
v -256.880005 5.430000 256.880005
v -256.880005 5.330000 255.360001
v -257.829987 5.530000 253.839996
v -259.729980 5.730000 252.129990
v -260.299988 5.730000 250.989990
v -261.250000 5.730000 250.419998
v -263.339996 5.730000 247.949997
v -264.479980 5.830000 247.379990
v -264.479980 5.930000 249.089996
v -263.529999 5.830000 249.849991
v -263.529999 5.830000 256.880005
v -256.880005 5.730000 253.080002
v -256.880005 5.730000 250.610001
v -257.639984 5.730000 250.229996
v -257.639984 5.730000 249.279999
v -256.880005 5.730000 248.899994
v -256.880005 5.630000 247.000000
v -262.579987 5.730000 247.000000
v -260.679993 5.730000 249.279999
v -259.160004 5.730000 250.419998
v -257.449982 5.730000 252.889999
f 14834 14835 14836 14837 14833
f 14828 14829 14830 14831 14837 14838
f 14831 14832 14833 14837
f 14847 14848 14839 14840 14841
f 14846 14847 14842 14844 14845
f 14842 14843 14844
f 14847 14841 14842
v 6.650000 5.130000 227.239990
v 6.650000 5.130000 217.360001
v 3.610000 5.130000 217.360001
v 3.420000 5.130000 220.019989
v -0.000000 5.130000 220.019989
v -0.000000 5.130000 227.239990
v 2.660000 5.130000 219.069992
v 2.660000 5.130000 217.360001
v 1.900000 5.130000 217.360001
v 1.520000 5.130000 218.309998
v 0.760000 5.130000 218.309998
v 0.570000 5.130000 217.360001
v -0.000000 5.130000 217.360001
v -0.000000 5.130000 217.929993
v -0.000000 5.130000 219.069992
f 14850 14851 14852 14849
f 14852 14853 14854 14849
f 14860 14861 14862
f 14859 14860 14862 14863
f 14858 14859 14863 14855
f 14856 14857 14858 14855
v -0.950000 5.330000 79.040001
v -0.950000 5.330000 71.439995
v -6.080000 5.330000 71.439995
v -6.080000 5.330000 79.040001
v -7.030000 5.330000 79.040001
v -7.030000 5.330000 70.680000
v -8.929999 5.330000 69.729996
v -9.880000 5.330000 70.489998
v -9.880000 5.330000 78.089996
v -9.309999 5.330000 79.040001
f 14864 14865 14866 14867
f 14869 14870 14871 14872 14873 14868
v 6.650000 5.330000 98.799995
v 6.650000 5.330000 88.919998
v -0.000000 5.330000 88.919998
v -0.000000 5.330000 95.759995
v 3.420000 5.330000 95.759995
v 3.610000 5.330000 98.799995
v 2.660000 5.330000 98.799995
v 2.660000 5.330000 96.709999
v -0.000000 5.330000 96.709999
v -0.000000 5.330000 97.659996
v -0.000000 5.330000 98.799995
f 14878 14879 14874 14875
f 14876 14877 14878 14875
f 14881 14882 14883
f 14880 14881 14883 14884
v -9.880000 5.130000 256.880005
v -9.880000 5.130000 249.470001
v -11.969999 5.130000 249.849991
v -14.440000 5.130000 251.179993
v -11.780000 5.130000 251.559998
v -11.780000 5.130000 256.880005
v -12.730000 5.230000 256.880005
v -12.730000 5.230000 252.319992
v -15.580000 5.230000 252.319992
v -16.719999 5.230000 253.649994
v -17.859999 5.230000 256.880005
v -18.809999 5.230000 256.880005
v -18.619999 5.230000 255.169998
v -19.000000 5.230000 255.549988
v -19.000000 5.230000 256.880005
v -18.619999 5.230000 252.509995
v -19.760000 5.230000 252.319992
v -19.760000 5.230000 254.599991
v -15.960000 5.130000 251.179993
v -16.340000 5.130000 250.989990
v -16.340000 5.130000 251.369995
v -16.340000 5.130000 249.470001
v -15.960000 5.130000 249.470001
v -16.910000 5.130000 248.519989
v -17.100000 5.130000 249.659988
v -17.670000 5.130000 250.229996
v -18.809999 5.130000 250.419998
v -17.859999 5.130000 251.179993
v -18.430000 5.130000 248.709991
v -19.000000 5.130000 247.759995
v -19.760000 5.130000 247.759995
v -19.760000 5.130000 248.330002
v -19.000000 5.130000 249.089996
v -9.880000 5.130000 248.519989
v -9.880000 5.130000 248.330002
v -11.590000 5.130000 248.330002
v -11.969999 5.130000 248.709991
v -12.160000 5.130000 247.379990
v -9.880000 5.130000 247.189987
v -9.880000 5.130000 247.000000
v -10.639999 5.130000 247.000000
v -11.590000 5.130000 247.000000
v -16.719999 5.130000 247.000000
v -15.200000 5.130000 248.709991
f 14887 14888 14889 14886
f 14885 14886 14889 14890
f 14892 14893 14894 14895 14891
f 14896 14897 14898 14899
f 14900 14901 14902
f 14903 14904 14905
f 14910 14911 14912
f 14906 14907 14908
f 14906 14908 14909
f 14906 14909 14910 14912
f 14914 14915 14916 14917 14913
f 14918 14919 14920 14921
f 14923 14924 14925
f 14922 14923 14925 14926
f 14926 14927 14928 14922
v -249.089996 5.830000 257.639984
v -249.470001 5.830000 256.880005
v -254.029999 5.330000 256.880005
v -253.080002 5.430000 258.399994
v -249.659988 5.730000 258.399994
v -255.739990 5.330000 256.880005
v -256.880005 5.430000 256.880005
v -256.880005 5.430000 258.399994
v -254.599991 5.330000 258.399994
f 14933 14929 14930 14931 14932
f 14934 14935 14936 14937
v -249.470001 5.830000 256.880005
v -249.470001 5.930000 255.929993
v -250.419998 5.830000 255.169998
v -250.419998 5.830000 248.899994
v -249.470001 5.930000 248.519989
v -249.470001 5.930000 247.000000
v -250.989990 5.730000 247.000000
v -250.419998 5.830000 247.379990
v -250.799988 6.030000 248.709991
v -251.369995 5.730000 248.709991
v -251.559998 5.730000 248.139999
v -252.889999 5.530000 247.569992
v -253.839996 5.430000 247.569992
v -254.029999 5.430000 248.709991
v -254.979996 5.630000 250.039993
v -255.169998 5.630000 251.369995
v -254.409988 5.430000 251.939987
v -252.699997 5.630000 250.799988
v -252.129990 5.630000 249.849991
v -251.369995 6.130000 250.039993
v -251.559998 5.730000 251.369995
v -252.699997 5.530000 252.319992
v -253.269989 5.430000 253.459991
v -255.549988 5.530000 253.459991
v -256.309998 5.730000 252.129990
v -256.309998 5.730000 250.610001
v -256.880005 5.730000 250.610001
v -256.880005 5.730000 253.080002
v -254.029999 5.330000 256.880005
v -255.739990 5.330000 256.880005
v -256.880005 5.330000 255.360001
v -256.880005 5.330000 256.880005
v -255.739990 5.730000 249.089996
v -255.360001 5.430000 247.000000
v -256.880005 5.630000 247.000000
v -256.880005 5.730000 248.899994
v -256.309998 5.730000 248.899994
v -256.119995 5.730000 249.279999
f 14943 14944 14945
f 14942 14943 14945 14946 14941
f 14947 14956 14957 14941 14946
f 14958 14959 14960 14940
f 14938 14939 14940 14960 14961 14966
f 14949 14950 14951 14956 14947 14948
f 14962 14963 14964 14965
f 14941 14957 14958 14940
f 14961 14962 14965 14966
f 14952 14953 14954 14955 14956 14951
f 14967 14968 14969
f 14974 14975 14970 14971 14972
f 14972 14973 14974
v -276.639984 4.930000 209.000000
v -276.639984 5.130000 207.479996
v -277.209991 5.230000 207.479996
v -277.209991 4.930000 209.569992
f 14976 14977 14978 14979
v -276.639984 5.430000 108.680000
v -276.639984 5.530000 98.799995
v -277.209991 5.530000 98.799995
v -277.209991 5.430000 108.680000
f 14980 14981 14982 14983
v -273.979980 5.330000 235.220001
v -276.639984 5.130000 233.699997
v -276.639984 6.030000 235.599991
v -273.600006 5.530000 235.789993
f 14984 14985 14986 14987
v -0.950000 5.230000 246.809998
v -0.950000 5.230000 245.669998
v -1.900000 5.230000 244.909988
v -2.470000 5.230000 243.769989
v -2.090000 5.230000 241.489990
v -2.660000 5.230000 241.299988
v -3.990000 5.230000 239.589996
v -3.990000 5.230000 238.449997
v -3.420000 5.230000 238.259995
v -3.420000 5.230000 237.689987
v -2.850000 5.230000 237.119995
v -6.080000 5.230000 237.119995
v -6.080000 5.230000 247.000000
v -1.710000 5.230000 247.000000
v -7.030000 5.130000 247.000000
v -7.030000 5.130000 240.349991
v -9.880000 5.130000 240.349991
v -9.880000 5.130000 240.539993
v -9.500000 5.130000 240.729996
v -9.500000 5.130000 241.489990
v -9.880000 5.130000 241.679993
v -9.880000 5.130000 242.250000
v -9.500000 5.130000 242.439987
v -9.500000 5.130000 243.389999
v -9.880000 5.130000 243.580002
v -9.880000 5.130000 247.000000
v -0.950000 5.230000 240.539993
v -0.950000 5.230000 238.069992
v -2.090000 5.230000 239.589996
v -7.600000 5.130000 238.830002
v -7.410000 5.130000 237.119995
v -9.880000 5.130000 237.119995
v -9.880000 5.130000 238.830002
f 14995 14996 14997 14999
f 15001 14988 14989 14990
f 15000 15001 14991 14994 14999
f 14991 14992 14993
f 14997 14998 14999
f 14991 14993 14994
f 14994 14995 14999
f 15001 14990 14991
f 15004 15005 15006 15003
f 15007 15008 15009 15010 15003
f 15003 15010 15011
f 15011 15012 15013
f 15003 15006 15007
f 15002 15003 15011 15013
f 15014 15015 15016
f 15017 15018 15019 15020
v -247.000000 5.430000 59.279999
v -247.000000 5.430000 56.049999
v -255.549988 5.730000 56.049999
v -255.169998 5.930000 57.000000
v -255.549988 6.130000 57.189999
v -255.549988 6.130000 58.139999
v -256.500000 6.030000 58.899998
v -256.119995 6.030000 59.279999
f 15024 15025 15026 15021 15022
f 15026 15027 15028 15021
f 15022 15023 15024
v 6.650000 5.130000 256.880005
v 6.650000 5.130000 251.559998
v 2.280000 5.130000 251.369995
v 1.330000 5.130000 251.179993
v 0.190000 5.130000 252.319992
v 1.330000 5.130000 254.409988
v 1.520000 5.130000 255.739990
v 4.560000 5.130000 255.739990
v 4.750000 5.130000 256.690002
v 6.460000 5.130000 256.880005
v 6.650000 5.130000 247.000000
v 2.660000 5.130000 247.000000
v 2.660000 5.130000 248.519989
v 1.710000 5.130000 249.279999
v 2.090000 5.130000 250.229996
v 2.660000 5.130000 250.419998
v 2.660000 5.130000 251.179993
v 0.380000 5.130000 250.799988
v -0.000000 5.130000 250.229996
v -0.000000 5.130000 250.989990
v 1.330000 5.130000 248.330002
v 1.330000 5.130000 247.759995
v 0.950000 5.130000 247.569992
v -0.000000 5.130000 248.330002
v 0.570000 5.130000 249.089996
f 15037 15038 15029 15030 15036
f 15031 15032 15033 15034
f 15034 15035 15036 15030 15031
f 15042 15043 15044 15030 15039 15041
f 15039 15040 15041
f 15045 15031 15030
f 15044 15045 15030
f 15046 15047 15048
f 15049 15050 15051 15052 15053
v 4.560000 5.330000 69.159996
v 5.130000 5.330000 68.209999
v 6.460000 5.330000 68.019997
v 5.700000 5.330000 67.070000
v 3.610000 5.330000 69.159996
v 2.850000 5.330000 66.689995
v 4.370000 5.330000 64.599998
v 5.320000 5.330000 61.750000
v 5.320000 5.330000 59.279999
v -0.000000 5.330000 59.279999
v -0.000000 5.330000 68.209999
v 6.650000 5.330000 66.500000
v 6.650000 5.330000 65.169998
v 6.080000 5.330000 65.930000
f 15055 15056 15057
f 15055 15057 15058 15054
f 15060 15061 15062 15063 15064 15059
f 15065 15066 15067
v 5.320000 5.130000 258.399994
v 5.320000 5.130000 257.639984
v 3.990000 5.130000 257.639984
v 3.990000 5.130000 258.399994
v 2.660000 5.130000 258.399994
v 3.040000 5.130000 256.880005
v 1.900000 5.130000 256.880005
v 1.900000 5.130000 258.399994
f 15068 15069 15070 15071
f 15072 15073 15074 15075
v -0.380000 5.130000 258.399994
v -0.570000 5.130000 256.880005
v -9.880000 5.130000 256.880005
v -9.880000 5.130000 258.399994
f 15077 15078 15079 15076
v -0.000000 5.330000 59.279999
v -0.000000 5.330000 56.049999
v -8.170000 5.430000 56.049999
v -7.600000 5.330000 56.619999
v -7.790000 5.330000 59.279999
f 15081 15082 15083
f 15080 15081 15083 15084
v 5.320000 5.330000 59.279999
v 5.320000 5.330000 58.329998
v 4.370000 5.330000 56.049999
v -0.000000 5.330000 56.049999
v -0.000000 5.330000 59.279999
f 15085 15086 15087 15088 15089
v 6.650000 5.130000 247.000000
v 6.650000 5.130000 238.639999
v 5.890000 5.130000 239.209991
v 5.510000 5.130000 241.110001
v 5.130000 5.130000 241.299988
v 5.130000 5.130000 243.389999
v 4.370000 5.130000 243.959991
v 3.800000 5.130000 246.049988
v 2.660000 5.130000 247.000000
v 2.850000 5.130000 245.289993
v 2.660000 5.130000 244.529999
v 1.140000 5.130000 244.149994
v 1.140000 5.530000 243.580002
v 1.710000 5.830000 243.199997
v -0.000000 5.130000 243.009995
v -0.000000 5.130000 244.720001
v 2.090000 5.130000 245.860001
v 4.370000 5.130000 240.539993
v 4.180000 5.130000 239.779999
v 2.660000 5.130000 239.399994
v 3.230000 5.130000 240.729996
v 6.650000 5.130000 238.069992
v 6.650000 5.130000 237.119995
v 5.130000 5.730000 237.119995
v 5.700000 5.730000 238.069992
f 15093 15094 15095
f 15091 15092 15093 15095 15090
f 15095 15096 15097 15090
f 15097 15098 15090
f 15102 15103 15104
f 15106 15099 15100 15101 15105
f 15101 15102 15104 15105
f 15108 15109 15110 15107
f 15112 15113 15114 15111
