# Exported NavMesh for DX12 Server (Welded & Y-Up Corrected)
# Coordinate System: Y-up, Left-Handed, 1 unit = 1m

v 187.720001 5.350000 -98.799995
v 182.589996 5.350000 -98.799995
v 180.119995 5.350000 -101.079994
v 180.119995 5.350000 -102.220001
v 179.360001 5.350000 -103.360001
v 178.789993 5.850000 -103.360001
v 178.599991 6.150000 -102.790001
v 177.839996 6.050000 -102.979996
v 177.839996 6.050000 -103.169998
v 179.169998 5.350000 -104.500000
v 179.360001 5.350000 -106.779999
v 178.599991 5.750000 -106.970001
v 178.220001 6.150000 -106.019997
v 177.839996 6.150000 -106.399994
v 177.839996 5.950000 -107.349998
v 178.409988 5.350000 -107.729996
v 178.029999 5.350000 -108.680000
v 184.869995 5.350000 -108.680000
v 187.720001 5.350000 -106.399994
v 187.720001 5.350000 -107.919998
v 187.339996 5.350000 -107.919998
v 186.959991 5.350000 -108.680000
v 187.720001 5.350000 -108.680000
v 180.500000 6.250000 -98.799995
v 179.550003 6.250000 -99.369995
v 179.169998 6.250000 -100.320000
v 180.690002 6.250000 -98.799995
v 128.440002 5.150000 -108.680000
v 122.360001 5.050000 -108.680000
v 122.360001 5.150000 -112.479996
v 124.639999 5.150000 -112.669998
v 124.829994 5.150000 -112.099998
v 128.059998 5.150000 -112.099998
v 128.440002 5.150000 -112.669998
v 128.250000 5.150000 -115.709999
v 127.680000 5.150000 -115.899994
v 127.680000 5.150000 -118.559998
v 128.440002 5.150000 -118.559998
v 128.440002 5.150000 -115.139999
v 125.399994 5.250000 -115.899994
v 124.639999 5.250000 -115.709999
v 124.639999 5.250000 -114.949997
v 123.500000 5.250000 -114.949997
v 123.119995 5.250000 -115.519997
v 121.979996 5.250000 -115.329994
v 121.979996 5.150000 -112.669998
v 118.559998 5.150000 -108.680000
v 118.559998 5.150000 -112.669998
v 119.699997 5.150000 -112.669998
v 119.699997 5.250000 -115.329994
v 118.559998 5.250000 -115.329994
v 118.559998 5.250000 -116.659996
v 119.509995 5.250000 -115.899994
v 120.649994 5.250000 -116.279999
v 120.649994 5.250000 -117.610001
v 119.509995 5.250000 -118.559998
v 122.360001 5.250000 -118.559998
v 121.219994 5.250000 -117.610001
v 121.219994 5.250000 -116.279999
v 121.599998 5.250000 -115.899994
v 122.549995 5.250000 -115.899994
v 122.739998 5.250000 -116.469994
v 124.070000 5.250000 -117.419998
v 124.449997 5.250000 -118.559998
v 125.399994 5.250000 -118.559998
v 138.319992 5.150000 -101.269997
v 136.610001 5.150000 -100.320000
v 136.039993 5.150000 -100.509995
v 136.419998 5.150000 -101.839996
v 138.319992 5.150000 -102.790001
v 138.319992 5.150000 -104.119995
v 137.369995 5.150000 -104.119995
v 135.849991 5.150000 -102.979996
v 136.039993 5.150000 -105.070000
v 138.319992 5.150000 -104.879997
v 137.559998 5.250000 -106.209999
v 136.610001 5.550000 -106.209999
v 135.470001 6.250000 -107.540001
v 135.470001 6.250000 -107.919998
v 136.039993 6.250000 -107.919998
v 136.610001 5.950000 -107.159996
v 137.559998 5.250000 -106.970001
v 138.129990 5.250000 -107.540001
v 137.940002 5.250000 -108.680000
v 138.319992 5.250000 -108.680000
v 138.319992 5.250000 -106.779999
v 133.759995 5.150000 -106.779999
v 132.429993 5.150000 -106.779999
v 132.239990 5.150000 -106.019997
v 128.440002 5.150000 -106.019997
v 134.139999 5.150000 -108.680000
v 134.139999 5.150000 -107.159996
v 132.809998 5.350000 -98.799995
v 128.440002 5.350000 -98.799995
v 128.440002 5.350000 -103.549995
v 132.239990 5.350000 -103.549995
v 132.809998 5.350000 -103.169998
v -177.839996 6.550000 -345.799988
v -178.220001 6.550000 -345.799988
v -178.220001 6.550000 -347.130005
v -181.069992 6.450000 -347.699982
v -182.399994 6.450000 -348.459991
v -182.209991 6.450000 -348.649994
v -181.830002 6.450000 -348.269989
v -179.169998 6.450000 -348.459991
v -179.169998 6.450000 -351.309998
v -180.309998 6.450000 -351.500000
v -180.309998 6.450000 -355.679993
v -177.839996 6.550000 -355.679993
v -178.789993 6.550000 -345.799988
v -187.720001 6.450000 -345.799988
v -187.720001 6.450000 -350.549988
v -182.779999 6.450000 -346.940002
v -180.119995 6.450000 -349.220001
v -181.069992 6.450000 -349.220001
v -181.069992 6.450000 -350.549988
v -180.119995 6.450000 -350.549988
v -181.830002 6.450000 -351.500000
v -182.209991 6.450000 -351.119995
v -185.440002 6.450000 -350.169983
v -187.720001 6.450000 -352.259979
v -187.720001 6.450000 -355.679993
v -185.059998 6.450000 -355.679993
v -185.250000 6.450000 -354.729980
v -184.300003 6.450000 -354.350006
v -183.919998 6.450000 -354.729980
v -184.110001 6.450000 -355.679993
v 128.440002 5.350000 -148.199997
v 123.689995 5.350000 -148.199997
v 123.689995 5.350000 -149.339996
v 124.449997 5.350000 -149.720001
v 124.070000 5.350000 -150.669998
v 124.829994 5.350000 -154.470001
v 125.399994 5.350000 -154.470001
v 125.779999 5.350000 -154.089996
v 126.729996 5.350000 -154.089996
v 127.110001 5.350000 -154.849991
v 127.680000 5.350000 -154.849991
v 127.869995 5.350000 -154.279999
v 128.440002 5.350000 -154.279999
v 128.440002 5.350000 -155.610001
v 127.680000 5.350000 -155.419998
v 126.919998 5.350000 -155.610001
v 125.779999 5.350000 -155.610001
v 121.599998 5.350000 -154.470001
v 121.599998 5.350000 -155.800003
v 120.459999 5.350000 -155.800003
v 120.269997 5.350000 -155.039993
v 118.559998 5.350000 -155.039993
v 118.559998 5.350000 -158.080002
v 120.459999 5.350000 -158.080002
v 120.649994 5.350000 -157.129990
v 121.409996 5.350000 -157.129990
v 121.599998 5.350000 -158.080002
v 128.440002 5.350000 -158.080002
v 123.119995 5.350000 -150.479996
v 123.119995 5.350000 -149.720001
v 118.559998 5.350000 -148.199997
v 120.459999 5.350000 -154.470001
v 167.959991 5.550000 -167.959991
v 167.199997 5.550000 -167.959991
v 166.250000 5.550000 -167.959991
v 164.919998 5.550000 -167.959991
v 164.539993 5.550000 -168.720001
v 165.869995 5.550000 -170.429993
v 167.009995 5.550000 -170.050003
v 167.199997 5.550000 -170.429993
v 167.769989 5.550000 -170.429993
v 167.959991 5.550000 -169.860001
v 167.199997 5.350000 -173.279999
v 167.199997 5.350000 -174.039993
v 165.869995 5.350000 -175.369995
v 165.110001 5.350000 -175.369995
v 163.779999 5.350000 -173.849991
v 163.970001 5.350000 -172.519989
v 162.449997 5.350000 -171.190002
v 161.119995 5.350000 -169.289993
v 159.979996 5.350000 -169.479996
v 159.410004 5.350000 -168.720001
v 158.649994 5.350000 -170.429993
v 158.649994 5.350000 -170.809998
v 159.410004 5.350000 -171.000000
v 159.410004 5.350000 -172.139999
v 158.080002 5.350000 -172.139999
v 158.080002 5.350000 -175.559998
v 163.970001 5.350000 -175.179993
v 164.349991 5.350000 -175.559998
v 164.349991 5.350000 -176.889999
v 165.300003 5.350000 -176.889999
v 165.679993 5.350000 -177.839996
v 167.580002 5.350000 -177.839996
v 167.959991 5.350000 -176.889999
v 167.959991 5.350000 -174.229996
v 162.449997 6.250000 -176.889999
v 158.080002 6.250000 -177.080002
v 158.080002 6.250000 -177.839996
v 162.449997 6.250000 -177.839996
v 158.080002 5.350000 -171.190002
v 155.989990 5.350000 -170.809998
v 155.800003 5.350000 -173.470001
v 154.660004 5.350000 -176.509995
v 154.849991 5.350000 -177.839996
v 155.800003 5.350000 -177.839996
v 155.800003 5.350000 -175.940002
v 156.179993 5.350000 -175.559998
v 157.699997 6.250000 -177.080002
v 157.699997 6.250000 -177.839996
v 157.699997 5.350000 -168.720001
v 156.940002 5.350000 -168.910004
v 156.750000 5.350000 -169.860001
v 157.319992 5.350000 -170.050003
v 157.699997 5.350000 -170.050003
v 157.889999 5.350000 -169.479996
v 156.179993 5.350000 -167.959991
v 152.949997 5.350000 -167.959991
v 151.619995 5.350000 -170.050003
v 151.619995 5.350000 -170.429993
v 152.379990 5.350000 -170.809998
v 152.379990 5.350000 -171.759995
v 151.239990 5.350000 -172.139999
v 150.860001 5.350000 -175.179993
v 149.529999 5.350000 -175.369995
v 150.860001 5.350000 -175.750000
v 150.669998 5.350000 -177.839996
v 153.709991 5.350000 -177.839996
v 153.519989 5.350000 -176.129990
v 154.660004 5.350000 -173.089996
v 154.849991 5.350000 -171.000000
v 155.610001 5.350000 -170.429993
v 151.429993 5.350000 -167.959991
v 148.199997 5.350000 -167.959991
v 148.199997 5.350000 -169.479996
v 149.910004 5.350000 -169.669998
v 150.289993 5.350000 -171.379990
v 150.479996 5.350000 -169.479996
v 185.819992 5.350000 -160.739990
v 185.629990 5.450000 -159.410004
v 186.389999 5.450000 -159.220001
v 186.389999 5.450000 -158.080002
v 184.869995 5.450000 -158.080002
v 185.059998 5.350000 -161.119995
v 184.110001 5.350000 -161.309998
v 183.919998 5.350000 -161.690002
v 184.679993 5.350000 -162.069992
v 184.110001 5.350000 -165.110001
v 187.149994 5.450000 -165.679993
v 187.339996 5.450000 -166.629990
v 186.959991 5.450000 -167.959991
v 187.720001 5.450000 -167.959991
v 187.720001 5.350000 -164.729996
v 187.339996 5.350000 -164.349991
v 187.529999 5.350000 -163.589996
v 186.009995 5.350000 -162.259995
v 186.009995 5.350000 -161.500000
v 186.959991 5.350000 -161.309998
v 187.720001 5.350000 -162.069992
v 187.720001 5.350000 -161.500000
v 183.729996 5.350000 -161.879990
v 182.970001 5.350000 -161.879990
v 183.159988 5.350000 -163.779999
v 183.539993 5.450000 -158.080002
v 181.259995 5.450000 -158.080002
v 181.259995 5.450000 -158.839996
v 181.639999 5.450000 -158.839996
v 182.209991 5.450000 -158.459991
v 183.539993 5.450000 -158.459991
v 179.169998 5.350000 -164.919998
v 178.599991 5.350000 -162.830002
v 177.839996 5.350000 -162.639999
v 177.839996 5.350000 -163.399994
v 177.839996 5.350000 -164.729996
v 177.839996 5.350000 -167.959991
v 179.169998 5.350000 -167.769989
v 182.209991 5.350000 -165.869995
v 182.970001 5.350000 -164.349991
v 182.209991 5.350000 -167.580002
v 181.449997 5.350000 -167.959991
v 182.399994 5.350000 -167.959991
v 181.639999 5.350000 -162.069992
v 179.929993 5.350000 -162.259995
v 180.119995 5.350000 -163.399994
v 181.830002 5.350000 -163.209991
v 197.599991 5.350000 -118.559998
v 187.720001 5.350000 -118.559998
v 187.720001 5.350000 -122.739998
v 188.289993 5.350000 -122.930000
v 188.289993 5.350000 -123.500000
v 197.599991 5.350000 -123.689995
v 197.599991 5.350000 -125.969994
v 197.029999 5.350000 -126.349998
v 195.129990 5.350000 -126.349998
v 194.940002 5.350000 -125.969994
v 188.289993 5.350000 -125.969994
v 187.720001 5.350000 -126.349998
v 187.720001 5.350000 -127.299995
v 192.849991 5.350000 -127.299995
v 193.419998 5.350000 -127.680000
v 197.599991 5.350000 -127.489998
v 138.319992 5.350000 -158.080002
v 131.860001 5.350000 -158.080002
v 132.050003 5.350000 -163.970001
v 132.809998 5.350000 -163.970001
v 133.190002 5.350000 -165.110001
v 132.050003 5.350000 -165.489990
v 131.669998 5.350000 -164.539993
v 130.910004 5.350000 -164.729996
v 130.720001 5.350000 -165.489990
v 129.580002 5.350000 -165.489990
v 129.199997 5.350000 -164.729996
v 128.440002 5.350000 -164.729996
v 128.440002 5.350000 -167.959991
v 138.319992 5.350000 -167.959991
v 129.580002 5.350000 -163.970001
v 130.720001 5.350000 -163.970001
v 197.599991 5.350000 -138.319992
v 195.319992 5.350000 -138.319992
v 195.319992 5.350000 -138.699997
v 197.599991 5.350000 -139.080002
v 196.269989 5.950000 -140.029999
v 195.889999 5.950000 -140.410004
v 196.080002 5.950000 -140.789993
v 197.599991 5.850000 -140.979996
v 197.599991 5.950000 -140.220001
v 197.599991 5.350000 -141.929993
v 195.699997 5.350000 -141.739990
v 194.940002 5.350000 -141.169998
v 195.129990 5.350000 -139.839996
v 194.369995 5.350000 -139.459991
v 193.989990 5.350000 -138.319992
v 193.039993 5.350000 -138.319992
v 193.419998 5.350000 -139.649994
v 192.470001 5.350000 -140.029999
v 192.659988 5.350000 -140.979996
v 192.089996 5.350000 -141.360001
v 190.949997 5.350000 -141.169998
v 190.759995 5.350000 -139.839996
v 187.720001 5.350000 -140.029999
v 187.720001 5.350000 -143.830002
v 190.949997 5.350000 -142.879990
v 193.989990 5.350000 -142.879990
v 197.599991 5.350000 -144.779999
v 196.459991 5.350000 -147.059998
v 196.080002 5.350000 -146.679993
v 196.080002 5.350000 -145.349991
v 193.419998 5.350000 -144.020004
v 191.330002 5.350000 -144.020004
v 187.720001 5.350000 -145.160004
v 187.720001 5.350000 -148.199997
v 197.599991 5.350000 -148.199997
v 197.599991 5.350000 -146.869995
v 127.680000 5.150000 -122.930000
v 128.440002 5.150000 -123.500000
v 128.059998 5.150000 -126.540001
v 118.559998 5.150000 -126.349998
v 118.559998 5.150000 -128.440002
v 128.440002 5.150000 -128.440002
v 128.440002 5.150000 -125.969994
v 124.639999 5.250000 -120.459999
v 124.259995 5.250000 -121.599998
v 122.930000 5.250000 -122.930000
v 120.269997 5.250000 -123.309998
v 118.559998 5.250000 -122.549995
v 118.559998 5.250000 -123.879997
v 124.639999 5.250000 -123.879997
v 124.639999 5.250000 -123.119995
v 125.399994 5.250000 -122.930000
v 124.639999 5.250000 -124.829994
v 118.559998 5.250000 -124.829994
v 118.559998 5.250000 -125.019997
v 119.129997 5.550000 -120.079994
v 120.079994 6.250000 -121.219994
v 120.459999 6.250000 -120.459999
v 119.699997 5.950000 -120.079994
v 119.699997 5.450000 -119.320000
v 120.269997 5.250000 -118.939995
v 121.409996 5.250000 -118.939995
v 121.599998 5.250000 -119.889999
v 122.549995 5.250000 -120.649994
v 122.739998 5.250000 -118.939995
v 197.599991 5.350000 -137.940002
v 195.129990 5.350000 -137.750000
v 196.269989 5.550000 -133.190002
v 196.269989 5.550000 -132.239990
v 195.509995 5.550000 -131.860001
v 195.889999 5.550000 -129.199997
v 194.940002 5.950000 -129.199997
v 194.940002 5.950000 -129.959991
v 195.509995 5.750000 -130.149994
v 195.319992 5.550000 -130.910004
v 192.849991 5.550000 -130.529999
v 192.659988 5.550000 -130.910004
v 191.330002 5.550000 -131.289993
v 191.139999 5.550000 -131.669998
v 191.709991 5.550000 -131.860001
v 191.519989 5.550000 -133.000000
v 192.089996 5.550000 -133.569992
v 192.849991 5.550000 -133.759995
v 192.849991 5.550000 -134.520004
v 191.899994 5.350000 -137.369995
v 192.659988 5.350000 -137.369995
v 193.800003 5.350000 -137.179993
v 193.039993 5.350000 -136.989990
v 193.039993 5.550000 -135.470001
v 194.369995 5.550000 -135.470001
v 194.369995 5.550000 -133.949997
v 196.459991 5.550000 -133.949997
v 196.839996 5.550000 -135.470001
v 196.839996 5.550000 -134.139999
v 197.220001 5.550000 -133.949997
v 193.039993 5.550000 -129.199997
v 192.470001 5.550000 -129.199997
v 192.849991 5.550000 -129.770004
v 193.229996 5.550000 -129.770004
v 190.379990 5.550000 -132.809998
v 190.379990 5.550000 -132.050003
v 190.759995 5.550000 -131.099991
v 190.759995 5.550000 -129.389999
v 190.379990 5.550000 -129.389999
v 190.379990 5.550000 -131.289993
v 188.669998 5.550000 -131.669998
v 188.479996 5.550000 -134.139999
v 189.239990 5.550000 -134.139999
v 189.619995 5.550000 -135.279999
v 191.330002 5.550000 -135.279999
v 191.519989 5.550000 -133.949997
v 190.569992 5.350000 -137.179993
v 188.860001 5.350000 -137.179993
v 188.860001 5.350000 -138.319992
v 190.569992 5.350000 -138.319992
v 174.229996 5.350000 -107.159996
v 172.709991 5.350000 -108.680000
v 175.559998 5.350000 -108.680000
v 174.800003 5.550000 -98.799995
v 167.959991 5.350000 -98.799995
v 167.959991 5.350000 -103.169998
v 171.190002 5.350000 -99.939995
v 172.519989 5.350000 -100.129997
v 173.089996 5.350000 -99.369995
v 174.419998 5.650000 -99.559998
v 174.229996 5.350000 -101.079994
v 173.849991 5.350000 -101.269997
v 174.229996 5.350000 -102.029999
v 174.800003 5.350000 -101.839996
v 174.039993 6.250000 -105.259995
v 173.660004 6.250000 -105.259995
v 173.660004 6.250000 -105.639999
v 172.519989 6.250000 -106.399994
v 170.619995 6.250000 -108.680000
v 170.809998 6.250000 -108.680000
v 174.039993 6.250000 -105.639999
v 171.759995 5.350000 -102.979996
v 168.910004 5.350000 -105.639999
v 170.239990 5.350000 -107.159996
v 171.379990 5.350000 -106.399994
v 170.619995 5.350000 -106.019997
v 170.619995 5.350000 -105.070000
v 171.000000 5.350000 -104.689995
v 171.949997 5.350000 -104.689995
v 172.330002 5.350000 -105.449997
v 173.089996 5.350000 -104.689995
v 171.379990 6.250000 -101.079994
v 171.379990 6.250000 -101.459999
v 170.619995 6.250000 -101.839996
v 170.429993 6.250000 -102.409996
v 167.959991 6.250000 -104.500000
v 167.959991 6.250000 -104.879997
v 167.959991 6.250000 -105.070000
v 169.669998 6.250000 -103.739998
v 170.619995 6.250000 -102.409996
v 171.000000 6.250000 -102.409996
v 171.190002 6.250000 -101.839996
v 172.139999 6.250000 -101.839996
v 172.519989 6.250000 -102.220001
v 172.519989 6.250000 -101.839996
v 167.959991 6.250000 -106.589996
v 167.959991 6.250000 -106.779999
v 169.669998 6.250000 -108.680000
v 170.050003 6.250000 -108.680000
v 167.959991 5.350000 -108.489998
v 167.959991 5.350000 -108.680000
v 168.149994 5.350000 -108.680000
v -217.739990 6.650000 -345.799988
v -220.779999 6.650000 -345.799988
v -220.019989 6.650000 -351.880005
v -219.449997 6.650000 -353.779999
v -219.449997 6.650000 -355.679993
v -217.360001 6.650000 -355.679993
v -217.360001 6.550000 -348.269989
v -221.539993 6.650000 -347.509979
v -222.489990 6.650000 -345.799988
v -227.239990 6.450000 -345.799988
v -227.239990 6.450000 -355.679993
v -226.669998 6.450000 -355.489990
v -226.289993 6.450000 -354.350006
v -225.339996 6.450000 -354.350006
v -222.869995 6.450000 -355.679993
v -220.589996 6.450000 -355.679993
v 128.440002 5.350000 -138.319992
v 118.559998 5.350000 -138.319992
v 118.559998 5.350000 -141.169998
v 121.219994 5.350000 -141.169998
v 121.409996 5.350000 -140.220001
v 122.360001 5.350000 -140.220001
v 122.549995 5.350000 -140.979996
v 123.689995 5.350000 -140.979996
v 124.070000 5.350000 -140.029999
v 125.019997 5.350000 -140.029999
v 125.399994 5.350000 -141.169998
v 128.440002 5.350000 -141.169998
v 125.019997 5.350000 -141.739990
v 124.259995 5.350000 -141.739990
v 123.879997 5.350000 -146.489990
v 124.449997 5.350000 -146.869995
v 124.449997 5.350000 -147.819992
v 123.879997 5.350000 -148.009995
v 123.879997 5.350000 -148.199997
v 122.360001 5.350000 -141.550003
v 121.409996 5.350000 -141.550003
v 122.930000 5.350000 -147.629990
v 122.930000 5.350000 -146.869995
v 146.110001 6.250000 -101.839996
v 146.489990 6.250000 -102.599998
v 148.199997 6.250000 -103.930000
v 148.199997 6.250000 -103.739998
v 148.009995 6.250000 -103.169998
v 146.869995 6.250000 -102.409996
v 146.869995 6.250000 -101.650002
v 147.819992 6.250000 -101.079994
v 148.199997 6.250000 -100.320000
v 148.199997 6.250000 -100.129997
v 148.009995 5.350000 -105.259995
v 145.160004 5.250000 -102.599998
v 145.160004 5.250000 -101.459999
v 147.819992 5.250000 -98.799995
v 140.789993 5.650000 -98.799995
v 139.080002 5.950000 -98.799995
v 138.509995 6.150000 -98.799995
v 138.699997 5.850000 -99.369995
v 139.270004 6.150000 -99.369995
v 140.410004 5.950000 -100.509995
v 140.979996 5.750000 -99.939995
v 141.550003 5.350000 -99.939995
v 141.739990 5.150000 -100.699997
v 140.979996 5.150000 -101.269997
v 140.599991 5.150000 -103.169998
v 139.649994 5.150000 -104.119995
v 140.220001 5.250000 -106.209999
v 140.410004 5.250000 -107.729996
v 139.080002 5.250000 -107.919998
v 138.889999 5.250000 -107.159996
v 138.699997 5.250000 -108.680000
v 138.889999 5.250000 -108.110001
v 140.410004 5.250000 -108.110001
v 141.169998 5.250000 -108.680000
v 148.199997 5.350000 -108.680000
v 148.199997 5.350000 -105.829994
v 139.270004 5.150000 -101.650002
v 139.080002 5.150000 -102.599998
v 121.599998 5.050000 -128.440002
v 121.599998 5.050000 -129.199997
v 122.360001 5.150000 -129.580002
v 122.360001 5.150000 -130.339996
v 121.599998 5.150000 -130.720001
v 121.599998 5.150000 -133.569992
v 122.360001 5.150000 -134.139999
v 128.440002 5.250000 -134.139999
v 122.360001 5.250000 -135.089996
v 121.979996 5.250000 -135.279999
v 121.979996 5.350000 -138.319992
v 121.029999 5.250000 -135.279999
v 120.649994 5.250000 -134.899994
v 120.649994 5.250000 -133.949997
v 120.839996 5.150000 -130.339996
v 120.839996 5.050000 -129.580002
v 186.580002 5.350000 -108.869995
v 186.580002 5.350000 -109.629997
v 187.720001 5.350000 -110.769997
v 185.440002 5.350000 -115.709999
v 184.679993 5.350000 -115.519997
v 184.679993 5.350000 -114.949997
v 183.539993 5.350000 -114.949997
v 182.970001 5.350000 -115.519997
v 182.209991 5.350000 -115.519997
v 181.830002 5.350000 -114.000000
v 181.830002 5.350000 -112.860001
v 182.399994 5.250000 -112.290001
v 184.300003 5.350000 -112.290001
v 184.300003 5.350000 -111.720001
v 184.869995 5.350000 -111.339996
v 184.489990 5.350000 -109.250000
v 177.839996 5.350000 -108.869995
v 177.839996 5.250000 -111.909996
v 178.979996 5.250000 -111.909996
v 179.739990 5.150000 -112.669998
v 179.739990 5.350000 -115.329994
v 178.789993 5.350000 -115.519997
v 177.839996 5.350000 -114.949997
v 177.839996 5.350000 -117.419998
v 179.550003 5.350000 -115.709999
v 180.309998 5.350000 -115.709999
v 180.690002 5.350000 -116.089996
v 180.690002 5.350000 -117.610001
v 180.309998 5.350000 -118.180000
v 179.550003 5.350000 -118.180000
v 179.550003 5.350000 -118.559998
v 182.399994 5.350000 -118.559998
v 181.259995 5.350000 -117.610001
v 181.259995 5.350000 -116.089996
v 181.639999 5.350000 -115.709999
v 182.399994 5.350000 -115.709999
v 182.589996 5.350000 -116.279999
v 183.539993 5.350000 -116.659996
v 184.300003 5.350000 -117.610001
v 184.489990 5.350000 -118.559998
v 185.440002 5.350000 -118.559998
v -158.080002 7.750000 -414.959991
v -158.649994 7.750000 -414.959991
v -158.649994 7.750000 -415.720001
v -158.080002 7.750000 -415.910004
v -159.599991 7.650000 -416.479980
v -161.690002 7.650000 -419.519989
v -162.259995 7.650000 -421.609985
v -162.259995 7.650000 -423.319977
v -161.690002 7.650000 -424.839996
v -158.080002 7.850000 -424.839996
v -158.080002 7.750000 -417.429993
v -160.550003 7.650000 -414.959991
v -167.959991 7.650000 -414.959991
v -167.959991 7.650000 -424.839996
v -163.019989 7.650000 -424.839996
v -163.589996 7.650000 -422.750000
v -163.209991 7.650000 -420.089996
v -162.259995 7.650000 -417.429993
v 137.369995 5.250000 -109.059998
v 137.179993 5.250000 -109.820000
v 138.129990 5.250000 -109.629997
v 138.319992 5.250000 -109.250000
v 138.319992 5.250000 -111.149994
v 136.800003 5.150000 -111.339996
v 135.089996 5.150000 -110.579994
v 134.330002 5.150000 -109.629997
v 138.319992 5.250000 -112.290001
v 138.319992 5.250000 -114.949997
v 138.319992 5.350000 -118.559998
v 164.160004 5.350000 -98.799995
v 163.970001 5.350000 -105.449997
v 164.539993 5.350000 -105.829994
v 164.539993 5.350000 -106.399994
v 163.589996 5.350000 -106.779999
v 163.589996 5.350000 -108.680000
v 165.869995 5.350000 -106.399994
v 165.869995 5.350000 -105.259995
v 166.819992 6.250000 -105.639999
v 167.009995 6.250000 -106.209999
v 167.580002 6.250000 -105.449997
v 158.080002 5.350000 -98.799995
v 158.080002 5.350000 -108.680000
v 163.019989 5.350000 -106.589996
v 163.019989 5.350000 -105.639999
v 177.080002 5.350000 -162.449997
v 177.080002 5.350000 -161.119995
v 175.940002 5.350000 -161.879990
v 177.459991 5.350000 -165.679993
v 176.319992 5.350000 -166.440002
v 176.319992 5.350000 -167.580002
v 175.940002 5.350000 -167.959991
v 176.509995 5.350000 -158.080002
v 175.369995 5.350000 -158.080002
v 176.889999 5.350000 -159.789993
v 174.419998 5.350000 -159.220001
v 174.039993 5.350000 -159.789993
v 174.989990 5.350000 -160.929993
v 175.369995 5.350000 -160.739990
v 175.369995 5.350000 -160.169998
v 173.660004 5.350000 -158.080002
v 173.089996 5.350000 -158.080002
v 173.279999 5.350000 -158.649994
v 172.330002 5.550000 -164.349991
v 170.809998 5.550000 -164.349991
v 170.619995 5.550000 -163.779999
v 169.479996 5.550000 -163.970001
v 169.099991 5.550000 -163.209991
v 167.959991 5.550000 -164.349991
v 168.149994 5.550000 -167.959991
v 168.529999 5.550000 -167.389999
v 169.099991 5.550000 -167.389999
v 169.479996 5.550000 -167.959991
v 170.239990 5.550000 -167.959991
v 171.000000 5.550000 -167.580002
v 170.429993 5.550000 -167.009995
v 170.429993 5.550000 -166.059998
v 171.379990 5.550000 -165.110001
v 172.330002 5.550000 -165.110001
v 169.669998 5.350000 -158.080002
v 167.959991 5.350000 -158.080002
v 167.959991 5.350000 -159.410004
v 168.339996 5.550000 -162.069992
v 167.959991 5.750000 -162.069992
v 167.959991 5.950000 -162.830002
v 168.910004 5.550000 -163.019989
v 154.089996 5.350000 -98.799995
v 155.610001 5.350000 -100.320000
v 155.610001 5.350000 -101.269997
v 151.809998 5.350000 -104.879997
v 151.619995 5.350000 -105.639999
v 151.050003 5.350000 -105.639999
v 150.099991 5.350000 -106.589996
v 148.959991 5.350000 -106.589996
v 154.089996 6.250000 -100.129997
v 152.379990 6.250000 -98.799995
v 152.190002 6.250000 -98.799995
v 152.190002 6.250000 -99.180000
v 153.899994 6.250000 -100.509995
v 153.899994 6.250000 -101.079994
v 153.139999 6.250000 -101.459999
v 151.050003 6.250000 -103.930000
v 152.379990 6.250000 -103.169998
v 154.089996 6.250000 -101.079994
v 154.470001 6.250000 -101.079994
v 151.239990 5.350000 -99.369995
v 148.199997 5.350000 -101.839996
v 149.529999 5.350000 -103.549995
v 151.239990 5.350000 -102.220001
v 149.910004 5.350000 -101.839996
v 150.099991 5.350000 -100.509995
v 151.050003 5.350000 -100.509995
v 151.429993 5.350000 -100.889999
v 151.429993 5.350000 -101.839996
v 152.569992 5.350000 -100.889999
v 150.669998 6.250000 -103.930000
v 150.099991 6.250000 -104.689995
v 149.149994 6.250000 -104.689995
v 149.529999 6.250000 -105.639999
v 151.050003 6.250000 -104.119995
v 149.529999 6.250000 -98.799995
v 148.389999 6.250000 -99.559998
v 149.720001 6.250000 -98.799995
v 186.959991 5.350000 -148.199997
v 186.769989 5.350000 -150.099991
v 181.830002 5.350000 -150.479996
v 181.639999 5.350000 -149.910004
v 179.929993 5.350000 -149.910004
v 177.839996 5.350000 -150.289993
v 177.839996 5.350000 -152.190002
v 180.690002 5.350000 -152.569992
v 181.639999 5.350000 -152.379990
v 181.830002 5.350000 -152.000000
v 183.349991 5.350000 -152.190002
v 187.720001 5.350000 -151.239990
v 187.720001 5.450000 -153.330002
v 185.440002 5.850000 -153.519989
v 186.009995 5.650000 -154.279999
v 186.009995 5.450000 -154.849991
v 185.440002 5.450000 -155.229996
v 183.159988 5.450000 -155.039993
v 183.159988 5.450000 -156.179993
v 182.399994 5.450000 -156.369995
v 182.399994 5.450000 -157.699997
v 181.449997 5.450000 -157.699997
v 181.259995 5.450000 -156.940002
v 180.309998 5.450000 -157.509995
v 187.720001 5.450000 -157.509995
v 185.819992 5.950000 -148.199997
v 181.449997 5.950000 -148.199997
v 177.839996 5.950000 -148.389999
v 177.839996 5.950000 -148.959991
v 179.739990 5.950000 -149.149994
v 182.209991 5.950000 -148.770004
v 182.589996 5.950000 -149.529999
v 183.729996 5.950000 -149.529999
v 186.009995 5.950000 -149.149994
v 145.160004 5.350000 -165.489990
v 144.779999 5.350000 -166.059998
v 143.830002 5.350000 -166.250000
v 142.500000 5.350000 -164.539993
v 142.690002 5.350000 -163.399994
v 141.360001 5.350000 -161.690002
v 140.789993 5.350000 -161.500000
v 140.220001 5.350000 -159.979996
v 138.509995 5.350000 -158.080002
v 148.199997 5.350000 -163.779999
v 147.250000 5.450000 -158.649994
v 146.679993 5.450000 -158.649994
v 146.300003 5.450000 -158.080002
v 142.879990 5.450000 -158.080002
v 142.690002 5.450000 -159.029999
v 143.449997 5.450000 -158.459991
v 144.589996 5.450000 -158.839996
v 144.779999 5.450000 -158.459991
v 145.729996 5.450000 -158.459991
v 145.919998 5.450000 -159.410004
v 145.539993 5.450000 -159.979996
v 146.489990 5.450000 -160.169998
v 146.489990 5.450000 -159.220001
v 138.319992 5.350000 -148.580002
v 136.989990 5.350000 -149.339996
v 137.179993 5.350000 -149.910004
v 138.319992 5.350000 -148.959991
v 137.559998 5.350000 -157.129990
v 137.369995 5.350000 -156.179993
v 136.610001 5.350000 -155.610001
v 136.039993 5.350000 -154.470001
v 135.660004 5.350000 -154.089996
v 134.709991 5.350000 -154.089996
v 134.330002 5.350000 -153.139999
v 128.440002 5.350000 -153.139999
v 128.819992 5.350000 -154.470001
v 128.819992 5.350000 -155.419998
v 138.319992 5.350000 -157.699997
v 135.470001 5.350000 -149.720001
v 135.470001 5.350000 -148.770004
v 136.229996 5.350000 -148.199997
v 133.949997 5.350000 -152.000000
v 135.660004 5.350000 -150.669998
v 136.419998 5.350000 -150.669998
v 163.399994 5.350000 -158.080002
v 160.360001 5.350000 -162.259995
v 158.839996 5.350000 -166.059998
v 158.080002 5.350000 -167.009995
v 158.080002 5.350000 -167.769989
v 158.649994 5.350000 -167.959991
v 158.649994 5.350000 -167.199997
v 159.789993 5.350000 -166.059998
v 160.929993 5.350000 -165.869995
v 164.349991 5.350000 -162.639999
v 164.919998 5.350000 -162.639999
v 166.059998 5.350000 -161.690002
v 167.580002 5.950000 -162.259995
v 166.819992 5.550000 -164.919998
v 166.250000 5.550000 -166.440002
v 165.110001 5.550000 -166.440002
v 165.300003 5.550000 -167.580002
v 166.059998 5.550000 -167.009995
v 167.199997 5.550000 -166.819992
v 158.839996 5.450000 -160.169998
v 159.220001 5.350000 -158.080002
v 158.080002 5.450000 -158.080002
v 158.080002 5.350000 -164.160004
v 159.220001 5.350000 -161.690002
v 160.169998 5.350000 -160.739990
v 177.839996 5.350000 -126.349998
v 177.839996 5.350000 -128.440002
v 184.869995 5.350000 -128.440002
v 185.059998 5.350000 -126.919998
v 187.339996 5.350000 -126.919998
v 184.679993 5.350000 -119.889999
v 184.300003 5.350000 -121.409996
v 182.589996 5.350000 -122.930000
v 179.739990 5.350000 -123.119995
v 177.839996 5.350000 -121.599998
v 177.839996 5.350000 -123.879997
v 184.679993 5.350000 -123.879997
v 184.679993 5.350000 -122.930000
v 185.440002 5.350000 -122.739998
v 179.169998 5.350000 -118.939995
v 179.169998 5.850000 -120.079994
v 179.550003 6.150000 -120.839996
v 179.929993 6.150000 -120.839996
v 180.309998 6.350000 -120.649994
v 179.929993 5.350000 -119.129997
v 180.309998 5.350000 -118.750000
v 181.259995 5.350000 -118.750000
v 181.639999 5.350000 -119.699997
v 182.589996 5.350000 -120.459999
v 182.779999 5.350000 -118.939995
v 155.229996 5.350000 -158.080002
v 153.519989 5.350000 -165.110001
v 153.519989 5.350000 -166.819992
v 156.369995 5.350000 -167.009995
v 157.889999 5.350000 -165.110001
v 157.699997 5.350000 -167.389999
v 157.699997 5.350000 -167.769989
v 154.089996 5.350000 -158.080002
v 153.330002 5.350000 -158.080002
v 152.000000 5.350000 -159.220001
v 152.379990 5.350000 -160.739990
v 152.379990 5.350000 -166.250000
v 152.569992 5.350000 -163.779999
v 187.720001 5.350000 -138.319992
v 184.869995 5.350000 -138.319992
v 185.250000 5.350000 -138.889999
v 186.769989 5.350000 -139.080002
v 187.529999 5.350000 -138.889999
v 184.869995 5.350000 -140.029999
v 184.300003 5.350000 -140.599991
v 183.729996 5.350000 -140.599991
v 183.539993 5.350000 -140.220001
v 182.209991 5.350000 -140.410004
v 182.019989 5.350000 -139.839996
v 181.449997 5.350000 -139.649994
v 181.449997 5.350000 -139.080002
v 181.069992 5.350000 -139.080002
v 180.119995 5.350000 -139.839996
v 181.449997 5.350000 -139.839996
v 181.639999 5.350000 -140.979996
v 181.069992 5.350000 -141.360001
v 179.929993 5.350000 -140.979996
v 179.360001 5.350000 -141.550003
v 178.029999 5.350000 -141.929993
v 177.839996 5.350000 -143.069992
v 177.839996 5.350000 -146.489990
v 181.639999 5.450000 -144.779999
v 185.819992 5.350000 -144.399994
v 182.209991 5.350000 -145.919998
v 183.539993 5.350000 -146.110001
v 186.389999 5.350000 -145.729996
v 186.769989 5.350000 -146.110001
v 185.819992 5.950000 -146.869995
v 182.209991 5.850000 -147.059998
v 182.209991 5.950000 -147.629990
v 183.729996 5.350000 -138.319992
v 182.779999 5.350000 -138.699997
v 182.779999 5.350000 -139.080002
v 183.539993 5.350000 -138.889999
v 179.550003 5.350000 -147.250000
v 181.069992 5.350000 -147.250000
v 181.449997 5.350000 -146.300003
v 177.459991 5.350000 -109.250000
v 176.319992 5.350000 -109.250000
v 170.809998 5.350000 -110.389999
v 169.860001 5.350000 -110.389999
v 167.959991 5.350000 -112.099998
v 167.959991 5.350000 -112.669998
v 168.720001 5.350000 -112.669998
v 168.910004 5.350000 -112.290001
v 173.849991 5.350000 -112.290001
v 174.229996 5.350000 -111.339996
v 176.129990 5.350000 -111.339996
v 176.699997 5.250000 -112.099998
v 177.459991 5.350000 -114.949997
v 177.269989 5.350000 -115.709999
v 176.509995 5.350000 -115.709999
v 176.509995 5.350000 -118.559998
v 177.459991 5.350000 -118.559998
v 173.849991 5.350000 -115.139999
v 167.959991 5.350000 -115.139999
v 167.959991 5.350000 -118.559998
v 174.039993 5.350000 -118.559998
v 170.619995 6.250000 -109.250000
v 138.319992 5.350000 -123.689995
v 134.709991 5.350000 -125.969994
v 134.520004 5.350000 -128.440002
v 140.979996 5.250000 -109.629997
v 140.220001 5.250000 -109.629997
v 139.459991 5.250000 -110.579994
v 143.830002 5.350000 -112.290001
v 144.209991 5.350000 -111.339996
v 145.349991 5.350000 -111.339996
v 145.539993 5.350000 -110.959999
v 148.199997 5.350000 -111.339996
v 147.059998 5.350000 -117.799995
v 146.489990 5.350000 -117.799995
v 146.300003 5.350000 -118.559998
v 146.679993 5.350000 -118.559998
v 146.679993 5.350000 -114.949997
v 146.489990 5.350000 -115.329994
v 146.869995 5.350000 -115.329994
v 146.300003 5.350000 -116.279999
v 145.729996 5.350000 -116.279999
v 144.589996 5.350000 -114.949997
v 144.589996 5.350000 -118.559998
v 144.589996 5.350000 -117.989998
v 145.539993 5.350000 -117.610001
v 145.729996 5.350000 -116.849998
v 146.300003 5.350000 -116.849998
v 138.699997 5.250000 -109.250000
v 187.339996 6.250000 -131.669998
v 187.720001 6.350000 -131.669998
v 187.720001 6.350000 -131.289993
v 187.339996 5.350000 -137.559998
v 184.679993 5.350000 -137.369995
v 184.869995 5.350000 -134.709991
v 185.629990 5.350000 -134.520004
v 185.629990 5.350000 -129.959991
v 184.869995 5.350000 -129.770004
v 177.839996 5.350000 -130.149994
v 179.360001 5.350000 -129.389999
v 180.309998 5.350000 -129.389999
v 180.690002 5.350000 -129.770004
v 181.449997 5.350000 -131.860001
v 183.919998 5.350000 -136.039993
v 183.919998 5.350000 -138.129990
v 187.720001 5.350000 -137.179993
v 179.739990 6.250000 -131.669998
v 178.409988 6.250000 -132.050003
v 178.979996 6.250000 -133.569992
v 177.839996 6.550000 -134.330002
v 177.839996 6.550000 -135.470001
v 179.550003 6.250000 -134.709991
v 180.309998 6.250000 -135.470001
v 180.309998 6.250000 -136.419998
v 181.830002 6.250000 -135.849991
v 177.839996 6.250000 -137.369995
v 177.839996 6.250000 -137.750000
v 178.220001 6.250000 -137.559998
v 138.319992 5.350000 -142.500000
v 137.940002 5.350000 -142.500000
v 137.750000 5.350000 -143.259995
v 135.089996 5.350000 -143.449997
v 134.899994 5.350000 -142.309998
v 132.809998 5.350000 -142.309998
v 132.619995 5.350000 -142.879990
v 131.860001 5.350000 -142.879990
v 131.479996 5.350000 -142.119995
v 129.770004 5.350000 -140.979996
v 129.199997 5.350000 -140.979996
v 128.819992 5.350000 -140.220001
v 128.440002 5.350000 -140.220001
v 138.319992 5.350000 -146.869995
v 135.089996 5.350000 -138.319992
v 129.199997 5.350000 -139.459991
v 130.149994 5.350000 -139.459991
v 130.339996 5.350000 -140.599991
v 131.860001 5.350000 -141.550003
v 132.619995 5.350000 -141.550003
v 134.899994 5.350000 -140.789993
v 135.279999 5.350000 -140.599991
v 138.129990 5.550000 -132.239990
v 136.800003 5.550000 -132.239990
v 136.800003 6.150000 -133.190002
v 137.559998 6.150000 -133.190002
v 137.559998 5.750000 -132.619995
v 135.089996 5.350000 -128.819992
v 129.009995 5.350000 -136.229996
v 128.629990 5.350000 -135.849991
v 128.629990 5.250000 -134.709991
v 129.009995 5.250000 -132.619995
v 128.629990 5.250000 -131.479996
v 129.770004 5.250000 -131.289993
v 129.959991 5.250000 -132.429993
v 129.959991 5.350000 -134.520004
v 130.339996 5.350000 -134.899994
v 130.149994 5.350000 -136.039993
v 176.699997 5.350000 -149.910004
v 176.129990 5.350000 -150.860001
v 174.610001 5.350000 -150.860001
v 174.229996 5.350000 -150.289993
v 174.419998 5.350000 -152.000000
v 173.849991 5.350000 -152.569992
v 171.569992 5.350000 -152.949997
v 171.949997 5.350000 -153.330002
v 171.949997 5.350000 -154.470001
v 171.379990 5.350000 -154.660004
v 171.379990 5.350000 -156.369995
v 171.759995 5.350000 -156.369995
v 174.039993 5.350000 -157.699997
v 174.989990 5.350000 -157.699997
v 176.129990 5.350000 -152.569992
v 176.699997 5.350000 -152.190002
v 176.889999 5.350000 -148.199997
v 176.319992 5.350000 -148.199997
v 176.319992 5.350000 -148.580002
v 176.889999 5.350000 -148.580002
v 173.470001 5.350000 -148.199997
v 167.959991 5.350000 -148.199997
v 167.959991 5.350000 -151.429993
v 169.289993 5.350000 -149.910004
v 170.809998 5.350000 -149.339996
v 171.569992 5.350000 -149.339996
v 171.759995 5.350000 -149.720001
v 172.519989 5.350000 -149.529999
v 172.519989 5.350000 -148.959991
v 173.089996 5.350000 -150.479996
v 171.949997 5.350000 -150.860001
v 172.139999 5.350000 -151.619995
v 173.279999 5.350000 -151.429993
v 170.429993 5.350000 -154.470001
v 170.809998 5.350000 -152.949997
v 170.429993 5.350000 -152.759995
v 170.429993 5.350000 -152.190002
v 171.000000 5.350000 -151.809998
v 170.809998 5.350000 -150.860001
v 169.860001 5.350000 -151.050003
v 167.959991 5.350000 -153.519989
v 169.669998 5.350000 -157.509995
v 170.429993 5.350000 -156.750000
v 148.199997 5.350000 -148.199997
v 144.020004 5.350000 -148.199997
v 146.110001 5.350000 -151.619995
v 148.199997 5.350000 -150.289993
v 146.489990 5.350000 -152.949997
v 146.679993 5.350000 -153.899994
v 146.110001 5.450000 -154.470001
v 145.349991 5.450000 -154.470001
v 144.970001 5.450000 -153.899994
v 144.589996 5.450000 -154.660004
v 143.639999 5.450000 -154.470001
v 142.309998 5.450000 -153.330002
v 142.309998 5.450000 -152.379990
v 142.879990 5.450000 -151.809998
v 143.449997 5.450000 -151.809998
v 142.690002 5.450000 -150.669998
v 141.360001 5.450000 -151.429993
v 140.979996 5.450000 -152.379990
v 139.649994 5.450000 -152.190002
v 139.270004 5.450000 -152.569992
v 139.270004 5.450000 -154.660004
v 138.699997 5.450000 -155.229996
v 140.410004 5.850000 -157.509995
v 140.979996 5.850000 -157.319992
v 141.169998 5.450000 -156.559998
v 141.739990 5.450000 -156.559998
v 145.729996 5.450000 -156.940002
v 144.779999 5.450000 -156.750000
v 144.779999 5.450000 -155.989990
v 147.059998 5.350000 -154.470001
v 147.629990 5.350000 -154.470001
v 147.819992 5.350000 -155.039993
v 148.199997 5.350000 -155.039993
v 148.199997 5.350000 -151.809998
v 158.080002 5.350000 -111.339996
v 158.080002 5.350000 -112.479996
v 158.080002 5.350000 -112.669998
v 165.679993 5.350000 -112.669998
v 165.869995 5.350000 -111.529999
v 167.389999 5.350000 -111.529999
v 158.459991 5.350000 -114.949997
v 158.080002 5.350000 -115.519997
v 158.080002 5.350000 -117.799995
v 158.459991 5.350000 -117.989998
v 158.459991 5.350000 -118.559998
v 148.199997 5.350000 -113.239998
v 148.199997 5.350000 -114.379997
v 148.199997 5.350000 -116.279999
v 148.199997 5.350000 -118.180000
v 148.389999 5.350000 -118.559998
v 154.849991 5.350000 -118.559998
v 155.229996 5.350000 -118.180000
v 154.849991 5.350000 -114.570000
v 155.229996 5.350000 -114.379997
v 155.229996 5.350000 -113.239998
v 154.849991 5.350000 -113.049995
v 154.849991 5.350000 -111.529999
v 155.989990 5.350000 -111.149994
v 156.369995 5.350000 -110.579994
v 157.129990 5.350000 -110.579994
v 157.509995 5.350000 -116.279999
v 156.940002 5.350000 -116.279999
v 156.940002 5.350000 -116.849998
v 157.509995 5.350000 -116.849998
v 156.750000 5.350000 -117.799995
v 156.179993 5.350000 -117.799995
v 156.369995 5.350000 -118.559998
v 156.940002 5.350000 -118.559998
v 156.750000 5.350000 -114.949997
v 156.179993 5.350000 -115.329994
v 156.750000 5.350000 -115.329994
v 177.269989 5.350000 -120.269997
v 176.509995 5.350000 -122.739998
v 177.269989 5.350000 -122.739998
v 177.459991 5.350000 -123.879997
v 174.039993 5.350000 -126.349998
v 173.849991 5.350000 -125.969994
v 167.959991 5.350000 -126.159996
v 167.959991 5.350000 -128.440002
v 167.959991 5.350000 -123.500000
v 173.849991 5.350000 -123.500000
v 167.199997 5.350000 -148.199997
v 167.199997 5.350000 -149.720001
v 165.489990 5.350000 -149.910004
v 165.110001 5.350000 -150.860001
v 163.209991 5.350000 -150.669998
v 162.830002 5.350000 -150.099991
v 162.449997 5.350000 -153.330002
v 163.019989 5.350000 -153.330002
v 163.589996 5.350000 -153.899994
v 163.399994 5.350000 -155.419998
v 166.629990 5.350000 -153.139999
v 166.629990 5.350000 -152.190002
v 167.580002 5.350000 -152.000000
v 164.349991 5.350000 -155.989990
v 163.019989 5.350000 -148.959991
v 159.789993 5.350000 -148.770004
v 158.649994 5.350000 -148.199997
v 158.080002 5.350000 -148.199997
v 159.410004 5.350000 -157.319992
v 160.550003 5.350000 -157.319992
v 160.169998 5.350000 -156.179993
v 160.360001 5.350000 -153.519989
v 161.309998 6.150000 -155.610001
v 161.309998 6.150000 -155.039993
v 161.690002 6.150000 -154.849991
v 161.500000 6.150000 -154.470001
v 161.119995 6.150000 -154.849991
v 161.309998 6.150000 -156.369995
v 162.259995 6.150000 -156.369995
v 162.259995 6.150000 -155.610001
v 162.069992 5.350000 -157.319992
v 161.500000 5.350000 -157.319992
v 161.690002 5.350000 -157.889999
v 162.259995 5.350000 -157.699997
v 154.849991 5.350000 -148.199997
v 154.849991 5.350000 -152.759995
v 157.319992 5.350000 -153.519989
v 156.750000 5.350000 -156.940002
v 156.369995 5.350000 -157.319992
v 155.229996 5.350000 -157.129990
v 156.369995 6.250000 -154.089996
v 155.800003 6.250000 -154.089996
v 155.989990 6.250000 -154.470001
v 151.239990 5.350000 -148.199997
v 150.669998 5.350000 -148.770004
v 150.099991 5.350000 -148.770004
v 149.910004 5.350000 -150.669998
v 148.959991 5.350000 -155.610001
v 149.720001 5.350000 -155.610001
v 150.479996 5.350000 -154.660004
v 154.089996 5.350000 -154.849991
v 154.470001 5.350000 -152.949997
v 153.519989 5.350000 -156.179993
v 152.190002 5.350000 -155.800003
v 153.139999 5.350000 -156.940002
v 150.860001 5.350000 -156.369995
v 150.479996 5.350000 -156.369995
v 149.910004 5.350000 -157.129990
v 150.669998 5.350000 -158.080002
v 151.050003 5.350000 -158.080002
v 151.809998 5.350000 -157.509995
v 148.770004 5.350000 -148.199997
v 148.770004 5.350000 -150.099991
v 147.819992 5.350000 -127.489998
v 148.199997 5.350000 -127.680000
v 148.199997 5.350000 -127.299995
v 145.539993 5.350000 -118.750000
v 145.539993 5.350000 -119.699997
v 145.919998 5.350000 -119.699997
v 146.489990 5.350000 -120.269997
v 146.489990 5.350000 -120.839996
v 146.869995 5.350000 -120.839996
v 146.300003 5.350000 -126.919998
v 145.539993 5.350000 -126.729996
v 145.349991 5.350000 -125.969994
v 144.779999 5.350000 -125.969994
v 144.970001 5.350000 -126.729996
v 145.539993 5.350000 -127.110001
v 145.539993 5.350000 -128.440002
v 146.679993 5.350000 -128.440002
v 146.300003 5.350000 -121.790001
v 145.729996 5.350000 -121.790001
v 145.539993 5.350000 -121.029999
v 144.589996 5.350000 -120.459999
v 144.589996 5.350000 -123.689995
v 144.779999 5.350000 -123.309998
v 145.349991 5.350000 -123.309998
v 145.729996 5.350000 -122.360001
v 146.300003 5.350000 -122.360001
v 142.309998 5.350000 -125.969994
v 141.929993 5.350000 -125.969994
v 141.929993 5.350000 -126.729996
v 140.599991 5.350000 -125.969994
v 138.699997 5.350000 -125.969994
v 138.699997 5.350000 -126.349998
v 140.599991 5.350000 -126.349998
v 175.750000 5.350000 -143.069992
v 174.989990 5.350000 -143.639999
v 174.229996 5.350000 -143.639999
v 173.470001 5.350000 -142.500000
v 173.470001 5.350000 -143.259995
v 173.089996 5.350000 -143.449997
v 173.279999 5.350000 -143.639999
v 174.229996 5.350000 -144.020004
v 174.229996 5.350000 -144.779999
v 173.660004 5.350000 -145.160004
v 174.610001 5.350000 -147.629990
v 176.129990 5.350000 -146.679993
v 176.889999 5.350000 -147.819992
v 174.229996 6.250000 -138.319992
v 173.660004 6.250000 -138.319992
v 174.419998 6.250000 -139.649994
v 174.989990 6.250000 -139.080002
v 172.899994 5.350000 -144.779999
v 171.949997 5.650000 -143.830002
v 171.379990 6.150000 -142.500000
v 170.809998 6.150000 -142.500000
v 171.190002 5.450000 -144.589996
v 170.429993 5.350000 -144.779999
v 170.239990 5.350000 -144.209991
v 169.669998 5.350000 -144.209991
v 168.529999 5.350000 -144.779999
v 167.959991 5.350000 -146.869995
v 172.519989 6.550000 -138.319992
v 170.809998 6.550000 -138.319992
v 170.239990 6.250000 -138.319992
v 169.099991 6.250000 -138.319992
v 168.149994 6.250000 -138.509995
v 168.910004 6.250000 -139.839996
v 168.910004 6.250000 -140.789993
v 168.339996 6.250000 -141.169998
v 169.669998 6.250000 -141.169998
v 169.860001 6.250000 -141.929993
v 170.619995 6.250000 -141.929993
v 170.809998 6.250000 -141.360001
v 171.759995 6.250000 -140.979996
v 171.190002 6.250000 -140.410004
v 171.000000 6.250000 -139.270004
v 147.629990 5.350000 -138.509995
v 147.440002 5.350000 -140.029999
v 145.160004 5.350000 -140.220001
v 145.539993 5.350000 -140.599991
v 145.349991 5.350000 -143.069992
v 142.879990 5.350000 -143.069992
v 142.500000 5.350000 -146.300003
v 148.199997 5.350000 -147.059998
v 148.199997 5.350000 -139.459991
v 148.199997 5.350000 -139.270004
v 146.300003 5.350000 -138.319992
v 144.970001 5.350000 -138.319992
v 144.970001 5.350000 -138.889999
v 146.300003 5.350000 -138.889999
v 142.500000 5.350000 -142.879990
v 142.500000 5.350000 -142.309998
v 139.080002 5.350000 -146.869995
v 139.649994 5.350000 -147.819992
v 140.410004 5.350000 -147.819992
v 141.360001 5.350000 -146.679993
v 142.309998 5.550000 -138.319992
v 139.270004 5.550000 -138.319992
v 139.459991 5.550000 -139.459991
v 142.119995 5.550000 -139.459991
v 172.139999 5.350000 -128.440002
v 172.139999 5.350000 -129.580002
v 172.139999 5.350000 -130.339996
v 173.279999 5.350000 -132.619995
v 176.509995 6.250000 -134.899994
v 175.559998 6.250000 -133.569992
v 175.369995 6.250000 -133.949997
v 175.940002 6.250000 -135.470001
v 174.419998 6.550000 -136.039993
v 174.039993 6.250000 -136.610001
v 173.089996 6.250000 -136.229996
v 172.519989 6.250000 -135.089996
v 172.139999 6.250000 -135.660004
v 172.709991 6.250000 -136.229996
v 172.709991 6.250000 -136.989990
v 174.039993 6.250000 -137.559998
v 175.559998 6.550000 -136.989990
v 175.940002 6.550000 -136.419998
v 177.080002 6.250000 -136.800003
v 177.269989 6.250000 -138.129990
v 177.269989 6.250000 -136.039993
v 171.949997 5.350000 -130.720001
v 170.809998 5.350000 -130.529999
v 171.000000 5.350000 -129.389999
v 167.959991 5.350000 -129.959991
v 168.339996 5.350000 -129.389999
v 169.479996 5.350000 -129.389999
v 169.860001 5.350000 -129.770004
v 169.479996 5.350000 -131.099991
v 168.339996 5.350000 -131.099991
v 167.959991 5.350000 -130.529999
v 167.959991 5.350000 -132.619995
v 168.339996 5.350000 -132.619995
v 168.720001 5.350000 -131.669998
v 169.479996 5.350000 -131.669998
v 169.669998 5.350000 -132.809998
v 170.239990 5.350000 -134.139999
v 168.720001 5.350000 -133.000000
v 167.959991 5.350000 -135.279999
v 169.669998 6.250000 -137.559998
v 169.669998 6.250000 -136.800003
v 168.910004 6.250000 -136.989990
v 147.629990 5.350000 -131.860001
v 146.869995 5.450000 -132.809998
v 147.819992 5.450000 -132.429993
v 147.819992 5.350000 -131.289993
v 148.199997 5.350000 -131.099991
v 148.199997 5.350000 -128.819992
v 148.199997 5.350000 -135.089996
v 147.629990 5.350000 -135.089996
v 147.250000 5.350000 -134.330002
v 146.300003 5.350000 -134.330002
v 146.110001 5.350000 -133.569992
v 145.539993 5.350000 -133.569992
v 145.349991 5.350000 -133.000000
v 144.970001 5.350000 -133.190002
v 144.970001 5.350000 -134.520004
v 144.589996 5.350000 -134.899994
v 143.069992 5.550000 -134.899994
v 143.069992 5.550000 -133.569992
v 141.550003 5.550000 -133.379990
v 141.550003 5.550000 -131.289993
v 142.309998 5.550000 -130.910004
v 141.360001 5.550000 -130.720001
v 140.789993 5.550000 -131.669998
v 139.839996 5.550000 -131.669998
v 139.459991 5.550000 -132.619995
v 138.319992 5.550000 -132.429993
v 138.319992 5.550000 -135.279999
v 139.080002 5.550000 -136.419998
v 139.459991 5.550000 -136.419998
v 140.789993 5.550000 -136.419998
v 141.360001 5.550000 -135.849991
v 141.550003 5.550000 -135.089996
v 142.309998 5.550000 -135.089996
v 144.589996 5.350000 -135.849991
v 147.440002 5.350000 -135.849991
v 147.629990 5.350000 -136.989990
v 148.199997 5.350000 -136.989990
v 145.729996 5.350000 -132.239990
v 146.869995 5.350000 -130.149994
v 146.110001 5.350000 -136.989990
v 144.970001 5.350000 -137.179993
v 143.259995 5.550000 -136.610001
v 141.739990 5.550000 -136.419998
v 140.599991 5.550000 -137.559998
v 139.459991 5.550000 -137.369995
v 139.080002 5.550000 -136.989990
v 138.319992 5.550000 -137.369995
v 138.319992 5.550000 -137.559998
v 139.080002 5.550000 -137.750000
v 143.069992 5.550000 -138.319992
v 142.879990 5.550000 -136.989990
v 158.459991 5.350000 -120.459999
v 158.080002 5.350000 -120.839996
v 158.080002 5.350000 -123.309998
v 158.459991 5.350000 -123.689995
v 158.080002 5.350000 -125.969994
v 158.080002 5.350000 -128.440002
v 157.509995 5.350000 -121.790001
v 156.940002 5.350000 -121.790001
v 156.940002 5.350000 -122.360001
v 157.509995 5.350000 -122.360001
v 157.509995 5.350000 -126.919998
v 156.940002 5.350000 -126.919998
v 156.750000 5.350000 -127.680000
v 155.419998 5.350000 -127.680000
v 154.849991 5.350000 -127.110001
v 155.229996 5.350000 -124.070000
v 154.849991 5.350000 -123.689995
v 148.389999 5.350000 -123.689995
v 148.199997 5.350000 -124.070000
v 148.199997 5.350000 -125.399994
v 148.770004 5.350000 -127.869995
v 148.770004 5.350000 -128.440002
v 154.279999 5.350000 -128.440002
v 154.470001 5.350000 -128.059998
v 155.229996 5.350000 -128.059998
v 155.419998 5.350000 -128.440002
v 156.179993 5.350000 -120.079994
v 156.369995 5.350000 -120.839996
v 156.750000 5.350000 -120.839996
v 156.750000 5.350000 -120.269997
v 157.509995 5.350000 -119.699997
v 157.509995 5.350000 -118.750000
v 156.750000 5.350000 -123.309998
v 156.369995 5.350000 -123.309998
v 156.369995 5.350000 -123.689995
v 156.750000 5.350000 -123.689995
v 148.199997 5.350000 -121.409996
v 148.199997 5.350000 -122.169998
v 155.229996 5.350000 -121.409996
v 167.009995 5.350000 -147.440002
v 164.160004 5.350000 -138.319992
v 158.080002 5.350000 -138.319992
v 158.080002 5.350000 -138.509995
v 159.220001 5.350000 -138.509995
v 159.599991 5.350000 -138.889999
v 159.599991 5.350000 -139.839996
v 160.169998 5.350000 -139.839996
v 161.309998 5.350000 -140.979996
v 161.309998 5.350000 -141.929993
v 160.169998 5.350000 -142.690002
v 160.169998 5.350000 -143.259995
v 160.739990 5.350000 -143.449997
v 160.739990 5.350000 -144.399994
v 165.300003 5.750000 -144.970001
v 165.869995 5.850000 -145.349991
v 166.250000 5.650000 -145.160004
v 165.869995 5.350000 -143.830002
v 167.009995 5.350000 -143.639999
v 167.009995 5.450000 -143.259995
v 164.919998 5.350000 -145.729996
v 164.919998 5.350000 -145.160004
v 160.550003 5.350000 -144.779999
v 159.599991 5.350000 -144.779999
v 159.410004 5.350000 -144.020004
v 159.029999 5.350000 -144.020004
v 159.029999 5.350000 -144.589996
v 158.080002 5.350000 -145.160004
v 158.080002 5.350000 -145.539993
v 159.029999 5.350000 -147.059998
v 160.360001 5.350000 -147.629990
v 164.160004 5.350000 -147.819992
v 165.679993 5.350000 -146.869995
v 159.789993 5.950000 -140.789993
v 159.599991 5.950000 -141.550003
v 158.839996 5.950000 -141.739990
v 158.080002 5.950000 -142.879990
v 158.080002 5.950000 -144.020004
v 158.649994 5.950000 -143.830002
v 158.649994 5.950000 -143.259995
v 159.410004 5.950000 -142.500000
v 159.789993 5.950000 -142.500000
v 160.169998 5.950000 -141.360001
v 158.080002 5.350000 -148.009995
v 158.459991 5.350000 -139.649994
v 158.080002 5.350000 -139.649994
v 158.080002 5.350000 -140.789993
v 158.459991 5.350000 -140.789993
v 156.940002 5.350000 -138.319992
v 157.509995 5.350000 -139.649994
v 157.509995 5.350000 -140.789993
v 157.319992 5.950000 -143.449997
v 155.989990 5.350000 -144.970001
v 155.610001 5.350000 -143.069992
v 150.289993 5.350000 -142.879990
v 149.149994 5.350000 -143.069992
v 149.149994 5.350000 -144.970001
v 149.339996 5.350000 -145.919998
v 150.669998 5.350000 -145.919998
v 157.509995 5.350000 -141.739990
v 156.559998 5.350000 -141.550003
v 156.559998 5.350000 -139.270004
v 155.610001 5.450000 -139.080002
v 155.610001 5.450000 -138.319992
v 149.149994 5.350000 -138.319992
v 149.529999 5.350000 -138.699997
v 149.339996 5.350000 -140.220001
v 150.479996 5.350000 -140.410004
v 155.800003 5.350000 -141.739990
v 156.369995 5.350000 -141.739990
v 156.940002 5.350000 -142.690002
v 158.080002 5.350000 -130.910004
v 162.259995 5.350000 -130.720001
v 162.449997 5.350000 -130.339996
v 163.209991 5.350000 -130.339996
v 163.779999 5.350000 -135.089996
v 163.589996 5.350000 -136.229996
v 159.979996 5.350000 -136.610001
v 158.080002 5.350000 -136.419998
v 164.349991 5.350000 -137.179993
v 158.649994 6.350000 -135.089996
v 158.080002 6.150000 -134.899994
v 158.080002 6.150000 -135.279999
v 155.610001 5.350000 -130.720001
v 156.179993 5.350000 -131.860001
v 157.319992 5.350000 -132.619995
v 157.699997 5.350000 -133.379990
v 157.509995 5.350000 -131.099991
v 156.750000 5.450000 -134.709991
v 156.750000 5.350000 -133.759995
v 155.229996 5.450000 -132.619995
v 154.470001 5.350000 -131.099991
v 149.529999 5.350000 -130.720001
v 150.099991 5.350000 -131.099991
v 150.099991 5.450000 -132.809998
v 149.720001 5.450000 -133.000000
v 149.910004 5.350000 -133.949997
v 149.339996 5.350000 -134.899994
v 155.989990 5.350000 -136.419998
v 156.750000 5.350000 -136.229996
v 156.940002 5.550000 -135.470001
v 157.129990 5.350000 -136.419998
v 128.440002 5.350000 -177.839996
v 126.349998 5.350000 -177.839996
v 126.159996 5.350000 -178.220001
v 123.119995 5.350000 -178.220001
v 121.979996 5.350000 -185.059998
v 121.790001 5.350000 -185.819992
v 121.979996 5.350000 -187.720001
v 128.440002 5.350000 -187.720001
v 122.739998 5.350000 -177.839996
v 118.559998 5.350000 -177.839996
v 118.559998 5.350000 -187.720001
v 120.459999 5.350000 -186.009995
v 120.269997 5.350000 -184.869995
v 120.649994 5.350000 -184.489990
v 121.599998 5.350000 -184.489990
v 108.680000 5.350000 -108.680000
v 105.639999 5.350000 -108.680000
v 105.639999 5.350000 -112.479996
v 106.209999 5.350000 -112.669998
v 106.209999 5.350000 -116.089996
v 105.639999 5.350000 -116.279999
v 105.639999 5.350000 -118.559998
v 108.680000 5.350000 -118.559998
v 103.549995 5.350000 -108.680000
v 98.799995 5.350000 -108.680000
v 98.799995 5.350000 -112.860001
v 102.599998 5.350000 -112.860001
v 102.790001 5.350000 -112.479996
v 103.549995 5.350000 -112.479996
v 103.549995 5.350000 -116.279999
v 102.599998 5.350000 -116.089996
v 98.799995 5.350000 -118.559998
v 103.549995 5.350000 -118.559998
v 166.629990 5.350000 -188.289993
v 165.869995 5.550000 -189.239990
v 164.349991 6.150000 -189.050003
v 164.160004 6.150000 -189.429993
v 164.919998 6.050000 -190.000000
v 166.059998 5.550000 -190.000000
v 166.819992 5.350000 -190.759995
v 167.959991 5.350000 -190.759995
v 167.959991 5.350000 -189.239990
v 167.959991 5.350000 -193.229996
v 166.819992 5.350000 -193.229996
v 166.059998 5.350000 -194.940002
v 164.349991 5.350000 -196.080002
v 158.080002 5.450000 -196.459991
v 158.080002 5.450000 -197.599991
v 167.959991 5.350000 -197.599991
v 165.679993 5.350000 -190.949997
v 165.300003 5.350000 -190.949997
v 165.300003 5.350000 -193.229996
v 165.679993 5.350000 -192.849991
v 165.489990 5.350000 -187.720001
v 165.110001 5.350000 -187.720001
v 165.110001 5.350000 -188.289993
v 165.489990 5.350000 -188.289993
v 158.080002 5.350000 -193.989990
v 158.080002 5.350000 -195.319992
v 163.589996 5.350000 -195.129990
v 164.919998 5.350000 -194.369995
v 163.209991 6.250000 -189.239990
v 163.209991 6.250000 -188.289993
v 161.500000 6.250000 -188.289993
v 161.309998 6.550000 -187.720001
v 160.360001 6.250000 -187.720001
v 160.169998 6.250000 -188.479996
v 158.459991 6.250000 -188.479996
v 158.459991 6.250000 -189.429993
v 159.220001 6.250000 -189.239990
v 159.599991 6.250000 -189.619995
v 159.410004 6.250000 -190.569992
v 161.500000 6.250000 -190.379990
v 162.069992 6.250000 -191.139999
v 162.069992 6.250000 -190.569992
v 162.449997 6.250000 -190.190002
v 163.399994 6.250000 -190.190002
v 163.589996 6.250000 -189.429993
v 118.559998 5.350000 -167.959991
v 108.680000 5.350000 -167.959991
v 108.680000 5.350000 -177.839996
v 112.099998 5.350000 -177.839996
v 112.290001 5.350000 -174.229996
v 115.709999 5.350000 -174.229996
v 115.899994 5.350000 -175.179993
v 118.559998 5.350000 -175.179993
v 118.559998 5.350000 -177.459991
v 115.899994 5.350000 -177.459991
v 115.899994 5.350000 -177.839996
v 157.129990 5.350000 -193.989990
v 156.750000 5.350000 -193.419998
v 156.369995 5.350000 -187.720001
v 155.039993 5.350000 -187.720001
v 154.660004 5.350000 -192.279999
v 156.559998 5.350000 -194.750000
v 155.989990 5.450000 -196.459991
v 155.800003 5.450000 -195.509995
v 154.279999 5.350000 -194.179993
v 153.519989 5.350000 -192.849991
v 149.720001 5.350000 -192.849991
v 149.529999 5.350000 -193.419998
v 148.770004 5.350000 -193.419998
v 148.580002 5.350000 -191.709991
v 148.199997 5.350000 -192.089996
v 148.199997 5.350000 -193.419998
v 148.199997 5.350000 -193.800003
v 149.339996 5.350000 -193.989990
v 149.149994 5.550000 -194.750000
v 148.199997 6.050000 -194.750000
v 148.199997 6.050000 -195.319992
v 149.149994 5.450000 -195.699997
v 148.959991 5.450000 -197.599991
v 153.899994 5.350000 -187.720001
v 149.910004 5.450000 -187.720001
v 149.529999 5.350000 -189.239990
v 153.330002 5.350000 -191.519989
v 148.770004 5.350000 -187.720001
v 148.389999 5.350000 -187.720001
v 148.199997 5.350000 -187.909988
v 148.199997 5.350000 -188.099991
v 148.580002 5.350000 -188.289993
v 187.720001 5.150000 -79.040001
v 183.539993 5.150000 -79.040001
v 183.349991 5.150000 -80.369995
v 182.399994 5.150000 -80.369995
v 182.019989 5.150000 -79.989998
v 182.209991 5.150000 -79.040001
v 177.839996 5.150000 -79.040001
v 177.839996 5.350000 -88.919998
v 187.720001 5.250000 -88.919998
v 138.319992 5.350000 -79.040001
v 134.709991 5.350000 -79.040001
v 134.709991 5.350000 -84.169998
v 138.319992 5.350000 -84.360001
v 138.319992 5.050000 -86.639999
v 135.849991 5.050000 -86.639999
v 135.849991 5.050000 -88.919998
v 137.179993 5.050000 -88.919998
v 138.319992 5.150000 -88.729996
v 132.809998 5.350000 -79.040001
v 128.440002 5.350000 -79.040001
v 128.440002 5.350000 -88.919998
v 132.809998 5.350000 -88.919998
v 132.809998 5.350000 -87.779999
v 132.050003 5.350000 -87.589996
v 132.050003 5.350000 -84.360001
v 132.809998 5.350000 -84.169998
v 216.789993 5.250000 -121.790001
v 216.220001 5.250000 -121.790001
v 216.220001 5.250000 -122.360001
v 216.789993 5.250000 -122.360001
v 217.360001 5.250000 -123.309998
v 217.360001 5.250000 -120.839996
v 216.789993 5.350000 -126.919998
v 216.220001 5.350000 -126.919998
v 216.029999 5.350000 -127.680000
v 214.699997 5.350000 -127.680000
v 214.129990 5.350000 -127.110001
v 214.509995 5.350000 -124.070000
v 214.129990 5.350000 -123.689995
v 207.669998 5.350000 -123.689995
v 207.479996 5.350000 -124.070000
v 207.479996 5.350000 -125.399994
v 207.669998 5.350000 -126.540001
v 208.429993 5.350000 -126.729996
v 208.239990 5.450000 -127.869995
v 207.479996 5.450000 -128.250000
v 207.479996 5.450000 -128.440002
v 217.360001 5.250000 -128.440002
v 217.360001 5.250000 -126.159996
v 216.220001 5.250000 -118.559998
v 215.839996 5.250000 -118.559998
v 215.459991 5.250000 -120.839996
v 216.029999 5.250000 -120.839996
v 216.029999 5.250000 -120.269997
v 216.789993 5.250000 -119.699997
v 216.789993 5.250000 -118.750000
v 214.129990 5.350000 -118.559998
v 207.669998 5.350000 -118.559998
v 207.479996 5.350000 -121.409996
v 207.479996 5.350000 -122.169998
v 214.509995 5.350000 -121.409996
v 108.680000 5.350000 -148.199997
v 105.639999 5.350000 -148.199997
v 105.639999 5.350000 -152.759995
v 106.209999 5.350000 -152.949997
v 106.209999 5.350000 -156.179993
v 105.639999 5.350000 -156.369995
v 105.639999 5.350000 -158.080002
v 108.680000 5.350000 -158.080002
v 104.500000 5.350000 -148.199997
v 104.689995 5.350000 -152.759995
v 104.689995 5.350000 -148.199997
v 104.500000 5.350000 -158.080002
v 104.689995 5.350000 -158.080002
v 104.689995 5.350000 -156.369995
v 103.169998 5.350000 -148.199997
v 98.799995 5.350000 -148.199997
v 98.799995 5.350000 -153.139999
v 102.599998 5.350000 -153.139999
v 103.169998 5.350000 -152.759995
v 103.169998 5.350000 -156.369995
v 102.599998 5.350000 -156.179993
v 98.799995 5.350000 -158.080002
v 103.169998 5.350000 -158.080002
v 216.979996 5.350000 -147.629990
v 216.979996 5.350000 -143.830002
v 216.599991 5.350000 -144.399994
v 214.889999 5.350000 -144.209991
v 215.269989 5.350000 -146.869995
v 216.220001 5.350000 -148.199997
v 217.360001 5.350000 -148.199997
v 217.360001 5.350000 -147.819992
v 216.029999 6.250000 -141.550003
v 216.409988 6.250000 -141.550003
v 216.409988 6.250000 -141.169998
v 215.649994 5.350000 -139.459991
v 214.509995 5.350000 -139.270004
v 214.319992 5.350000 -140.979996
v 214.699997 5.350000 -140.029999
v 215.649994 5.350000 -140.029999
v 214.319992 5.350000 -147.440002
v 213.750000 5.350000 -148.199997
v 214.699997 5.350000 -148.199997
v 213.179993 5.350000 -138.319992
v 207.479996 5.450000 -138.319992
v 207.479996 5.450000 -138.699997
v 208.619995 5.450000 -138.509995
v 209.000000 5.350000 -138.889999
v 209.000000 5.350000 -139.649994
v 208.239990 5.350000 -140.029999
v 208.429993 5.350000 -140.789993
v 207.479996 5.850000 -140.789993
v 207.479996 5.550000 -141.550003
v 207.479996 5.450000 -142.690002
v 207.479996 5.350000 -148.199997
v 212.799988 5.350000 -148.199997
v 211.659988 5.350000 -147.250000
v 212.229996 5.350000 -142.690002
v 211.659988 5.350000 -142.309998
v 211.659988 5.350000 -140.979996
v 213.179993 5.350000 -140.599991
v 213.179993 5.850000 -141.739990
v 212.610001 5.950000 -141.739990
v 212.799988 5.950000 -142.119995
v 207.479996 5.450000 -137.559998
v 213.369995 5.350000 -136.610001
v 214.509995 5.350000 -135.660004
v 214.509995 5.350000 -135.279999
v 216.029999 5.350000 -134.709991
v 216.029999 5.350000 -133.759995
v 217.360001 6.150000 -133.759995
v 217.360001 6.150000 -133.190002
v 216.029999 5.350000 -133.000000
v 215.839996 5.450000 -132.239990
v 216.979996 5.350000 -132.050003
v 216.979996 5.350000 -129.770004
v 217.360001 5.250000 -129.580002
v 207.479996 5.150000 -98.799995
v 205.769989 5.150000 -98.799995
v 205.580002 5.250000 -99.559998
v 199.309998 5.350000 -99.559998
v 198.929993 5.350000 -98.799995
v 197.599991 5.350000 -98.799995
v 197.599991 6.150000 -105.639999
v 197.979996 6.150000 -105.639999
v 197.979996 5.650000 -104.500000
v 198.929993 5.350000 -104.879997
v 198.929993 5.350000 -102.979996
v 199.309998 5.350000 -102.599998
v 205.580002 5.250000 -102.599998
v 205.769989 5.350000 -104.119995
v 207.099991 5.250000 -104.309998
v 207.099991 5.350000 -106.779999
v 205.959991 5.350000 -106.970001
v 205.959991 5.350000 -108.680000
v 207.479996 5.350000 -108.680000
v 204.819992 6.250000 -103.739998
v 199.879990 6.250000 -103.739998
v 200.069992 6.250000 -108.680000
v 200.259995 6.250000 -108.680000
v 200.259995 6.250000 -104.119995
v 204.440002 6.250000 -103.930000
v 204.629990 6.250000 -108.680000
v 204.819992 6.250000 -108.680000
v 203.489990 5.350000 -105.070000
v 201.209991 5.350000 -105.070000
v 201.209991 5.350000 -107.919998
v 201.779999 5.350000 -107.919998
v 201.779999 5.350000 -107.159996
v 202.349991 5.350000 -106.779999
v 203.300003 5.350000 -107.159996
v 203.489990 5.350000 -106.970001
v 203.110001 5.350000 -108.489998
v 202.159988 5.350000 -108.489998
v 201.209991 5.350000 -108.680000
v 203.489990 5.350000 -108.680000
v 105.639999 5.350000 -122.739998
v 106.209999 5.350000 -122.930000
v 106.209999 5.350000 -126.159996
v 105.639999 5.350000 -126.349998
v 105.639999 5.350000 -128.440002
v 108.680000 5.350000 -128.440002
v 98.799995 5.350000 -128.440002
v 103.169998 5.350000 -128.440002
v 103.169998 5.350000 -126.349998
v 102.599998 5.350000 -126.159996
v 102.599998 5.350000 -122.930000
v 103.549995 5.350000 -122.739998
v 99.750000 5.350000 -119.320000
v 100.889999 5.350000 -119.129997
v 101.079994 5.350000 -120.079994
v 100.129997 5.350000 -120.459999
v 197.599991 5.150000 -88.919998
v 193.039993 5.150000 -88.919998
v 193.229996 5.150000 -89.299995
v 194.559998 5.150000 -89.299995
v 194.750000 5.350000 -97.089996
v 187.720001 5.350000 -97.279999
v 192.279999 5.350000 -92.720001
v 190.759995 5.350000 -92.720001
v 191.139999 5.350000 -93.099998
v 190.949997 5.350000 -94.430000
v 189.429993 5.350000 -94.239998
v 189.429993 5.350000 -93.099998
v 189.809998 5.350000 -92.720001
v 188.289993 5.350000 -92.720001
v 188.289993 5.350000 -95.000000
v 192.279999 5.350000 -95.000000
v 191.709991 5.150000 -88.919998
v 187.720001 5.250000 -90.250000
v 190.190002 5.250000 -90.250000
v 190.569992 5.250000 -89.110001
v 108.680000 5.350000 -138.319992
v 105.639999 5.350000 -138.319992
v 105.639999 5.350000 -142.879990
v 106.209999 5.350000 -143.069992
v 106.209999 5.350000 -146.300003
v 105.639999 5.350000 -146.489990
v 104.500000 5.350000 -138.319992
v 104.689995 5.350000 -142.879990
v 104.689995 5.350000 -138.319992
v 104.689995 5.350000 -146.489990
v 103.169998 5.350000 -138.319992
v 98.799995 5.350000 -138.319992
v 98.799995 5.350000 -143.259995
v 102.599998 5.350000 -143.259995
v 103.169998 5.350000 -142.879990
v 103.169998 5.350000 -146.489990
v 102.599998 5.350000 -146.300003
v 187.339996 5.350000 -182.019989
v 187.339996 5.350000 -183.159988
v 187.720001 5.350000 -183.349991
v 187.720001 5.350000 -181.069992
v 187.529999 6.150000 -186.389999
v 186.959991 6.150000 -186.009995
v 186.580002 6.150000 -186.199997
v 186.959991 6.150000 -186.580002
v 186.009995 5.350000 -187.339996
v 186.199997 5.350000 -187.720001
v 187.339996 5.350000 -187.720001
v 187.529999 5.350000 -187.720001
v 186.959991 5.350000 -178.409988
v 185.819992 5.350000 -178.409988
v 185.440002 5.750000 -178.979996
v 184.489990 5.350000 -179.169998
v 184.679993 5.350000 -179.929993
v 184.110001 5.350000 -180.500000
v 183.159988 5.350000 -180.500000
v 182.970001 5.350000 -179.550003
v 182.399994 5.350000 -178.979996
v 182.779999 5.350000 -177.839996
v 177.839996 5.350000 -177.839996
v 177.839996 5.350000 -187.720001
v 183.919998 5.350000 -187.720001
v 183.729996 5.350000 -186.580002
v 184.110001 5.350000 -186.009995
v 184.489990 5.350000 -185.629990
v 185.440002 5.350000 -185.629990
v 185.250000 5.350000 -184.869995
v 186.389999 5.350000 -184.110001
v 186.199997 5.350000 -182.399994
v 118.559998 5.350000 -98.799995
v 108.680000 5.350000 -98.799995
v 108.680000 5.350000 -103.549995
v 115.899994 5.350000 -103.169998
v 116.089996 5.350000 -103.549995
v 118.559998 5.350000 -103.549995
v 118.559998 5.150000 -106.019997
v 116.089996 5.150000 -106.019997
v 115.899994 5.250000 -106.779999
v 114.570000 5.250000 -106.779999
v 114.570000 5.250000 -108.680000
v 112.290001 5.350000 -106.589996
v 112.290001 5.350000 -106.019997
v 108.680000 5.350000 -106.019997
v 112.669998 5.350000 -108.680000
v 112.669998 5.350000 -106.779999
v 174.800003 5.150000 -79.040001
v 174.610001 5.150000 -79.610001
v 173.660004 5.150000 -79.610001
v 173.470001 5.150000 -83.979996
v 174.039993 5.150000 -84.739998
v 177.839996 5.150000 -84.739998
v 174.039993 5.150000 -85.119995
v 172.519989 5.250000 -86.449997
v 171.569992 5.250000 -86.449997
v 171.379990 5.150000 -85.500000
v 167.959991 5.150000 -85.500000
v 167.959991 5.250000 -88.919998
v 173.470001 5.150000 -79.040001
v 168.529999 5.150000 -79.040001
v 168.529999 5.150000 -79.610001
v 167.959991 5.150000 -79.799995
v 172.899994 5.150000 -83.979996
v 105.639999 5.350000 -132.809998
v 106.209999 5.350000 -133.000000
v 106.209999 5.350000 -136.229996
v 105.639999 5.350000 -136.419998
v 98.799995 5.350000 -133.190002
v 102.599998 5.350000 -133.190002
v 103.169998 5.350000 -132.809998
v 103.169998 5.350000 -136.419998
v 102.599998 5.350000 -136.229996
v 118.559998 5.350000 -88.919998
v 148.199997 5.350000 -79.040001
v 141.929993 5.350000 -79.040001
v 142.119995 5.350000 -83.220001
v 145.539993 5.350000 -83.029999
v 145.729996 5.350000 -84.360001
v 148.199997 5.350000 -84.360001
v 148.199997 5.150000 -87.019997
v 141.739990 5.150000 -87.019997
v 141.550003 5.150000 -86.639999
v 139.649994 5.150000 -88.919998
v 140.410004 5.150000 -88.919998
v 141.929993 5.150000 -87.209999
v 143.639999 5.150000 -87.209999
v 145.349991 5.150000 -88.919998
v 147.819992 5.150000 -88.919998
v 148.199997 5.150000 -88.540001
v 143.259995 5.950000 -88.159996
v 142.690002 6.150000 -88.159996
v 143.259995 6.250000 -88.919998
v 143.639999 6.150000 -88.919998
v 143.639999 6.050000 -88.540001
v 142.119995 5.350000 -84.360001
v 206.720001 5.450000 -158.080002
v 202.349991 5.450000 -158.080002
v 203.489990 5.450000 -159.220001
v 204.440002 5.450000 -159.220001
v 204.629990 5.450000 -160.169998
v 202.919998 5.350000 -162.069992
v 200.830002 5.350000 -161.690002
v 200.639999 5.350000 -161.309998
v 199.879990 5.350000 -161.879990
v 199.690002 5.350000 -162.449997
v 200.449997 5.350000 -162.449997
v 200.639999 5.750000 -163.399994
v 198.550003 5.350000 -165.110001
v 198.739990 5.350000 -167.580002
v 198.360001 5.350000 -167.959991
v 202.349991 5.350000 -167.959991
v 202.919998 5.350000 -167.009995
v 203.869995 5.350000 -166.440002
v 203.300003 5.350000 -164.919998
v 203.300003 5.350000 -163.399994
v 203.679993 5.350000 -163.209991
v 203.489990 5.350000 -162.259995
v 204.059998 5.450000 -161.690002
v 205.009995 5.450000 -161.879990
v 205.389999 5.450000 -161.119995
v 207.479996 5.450000 -161.690002
v 207.479996 5.450000 -158.649994
v 207.479996 5.450000 -163.589996
v 207.099991 5.450000 -163.589996
v 207.479996 5.450000 -163.970001
v 204.440002 5.350000 -167.389999
v 203.869995 5.350000 -167.959991
v 204.629990 5.350000 -167.959991
v 199.500000 5.350000 -160.169998
v 198.550003 5.350000 -159.410004
v 197.599991 5.350000 -159.979996
v 198.550003 5.350000 -161.119995
v 199.309998 5.350000 -160.929993
v 199.309998 5.350000 -162.830002
v 198.550003 5.350000 -162.830002
v 197.599991 5.350000 -162.069992
v 197.599991 5.350000 -164.160004
v 129.199997 5.350000 -185.819992
v 130.149994 5.350000 -185.819992
v 130.339996 5.350000 -186.959991
v 129.389999 5.350000 -187.149994
v 129.389999 5.350000 -187.720001
v 138.319992 5.350000 -187.720001
v 138.319992 5.350000 -177.839996
v 128.440002 5.350000 -186.769989
v 129.009995 5.350000 -186.769989
v 129.199997 5.350000 -182.399994
v 129.009995 5.350000 -181.259995
v 130.149994 5.350000 -181.069992
v 130.339996 5.350000 -182.209991
v 197.599991 5.350000 -167.959991
v 197.220001 5.350000 -167.959991
v 196.649994 5.350000 -167.959991
v 196.649994 5.350000 -169.099991
v 195.699997 5.350000 -169.099991
v 195.319992 5.450000 -171.000000
v 194.750000 5.450000 -171.000000
v 194.559998 5.750000 -170.619995
v 192.089996 5.450000 -171.000000
v 191.519989 5.450000 -167.959991
v 187.720001 5.350000 -175.369995
v 189.429993 5.350000 -175.940002
v 189.429993 5.350000 -177.839996
v 197.599991 5.350000 -177.839996
v 115.139999 5.350000 -158.080002
v 115.139999 5.350000 -162.830002
v 116.089996 5.350000 -162.830002
v 116.279999 5.350000 -163.779999
v 118.559998 5.350000 -163.779999
v 118.559998 5.350000 -166.059998
v 116.279999 5.350000 -166.059998
v 116.089996 5.350000 -166.629990
v 112.860001 5.350000 -166.629990
v 112.669998 5.350000 -166.059998
v 108.680000 5.350000 -166.059998
v 112.669998 5.350000 -158.080002
v 108.680000 5.350000 -164.160004
v 112.669998 5.350000 -164.160004
v 167.199997 5.150000 -79.610001
v 167.199997 5.150000 -79.040001
v 163.019989 5.150000 -79.040001
v 162.830002 5.150000 -79.610001
v 161.309998 5.150000 -79.610001
v 161.119995 5.150000 -79.040001
v 159.599991 5.150000 -79.040001
v 159.410004 5.150000 -79.610001
v 158.080002 5.150000 -79.610001
v 158.080002 5.150000 -85.119995
v 159.410004 5.150000 -86.070000
v 159.599991 5.150000 -86.830002
v 159.410004 5.150000 -87.779999
v 158.080002 5.250000 -87.589996
v 158.080002 5.250000 -87.970001
v 159.410004 5.150000 -87.970001
v 159.789993 5.150000 -88.540001
v 160.929993 5.150000 -87.589996
v 161.879990 5.150000 -87.589996
v 163.019989 5.250000 -88.919998
v 157.699997 5.150000 -79.040001
v 156.369995 5.150000 -79.040001
v 156.179993 5.150000 -79.610001
v 155.419998 5.150000 -79.610001
v 155.419998 5.150000 -84.739998
v 157.509995 5.150000 -84.739998
v 157.509995 5.250000 -86.449997
v 156.559998 5.450000 -86.070000
v 155.800003 5.550000 -86.070000
v 155.610001 5.950000 -86.830002
v 154.660004 6.050000 -87.209999
v 154.660004 6.250000 -87.779999
v 155.610001 6.450000 -87.970001
v 155.800003 5.950000 -87.209999
v 156.940002 5.250000 -87.019997
v 157.319992 5.250000 -87.400002
v 157.319992 5.250000 -88.349998
v 156.750000 5.250000 -88.919998
v 157.699997 5.250000 -88.919998
v 153.330002 5.150000 -87.019997
v 148.770004 5.150000 -87.970001
v 150.479996 5.150000 -87.779999
v 151.809998 5.150000 -88.919998
v 153.330002 5.150000 -88.919998
v 152.569992 5.350000 -79.040001
v 151.809998 5.350000 -84.360001
v 151.809998 5.350000 -83.599998
v 152.569992 5.350000 -83.409996
v 125.589996 5.350000 -167.959991
v 125.589996 5.350000 -174.610001
v 126.349998 5.350000 -174.800003
v 125.019997 6.250000 -176.129990
v 124.259995 6.250000 -176.129990
v 124.259995 6.250000 -176.889999
v 125.019997 6.250000 -176.889999
v 123.309998 5.350000 -167.959991
v 122.739998 5.350000 -175.179993
v 122.930000 5.350000 -174.610001
v 123.309998 5.350000 -174.610001
v 122.739998 5.350000 -177.459991
v 205.769989 5.350000 -110.959999
v 207.479996 5.350000 -111.339996
v 206.149994 5.350000 -114.949997
v 205.769989 5.350000 -114.949997
v 205.769989 5.350000 -115.329994
v 206.339996 5.350000 -115.329994
v 206.339996 5.350000 -117.799995
v 205.769989 5.350000 -117.799995
v 205.580002 5.350000 -118.559998
v 206.149994 5.350000 -118.559998
v 205.580002 5.350000 -116.279999
v 205.009995 5.350000 -116.279999
v 204.059998 5.350000 -114.949997
v 197.599991 5.350000 -114.949997
v 204.059998 5.350000 -118.559998
v 204.059998 5.350000 -117.989998
v 204.819992 5.350000 -117.610001
v 205.009995 5.350000 -116.849998
v 205.580002 5.350000 -116.849998
v 204.440002 6.250000 -110.199997
v 200.639999 6.250000 -110.389999
v 204.819992 6.250000 -110.389999
v 204.440002 5.350000 -111.529999
v 200.639999 5.350000 -111.529999
v 200.069992 5.350000 -112.290001
v 204.440002 5.350000 -112.290001
v 201.209991 5.350000 -109.059998
v 203.489990 5.350000 -109.059998
v 198.739990 5.350000 -109.059998
v 197.599991 5.350000 -110.389999
v 197.599991 5.350000 -111.909996
v 197.789993 5.350000 -112.290001
v 199.119995 5.350000 -111.339996
v 176.509995 5.350000 -177.839996
v 176.129990 5.350000 -178.220001
v 176.129990 5.350000 -180.119995
v 175.559998 5.350000 -180.690002
v 171.569992 5.350000 -180.119995
v 171.569992 5.350000 -180.879990
v 172.709991 5.350000 -181.069992
v 173.089996 5.350000 -181.639999
v 173.089996 5.350000 -182.779999
v 172.519989 5.350000 -183.729996
v 172.709991 5.450000 -184.489990
v 171.759995 5.850000 -184.489990
v 171.379990 5.850000 -185.059998
v 169.669998 5.350000 -184.679993
v 170.619995 5.450000 -185.440002
v 170.239990 5.350000 -186.769989
v 171.190002 5.450000 -186.769989
v 171.379990 5.350000 -187.720001
v 174.989990 6.150000 -178.220001
v 174.039993 6.150000 -178.599991
v 173.849991 6.150000 -179.550003
v 174.989990 6.150000 -179.550003
v 169.669998 5.350000 -177.839996
v 169.099991 5.350000 -177.839996
v 167.959991 5.350000 -180.879990
v 167.959991 5.350000 -182.399994
v 169.099991 5.350000 -179.360001
v 169.669998 5.350000 -179.169998
v 168.910004 5.350000 -184.300003
v 167.959991 5.350000 -184.110001
v 167.959991 5.350000 -184.489990
v 147.819992 6.150000 -183.919998
v 148.199997 6.150000 -184.110001
v 148.199997 6.150000 -183.729996
v 147.440002 6.250000 -178.789993
v 145.729996 6.250000 -178.599991
v 145.539993 6.550000 -177.839996
v 144.399994 6.550000 -177.839996
v 144.020004 6.250000 -178.599991
v 142.500000 6.250000 -178.409988
v 142.500000 6.250000 -179.169998
v 144.020004 6.250000 -179.169998
v 144.399994 6.250000 -179.550003
v 144.020004 6.550000 -181.259995
v 144.209991 6.250000 -182.019989
v 143.259995 6.250000 -182.209991
v 142.309998 6.250000 -181.830002
v 142.119995 6.250000 -182.779999
v 143.259995 6.250000 -183.159988
v 142.879990 6.250000 -184.110001
v 144.970001 6.250000 -184.300003
v 145.349991 6.250000 -185.250000
v 145.919998 6.250000 -184.300003
v 146.869995 6.250000 -184.300003
v 147.250000 6.250000 -183.919998
v 147.059998 6.250000 -182.399994
v 145.919998 6.250000 -182.399994
v 145.349991 6.550000 -182.019989
v 145.539993 6.250000 -179.550003
v 147.440002 6.250000 -179.360001
v 140.029999 5.350000 -186.959991
v 140.029999 5.350000 -183.919998
v 140.789993 5.350000 -177.839996
v 146.300003 5.350000 -187.720001
v 206.720001 5.350000 -148.199997
v 207.479996 5.350000 -148.770004
v 204.629990 5.350000 -149.720001
v 204.059998 5.350000 -148.959991
v 204.059998 5.350000 -148.199997
v 202.159988 5.350000 -148.199997
v 202.539993 5.350000 -148.959991
v 203.679993 5.350000 -149.149994
v 204.059998 5.350000 -149.720001
v 203.869995 5.350000 -150.479996
v 205.009995 5.350000 -151.429993
v 205.009995 5.350000 -152.379990
v 206.529999 5.350000 -153.709991
v 207.479996 5.350000 -153.899994
v 207.479996 5.350000 -152.000000
v 205.580002 6.250000 -148.389999
v 205.199997 6.250000 -148.389999
v 205.199997 6.250000 -148.770004
v 206.339996 6.250000 -149.910004
v 206.909988 6.250000 -149.910004
v 206.909988 6.250000 -149.529999
v 206.339996 5.450000 -156.369995
v 206.720001 5.450000 -156.369995
v 206.720001 5.450000 -155.989990
v 205.959991 5.450000 -157.319992
v 205.959991 5.450000 -156.559998
v 205.199997 5.450000 -157.319992
v 204.059998 5.450000 -157.129990
v 203.869995 5.450000 -157.699997
v 202.919998 5.450000 -157.699997
v 202.729996 5.450000 -156.750000
v 203.110001 5.450000 -156.369995
v 201.970001 5.450000 -156.369995
v 202.159988 5.450000 -157.509995
v 201.589996 5.450000 -157.699997
v 201.589996 5.450000 -158.080002
v 205.389999 6.150000 -154.849991
v 205.009995 6.150000 -154.849991
v 205.389999 6.550000 -155.419998
v 205.769989 6.550000 -155.229996
v 203.489990 5.950000 -153.330002
v 203.110001 5.950000 -153.519989
v 203.679993 6.350000 -154.089996
v 203.869995 6.250000 -153.709991
v 201.399994 5.350000 -149.910004
v 201.019989 5.350000 -149.910004
v 200.830002 5.350000 -151.619995
v 201.779999 5.350000 -151.050003
v 200.449997 6.250000 -148.770004
v 199.879990 6.250000 -148.770004
v 200.069992 6.250000 -149.149994
v 199.690002 6.150000 -152.379990
v 197.599991 6.150000 -151.239990
v 197.599991 6.150000 -151.429993
v 199.690002 6.150000 -152.759995
v 199.119995 5.350000 -153.519989
v 197.599991 5.350000 -152.759995
v 197.599991 5.350000 -155.610001
v 198.360001 5.350000 -148.199997
v 197.599991 5.350000 -150.099991
v 198.169998 5.350000 -150.289993
v 177.839996 5.350000 -92.150002
v 178.979996 5.350000 -92.339996
v 179.550003 5.350000 -91.579994
v 180.879990 5.350000 -91.579994
v 184.679993 5.350000 -95.379997
v 184.679993 5.350000 -96.519997
v 186.199997 5.350000 -97.279999
v 185.819992 5.350000 -96.900002
v 185.819992 5.350000 -90.820000
v 186.199997 5.350000 -90.439995
v 187.720001 6.250000 -91.389999
v 186.959991 6.250000 -91.389999
v 186.959991 6.250000 -96.329994
v 187.720001 6.250000 -96.329994
v 187.720001 6.250000 -96.139999
v 187.149994 6.250000 -95.949997
v 187.149994 6.250000 -91.769997
v 187.720001 6.250000 -91.579994
v 180.119995 6.250000 -92.529999
v 177.839996 6.250000 -94.809998
v 177.839996 6.250000 -95.189995
v 179.550003 6.250000 -93.860001
v 179.739990 6.250000 -93.290001
v 180.500000 6.250000 -93.290001
v 181.449997 6.250000 -94.619995
v 182.970001 6.250000 -95.759995
v 182.970001 6.250000 -96.329994
v 182.209991 6.250000 -96.709999
v 183.159988 6.250000 -96.329994
v 183.539993 6.250000 -96.329994
v 183.539993 6.250000 -95.949997
v 179.929993 5.350000 -94.619995
v 177.839996 5.350000 -96.900002
v 177.839996 5.350000 -97.849998
v 179.169998 5.350000 -98.610001
v 179.550003 5.350000 -98.040001
v 178.979996 5.350000 -97.659996
v 178.979996 5.350000 -96.709999
v 180.119995 5.350000 -96.519997
v 180.500000 5.350000 -97.279999
v 181.639999 5.350000 -95.949997
v 114.570000 5.250000 -112.099998
v 117.419998 5.150000 -112.099998
v 117.610001 5.150000 -112.669998
v 117.610001 5.250000 -114.949997
v 117.419998 5.250000 -115.899994
v 116.469994 5.250000 -115.899994
v 116.469994 5.250000 -118.559998
v 117.419998 5.250000 -118.559998
v 112.669998 5.350000 -118.559998
v 112.290001 5.350000 -113.049995
v 112.669998 5.350000 -112.860001
v 167.580002 5.350000 -183.159988
v 167.580002 5.350000 -183.919998
v 166.059998 5.350000 -182.209991
v 164.729996 5.350000 -182.399994
v 166.440002 5.350000 -185.440002
v 166.629990 5.350000 -180.500000
v 162.639999 6.250000 -184.679993
v 161.309998 6.250000 -184.679993
v 160.929993 6.550000 -184.300003
v 161.119995 6.550000 -183.539993
v 160.739990 6.250000 -182.209991
v 161.309998 6.250000 -181.639999
v 162.830002 6.250000 -181.830002
v 162.830002 6.550000 -180.690002
v 162.259995 6.250000 -181.259995
v 160.929993 6.250000 -181.259995
v 160.550003 6.550000 -179.169998
v 160.929993 6.250000 -178.220001
v 162.639999 6.250000 -178.409988
v 158.080002 6.250000 -178.409988
v 159.220001 6.250000 -178.409988
v 159.599991 6.250000 -178.789993
v 159.410004 6.550000 -179.929993
v 159.789993 6.550000 -180.690002
v 159.599991 6.250000 -181.449997
v 158.080002 6.250000 -181.639999
v 158.080002 6.250000 -182.019989
v 159.599991 6.250000 -182.209991
v 159.789993 6.550000 -184.679993
v 158.080002 6.250000 -184.679993
v 158.080002 6.250000 -185.440002
v 159.979996 6.250000 -185.629990
v 159.979996 6.550000 -187.529999
v 160.360001 6.550000 -187.720001
v 161.309998 6.250000 -185.629990
v 161.690002 6.250000 -185.250000
v 163.019989 6.250000 -185.440002
v 163.019989 6.250000 -184.300003
v 136.989990 5.150000 -91.199997
v 136.419998 5.150000 -93.479996
v 137.369995 5.150000 -93.860001
v 138.319992 5.150000 -91.389999
v 138.319992 5.150000 -90.629997
v 136.039993 5.150000 -90.629997
v 136.039993 5.150000 -97.470001
v 135.849991 5.150000 -97.849998
v 136.229996 5.150000 -97.849998
v 132.809998 5.350000 -97.470001
v 131.860001 5.350000 -97.279999
v 131.860001 5.350000 -94.049995
v 132.809998 5.350000 -93.860001
v -120.839996 22.750000 -405.079987
v -125.399994 22.350000 -405.079987
v -123.689995 22.650000 -406.220001
v -123.689995 22.850000 -407.549988
v -124.449997 23.350000 -407.739990
v -125.779999 23.949999 -406.029999
v -127.299995 23.949999 -406.220001
v -127.869995 23.750000 -406.789978
v -127.680000 23.850000 -407.359985
v -124.639999 23.449999 -407.739990
v -124.449997 22.850000 -408.500000
v -125.019997 22.750000 -409.069977
v -125.969994 22.549999 -409.069977
v -126.159996 22.650000 -408.690002
v -128.250000 22.949999 -408.309998
v -128.440002 22.949999 -409.069977
v -128.440002 23.449999 -414.959991
v -120.839996 23.049999 -414.959991
v -126.919998 20.650000 -405.079987
v -128.440002 19.750000 -405.079987
v -128.440002 19.949999 -405.839996
v 157.699997 6.250000 -178.599991
v 157.889999 6.250000 -182.209991
v 156.750000 6.250000 -182.019989
v 155.989990 6.250000 -182.019989
v 155.989990 6.250000 -182.399994
v 156.750000 6.150000 -182.399994
v 156.369995 5.350000 -185.059998
v 154.849991 5.350000 -184.869995
v 155.039993 5.350000 -180.690002
v 155.989990 5.350000 -180.879990
v 155.229996 6.250000 -181.639999
v 154.849991 6.250000 -181.639999
v 154.849991 6.250000 -182.019989
v 155.229996 6.250000 -182.019989
v 150.479996 5.350000 -178.979996
v 151.429993 5.350000 -179.550003
v 151.050003 5.350000 -181.259995
v 150.479996 5.350000 -181.639999
v 150.669998 5.350000 -183.349991
v 153.709991 5.350000 -183.349991
v 150.479996 5.350000 -183.729996
v 150.289993 5.350000 -185.059998
v 149.149994 5.350000 -181.830002
v 148.959991 5.350000 -182.779999
v 149.339996 5.350000 -182.779999
v 149.149994 5.350000 -185.440002
v 148.580002 5.350000 -185.440002
v 188.669998 5.350000 -105.829994
v 193.800003 5.350000 -106.019997
v 195.129990 5.350000 -103.739998
v 195.889999 5.750000 -103.930000
v 195.319992 6.150000 -105.449997
v 194.750000 6.150000 -107.349998
v 194.179993 6.150000 -107.349998
v 194.750000 5.950000 -108.299995
v 195.319992 6.150000 -107.919998
v 192.089996 5.350000 -108.110001
v 189.809998 5.350000 -107.540001
v 192.659988 5.350000 -108.680000
v -218.119995 6.550000 -385.889984
v -220.019989 6.650000 -389.119995
v -222.110001 6.950000 -395.199982
v -217.360001 6.550000 -395.199982
v -217.360001 6.550000 -385.319977
v -219.259995 6.650000 -385.319977
v -227.239990 6.950000 -385.319977
v -227.239990 7.250000 -395.199982
v -223.440002 7.050000 -395.199982
v -221.159988 6.750000 -388.549988
v 115.139999 5.350000 -148.199997
v 115.139999 5.350000 -152.759995
v 115.709999 5.350000 -152.949997
v 115.709999 5.350000 -156.179993
v 115.139999 5.350000 -156.369995
v 112.669998 5.350000 -148.199997
v 108.680000 5.350000 -153.139999
v 112.099998 5.350000 -153.139999
v 112.669998 5.350000 -152.759995
v 112.669998 5.350000 -156.369995
v 112.099998 5.350000 -156.179993
v 207.289993 5.450000 -128.440002
v 205.009995 5.350000 -118.750000
v 205.009995 5.350000 -119.699997
v 205.769989 5.350000 -120.269997
v 205.769989 5.350000 -120.839996
v 206.339996 5.350000 -120.839996
v 206.339996 5.350000 -127.680000
v 205.769989 5.350000 -127.680000
v 205.580002 5.350000 -126.919998
v 204.819992 5.350000 -126.729996
v 204.629990 5.350000 -125.969994
v 201.970001 5.350000 -127.110001
v 202.159988 5.350000 -128.440002
v 202.919998 5.350000 -128.440002
v 204.059998 5.350000 -128.440002
v 204.440002 5.350000 -127.680000
v 205.580002 5.350000 -127.680000
v 206.339996 5.350000 -128.440002
v 206.149994 5.350000 -123.309998
v 205.769989 5.350000 -123.309998
v 205.769989 5.350000 -123.689995
v 206.149994 5.350000 -123.689995
v 205.580002 5.350000 -121.790001
v 205.009995 5.350000 -121.790001
v 204.819992 5.350000 -121.029999
v 204.059998 5.350000 -120.459999
v 204.059998 5.350000 -123.689995
v 204.629990 5.350000 -123.309998
v 205.009995 5.350000 -122.360001
v 205.580002 5.350000 -122.360001
v 125.779999 5.350000 -103.169998
v 125.969994 5.350000 -103.549995
v 125.969994 5.150000 -106.019997
v 125.779999 5.150000 -106.779999
v 122.549995 5.150000 -106.779999
v 122.360001 5.050000 -106.019997
v 206.339996 5.450000 -140.599991
v 205.580002 5.850000 -141.739990
v 206.149994 5.650000 -141.739990
v 206.339996 5.650000 -141.360001
v 206.909988 5.450000 -142.879990
v 206.339996 5.350000 -143.830002
v 205.009995 5.350000 -143.830002
v 204.629990 5.350000 -143.449997
v 204.440002 5.350000 -141.739990
v 203.489990 5.350000 -141.739990
v 201.970001 5.450000 -140.599991
v 200.830002 5.450000 -140.410004
v 200.069992 5.350000 -142.309998
v 199.309998 5.350000 -145.349991
v 199.119995 5.350000 -146.110001
v 197.789993 5.350000 -146.110001
v 198.739990 5.350000 -147.440002
v 200.069992 5.350000 -147.440002
v 201.209991 5.350000 -148.199997
v 204.629990 5.350000 -147.440002
v 205.769989 5.350000 -147.250000
v 206.339996 5.450000 -138.319992
v 204.819992 5.350000 -138.319992
v 205.769989 5.350000 -139.649994
v 203.300003 5.350000 -138.319992
v 198.929993 5.350000 -138.889999
v 201.779999 5.350000 -139.459991
v 201.970001 5.350000 -138.889999
v 203.110001 5.350000 -138.889999
v 199.500000 5.950000 -140.410004
v 198.550003 5.950000 -140.029999
v 199.500000 5.950000 -141.169998
v 186.959991 5.350000 -168.910004
v 186.389999 5.350000 -170.050003
v 184.489990 5.350000 -169.669998
v 183.729996 5.350000 -170.809998
v 185.250000 5.350000 -176.319992
v 185.440002 5.350000 -175.940002
v 177.839996 5.450000 -173.279999
v 184.300003 5.450000 -177.839996
v 184.489990 5.350000 -177.080002
v 185.250000 5.350000 -177.080002
v 179.739990 5.350000 -168.910004
v 178.409988 5.350000 -169.099991
v 177.839996 5.350000 -170.619995
v 177.839996 5.450000 -171.759995
v 178.029999 5.450000 -172.139999
v 182.970001 5.350000 -170.050003
v 183.349991 5.350000 -168.910004
v 207.099991 5.350000 -136.229996
v 206.149994 5.350000 -136.800003
v 204.819992 5.350000 -136.989990
v 204.059998 5.350000 -136.610001
v 204.250000 5.350000 -133.000000
v 206.149994 5.350000 -133.000000
v 206.149994 5.350000 -131.860001
v 204.819992 5.350000 -132.050003
v 204.059998 5.350000 -131.479996
v 203.869995 5.350000 -129.959991
v 202.729996 5.350000 -129.580002
v 201.779999 5.350000 -130.339996
v 203.300003 5.350000 -130.149994
v 203.679993 5.350000 -130.529999
v 203.489990 5.350000 -134.330002
v 201.209991 5.350000 -134.520004
v 201.779999 5.350000 -134.899994
v 201.589996 5.350000 -137.559998
v 201.019989 5.350000 -137.559998
v 200.639999 5.350000 -138.129990
v 202.159988 5.350000 -131.289993
v 201.589996 5.350000 -131.289993
v 201.589996 5.350000 -133.190002
v 202.349991 5.350000 -133.190002
v 117.419998 5.250000 -121.029999
v 116.469994 5.250000 -122.930000
v 117.229996 5.250000 -122.930000
v 117.419998 5.250000 -123.879997
v 115.139999 5.250000 -126.540001
v 115.139999 5.350000 -128.440002
v 112.669998 5.350000 -128.440002
v 112.290001 5.350000 -122.930000
v 112.669998 5.350000 -122.739998
v 195.889999 5.350000 -160.739990
v 196.080002 5.350000 -159.599991
v 196.839996 5.350000 -159.029999
v 196.839996 5.350000 -158.269989
v 196.269989 5.350000 -158.080002
v 194.179993 5.350000 -158.080002
v 194.559998 5.350000 -159.029999
v 194.369995 5.350000 -160.739990
v 188.479996 5.350000 -162.830002
v 191.709991 5.350000 -163.589996
v 193.229996 5.350000 -164.729996
v 196.459991 5.350000 -164.729996
v 196.839996 5.350000 -164.160004
v 196.839996 5.350000 -167.580002
v 196.839996 5.350000 -166.629990
v 196.649994 5.350000 -165.869995
v 192.659988 5.350000 -165.869995
v 191.330002 5.350000 -164.729996
v 190.379990 5.350000 -164.539993
v 190.379990 5.350000 -164.919998
v 190.949997 5.350000 -165.110001
v 190.949997 5.350000 -166.059998
v 189.619995 5.450000 -166.250000
v 189.619995 5.350000 -165.300003
v 191.709991 5.350000 -166.440002
v 196.649994 5.350000 -166.629990
v 190.569992 5.450000 -158.080002
v 189.429993 5.450000 -158.080002
v 189.429993 5.450000 -158.839996
v 190.569992 5.450000 -158.839996
v 138.319992 5.350000 -175.179993
v 137.559998 5.350000 -174.989990
v 137.559998 5.350000 -174.039993
v 138.319992 5.350000 -173.849991
v 138.319992 5.350000 -171.000000
v 137.369995 5.350000 -170.619995
v 137.369995 5.350000 -169.479996
v 138.319992 5.350000 -169.289993
v 115.139999 5.350000 -138.319992
v 115.139999 5.350000 -142.879990
v 115.709999 5.350000 -143.069992
v 115.709999 5.350000 -146.300003
v 115.139999 5.350000 -146.489990
v 112.669998 5.350000 -138.319992
v 108.680000 5.350000 -143.259995
v 112.099998 5.350000 -143.259995
v 112.669998 5.350000 -142.879990
v 112.669998 5.350000 -146.489990
v 112.099998 5.350000 -146.300003
v 174.989990 5.450000 -98.419998
v 174.229996 5.350000 -97.849998
v 174.229996 5.350000 -96.900002
v 175.559998 5.350000 -95.759995
v 175.369995 5.350000 -94.809998
v 176.129990 5.350000 -93.860001
v 176.889999 5.350000 -93.099998
v 177.649994 5.350000 -93.099998
v 177.459991 6.250000 -94.809998
v 177.459991 6.250000 -95.379997
v 176.509995 6.250000 -95.949997
v 175.750000 6.250000 -97.089996
v 175.369995 6.250000 -97.089996
v 175.559998 6.250000 -97.849998
v 176.509995 6.250000 -98.229996
v 175.940002 6.250000 -97.659996
v 175.940002 6.250000 -97.089996
v 176.889999 6.250000 -96.519997
v 177.269989 5.350000 -97.279999
v 148.199997 6.150000 -93.669998
v 147.059998 6.250000 -93.290001
v 146.869995 5.950000 -94.239998
v 145.729996 5.950000 -95.570000
v 146.300003 5.750000 -96.139999
v 146.300003 5.350000 -96.709999
v 145.349991 5.150000 -96.900002
v 144.970001 5.150000 -96.139999
v 143.069992 5.150000 -95.759995
v 141.929993 5.150000 -94.239998
v 141.169998 5.150000 -94.430000
v 140.979996 5.150000 -95.570000
v 140.410004 5.450000 -95.570000
v 140.220001 6.050000 -93.669998
v 141.929993 6.150000 -92.909996
v 140.029999 6.150000 -92.720001
v 139.839996 6.050000 -93.669998
v 138.889999 6.050000 -94.430000
v 138.699997 5.950000 -95.189995
v 139.459991 5.650000 -95.570000
v 139.270004 5.150000 -96.709999
v 139.839996 5.150000 -98.040001
v 140.979996 5.150000 -98.040001
v 140.789993 5.550000 -98.799995
v 148.199997 5.250000 -98.419998
v 148.199997 5.250000 -95.949997
v 147.250000 5.650000 -95.949997
v 147.250000 6.050000 -94.430000
v 148.199997 6.050000 -94.049995
v 145.349991 5.150000 -89.299995
v 147.440002 5.150000 -89.869995
v 145.729996 5.150000 -91.199997
v 144.779999 5.150000 -91.389999
v 144.399994 5.150000 -92.339996
v 143.449997 5.150000 -93.099998
v 143.449997 5.150000 -94.049995
v 144.020004 5.150000 -94.430000
v 144.589996 5.150000 -94.430000
v 144.589996 5.150000 -93.669998
v 145.919998 5.150000 -91.579994
v 141.360001 5.150000 -90.250000
v 141.360001 5.150000 -90.820000
v 141.739990 5.150000 -90.059998
v 138.699997 6.150000 -97.470001
v 138.889999 5.150000 -90.820000
v -207.479996 6.150000 -326.039978
v -208.809998 6.150000 -326.039978
v -208.809998 6.150000 -326.609985
v -208.429993 6.150000 -326.799988
v -208.619995 6.250000 -327.750000
v -210.519989 6.150000 -327.179993
v -210.899994 6.250000 -327.750000
v -211.470001 6.250000 -327.750000
v -212.039993 6.350000 -330.600006
v -209.190002 6.450000 -332.500000
v -207.479996 6.450000 -332.880005
v -209.379990 6.450000 -333.829987
v -212.039993 6.350000 -331.929993
v -214.509995 6.350000 -330.979980
v -214.699997 6.250000 -330.220001
v -215.080002 6.250000 -330.029999
v -215.269989 6.350000 -330.410004
v -216.029999 6.250000 -330.410004
v -217.360001 6.250000 -329.649994
v -217.360001 6.450000 -335.919983
v -207.479996 6.450000 -335.919983
v -207.479996 6.450000 -334.209991
v -211.089996 6.150000 -326.039978
v -212.419998 6.150000 -326.799988
v -213.369995 6.150000 -326.799988
v -214.889999 6.050000 -326.039978
v -217.360001 6.050000 -326.039978
v -217.360001 6.150000 -328.130005
v -215.459991 6.250000 -329.079987
v -214.509995 6.250000 -329.839996
v -213.559998 6.250000 -329.839996
v -211.849991 6.150000 -327.559998
v -211.849991 6.150000 -326.799988
v -210.899994 6.150000 -326.609985
v 196.649994 5.750000 -110.389999
v 196.839996 6.150000 -109.629997
v 195.319992 6.150000 -110.009995
v 193.610001 5.350000 -111.149994
v 193.039993 5.350000 -112.290001
v 194.750000 5.350000 -112.290001
v 195.129990 5.550000 -111.339996
v 197.029999 5.350000 -111.339996
v 188.289993 5.350000 -115.139999
v 188.289993 5.350000 -115.519997
v 187.720001 5.350000 -115.709999
v 187.720001 5.350000 -111.909996
v 188.099991 5.350000 -112.290001
v 191.139999 5.350000 -111.339996
v 191.709991 5.350000 -110.199997
v 192.659988 5.350000 -109.439995
v -237.500000 6.550000 -339.720001
v -238.259995 6.550000 -339.529999
v -238.069992 6.550000 -340.289978
v -237.119995 6.550000 -340.289978
v -237.119995 6.550000 -339.339996
v -245.099991 6.150000 -338.959991
v -245.099991 6.250000 -338.009979
v -243.959991 6.350000 -337.250000
v -243.009995 6.450000 -335.919983
v -247.000000 5.650000 -335.919983
v -247.000000 6.050000 -345.799988
v -237.119995 6.450000 -345.799988
v -240.729996 7.050000 -337.630005
v -241.489990 6.550000 -338.389984
v -240.729996 6.550000 -338.959991
v 175.559998 5.350000 -167.959991
v 175.369995 5.350000 -168.529999
v 177.459991 5.350000 -171.000000
v 176.129990 5.350000 -173.279999
v 176.129990 5.850000 -171.379990
v 175.559998 5.450000 -171.379990
v 174.989990 5.350000 -170.429993
v 174.610001 5.450000 -170.809998
v 171.949997 5.350000 -170.429993
v 171.759995 5.350000 -169.479996
v 170.809998 5.350000 -169.289993
v 170.239990 5.650000 -168.720001
v 171.000000 5.350000 -171.000000
v 172.139999 5.350000 -172.139999
v 172.899994 5.350000 -172.330002
v 172.899994 5.350000 -173.089996
v 171.759995 5.350000 -174.039993
v 172.709991 5.350000 -174.419998
v 172.899994 5.350000 -174.989990
v 173.849991 5.350000 -174.800003
v 174.419998 5.350000 -175.179993
v 174.800003 5.350000 -175.559998
v 174.800003 5.350000 -176.699997
v 176.129990 5.350000 -176.699997
v 172.709991 5.350000 -168.720001
v 172.139999 5.350000 -169.099991
v 172.709991 5.350000 -169.479996
v 173.279999 5.350000 -169.289993
v 172.139999 6.250000 -176.509995
v 171.759995 6.250000 -176.319992
v 171.000000 6.250000 -176.509995
v 171.569992 6.250000 -176.509995
v 171.949997 6.250000 -177.080002
v 169.669998 5.350000 -171.379990
v 168.339996 5.350000 -172.330002
v 169.099991 5.350000 -173.279999
v 170.429993 5.350000 -172.330002
v 169.099991 5.350000 -177.269989
v 170.050003 5.350000 -176.319992
v 169.289993 5.350000 -174.989990
v 168.720001 5.350000 -174.989990
v 168.720001 5.550000 -169.669998
v 123.879997 5.350000 -158.080002
v 124.070000 5.350000 -162.830002
v 126.349998 5.350000 -163.019989
v 126.349998 5.350000 -166.440002
v 125.589996 5.350000 -166.629990
v 125.019997 6.250000 -164.160004
v 124.070000 6.250000 -164.160004
v 124.259995 6.250000 -165.110001
v 125.019997 6.250000 -165.110001
v 122.739998 5.350000 -163.779999
v 122.930000 5.350000 -162.830002
v 123.309998 5.350000 -166.629990
v 122.739998 5.350000 -166.440002
v 122.739998 5.350000 -166.059998
v 139.080002 5.350000 -169.669998
v 139.080002 5.350000 -170.619995
v 138.699997 5.350000 -174.039993
v 138.699997 5.350000 -174.989990
v 141.550003 5.350000 -169.289993
v 141.929993 5.350000 -168.910004
v 143.069992 5.350000 -168.910004
v 148.199997 6.250000 -171.000000
v 143.259995 6.250000 -170.619995
v 143.259995 6.250000 -171.949997
v 144.970001 6.250000 -172.330002
v 144.589996 6.550000 -174.800003
v 142.879990 6.250000 -174.989990
v 142.879990 6.250000 -175.559998
v 144.209991 6.250000 -175.559998
v 144.589996 6.250000 -175.940002
v 145.539993 6.250000 -176.129990
v 145.919998 6.250000 -175.750000
v 147.629990 6.250000 -175.940002
v 147.819992 6.250000 -175.559998
v 147.819992 6.250000 -174.989990
v 145.729996 6.250000 -174.989990
v 145.919998 6.550000 -172.899994
v 146.300003 6.250000 -172.330002
v 147.629990 6.250000 -172.330002
v 148.009995 6.250000 -172.709991
v 115.139999 5.350000 -132.809998
v 115.709999 5.350000 -133.000000
v 115.709999 5.350000 -136.229996
v 115.139999 5.350000 -136.419998
v 108.680000 5.350000 -133.190002
v 112.099998 5.350000 -133.190002
v 112.669998 5.350000 -132.809998
v 112.669998 5.350000 -136.419998
v 112.099998 5.350000 -136.229996
v 188.669998 5.350000 -151.429993
v 190.759995 5.350000 -151.050003
v 191.519989 5.350000 -150.099991
v 193.610001 5.350000 -150.479996
v 193.610001 5.350000 -153.330002
v 194.369995 5.350000 -152.949997
v 195.509995 5.350000 -153.139999
v 196.080002 5.350000 -155.989990
v 196.080002 5.350000 -156.940002
v 195.699997 5.350000 -157.319992
v 194.179993 5.350000 -157.509995
v 196.269989 5.350000 -157.129990
v 196.269989 5.350000 -151.809998
v 196.269989 5.350000 -151.050003
v 197.029999 5.350000 -150.099991
v 197.409988 6.150000 -151.050003
v 194.179993 5.350000 -154.279999
v 193.800003 5.350000 -154.279999
v 194.179993 5.350000 -156.179993
v 194.559998 5.350000 -155.989990
v 194.559998 5.350000 -154.849991
v 189.050003 5.450000 -154.279999
v 188.669998 5.450000 -153.139999
v 188.860001 5.450000 -157.129990
v 190.000000 5.450000 -155.989990
v 190.569992 5.450000 -155.800003
v 190.569992 5.450000 -154.849991
v 165.110001 5.350000 -91.389999
v 165.489990 5.350000 -92.339996
v 166.250000 5.350000 -92.150002
v 166.440002 5.350000 -91.389999
v 167.580002 5.350000 -91.389999
v 167.769989 5.350000 -92.150002
v 167.959991 5.350000 -92.150002
v 167.580002 5.350000 -92.720001
v 166.440002 5.350000 -92.720001
v 165.489990 5.350000 -92.909996
v 164.160004 5.350000 -94.239998
v 159.599991 5.350000 -97.849998
v 158.649994 5.350000 -97.849998
v 158.080002 5.350000 -97.279999
v 163.209991 6.250000 -91.009995
v 163.019989 6.250000 -91.389999
v 163.589996 6.250000 -91.769997
v 163.589996 6.250000 -92.720001
v 161.690002 6.250000 -94.049995
v 161.500000 6.250000 -94.619995
v 162.069992 6.250000 -94.619995
v 162.069992 6.250000 -94.239998
v 163.589996 6.250000 -92.909996
v 164.349991 6.250000 -92.720001
v 162.449997 6.250000 -89.869995
v 161.309998 6.250000 -88.919998
v 160.929993 6.250000 -88.919998
v 159.979996 6.250000 -89.869995
v 161.500000 6.250000 -89.299995
v 162.449997 6.250000 -90.820000
v 163.019989 6.250000 -91.009995
v 161.119995 5.250000 -90.629997
v 158.080002 5.350000 -92.909996
v 159.220001 5.350000 -94.809998
v 159.789993 5.350000 -94.430000
v 159.410004 5.350000 -93.099998
v 159.789993 5.350000 -92.720001
v 160.739990 5.350000 -92.720001
v 161.309998 5.350000 -93.290001
v 162.449997 5.350000 -92.339996
v 159.979996 6.250000 -95.379997
v 159.789993 6.250000 -95.949997
v 159.029999 6.250000 -95.949997
v 158.080002 6.250000 -95.189995
v 158.080002 6.250000 -95.379997
v 159.029999 6.250000 -96.709999
v 160.550003 6.250000 -95.570000
v 159.029999 6.250000 -90.629997
v 158.080002 6.250000 -91.389999
v 158.080002 6.250000 -91.579994
v 157.129990 6.250000 -91.769997
v 156.940002 6.250000 -92.339996
v 157.889999 6.250000 -95.000000
v 154.849991 5.250000 -93.290001
v 154.849991 5.250000 -92.529999
v 156.179993 5.250000 -91.199997
v 154.470001 5.150000 -90.629997
v 153.519989 5.150000 -89.680000
v 152.379990 5.150000 -89.489998
v 152.379990 5.150000 -91.009995
v 151.429993 5.150000 -93.099998
v 150.289993 5.250000 -94.239998
v 148.199997 5.150000 -95.000000
v 150.669998 5.250000 -96.139999
v 151.619995 5.250000 -96.139999
v 157.889999 6.250000 -94.430000
v 157.319992 6.250000 -94.049995
v 157.129990 6.250000 -94.430000
v 157.699997 6.250000 -95.000000
v 156.179993 5.250000 -89.680000
v 157.319992 5.250000 -89.489998
v 156.559998 6.250000 -93.290001
v 156.559998 6.250000 -92.720001
v 156.179993 6.250000 -92.720001
v 156.940002 6.250000 -94.049995
v 157.129990 6.250000 -93.669998
v 151.050003 6.250000 -97.279999
v 149.720001 6.250000 -98.229996
v 150.479996 6.250000 -98.040001
v 151.429993 6.250000 -98.040001
v 150.479996 5.950000 -88.919998
v 149.910004 6.150000 -89.110001
v 150.669998 6.150000 -89.680000
v 151.050003 6.150000 -89.489998
v 148.770004 5.150000 -90.820000
v 148.389999 5.150000 -90.820000
v 148.389999 5.150000 -91.389999
v 148.770004 6.150000 -93.669998
v 105.829994 5.350000 -177.839996
v 105.070000 5.350000 -178.029999
v 105.070000 5.350000 -185.250000
v 108.680000 5.350000 -185.250000
v 102.409996 5.350000 -177.839996
v 98.799995 5.350000 -177.839996
v 98.799995 5.350000 -187.720001
v 102.220001 5.350000 -187.720001
v 138.319992 5.350000 -207.289993
v 137.750000 5.350000 -207.479996
v 138.319992 5.350000 -207.479996
v 132.429993 5.350000 -206.339996
v 132.050003 5.350000 -205.769989
v 130.910004 5.350000 -205.580002
v 130.910004 5.450000 -204.250000
v 131.669998 5.450000 -204.059998
v 131.669998 5.450000 -202.919998
v 133.569992 5.450000 -202.159988
v 134.520004 5.450000 -202.349991
v 134.520004 5.450000 -204.059998
v 136.039993 5.450000 -203.869995
v 135.470001 5.450000 -201.209991
v 136.229996 5.450000 -200.830002
v 136.229996 5.450000 -200.069992
v 134.330002 5.450000 -198.929993
v 134.330002 5.450000 -198.169998
v 132.050003 5.450000 -198.169998
v 131.289993 5.850000 -198.360001
v 131.289993 5.850000 -198.929993
v 131.860001 5.450000 -199.119995
v 131.669998 5.450000 -199.879990
v 129.199997 5.450000 -199.879990
v 128.819992 5.450000 -199.500000
v 128.819992 5.450000 -200.639999
v 128.440002 5.450000 -200.830002
v 128.440002 5.450000 -203.110001
v 129.009995 5.450000 -203.110001
v 129.199997 5.450000 -202.539993
v 130.149994 5.450000 -202.729996
v 130.149994 5.350000 -205.769989
v 129.199997 5.350000 -206.149994
v 130.149994 5.350000 -206.149994
v 131.099991 5.350000 -207.479996
v 131.669998 5.350000 -207.479996
v 131.860001 5.350000 -206.720001
v 136.800003 5.350000 -206.529999
v 129.389999 5.450000 -198.550003
v 129.009995 5.450000 -198.550003
v 129.009995 5.450000 -198.929993
v 128.819992 5.350000 -206.339996
v 128.440002 5.350000 -206.339996
v 128.440002 5.350000 -206.909988
v 167.959991 5.150000 -59.279999
v 158.080002 5.250000 -59.279999
v 158.080002 5.150000 -65.360001
v 158.459991 5.150000 -65.360001
v 158.459991 5.150000 -64.220001
v 159.220001 5.150000 -63.459999
v 162.069992 5.150000 -63.459999
v 162.449997 5.150000 -64.220001
v 164.349991 5.150000 -64.220001
v 164.539993 5.150000 -63.079998
v 165.489990 5.150000 -63.079998
v 165.679993 5.150000 -62.889999
v 165.679993 5.150000 -61.559998
v 166.819992 5.150000 -61.559998
v 167.009995 5.150000 -60.989998
v 167.959991 5.150000 -60.989998
v 166.440002 5.150000 -63.270000
v 166.440002 5.150000 -64.979996
v 164.539993 5.150000 -65.169998
v 162.449997 5.150000 -64.790001
v 160.550003 5.150000 -66.689995
v 158.839996 5.150000 -66.689995
v 158.459991 5.150000 -66.309998
v 158.080002 5.150000 -68.779999
v 159.599991 5.150000 -68.779999
v 159.789993 5.150000 -69.159996
v 161.119995 5.150000 -69.159996
v 161.309998 5.150000 -68.779999
v 162.830002 5.150000 -68.779999
v 163.019989 5.150000 -69.159996
v 166.819992 5.150000 -69.159996
v 166.819992 5.150000 -62.699997
v 160.360001 5.150000 -64.599998
v 159.410004 5.150000 -64.790001
v 159.410004 5.150000 -65.739998
v 160.360001 5.150000 -65.360001
v 155.610001 5.350000 -59.279999
v 155.610001 5.350000 -61.559998
v 155.989990 5.350000 -61.750000
v 155.989990 5.250000 -62.699997
v 155.610001 5.250000 -63.459999
v 155.039993 5.250000 -63.649998
v 155.419998 5.150000 -64.220001
v 155.419998 5.150000 -65.930000
v 155.039993 5.150000 -66.309998
v 155.989990 5.150000 -66.309998
v 156.940002 5.150000 -67.260002
v 156.940002 5.150000 -69.159996
v 157.699997 5.150000 -69.159996
v 148.199997 5.350000 -59.279999
v 148.199997 5.350000 -61.559998
v 149.529999 5.350000 -61.559998
v 149.720001 5.350000 -61.939999
v 153.709991 5.350000 -61.939999
v 153.899994 5.350000 -61.559998
v 153.519989 5.350000 -62.889999
v 149.720001 5.350000 -62.889999
v 149.910004 5.350000 -65.169998
v 153.519989 5.350000 -65.169998
v 152.569992 5.350000 -66.119995
v 149.910004 5.350000 -66.119995
v 149.910004 5.350000 -66.500000
v 151.429993 5.350000 -66.689995
v 151.429993 5.350000 -68.209999
v 152.569992 5.350000 -68.209999
v 150.099991 6.250000 -67.639999
v 149.720001 6.250000 -67.639999
v 149.720001 6.250000 -68.209999
v 150.099991 6.250000 -68.209999
v 98.799995 5.350000 -98.799995
v 88.919998 5.350000 -98.799995
v 88.919998 5.350000 -103.549995
v 95.759995 5.350000 -103.169998
v 95.949997 5.350000 -103.549995
v 98.799995 5.350000 -103.549995
v 98.799995 5.350000 -106.019997
v 95.949997 5.350000 -106.019997
v 95.759995 5.350000 -106.779999
v 92.529999 5.350000 -106.779999
v 92.339996 5.350000 -106.019997
v 88.919998 5.350000 -106.019997
v 88.919998 5.350000 -108.680000
v 227.049988 5.450000 -160.929993
v 225.339996 5.350000 -160.929993
v 224.009995 5.350000 -160.169998
v 222.110001 5.350000 -162.449997
v 222.299988 5.350000 -164.919998
v 221.159988 5.350000 -165.110001
v 220.589996 5.350000 -163.589996
v 220.399994 5.350000 -166.250000
v 219.069992 5.350000 -167.959991
v 227.239990 5.350000 -167.959991
v 227.239990 5.450000 -161.500000
v 224.580002 5.350000 -158.080002
v 223.629990 5.350000 -158.080002
v 224.580002 5.350000 -159.029999
v 221.919998 5.350000 -158.080002
v 217.360001 5.350000 -158.080002
v 217.360001 5.350000 -158.269989
v 219.069992 5.350000 -159.979996
v 220.399994 5.350000 -163.589996
v 220.779999 5.350000 -162.069992
v 221.919998 5.350000 -162.069992
v 217.929993 5.350000 -160.550003
v 217.360001 5.350000 -160.169998
v 217.360001 5.350000 -167.580002
v 218.690002 5.350000 -166.629990
v 219.449997 5.350000 -165.489990
v 219.449997 5.350000 -165.110001
v 219.069992 5.350000 -165.489990
v 217.929993 5.350000 -165.489990
v 217.739990 5.350000 -164.160004
v 219.069992 5.350000 -163.970001
v 219.449997 5.350000 -164.539993
v 219.449997 5.350000 -163.970001
v 197.599991 5.150000 -69.159996
v 196.839996 5.150000 -69.159996
v 195.509995 5.150000 -70.680000
v 192.849991 5.150000 -72.580002
v 190.759995 5.150000 -73.339996
v 190.569992 5.150000 -73.720001
v 187.720001 5.150000 -74.290001
v 190.379990 5.150000 -79.040001
v 190.000000 5.150000 -77.900002
v 188.099991 5.150000 -77.709999
v 188.289993 5.150000 -75.430000
v 194.559998 5.150000 -75.430000
v 194.940002 5.150000 -75.809998
v 194.940002 5.150000 -77.519997
v 194.559998 5.150000 -77.900002
v 191.330002 5.150000 -77.900002
v 191.139999 5.150000 -79.040001
v 197.599991 5.150000 -79.040001
v 197.599991 5.150000 -78.089996
v 196.269989 5.150000 -78.089996
v 195.889999 5.150000 -77.709999
v 195.889999 5.150000 -75.430000
v 197.599991 5.150000 -74.479996
v 197.599991 5.150000 -73.909996
v 197.599991 5.150000 -73.150002
v 196.839996 6.150000 -76.189995
v 196.839996 6.150000 -76.949997
v 197.599991 6.150000 -76.949997
v 197.599991 6.150000 -76.570000
v 197.599991 6.150000 -76.000000
v 197.599991 6.150000 -75.809998
v 195.319992 6.250000 -69.159996
v 193.800003 6.250000 -69.159996
v 191.709991 6.250000 -70.680000
v 187.720001 6.250000 -72.199997
v 187.909988 6.250000 -73.339996
v 190.190002 6.250000 -72.769997
v 190.379990 6.250000 -72.389999
v 192.470001 6.250000 -71.629997
v 195.129990 6.250000 -69.729996
v 191.899994 5.150000 -69.159996
v 189.050003 5.150000 -69.159996
v 187.720001 5.150000 -69.540001
v 187.720001 5.150000 -71.059998
v 189.429993 5.150000 -70.680000
v 128.440002 5.350000 -69.159996
v 126.540001 5.350000 -69.159996
v 126.540001 5.350000 -69.540001
v 128.440002 5.350000 -69.540001
v 128.440002 5.350000 -75.430000
v 118.939995 5.350000 -75.430000
v 118.559998 5.350000 -75.049995
v 118.559998 5.350000 -79.040001
v 122.930000 5.350000 -69.159996
v 118.559998 5.350000 -69.159996
v 118.559998 5.350000 -69.729996
v 122.930000 5.350000 -69.540001
v 121.979996 4.550000 -73.529999
v 121.599998 4.550000 -70.489998
v 118.559998 4.950000 -70.680000
v 118.559998 4.950000 -74.479996
v 122.360001 4.550000 -74.479996
v 122.360001 4.550000 -74.099998
v 93.860001 5.350000 -158.080002
v 93.669998 5.350000 -162.830002
v 94.809998 5.350000 -162.830002
v 95.000000 5.350000 -163.779999
v 98.799995 5.350000 -163.779999
v 98.799995 5.350000 -166.059998
v 95.000000 5.350000 -166.059998
v 94.809998 5.350000 -166.629990
v 94.239998 5.350000 -166.629990
v 94.239998 5.350000 -167.959991
v 98.799995 5.350000 -167.959991
v 88.919998 5.350000 -158.080002
v 88.919998 5.350000 -162.449997
v 89.489998 5.350000 -162.449997
v 90.439995 5.350000 -163.399994
v 90.439995 5.350000 -164.539993
v 89.680000 5.350000 -165.869995
v 89.110001 5.350000 -166.059998
v 90.629997 5.350000 -166.819992
v 90.439995 5.350000 -167.959991
v 91.959999 5.350000 -167.959991
v 91.959999 5.350000 -166.629990
v 91.199997 5.350000 -166.440002
v 91.199997 5.350000 -163.019989
v 93.479996 6.250000 -164.160004
v 92.529999 6.250000 -164.160004
v 92.529999 6.250000 -165.110001
v 93.290001 6.250000 -165.110001
v 177.839996 5.350000 -197.599991
v 174.039993 5.350000 -197.599991
v 174.039993 5.350000 -198.169998
v 177.839996 5.350000 -199.119995
v 177.839996 5.350000 -200.259995
v 174.989990 5.350000 -199.309998
v 174.419998 5.350000 -199.690002
v 174.610001 5.350000 -200.449997
v 177.839996 5.350000 -201.209991
v 175.750000 5.350000 -203.869995
v 175.179993 5.350000 -203.869995
v 174.989990 5.350000 -205.009995
v 176.319992 5.350000 -205.580002
v 176.889999 5.350000 -204.440002
v 175.179993 5.550000 -207.099991
v 174.229996 5.550000 -207.099991
v 173.849991 5.550000 -206.529999
v 173.089996 5.550000 -207.479996
v 175.179993 5.550000 -207.479996
v 174.610001 5.350000 -201.399994
v 173.279999 5.350000 -201.019989
v 173.470001 5.350000 -199.309998
v 171.000000 5.450000 -198.739990
v 171.000000 5.450000 -197.599991
v 167.959991 5.350000 -199.879990
v 169.099991 5.350000 -199.690002
v 169.289993 5.350000 -200.069992
v 170.239990 5.450000 -200.069992
v 170.429993 5.450000 -201.019989
v 172.709991 5.450000 -201.399994
v 172.330002 5.350000 -202.539993
v 171.000000 5.350000 -202.539993
v 171.000000 5.350000 -202.919998
v 171.759995 5.350000 -202.919998
v 171.949997 5.350000 -203.679993
v 172.519989 5.350000 -204.059998
v 172.139999 5.550000 -205.769989
v 170.809998 5.550000 -205.389999
v 170.619995 5.550000 -206.339996
v 169.860001 5.550000 -206.529999
v 168.339996 5.550000 -205.769989
v 168.339996 5.550000 -205.009995
v 167.959991 5.550000 -205.580002
v 167.959991 5.550000 -206.149994
v 167.959991 5.550000 -207.479996
v 171.759995 5.550000 -207.479996
v 171.949997 5.550000 -206.529999
v 173.279999 5.350000 -204.819992
v 173.660004 5.350000 -204.819992
v 174.039993 5.350000 -203.869995
v 173.849991 5.350000 -203.110001
v 167.959991 5.350000 -201.019989
v 167.959991 5.350000 -201.209991
v 168.910004 5.350000 -201.779999
v 169.099991 5.550000 -200.830002
v 217.360001 5.150000 -88.919998
v 207.479996 5.150000 -88.919998
v 214.889999 5.150000 -98.799995
v 214.889999 5.150000 -97.659996
v 214.509995 5.150000 -97.470001
v 214.699997 5.150000 -94.809998
v 215.839996 5.150000 -95.000000
v 215.839996 5.150000 -96.139999
v 216.220001 5.150000 -96.139999
v 216.409988 5.150000 -91.009995
v 217.360001 5.150000 -90.629997
v 215.839996 5.150000 -97.470001
v 216.409988 5.150000 -98.799995
v 148.199997 5.350000 -204.819992
v 147.440002 5.350000 -204.819992
v 147.059998 5.350000 -204.250000
v 147.059998 5.450000 -204.819992
v 146.489990 5.350000 -205.389999
v 145.539993 5.350000 -205.389999
v 145.349991 5.350000 -204.250000
v 144.779999 5.350000 -204.250000
v 141.929993 5.350000 -206.339996
v 146.110001 5.350000 -207.479996
v 148.199997 5.350000 -206.149994
v 146.679993 5.350000 -199.119995
v 146.110001 5.350000 -198.739990
v 141.929993 5.350000 -198.360001
v 141.739990 5.350000 -197.599991
v 139.649994 5.350000 -197.599991
v 139.459991 5.350000 -198.739990
v 141.360001 5.350000 -198.739990
v 141.550003 5.350000 -201.399994
v 141.360001 5.350000 -202.919998
v 139.649994 5.350000 -202.919998
v 139.459991 5.350000 -203.679993
v 140.029999 5.350000 -205.580002
v 140.220001 5.350000 -203.300003
v 141.929993 5.350000 -203.300003
v 141.929993 5.350000 -202.729996
v 142.879990 5.350000 -201.779999
v 143.830002 5.350000 -201.779999
v 144.779999 5.350000 -202.919998
v 146.679993 5.350000 -200.639999
v 140.029999 5.350000 -199.879990
v 139.459991 5.350000 -199.879990
v 139.649994 5.350000 -201.589996
v 140.220001 5.350000 -201.589996
v 227.239990 5.150000 -108.680000
v 223.250000 5.150000 -108.680000
v 223.059998 5.150000 -111.529999
v 217.549988 5.150000 -111.720001
v 217.929993 5.150000 -112.099998
v 219.259995 5.150000 -112.099998
v 219.449997 5.150000 -112.669998
v 219.830002 5.150000 -112.669998
v 220.019989 5.150000 -112.290001
v 224.580002 5.150000 -112.290001
v 224.959991 5.150000 -111.339996
v 226.860001 5.150000 -111.339996
v 227.239990 5.150000 -111.720001
v 227.239990 5.150000 -115.139999
v 217.739990 5.150000 -114.949997
v 217.360001 5.150000 -115.519997
v 217.360001 5.150000 -117.799995
v 217.739990 5.150000 -117.989998
v 217.739990 5.150000 -118.559998
v 227.239990 5.150000 -118.559998
v 222.299988 6.250000 -108.680000
v 221.919998 6.250000 -108.680000
v 221.729996 6.250000 -110.199997
v 217.739990 6.250000 -110.199997
v 217.549988 6.250000 -108.680000
v 217.360001 6.250000 -108.680000
v 217.360001 6.250000 -110.389999
v 222.299988 6.250000 -110.389999
v 220.970001 5.150000 -108.680000
v 218.690002 5.150000 -108.680000
v 218.690002 5.150000 -109.059998
v 220.970001 5.150000 -109.059998
v 207.479996 5.150000 -79.040001
v 198.739990 5.150000 -79.040001
v 197.979996 5.150000 -79.040001
v 108.489998 5.350000 -88.919998
v 108.299995 5.350000 -90.250000
v 105.070000 5.350000 -90.250000
v 104.879997 5.350000 -88.919998
v 98.799995 5.350000 -88.919998
v 108.680000 5.350000 -88.919998
v 158.080002 5.350000 -197.599991
v 158.080002 5.350000 -200.639999
v 158.459991 5.350000 -200.639999
v 159.979996 5.350000 -198.739990
v 164.539993 5.350000 -198.169998
v 165.679993 5.350000 -198.739990
v 165.869995 5.350000 -198.169998
v 167.009995 5.350000 -198.169998
v 167.009995 5.350000 -199.309998
v 166.250000 5.350000 -199.500000
v 166.250000 5.350000 -200.069992
v 165.679993 5.350000 -200.259995
v 165.679993 5.350000 -200.639999
v 167.009995 5.350000 -200.639999
v 167.580002 5.550000 -205.580002
v 164.160004 5.350000 -199.309998
v 163.209991 5.350000 -199.309998
v 160.550003 5.350000 -199.879990
v 159.410004 5.350000 -201.399994
v 158.839996 5.350000 -201.399994
v 158.080002 5.450000 -202.729996
v 159.410004 5.450000 -202.729996
v 159.789993 5.350000 -201.970001
v 161.119995 5.350000 -201.970001
v 161.690002 5.350000 -202.349991
v 161.690002 5.350000 -203.110001
v 163.019989 5.350000 -202.919998
v 163.779999 5.350000 -203.300003
v 164.349991 5.350000 -200.830002
v 162.830002 5.350000 -204.440002
v 162.449997 5.350000 -204.629990
v 162.069992 5.350000 -206.149994
v 162.639999 5.350000 -206.149994
v 163.209991 5.350000 -204.819992
v 162.069992 5.350000 -207.289993
v 160.929993 5.350000 -206.909988
v 160.360001 5.350000 -207.479996
v 161.690002 5.350000 -207.479996
v 158.459991 5.350000 -207.099991
v 158.649994 5.350000 -205.389999
v 158.080002 5.350000 -205.580002
v 158.080002 5.350000 -207.289993
v 158.649994 5.350000 -207.479996
v 159.410004 5.350000 -207.479996
v 226.289993 5.250000 -148.580002
v 225.720001 5.350000 -148.580002
v 225.529999 5.250000 -148.199997
v 221.919998 5.350000 -148.199997
v 221.919998 5.350000 -151.619995
v 222.679993 5.350000 -152.000000
v 222.679993 5.350000 -152.759995
v 225.720001 5.350000 -153.330002
v 226.289993 5.350000 -153.330002
v 222.299988 5.350000 -153.330002
v 221.349991 5.350000 -153.330002
v 220.970001 5.350000 -152.759995
v 220.019989 5.350000 -153.330002
v 221.349991 5.350000 -154.470001
v 222.679993 5.350000 -157.129990
v 224.959991 5.350000 -157.889999
v 224.959991 5.350000 -156.559998
v 225.529999 5.350000 -155.989990
v 217.360001 5.350000 -150.479996
v 220.970001 5.350000 -152.000000
v 220.209991 5.350000 -155.039993
v 217.360001 5.350000 -152.569992
v 197.599991 5.350000 -187.720001
v 192.089996 5.350000 -187.720001
v 191.330002 5.350000 -190.000000
v 192.849991 5.350000 -191.519989
v 194.179993 5.350000 -191.330002
v 194.559998 5.350000 -191.709991
v 194.369995 5.350000 -193.419998
v 195.509995 5.350000 -192.470001
v 197.029999 5.350000 -192.089996
v 197.220001 5.350000 -191.519989
v 196.649994 5.350000 -191.330002
v 196.649994 5.350000 -190.569992
v 196.080002 5.350000 -190.379990
v 196.080002 5.350000 -189.809998
v 197.599991 5.350000 -187.909988
v 196.649994 5.850000 -193.419998
v 195.889999 5.850000 -193.419998
v 194.940002 6.250000 -194.750000
v 195.319992 6.250000 -195.699997
v 196.269989 5.850000 -195.699997
v 196.839996 5.850000 -197.220001
v 197.599991 5.850000 -196.649994
v 197.599991 5.850000 -195.319992
v 193.989990 6.950000 -195.129990
v 191.899994 7.750000 -195.889999
v 192.849991 7.750000 -197.599991
v 193.989990 7.750000 -197.599991
v 193.610001 7.750000 -196.459991
v 194.369995 6.950000 -196.269989
v 194.369995 6.950000 -195.889999
v 190.000000 5.350000 -190.000000
v 189.050003 5.350000 -190.759995
v 187.720001 5.450000 -190.759995
v 187.720001 5.450000 -194.750000
v 188.289993 5.450000 -194.750000
v 188.479996 5.450000 -193.610001
v 190.190002 5.350000 -193.610001
v 190.569992 5.350000 -194.179993
v 191.899994 5.350000 -194.750000
v 191.139999 7.250000 -196.459991
v 189.050003 6.950000 -197.599991
v 191.709991 7.250000 -197.599991
v 189.050003 6.150000 -188.479996
v 188.289993 6.150000 -188.669998
v 188.669998 6.150000 -189.619995
v 189.429993 6.150000 -189.429993
v 148.959991 5.450000 -199.690002
v 150.289993 5.450000 -200.259995
v 150.289993 5.350000 -201.399994
v 149.720001 5.350000 -203.679993
v 148.770004 5.350000 -203.869995
v 149.149994 5.350000 -205.959991
v 150.099991 5.350000 -207.479996
v 157.509995 5.350000 -207.479996
v 157.509995 5.350000 -205.580002
v 156.940002 5.350000 -205.009995
v 156.940002 5.350000 -204.059998
v 158.080002 5.850000 -204.059998
v 158.080002 5.650000 -203.679993
v 108.680000 5.350000 -79.040001
v 88.919998 5.350000 -118.559998
v 216.220001 5.350000 -170.239990
v 212.799988 5.350000 -171.000000
v 209.569992 5.350000 -171.000000
v 207.669998 5.350000 -170.239990
v 207.479996 5.350000 -171.190002
v 207.479996 5.350000 -175.179993
v 208.239990 5.350000 -175.559998
v 208.239990 5.350000 -176.509995
v 208.619995 5.350000 -176.509995
v 210.709991 5.750000 -174.610001
v 212.989990 5.350000 -173.470001
v 213.750000 5.350000 -173.470001
v 213.940002 5.350000 -172.899994
v 215.080002 5.350000 -172.709991
v 215.459991 5.350000 -173.279999
v 217.360001 5.350000 -172.899994
v 217.360001 5.350000 -169.289993
v 217.360001 5.350000 -176.699997
v 214.129990 5.350000 -176.699997
v 213.750000 5.350000 -176.319992
v 213.750000 5.350000 -174.610001
v 211.279999 5.350000 -175.750000
v 213.179993 5.350000 -175.750000
v 213.750000 5.350000 -177.839996
v 216.409988 5.350000 -177.839996
v 216.789993 5.350000 -177.080002
v 217.360001 5.350000 -177.080002
v 216.789993 5.350000 -167.959991
v 210.519989 5.350000 -167.959991
v 209.759995 5.350000 -168.720001
v 209.000000 5.350000 -168.720001
v 208.239990 5.350000 -167.959991
v 207.479996 5.350000 -168.339996
v 208.429993 5.350000 -169.289993
v 209.949997 5.350000 -169.860001
v 212.419998 5.350000 -169.860001
v 215.269989 5.350000 -169.289993
v 212.419998 6.150000 -176.889999
v 211.470001 6.150000 -176.889999
v 212.039993 6.150000 -177.269989
v 211.470001 6.150000 -177.080002
v 210.519989 6.150000 -177.269989
v 210.519989 6.150000 -177.839996
v 211.279999 6.150000 -177.839996
v 209.379990 5.350000 -177.459991
v 209.000000 5.350000 -177.459991
v 209.000000 5.350000 -177.839996
v 209.569992 5.350000 -177.839996
v 121.979996 5.350000 -190.379990
v 122.739998 5.350000 -190.569992
v 122.739998 5.350000 -191.519989
v 128.440002 5.350000 -191.519989
v 122.549995 5.350000 -191.899994
v 121.979996 5.350000 -191.899994
v 121.979996 5.350000 -192.470001
v 122.360001 5.350000 -193.610001
v 122.549995 5.350000 -196.269989
v 124.829994 5.350000 -196.269989
v 125.019997 5.350000 -196.839996
v 127.299995 5.350000 -196.839996
v 127.489998 5.350000 -196.459991
v 128.440002 5.350000 -196.459991
v 121.029999 5.350000 -193.610001
v 121.029999 5.350000 -192.849991
v 121.219994 5.350000 -191.709991
v 121.219994 5.350000 -190.569992
v 118.559998 5.350000 -197.599991
v 122.169998 5.350000 -197.599991
v 121.979996 5.350000 -196.649994
v 186.389999 5.150000 -69.540001
v 186.199997 5.150000 -69.159996
v 183.919998 5.150000 -69.159996
v 183.729996 5.150000 -69.540001
v 181.449997 5.150000 -69.159996
v 178.409988 5.150000 -69.159996
v 180.879990 5.150000 -70.680000
v 183.349991 5.150000 -71.250000
v 183.729996 5.150000 -72.010002
v 186.580002 5.150000 -72.010002
v 186.769989 5.150000 -71.439995
v 186.959991 5.150000 -73.720001
v 182.779999 5.150000 -74.290001
v 179.169998 5.150000 -73.529999
v 177.839996 5.150000 -72.769997
v 177.839996 5.150000 -75.430000
v 181.449997 5.150000 -75.430000
v 181.830002 5.150000 -78.279999
v 180.690002 5.150000 -78.659996
v 180.500000 5.150000 -77.900002
v 177.839996 5.150000 -77.900002
v 182.399994 6.250000 -72.010002
v 180.500000 6.250000 -71.629997
v 177.839996 6.250000 -70.110001
v 177.839996 6.250000 -71.439995
v 179.550003 6.250000 -72.580002
v 181.449997 6.250000 -73.150002
v 182.399994 6.250000 -73.150002
v 182.589996 6.250000 -72.580002
v 217.739990 5.250000 -120.459999
v 217.739990 5.250000 -123.689995
v 227.239990 5.150000 -123.500000
v 226.860001 5.150000 -126.349998
v 224.959991 5.150000 -126.349998
v 224.769989 5.150000 -125.969994
v 227.239990 5.150000 -128.440002
v 227.239990 5.150000 -125.969994
v 88.919998 5.350000 -148.199997
v 95.379997 5.350000 -157.129990
v 95.000000 5.350000 -157.509995
v 94.049995 5.350000 -157.509995
v 93.669998 5.350000 -157.129990
v 93.669998 5.350000 -155.989990
v 94.809998 5.350000 -155.610001
v 95.379997 5.350000 -155.989990
v 138.319992 5.350000 -71.629997
v 136.419998 5.350000 -71.629997
v 136.419998 5.350000 -75.239998
v 134.709991 5.350000 -75.239998
v 137.179993 6.250000 -69.349998
v 136.800003 6.250000 -69.349998
v 136.800003 6.250000 -70.299995
v 137.179993 6.250000 -70.299995
v 132.809998 5.350000 -69.159996
v 131.099991 5.350000 -69.159996
v 131.099991 5.350000 -69.540001
v 132.809998 5.350000 -69.540001
v 132.809998 4.650000 -70.489998
v 131.479996 4.550000 -70.489998
v 131.099991 4.550000 -71.059998
v 131.099991 4.650000 -72.769997
v 129.770004 4.550000 -72.959999
v 128.819992 4.550000 -74.479996
v 132.809998 4.750000 -74.479996
v 132.809998 5.350000 -75.430000
v 129.580002 5.350000 -69.159996
v 129.580002 5.350000 -69.540001
v 206.909988 5.350000 -180.309998
v 207.289993 5.350000 -181.830002
v 207.099991 5.350000 -182.779999
v 206.339996 5.350000 -182.779999
v 205.959991 5.350000 -181.830002
v 205.389999 5.350000 -181.830002
v 205.199997 5.450000 -182.589996
v 203.300003 5.450000 -182.399994
v 202.729996 5.350000 -182.019989
v 202.919998 5.350000 -181.259995
v 201.019989 5.350000 -180.690002
v 201.209991 5.450000 -177.839996
v 197.789993 5.350000 -187.720001
v 198.929993 5.350000 -187.720001
v 200.259995 5.350000 -187.720001
v 200.639999 5.350000 -186.769989
v 201.779999 5.350000 -186.959991
v 201.589996 5.450000 -185.819992
v 202.349991 5.450000 -185.250000
v 203.869995 5.450000 -185.059998
v 204.629990 5.350000 -186.580002
v 205.199997 5.350000 -185.440002
v 207.479996 5.350000 -184.489990
v 207.479996 5.350000 -179.929993
v 206.339996 5.350000 -186.199997
v 205.580002 5.350000 -187.720001
v 205.769989 5.350000 -187.720001
v 207.479996 5.350000 -187.149994
v 207.479996 5.350000 -185.819992
v 227.239990 5.150000 -138.319992
v 225.529999 5.150000 -138.319992
v 225.529999 5.250000 -145.729996
v 227.239990 5.250000 -145.539993
v 227.239990 5.150000 -140.789993
v 227.239990 5.150000 -139.459991
v 225.149994 5.250000 -147.819992
v 225.529999 5.250000 -147.440002
v 223.629990 6.250000 -138.319992
v 218.690002 6.250000 -138.319992
v 218.879990 6.250000 -138.699997
v 220.589996 6.550000 -138.699997
v 220.589996 6.250000 -141.169998
v 218.690002 6.250000 -141.169998
v 218.690002 6.250000 -142.119995
v 220.970001 6.250000 -142.119995
v 220.970001 6.250000 -144.589996
v 220.589996 6.250000 -144.970001
v 219.069992 6.250000 -144.970001
v 218.690002 6.250000 -144.589996
v 218.690002 6.250000 -146.300003
v 223.629990 6.250000 -146.300003
v 223.629990 6.250000 -144.779999
v 222.489990 6.250000 -144.970001
v 222.110001 6.250000 -144.589996
v 222.110001 6.250000 -142.119995
v 223.629990 6.250000 -141.739990
v 223.629990 6.250000 -141.360001
v 221.919998 6.250000 -141.360001
v 221.729996 6.550000 -140.599991
v 221.919998 6.550000 -138.699997
v 98.799995 5.350000 -175.179993
v 102.220001 5.350000 -175.179993
v 102.409996 5.350000 -174.229996
v 105.639999 5.350000 -174.229996
v 225.529999 5.150000 -129.770004
v 223.629990 6.250000 -134.139999
v 222.489990 6.250000 -133.759995
v 222.679993 6.250000 -132.809998
v 220.589996 6.250000 -132.809998
v 220.399994 6.250000 -132.050003
v 219.639999 6.250000 -133.000000
v 218.690002 6.250000 -132.809998
v 218.500000 6.250000 -133.569992
v 218.879990 6.250000 -135.089996
v 220.589996 6.550000 -135.089996
v 220.779999 6.250000 -137.369995
v 220.209991 6.250000 -137.940002
v 218.879990 6.250000 -137.559998
v 218.690002 6.550000 -135.279999
v 223.629990 6.250000 -137.559998
v 221.919998 6.250000 -137.750000
v 221.729996 6.550000 -136.989990
v 221.919998 6.550000 -135.089996
v 223.629990 6.250000 -135.089996
v 217.739990 6.150000 -133.949997
v 217.929993 6.150000 -133.379990
v 115.329994 5.350000 -178.029999
v 115.329994 5.350000 -185.250000
v 115.899994 5.350000 -185.440002
v 115.899994 5.350000 -187.720001
v 112.860001 5.350000 -178.029999
v 112.860001 5.350000 -185.250000
v 88.919998 5.350000 -128.440002
v 88.919998 5.350000 -138.319992
v 216.220001 5.150000 -108.680000
v 216.409988 5.150000 -102.979996
v 217.360001 5.150000 -102.599998
v 217.360001 5.150000 -99.559998
v 216.599991 5.150000 -99.559998
v 215.839996 5.150000 -106.399994
v 214.509995 5.150000 -106.589996
v 214.319992 5.150000 -103.930000
v 215.649994 5.150000 -103.739998
v 176.509995 6.250000 -69.159996
v 174.800003 6.250000 -69.159996
v 174.800003 5.150000 -70.680000
v 173.470001 5.150000 -69.159996
v 169.289993 5.150000 -69.159996
v 168.910004 5.150000 -69.729996
v 167.959991 5.150000 -69.729996
v 167.959991 5.150000 -70.110001
v 169.289993 5.150000 -70.299995
v 170.429993 5.150000 -72.389999
v 171.569992 5.150000 -72.199997
v 172.519989 5.150000 -73.150002
v 172.519989 5.150000 -73.909996
v 171.949997 5.150000 -74.479996
v 173.660004 5.150000 -75.619995
v 173.470001 5.150000 -77.900002
v 167.959991 5.150000 -77.900002
v 167.959991 5.150000 -78.470001
v 168.339996 5.150000 -78.470001
v 173.660004 5.150000 -78.089996
v 174.419998 5.150000 -78.089996
v 174.989990 5.150000 -77.900002
v 174.800003 5.150000 -75.809998
v 175.179993 5.150000 -75.430000
v 177.839996 6.250000 -76.570000
v 175.750000 6.250000 -76.570000
v 177.839996 6.250000 -76.759995
v 170.050003 6.150000 -74.099998
v 168.720001 6.150000 -71.439995
v 167.959991 6.150000 -71.059998
v 167.959991 6.150000 -72.199997
v 168.910004 6.150000 -72.199997
v 168.720001 6.150000 -72.959999
v 167.959991 6.150000 -72.769997
v 167.959991 6.150000 -76.759995
v 172.709991 6.150000 -76.759995
v 172.709991 6.150000 -76.379997
v 186.009995 5.450000 -190.759995
v 185.440002 5.350000 -190.379990
v 184.300003 5.350000 -190.379990
v 184.110001 5.350000 -190.000000
v 183.349991 5.450000 -194.369995
v 184.869995 5.450000 -194.940002
v 184.110001 5.350000 -196.649994
v 184.300003 5.350000 -197.599991
v 186.769989 5.350000 -197.599991
v 187.149994 5.350000 -196.839996
v 187.529999 5.350000 -196.839996
v 184.489990 5.350000 -187.909988
v 178.979996 5.350000 -197.599991
v 179.550003 5.350000 -196.080002
v 180.309998 5.350000 -196.269989
v 180.879990 5.350000 -194.179993
v 180.500000 5.350000 -197.029999
v 180.309998 5.350000 -197.599991
v 180.690002 5.350000 -197.409988
v 148.199997 5.350000 -71.629997
v 145.919998 5.350000 -71.629997
v 145.729996 5.350000 -71.059998
v 139.270004 5.350000 -71.059998
v 139.080002 5.350000 -71.629997
v 133.379990 5.350000 -187.720001
v 133.379990 5.350000 -188.289993
v 134.139999 5.350000 -188.669998
v 134.139999 5.350000 -189.619995
v 133.379990 5.350000 -189.809998
v 133.379990 5.350000 -196.269989
v 136.610001 5.350000 -196.269989
v 137.369995 5.350000 -195.509995
v 138.319992 5.350000 -195.509995
v 130.910004 5.350000 -196.649994
v 132.619995 5.350000 -189.619995
v 132.619995 5.350000 -188.479996
v 106.019997 5.350000 -103.169998
v 106.209999 5.350000 -103.549995
v 106.209999 5.350000 -106.019997
v 106.209999 5.350000 -106.589996
v 105.639999 5.350000 -106.779999
v 103.549995 5.350000 -106.779999
v 102.599998 5.350000 -106.779999
v 102.409996 5.350000 -106.019997
v 216.979996 5.350000 -158.080002
v 216.979996 5.350000 -159.410004
v 214.889999 5.350000 -158.839996
v 214.129990 5.350000 -158.080002
v 212.419998 5.350000 -158.080002
v 213.750000 5.350000 -159.410004
v 215.080002 5.350000 -159.410004
v 216.029999 5.350000 -160.550003
v 216.029999 5.350000 -161.500000
v 214.699997 5.350000 -163.019989
v 214.319992 5.350000 -163.019989
v 215.459991 5.350000 -163.779999
v 215.459991 5.350000 -164.729996
v 213.369995 5.350000 -167.389999
v 212.610001 5.350000 -167.389999
v 211.470001 5.350000 -166.440002
v 213.750000 5.350000 -164.160004
v 212.610001 5.350000 -165.110001
v 212.799988 5.350000 -165.679993
v 213.940002 5.350000 -164.539993
v 210.330002 5.450000 -160.550003
v 210.330002 5.450000 -159.599991
v 210.709991 5.450000 -159.220001
v 209.190002 5.450000 -158.080002
v 208.239990 5.650000 -158.080002
v 208.049988 5.450000 -158.649994
v 208.049988 5.450000 -162.069992
v 207.860001 5.450000 -163.399994
v 208.429993 5.450000 -164.729996
v 209.379990 5.450000 -162.639999
v 210.519989 5.450000 -162.449997
v 210.899994 5.450000 -161.879990
v 167.009995 5.150000 -69.729996
v 163.399994 5.150000 -69.729996
v 164.160004 5.150000 -69.919998
v 164.160004 5.150000 -71.439995
v 163.399994 5.150000 -71.629997
v 163.399994 5.150000 -73.150002
v 164.160004 5.150000 -73.339996
v 164.160004 5.150000 -75.049995
v 163.399994 5.150000 -75.239998
v 163.399994 5.150000 -76.570000
v 164.160004 5.150000 -76.759995
v 164.160004 5.150000 -78.279999
v 163.399994 5.150000 -78.470001
v 167.389999 5.150000 -78.470001
v 166.819992 5.150000 -77.709999
v 166.629990 5.150000 -70.489998
v 167.009995 5.150000 -70.110001
v 198.929993 5.150000 -91.009995
v 199.309998 5.150000 -90.629997
v 205.580002 5.150000 -90.629997
v 206.909988 5.150000 -91.199997
v 206.909988 5.150000 -91.959999
v 205.959991 5.150000 -92.339996
v 205.959991 5.150000 -92.909996
v 206.720001 5.150000 -93.099998
v 206.720001 5.150000 -95.759995
v 205.959991 5.150000 -95.949997
v 204.819992 6.250000 -91.769997
v 199.879990 6.250000 -91.769997
v 199.879990 6.250000 -98.610001
v 204.819992 6.250000 -98.610001
v 204.440002 6.250000 -91.959999
v 204.629990 6.250000 -98.040001
v 200.449997 6.250000 -98.229996
v 200.259995 6.250000 -92.150002
v 203.489990 5.150000 -93.099998
v 201.209991 5.150000 -93.099998
v 201.209991 5.150000 -95.000000
v 201.399994 5.250000 -95.189995
v 202.539993 5.150000 -95.000000
v 202.919998 5.150000 -96.139999
v 203.489990 5.150000 -96.139999
v 202.539993 5.250000 -96.519997
v 201.589996 5.250000 -96.519997
v 201.209991 5.250000 -97.279999
v 203.489990 5.250000 -97.279999
v 152.569992 5.350000 -69.159996
v 151.429993 5.350000 -69.159996
v 151.239990 5.350000 -70.110001
v 149.910004 5.350000 -70.110001
v 149.720001 5.350000 -75.809998
v 148.389999 5.350000 -75.619995
v 105.639999 5.350000 -162.830002
v 106.209999 5.350000 -163.019989
v 106.209999 5.350000 -164.160004
v 106.209999 5.350000 -166.059998
v 106.019997 5.350000 -166.629990
v 102.599998 5.350000 -166.629990
v 102.409996 5.350000 -166.059998
v 104.689995 5.350000 -162.830002
v 102.409996 5.350000 -163.779999
v 102.409996 5.350000 -163.019989
v 103.169998 5.350000 -162.830002
v 171.190002 5.350000 -189.429993
v 170.429993 5.350000 -190.949997
v 170.239990 5.350000 -193.229996
v 171.569992 5.350000 -194.940002
v 172.709991 5.350000 -194.750000
v 174.419998 5.350000 -195.509995
v 216.789993 5.150000 -116.279999
v 216.220001 5.250000 -116.279999
v 216.220001 5.250000 -116.849998
v 216.789993 5.250000 -116.849998
v 207.479996 5.350000 -113.239998
v 207.479996 5.350000 -114.379997
v 207.479996 5.350000 -116.279999
v 207.479996 5.350000 -118.180000
v 214.509995 5.250000 -118.180000
v 214.129990 5.250000 -114.570000
v 214.509995 5.250000 -114.379997
v 214.509995 5.250000 -113.239998
v 214.129990 5.250000 -113.049995
v 214.129990 5.250000 -111.529999
v 216.409988 5.150000 -110.959999
v 216.029999 5.250000 -117.799995
v 215.459991 5.250000 -117.799995
v 215.649994 5.250000 -115.329994
v 216.029999 5.250000 -115.329994
v 216.029999 5.250000 -114.949997
v 189.429993 5.350000 -178.220001
v 193.039993 5.350000 -178.789993
v 193.419998 5.750000 -179.360001
v 192.470001 5.350000 -184.679993
v 192.089996 5.350000 -185.059998
v 189.619995 5.350000 -184.869995
v 189.809998 5.750000 -185.819992
v 192.089996 5.350000 -186.959991
v 191.899994 5.350000 -179.550003
v 188.099991 5.350000 -178.979996
v 191.330002 5.350000 -184.110001
v 191.709991 5.350000 -183.729996
v 192.279999 5.350000 -179.929993
v 142.879990 5.350000 -187.720001
v 142.879990 5.350000 -192.659988
v 147.440002 5.350000 -192.089996
v 146.869995 5.350000 -191.519989
v 146.679993 5.350000 -188.289993
v 147.440002 6.250000 -194.750000
v 139.459991 5.350000 -195.889999
v 142.500000 5.350000 -194.179993
v 142.309998 5.350000 -193.229996
v 216.789993 5.350000 -149.910004
v 216.979996 5.350000 -152.000000
v 210.709991 5.350000 -152.759995
v 213.369995 5.350000 -155.989990
v 215.459991 5.350000 -157.699997
v 215.839996 5.450000 -150.860001
v 215.459991 5.450000 -149.339996
v 208.049988 5.350000 -149.339996
v 207.669998 5.350000 -150.479996
v 209.000000 5.350000 -150.479996
v 209.000000 5.350000 -151.619995
v 210.899994 5.350000 -155.229996
v 209.379990 5.350000 -153.139999
v 207.479996 5.350000 -154.470001
v 209.379990 5.350000 -155.610001
v 210.139999 5.350000 -156.559998
v 211.089996 5.350000 -156.750000
v 211.470001 5.350000 -157.509995
v 208.619995 5.650000 -157.509995
v 208.049988 5.850000 -157.699997
v 205.959991 5.350000 -172.330002
v 205.199997 5.350000 -172.330002
v 201.779999 5.850000 -177.839996
v 201.970001 5.850000 -177.839996
v 202.159988 5.850000 -177.269989
v 204.819992 5.350000 -177.269989
v 205.580002 5.350000 -174.989990
v 203.679993 5.350000 -168.339996
v 205.769989 5.350000 -171.000000
v 206.339996 5.350000 -170.239990
v 69.159996 5.350000 -145.539993
v 69.159996 5.350000 -148.199997
v 79.040001 5.350000 -148.199997
v 79.040001 5.350000 -138.319992
v 72.010002 5.350000 -138.319992
v 69.729996 5.350000 -138.319992
v 69.159996 5.350000 -138.319992
v 70.680000 5.350000 -143.830002
v 70.489998 5.350000 -142.690002
v 71.439995 5.350000 -142.500000
v 71.629997 5.350000 -143.639999
v 118.559998 5.350000 -59.279999
v 113.049995 5.350000 -59.279999
v 113.239998 5.350000 -63.840000
v 115.329994 5.350000 -63.840000
v 115.329994 5.350000 -65.549995
v 114.379997 5.350000 -65.739998
v 114.379997 5.350000 -66.500000
v 118.559998 5.350000 -66.500000
v 118.559998 5.350000 -65.930000
v 117.419998 5.350000 -65.739998
v 117.419998 5.350000 -64.599998
v 118.559998 5.350000 -64.220001
v 118.559998 5.350000 -68.970001
v 116.469994 5.350000 -69.159996
v 113.239998 5.350000 -65.549995
v 108.680000 5.350000 -59.279999
v 108.680000 5.350000 -64.220001
v 111.149994 5.350000 -64.409996
v 110.959999 5.350000 -65.930000
v 108.680000 5.350000 -65.930000
v 108.680000 5.350000 -66.500000
v 108.680000 5.350000 -68.970001
v 108.680000 5.350000 -69.159996
v 112.860001 5.350000 -69.159996
v 79.040001 5.350000 -128.440002
v 73.720001 5.350000 -128.440002
v 73.720001 5.350000 -129.389999
v 73.150002 5.350000 -129.770004
v 72.010002 5.350000 -129.389999
v 72.010002 5.350000 -128.440002
v 69.159996 5.350000 -128.440002
v 69.540001 5.350000 -136.039993
v 72.010002 5.350000 -135.849991
v 227.239990 5.150000 -79.040001
v 223.250000 5.150000 -79.040001
v 223.250000 5.150000 -86.830002
v 217.360001 5.150000 -87.019997
v 227.239990 5.150000 -88.919998
v 217.360001 6.250000 -79.229996
v 217.360001 6.250000 -85.879997
v 222.299988 6.250000 -85.879997
v 222.299988 6.250000 -79.229996
v 217.549988 6.250000 -79.610001
v 221.729996 6.250000 -79.419998
v 221.919998 6.250000 -85.500000
v 217.739990 6.250000 -85.689995
v 220.970001 5.150000 -80.559998
v 218.690002 5.150000 -80.559998
v 218.690002 5.150000 -82.269997
v 218.879990 5.150000 -82.459999
v 220.209991 5.150000 -82.269997
v 220.399994 5.150000 -83.220001
v 220.970001 5.150000 -83.220001
v 220.209991 5.150000 -83.790001
v 219.069992 5.150000 -83.790001
v 218.690002 5.150000 -84.549995
v 220.970001 5.150000 -84.549995
v 175.750000 5.150000 -52.250000
v 174.419998 5.150000 -54.149998
v 173.660004 5.150000 -56.430000
v 173.470001 5.150000 -58.520000
v 173.089996 5.150000 -58.899998
v 171.000000 5.150000 -58.709999
v 170.429993 5.150000 -58.329998
v 170.619995 5.150000 -56.239998
v 169.289993 5.150000 -56.049999
v 169.289993 5.150000 -58.139999
v 168.910004 5.150000 -58.520000
v 167.959991 5.150000 -58.520000
v 177.839996 5.150000 -59.279999
v 177.839996 5.150000 -57.570000
v 177.459991 5.150000 -57.949997
v 175.750000 5.150000 -57.759998
v 175.369995 5.150000 -56.619999
v 176.129990 5.150000 -54.529999
v 177.839996 5.150000 -52.439999
v 177.839996 5.150000 -50.349998
v 176.889999 6.250000 -55.669998
v 176.699997 6.250000 -57.000000
v 177.459991 6.250000 -55.099998
v 177.269989 6.250000 -49.399998
v 175.559998 6.250000 -49.399998
v 174.229996 6.250000 -50.539997
v 172.519989 6.250000 -53.009998
v 171.569992 6.250000 -55.480000
v 171.379990 6.250000 -57.759998
v 172.519989 6.250000 -57.759998
v 173.470001 6.250000 -53.770000
v 174.039993 5.150000 -49.399998
v 167.959991 5.150000 -49.399998
v 167.959991 5.150000 -49.590000
v 168.910004 5.150000 -49.590000
v 169.289993 5.150000 -49.969997
v 170.619995 5.150000 -55.099998
v 171.569992 5.150000 -52.629997
v 217.360001 5.150000 -75.049995
v 216.599991 5.150000 -75.049995
v 216.409988 5.150000 -75.619995
v 215.269989 5.150000 -75.619995
v 215.080002 5.150000 -74.290001
v 211.470001 5.150000 -74.099998
v 211.470001 5.150000 -75.049995
v 211.659988 5.150000 -79.040001
v 216.409988 5.150000 -79.040001
v 216.789993 5.150000 -78.089996
v 217.360001 5.150000 -78.089996
v 216.220001 5.150000 -69.159996
v 211.089996 5.150000 -69.159996
v 211.089996 5.150000 -72.580002
v 211.470001 5.150000 -72.769997
v 215.080002 5.150000 -72.959999
v 216.220001 5.150000 -72.769997
v 211.279999 5.150000 -75.430000
v 210.139999 5.150000 -75.430000
v 209.949997 5.150000 -74.099998
v 207.479996 5.150000 -74.099998
v 207.479996 5.150000 -69.159996
v 209.949997 5.150000 -72.769997
v 147.819992 5.350000 -53.770000
v 147.819992 5.350000 -52.059998
v 145.919998 5.350000 -52.059998
v 145.729996 5.350000 -51.680000
v 139.270004 5.350000 -51.680000
v 139.080002 5.350000 -52.059998
v 138.319992 5.350000 -52.059998
v 138.319992 5.350000 -55.099998
v 138.509995 5.350000 -55.099998
v 138.509995 5.350000 -54.149998
v 138.889999 5.350000 -53.770000
v 140.789993 5.350000 -53.959999
v 140.979996 5.350000 -53.770000
v 141.169998 5.350000 -51.869999
v 143.449997 5.350000 -51.869999
v 143.449997 5.350000 -53.959999
v 144.589996 5.350000 -54.149998
v 144.779999 5.350000 -53.770000
v 146.489990 5.350000 -53.770000
v 146.679993 5.350000 -55.289997
v 147.819992 5.350000 -55.289997
v 148.199997 5.350000 -54.340000
v 148.199997 5.350000 -53.959999
v 146.489990 5.350000 -56.049999
v 144.779999 5.350000 -56.049999
v 143.069992 5.350000 -54.340000
v 141.550003 5.350000 -54.340000
v 140.599991 5.350000 -56.049999
v 138.699997 5.350000 -56.049999
v 138.319992 5.350000 -59.279999
v 148.199997 5.350000 -58.709999
v 147.440002 5.350000 -58.520000
v 147.629990 5.350000 -57.379997
v 148.199997 5.350000 -57.000000
v 142.690002 5.350000 -52.820000
v 141.929993 5.350000 -52.820000
v 142.119995 5.350000 -53.389999
v 142.690002 5.350000 -53.199997
v 98.799995 5.350000 -79.040001
v 95.570000 5.350000 -79.040001
v 95.570000 5.350000 -87.209999
v 96.519997 5.350000 -87.400002
v 96.519997 5.350000 -88.919998
v 94.430000 5.350000 -79.040001
v 94.619995 5.350000 -87.209999
v 94.619995 5.350000 -79.040001
v 93.479996 5.350000 -79.040001
v 88.919998 5.350000 -79.040001
v 88.919998 5.350000 -88.919998
v 92.909996 5.350000 -88.919998
v 92.909996 5.350000 -87.400002
v 93.479996 5.350000 -87.209999
v 237.119995 5.150000 -98.799995
v 236.169998 5.150000 -98.799995
v 235.979996 5.150000 -99.559998
v 229.519989 5.150000 -99.559998
v 229.330002 5.150000 -98.799995
v 227.239990 5.150000 -98.799995
v 229.330002 5.150000 -108.680000
v 229.519989 5.150000 -103.739998
v 235.979996 5.150000 -103.739998
v 236.169998 5.150000 -108.680000
v 237.119995 5.150000 -108.680000
v 237.119995 5.150000 -108.489998
v 236.360001 5.150000 -108.299995
v 236.360001 5.150000 -105.639999
v 237.119995 5.150000 -105.449997
v 235.220001 6.250000 -104.689995
v 230.279999 6.250000 -104.689995
v 230.279999 6.250000 -108.680000
v 230.470001 6.250000 -108.680000
v 230.659988 6.250000 -105.070000
v 234.839996 6.250000 -105.070000
v 235.029999 6.250000 -108.680000
v 235.220001 6.250000 -108.680000
v 233.889999 5.150000 -106.019997
v 231.610001 5.150000 -106.019997
v 231.610001 5.150000 -108.680000
v 232.750000 5.150000 -108.680000
v 232.939987 5.150000 -108.110001
v 233.889999 5.150000 -108.110001
v 106.209999 5.350000 -69.159996
v 106.019997 5.350000 -70.110001
v 102.790001 5.350000 -70.110001
v 102.599998 5.350000 -69.159996
v 98.799995 5.350000 -69.159996
v 164.160004 5.150000 -49.399998
v 164.160004 5.150000 -51.299999
v 163.589996 5.150000 -51.869999
v 158.080002 5.150000 -51.869999
v 158.080002 5.150000 -54.719997
v 158.459991 5.150000 -54.719997
v 158.459991 5.150000 -52.439999
v 160.550003 5.150000 -52.250000
v 162.259995 5.150000 -53.959999
v 162.259995 5.150000 -54.719997
v 164.349991 5.150000 -54.910000
v 164.539993 5.150000 -53.959999
v 166.250000 5.150000 -53.959999
v 166.440002 5.150000 -56.049999
v 165.869995 5.150000 -56.239998
v 165.869995 5.150000 -56.619999
v 166.819992 5.150000 -56.619999
v 166.819992 5.150000 -49.779999
v 165.869995 5.150000 -57.949997
v 164.539993 5.150000 -56.239998
v 162.069992 5.150000 -55.480000
v 159.220001 5.150000 -55.480000
v 159.979996 5.150000 -53.199997
v 159.410004 5.150000 -53.199997
v 159.599991 5.250000 -54.340000
v 160.360001 5.250000 -54.340000
v 206.529999 5.350000 -207.099991
v 206.720001 5.350000 -207.479996
v 206.909988 5.350000 -207.479996
v 207.479996 5.350000 -206.909988
v 207.479996 5.350000 -206.529999
v 206.339996 5.350000 -199.500000
v 205.769989 5.350000 -199.879990
v 206.720001 5.350000 -201.019989
v 207.099991 5.350000 -201.019989
v 207.099991 5.350000 -200.449997
v 206.149994 5.350000 -197.599991
v 204.440002 5.350000 -197.599991
v 205.199997 5.350000 -198.929993
v 204.440002 5.450000 -204.059998
v 203.300003 5.450000 -203.489990
v 203.679993 5.450000 -202.539993
v 203.110001 5.450000 -201.779999
v 201.019989 5.450000 -201.970001
v 200.830002 5.450000 -201.399994
v 199.879990 5.450000 -201.779999
v 199.309998 5.450000 -202.539993
v 198.169998 5.850000 -203.110001
v 198.360001 5.850000 -203.679993
v 199.309998 5.450000 -203.869995
v 199.309998 5.450000 -204.440002
v 197.599991 5.450000 -205.580002
v 197.599991 5.450000 -207.479996
v 198.929993 5.450000 -207.479996
v 199.879990 5.450000 -207.479996
v 201.399994 5.450000 -207.479996
v 201.209991 5.450000 -206.529999
v 202.539993 5.450000 -204.819992
v 203.300003 5.450000 -204.819992
v 204.059998 5.450000 -205.959991
v 205.199997 5.450000 -205.199997
v 201.589996 5.350000 -197.599991
v 199.500000 5.350000 -197.599991
v 197.599991 5.350000 -198.739990
v 197.599991 5.350000 -201.209991
v 201.399994 5.350000 -198.550003
v 156.369995 5.150000 -51.680000
v 156.369995 5.350000 -56.430000
v 155.419998 5.450000 -56.809998
v 155.989990 5.350000 -57.759998
v 155.800003 5.350000 -58.709999
v 153.519989 5.350000 -56.049999
v 152.759995 5.350000 -56.049999
v 152.569992 5.350000 -55.289997
v 149.910004 5.350000 -55.289997
v 149.529999 5.350000 -57.570000
v 153.709991 5.350000 -57.570000
v 152.569992 5.350000 -49.399998
v 149.910004 5.350000 -49.399998
v 149.910004 5.350000 -50.349998
v 151.239990 5.350000 -50.349998
v 151.429993 5.350000 -51.110001
v 152.000000 5.350000 -51.110001
v 152.000000 5.350000 -50.160000
v 152.569992 5.350000 -52.059998
v 151.429993 5.350000 -52.059998
v 151.429993 5.350000 -53.770000
v 149.910004 5.350000 -53.959999
v 149.910004 5.350000 -54.340000
v 152.569992 5.350000 -54.340000
v 150.099991 6.250000 -52.059998
v 149.720001 6.250000 -52.059998
v 149.720001 6.250000 -52.629997
v 150.099991 6.250000 -52.629997
v 136.419998 5.350000 -207.860001
v 132.050003 5.350000 -207.860001
v 130.529999 5.350000 -209.000000
v 128.440002 5.350000 -209.569992
v 128.440002 5.350000 -214.319992
v 128.440002 5.350000 -215.269989
v 128.440002 5.350000 -215.459991
v 129.009995 5.350000 -217.360001
v 130.149994 5.350000 -217.360001
v 130.149994 5.350000 -214.699997
v 130.529999 5.350000 -213.750000
v 132.809998 5.350000 -213.369995
v 132.809998 5.450000 -212.610001
v 133.379990 5.450000 -212.229996
v 135.660004 5.450000 -212.610001
v 136.039993 5.450000 -211.470001
v 138.319992 5.350000 -211.849991
v 137.940002 5.350000 -216.220001
v 134.330002 5.350000 -214.699997
v 134.520004 5.350000 -216.979996
v 134.899994 5.350000 -216.409988
v 137.369995 5.350000 -216.409988
v 137.559998 5.350000 -217.360001
v 138.319992 5.350000 -217.360001
v 138.319992 5.350000 -217.169998
v 133.190002 5.350000 -215.649994
v 131.479996 5.350000 -215.839996
v 131.479996 5.350000 -217.169998
v 133.190002 5.350000 -216.979996
v 227.239990 5.350000 -177.839996
v 225.909988 5.350000 -177.839996
v 225.339996 5.350000 -177.839996
v 221.729996 5.350000 -177.839996
v 221.539993 5.350000 -181.639999
v 220.399994 5.350000 -184.679993
v 220.019989 5.350000 -187.720001
v 222.679993 5.350000 -187.720001
v 223.059998 5.750000 -185.819992
v 224.199997 5.350000 -185.250000
v 224.199997 5.350000 -184.679993
v 223.629990 5.350000 -184.489990
v 223.629990 5.350000 -182.399994
v 224.769989 5.350000 -178.029999
v 225.720001 5.350000 -178.220001
v 224.769989 5.350000 -183.349991
v 226.860001 5.350000 -183.349991
v 227.239990 5.350000 -183.729996
v 224.199997 5.350000 -186.769989
v 224.009995 5.350000 -187.720001
v 227.239990 5.350000 -187.720001
v 227.239990 5.350000 -186.389999
v 226.289993 5.350000 -184.300003
v 225.149994 5.350000 -184.300003
v 225.149994 5.350000 -185.629990
v 226.289993 5.350000 -185.629990
v 220.589996 5.350000 -177.839996
v 218.119995 5.350000 -177.839996
v 220.589996 5.350000 -178.409988
v 219.259995 5.350000 -179.169998
v 218.690002 5.350000 -179.169998
v 218.500000 5.350000 -179.739990
v 218.119995 5.350000 -182.970001
v 219.069992 5.350000 -182.970001
v 219.830002 5.350000 -179.550003
v 218.690002 5.350000 -184.869995
v 217.549988 5.350000 -184.679993
v 217.360001 5.350000 -186.199997
v 217.360001 5.350000 -187.720001
v 218.119995 5.350000 -187.720001
v 217.739990 5.350000 -178.789993
v 217.360001 5.350000 -178.789993
v 217.360001 5.350000 -180.119995
v 118.369995 5.350000 -197.599991
v 117.989998 5.350000 -198.169998
v 116.849998 5.350000 -198.169998
v 116.659996 5.350000 -197.599991
v 115.899994 5.350000 -197.599991
v 115.519997 5.350000 -198.169998
v 115.519997 5.350000 -205.389999
v 115.899994 5.350000 -206.149994
v 116.659996 5.350000 -206.339996
v 116.659996 5.350000 -206.909988
v 117.229996 5.350000 -206.909988
v 117.419998 5.350000 -207.479996
v 117.799995 5.350000 -207.479996
v 118.559998 5.350000 -207.479996
v 113.430000 5.350000 -197.599991
v 108.680000 5.350000 -197.599991
v 108.680000 5.350000 -205.199997
v 110.389999 5.350000 -205.199997
v 110.769997 5.350000 -206.149994
v 111.529999 5.350000 -206.339996
v 111.529999 5.350000 -206.909988
v 112.099998 5.350000 -206.909988
v 112.290001 5.350000 -206.149994
v 112.860001 5.350000 -206.149994
v 113.430000 5.350000 -205.199997
v 113.430000 5.350000 -207.099991
v 113.049995 5.350000 -207.099991
v 113.049995 5.350000 -207.479996
v 113.239998 5.350000 -207.479996
v 110.579994 5.350000 -207.099991
v 109.820000 5.350000 -206.909988
v 109.629997 5.350000 -206.149994
v 108.680000 5.350000 -206.339996
v 108.680000 5.350000 -207.479996
v 109.059998 5.350000 -207.479996
v 109.439995 5.350000 -207.479996
v 110.579994 5.350000 -207.479996
v 237.119995 5.350000 -158.080002
v 235.409988 5.350000 -158.080002
v 236.360001 5.350000 -158.649994
v 237.119995 5.350000 -158.269989
v 235.789993 5.350000 -163.209991
v 235.789993 5.350000 -162.069992
v 234.649994 5.350000 -161.119995
v 234.269989 5.350000 -158.080002
v 232.939987 5.350000 -158.080002
v 232.179993 5.350000 -159.979996
v 232.559998 5.350000 -161.119995
v 231.610001 5.350000 -161.500000
v 231.799988 5.350000 -162.259995
v 231.229996 5.350000 -162.639999
v 231.229996 5.450000 -167.959991
v 237.119995 5.350000 -167.959991
v 237.119995 5.350000 -163.970001
v 228.759995 5.350000 -158.459991
v 228.569992 5.350000 -158.080002
v 227.809998 5.350000 -158.080002
v 227.429993 5.350000 -159.789993
v 229.899994 5.350000 -159.789993
v 231.229996 5.350000 -159.410004
v 231.610001 5.350000 -158.649994
v 230.089996 5.350000 -162.449997
v 229.709991 5.350000 -160.929993
v 228.759995 5.350000 -160.929993
v 228.379990 5.450000 -161.690002
v 85.689995 5.350000 -98.799995
v 85.689995 5.350000 -103.169998
v 86.070000 5.350000 -103.549995
v 86.070000 5.350000 -106.019997
v 85.879997 5.350000 -106.779999
v 83.979996 5.350000 -106.779999
v 83.790001 5.350000 -108.299995
v 84.930000 5.350000 -108.680000
v 83.409996 5.350000 -98.799995
v 79.040001 5.350000 -98.799995
v 79.040001 5.350000 -105.639999
v 80.369995 5.350000 -104.879997
v 81.509995 5.350000 -104.879997
v 82.459999 5.350000 -105.449997
v 82.459999 5.350000 -103.360001
v 83.409996 5.350000 -103.169998
v 81.889999 5.350000 -106.399994
v 80.559998 5.450000 -106.209999
v 79.799995 5.750000 -106.589996
v 79.040001 6.250000 -107.919998
v 79.989998 6.250000 -107.919998
v 80.369995 5.750000 -107.159996
v 80.939995 5.450000 -107.159996
v 81.889999 5.350000 -107.729996
v 81.699997 5.350000 -108.680000
v 82.459999 5.350000 -108.680000
v 83.029999 5.350000 -108.110001
v 216.979996 5.350000 -187.720001
v 216.789993 5.350000 -188.479996
v 217.360001 5.350000 -188.479996
v 216.409988 5.350000 -197.599991
v 217.360001 5.350000 -197.599991
v 217.360001 5.350000 -195.319992
v 216.979996 5.350000 -191.519989
v 216.409988 5.350000 -191.330002
v 215.839996 5.350000 -191.519989
v 214.889999 5.350000 -197.599991
v 215.080002 5.350000 -197.599991
v 216.029999 5.350000 -195.699997
v 216.979996 5.350000 -192.089996
v 214.319992 6.250000 -189.619995
v 213.179993 6.250000 -189.619995
v 212.610001 6.250000 -189.050003
v 212.799988 6.550000 -187.720001
v 211.659988 6.550000 -187.720001
v 211.470001 6.250000 -189.050003
v 210.519989 6.250000 -189.239990
v 209.569992 6.250000 -188.479996
v 209.379990 6.250000 -189.429993
v 211.470001 6.250000 -190.000000
v 210.899994 6.250000 -192.470001
v 209.379990 6.250000 -192.659988
v 209.000000 6.250000 -192.279999
v 208.809998 6.250000 -193.039993
v 208.809998 6.250000 -193.419998
v 210.899994 6.250000 -193.419998
v 210.519989 6.550000 -194.940002
v 210.709991 6.250000 -195.889999
v 209.379990 6.250000 -196.269989
v 208.429993 6.250000 -195.699997
v 208.239990 6.250000 -196.459991
v 208.239990 6.250000 -197.409988
v 210.519989 6.250000 -197.599991
v 212.989990 6.250000 -197.599991
v 213.179993 6.250000 -196.649994
v 212.039993 6.250000 -196.649994
v 211.470001 6.250000 -196.269989
v 211.849991 6.550000 -193.989990
v 212.229996 6.250000 -193.610001
v 213.750000 6.250000 -193.800003
v 213.750000 6.250000 -193.229996
v 212.799988 6.250000 -193.229996
v 212.039993 6.250000 -192.659988
v 212.419998 6.550000 -190.379990
v 214.319992 6.250000 -190.190002
v 197.599991 5.150000 -59.279999
v 193.610001 5.150000 -59.279999
v 193.610001 5.150000 -60.609997
v 195.129990 5.150000 -61.180000
v 195.129990 5.150000 -62.509998
v 194.179993 5.150000 -64.790001
v 191.899994 5.150000 -67.449997
v 193.419998 5.150000 -68.209999
v 195.129990 5.150000 -66.309998
v 196.269989 5.150000 -64.220001
v 196.839996 5.150000 -61.750000
v 197.599991 5.150000 -61.180000
v 196.080002 6.250000 -66.689995
v 197.029999 6.250000 -67.449997
v 197.599991 6.250000 -66.119995
v 197.599991 6.250000 -63.459999
v 197.599991 5.150000 -68.209999
v 187.909988 5.250000 -59.279999
v 187.720001 5.250000 -61.180000
v 187.720001 5.150000 -66.879997
v 189.619995 5.150000 -65.930000
v 189.239990 5.150000 -65.549995
v 189.429993 5.150000 -64.220001
v 191.139999 5.150000 -62.320000
v 192.089996 5.150000 -62.320000
v 192.470001 5.150000 -62.699997
v 192.849991 5.150000 -60.799999
v 96.519997 5.350000 -177.839996
v 96.519997 5.350000 -180.500000
v 97.279999 5.350000 -180.500000
v 97.659996 5.350000 -181.449997
v 98.799995 5.350000 -181.449997
v 97.279999 5.350000 -182.209991
v 96.519997 5.350000 -182.209991
v 96.139999 5.350000 -181.830002
v 96.139999 5.350000 -180.690002
v 91.959999 5.350000 -178.029999
v 91.009995 5.350000 -180.879990
v 89.869995 5.350000 -181.069992
v 89.110001 5.350000 -180.690002
v 90.059998 5.350000 -183.729996
v 90.820000 5.350000 -184.679993
v 90.820000 5.350000 -185.629990
v 88.919998 5.350000 -186.580002
v 88.919998 5.350000 -187.720001
v 94.049995 5.350000 -187.720001
v 94.239998 5.350000 -186.959991
v 96.709999 5.350000 -186.199997
v 97.470001 5.350000 -187.720001
v 91.009995 5.950000 -177.839996
v 88.919998 6.150000 -177.839996
v 88.919998 5.850000 -179.550003
v 90.439995 5.850000 -179.929993
v 90.439995 6.150000 -178.979996
v 90.820000 6.150000 -178.789993
v 177.080002 5.350000 -212.989990
v 177.839996 5.350000 -213.179993
v 177.839996 5.350000 -211.659988
v 177.839996 5.850000 -214.129990
v 177.459991 5.850000 -214.129990
v 177.080002 6.150000 -215.080002
v 177.269989 5.850000 -216.599991
v 177.839996 5.850000 -216.599991
v 176.319992 5.350000 -216.599991
v 174.419998 5.350000 -216.029999
v 174.039993 5.350000 -215.269989
v 172.709991 5.350000 -214.699997
v 172.519989 5.350000 -215.839996
v 171.569992 5.350000 -216.220001
v 173.089996 5.350000 -216.789993
v 176.129990 5.350000 -217.169998
v 175.750000 5.550000 -208.619995
v 174.989990 5.550000 -208.239990
v 172.519989 5.550000 -207.860001
v 172.709991 5.550000 -208.619995
v 173.279999 5.550000 -208.809998
v 173.279999 5.550000 -209.759995
v 172.330002 5.550000 -209.949997
v 172.139999 5.550000 -210.139999
v 172.519989 5.550000 -211.279999
v 171.949997 5.550000 -211.659988
v 171.949997 5.550000 -212.229996
v 172.899994 5.550000 -211.279999
v 173.089996 5.550000 -210.519989
v 174.610001 5.550000 -210.899994
v 175.750000 5.550000 -209.000000
v 168.339996 5.550000 -207.860001
v 168.339996 5.550000 -208.809998
v 167.959991 5.550000 -209.190002
v 169.669998 5.550000 -209.569992
v 170.239990 5.550000 -210.139999
v 172.139999 5.550000 -208.809998
v 167.959991 5.350000 -215.649994
v 167.959991 5.350000 -217.360001
v 171.190002 5.350000 -217.360001
v 170.050003 5.550000 -211.089996
v 169.860001 5.550000 -211.659988
v 170.239990 5.550000 -211.659988
v 168.720001 5.350000 -212.799988
v 167.959991 5.350000 -212.610001
v 167.959991 5.350000 -213.559998
v 168.720001 5.350000 -213.179993
v 168.339996 6.150000 -210.139999
v 167.959991 5.950000 -210.139999
v 167.959991 6.150000 -210.519989
v 128.440002 5.350000 -59.279999
v 123.500000 5.350000 -59.279999
v 123.689995 5.350000 -64.029999
v 123.879997 5.350000 -63.649998
v 125.779999 5.350000 -63.840000
v 125.779999 5.350000 -65.549995
v 124.829994 5.350000 -65.739998
v 124.829994 5.350000 -66.500000
v 128.440002 5.350000 -66.689995
v 128.440002 5.350000 -68.019997
v 126.540001 5.350000 -68.019997
v 128.440002 5.350000 -68.209999
v 123.689995 5.350000 -65.549995
v 121.409996 5.350000 -64.409996
v 121.219994 5.350000 -65.930000
v 108.680000 5.350000 -188.289993
v 105.829994 5.350000 -188.289993
v 105.639999 5.350000 -189.050003
v 104.879997 5.350000 -189.050003
v 104.689995 5.350000 -197.599991
v 102.220001 5.350000 -188.860001
v 98.799995 5.350000 -192.659988
v 99.180000 5.350000 -194.940002
v 99.750000 5.350000 -195.509995
v 100.509995 5.350000 -197.599991
v 102.220001 5.350000 -197.599991
v 102.220001 5.350000 -195.889999
v 102.599998 5.350000 -195.699997
v 102.599998 5.350000 -189.050003
v 148.199997 5.350000 -210.519989
v 144.020004 5.350000 -212.039993
v 144.020004 5.350000 -212.419998
v 144.589996 5.350000 -212.610001
v 144.399994 5.350000 -214.319992
v 144.020004 5.350000 -214.699997
v 142.690002 5.350000 -214.699997
v 143.259995 5.350000 -216.789993
v 148.199997 5.350000 -212.229996
v 148.199997 5.350000 -211.849991
v 145.919998 6.250000 -216.409988
v 145.729996 6.250000 -216.979996
v 145.349991 6.250000 -216.979996
v 145.729996 6.250000 -217.360001
v 146.869995 6.250000 -217.360001
v 148.009995 6.550000 -217.360001
v 148.199997 6.550000 -217.360001
v 148.199997 6.250000 -214.319992
v 145.729996 5.350000 -208.809998
v 145.729996 5.350000 -207.860001
v 139.270004 5.350000 -212.229996
v 139.649994 5.350000 -213.369995
v 140.410004 5.350000 -213.940002
v 140.410004 5.350000 -214.699997
v 139.839996 5.350000 -215.080002
v 140.789993 5.350000 -215.649994
v 140.789993 5.350000 -216.409988
v 139.649994 5.350000 -216.789993
v 140.029999 5.350000 -217.360001
v 142.309998 5.350000 -217.360001
v 141.739990 5.350000 -215.459991
v 140.789993 5.350000 -213.940002
v 140.789993 5.350000 -212.610001
v 142.309998 5.350000 -211.089996
v 144.209991 5.350000 -210.899994
v 144.970001 5.350000 -210.519989
v 145.160004 5.350000 -209.569992
v 146.300003 5.350000 -209.569992
v 138.509995 5.350000 -217.360001
v 79.040001 5.350000 -158.080002
v 79.040001 5.350000 -158.269989
v 79.419998 5.350000 -158.649994
v 80.369995 5.350000 -158.649994
v 80.939995 5.350000 -159.410004
v 84.169998 5.350000 -160.929993
v 85.119995 5.350000 -160.929993
v 85.309998 5.350000 -161.500000
v 87.779999 5.350000 -162.639999
v 88.919998 5.350000 -167.389999
v 88.540001 5.350000 -167.389999
v 88.349998 5.350000 -167.959991
v 88.919998 5.350000 -167.959991
v 88.919998 5.350000 -167.769989
v 84.739998 5.450000 -164.539993
v 84.930000 5.450000 -163.209991
v 82.650002 5.450000 -162.069992
v 82.080002 5.850000 -162.069992
v 81.889999 5.450000 -163.209991
v 80.369995 5.450000 -162.830002
v 79.610001 5.450000 -161.879990
v 79.229996 5.450000 -161.879990
v 79.040001 5.450000 -162.639999
v 79.040001 5.450000 -164.919998
v 79.040001 5.450000 -165.679993
v 79.040001 5.450000 -166.819992
v 79.989998 5.450000 -167.199997
v 80.180000 5.450000 -166.250000
v 82.650002 5.450000 -166.440002
v 83.029999 5.450000 -166.819992
v 82.839996 5.450000 -167.959991
v 83.979996 5.450000 -167.959991
v 84.360001 5.450000 -166.629990
v 85.500000 5.450000 -166.250000
v 85.500000 5.450000 -165.300003
v 236.169998 5.150000 -111.339996
v 237.119995 5.150000 -111.339996
v 237.119995 5.350000 -115.899994
v 236.549988 5.350000 -115.899994
v 236.549988 5.350000 -118.559998
v 237.119995 5.350000 -118.559998
v 233.889999 5.150000 -115.139999
v 234.080002 5.150000 -118.559998
v 233.889999 5.150000 -109.439995
v 232.939987 5.150000 -109.439995
v 231.610001 5.150000 -110.199997
v 233.889999 5.150000 -110.199997
v 227.429993 5.150000 -112.290001
v 229.330002 5.150000 -112.290001
v 167.580002 5.550000 -209.379990
v 167.199997 5.550000 -210.519989
v 164.919998 5.350000 -211.659988
v 163.779999 5.350000 -210.899994
v 162.259995 5.350000 -210.899994
v 160.929993 5.350000 -210.330002
v 160.739990 5.350000 -209.000000
v 159.029999 5.350000 -209.190002
v 160.169998 5.350000 -210.330002
v 162.449997 5.350000 -211.089996
v 167.389999 5.350000 -213.940002
v 162.259995 5.350000 -212.419998
v 159.979996 5.350000 -211.659988
v 158.080002 5.350000 -209.949997
v 158.080002 5.350000 -213.559998
v 159.410004 5.350000 -215.080002
v 159.979996 5.350000 -217.360001
v 158.459991 5.350000 -216.029999
v 158.080002 5.350000 -216.409988
v 158.080002 5.350000 -216.789993
v 158.649994 5.350000 -216.599991
v 157.509995 5.350000 -208.619995
v 150.289993 5.350000 -209.000000
v 149.149994 5.350000 -211.279999
v 150.099991 5.850000 -211.659988
v 150.099991 5.450000 -210.139999
v 151.050003 5.350000 -209.759995
v 152.190002 5.350000 -211.089996
v 152.569992 5.350000 -210.330002
v 155.229996 5.350000 -210.899994
v 157.699997 5.350000 -216.409988
v 157.699997 5.350000 -216.789993
v 156.750000 5.350000 -213.940002
v 155.800003 5.950000 -214.319992
v 154.849991 5.950000 -213.179993
v 154.089996 5.950000 -213.559998
v 154.089996 5.950000 -213.940002
v 156.369995 5.950000 -216.220001
v 157.699997 5.350000 -215.269989
v 157.699997 5.350000 -214.889999
v 153.139999 5.350000 -214.319992
v 153.139999 5.350000 -213.179993
v 154.089996 5.350000 -212.610001
v 154.279999 5.350000 -211.849991
v 152.759995 5.350000 -211.470001
v 152.569992 5.350000 -211.089996
v 152.379990 5.350000 -212.610001
v 150.669998 5.350000 -212.989990
v 155.039993 5.350000 -217.360001
v 155.610001 5.350000 -216.599991
v 151.809998 6.250000 -216.789993
v 151.239990 6.250000 -217.360001
v 151.809998 6.250000 -217.360001
v 152.190002 6.250000 -217.169998
v 148.959991 6.250000 -213.750000
v 148.199997 6.250000 -217.360001
v 149.529999 6.550000 -217.360001
v 148.580002 6.550000 -216.409988
v 148.580002 6.250000 -215.649994
v 149.720001 6.250000 -214.699997
v 148.959991 6.250000 -207.669998
v 148.770004 6.250000 -208.239990
v 149.149994 6.250000 -208.239990
v 222.869995 5.150000 -90.629997
v 223.250000 5.150000 -91.009995
v 223.250000 5.150000 -98.799995
v 217.360001 6.250000 -91.769997
v 217.360001 6.250000 -98.610001
v 222.299988 6.250000 -98.610001
v 222.299988 6.250000 -91.769997
v 217.549988 6.250000 -92.150002
v 221.729996 6.250000 -91.959999
v 221.919998 6.250000 -98.040001
v 217.739990 6.250000 -98.229996
v 220.970001 5.150000 -93.099998
v 218.690002 5.150000 -93.099998
v 218.690002 5.150000 -95.000000
v 219.069992 5.150000 -95.000000
v 219.449997 5.150000 -94.619995
v 220.589996 5.150000 -94.809998
v 220.970001 5.150000 -94.809998
v 220.589996 5.150000 -95.949997
v 220.209991 5.150000 -96.329994
v 219.069992 5.150000 -95.949997
v 218.690002 5.150000 -97.279999
v 220.970001 5.150000 -97.279999
v 236.929993 5.550000 -150.669998
v 236.169998 5.550000 -150.479996
v 236.169998 5.550000 -149.339996
v 236.549988 5.550000 -148.959991
v 236.360001 5.550000 -148.199997
v 235.599991 5.950000 -148.199997
v 236.169998 5.750000 -148.580002
v 235.979996 5.550000 -149.339996
v 233.509995 5.550000 -149.149994
v 233.319992 5.550000 -149.529999
v 231.989990 5.550000 -149.910004
v 231.799988 5.550000 -150.289993
v 232.369995 5.550000 -150.479996
v 232.179993 5.550000 -151.619995
v 232.750000 5.550000 -152.190002
v 233.509995 5.550000 -152.379990
v 232.750000 5.350000 -155.419998
v 234.269989 5.350000 -156.559998
v 235.220001 5.350000 -156.369995
v 237.119995 5.350000 -156.369995
v 235.789993 5.350000 -156.369995
v 235.599991 5.350000 -155.800003
v 234.080002 5.350000 -155.800003
v 233.699997 5.350000 -155.419998
v 233.699997 5.550000 -154.089996
v 235.029999 5.550000 -153.899994
v 235.220001 5.550000 -152.569992
v 237.119995 5.550000 -152.569992
v 237.119995 5.550000 -151.809998
v 231.229996 5.550000 -151.429993
v 231.229996 5.550000 -150.479996
v 231.419998 5.550000 -149.720001
v 231.419998 5.550000 -148.199997
v 231.039993 5.550000 -148.199997
v 231.039993 5.550000 -149.910004
v 229.330002 5.550000 -150.289993
v 229.139999 5.550000 -152.759995
v 230.089996 5.550000 -152.759995
v 230.279999 5.550000 -153.899994
v 231.989990 5.550000 -153.899994
v 232.179993 5.550000 -152.759995
v 231.419998 5.350000 -155.800003
v 229.709991 5.350000 -155.800003
v 229.709991 5.350000 -157.129990
v 231.419998 5.350000 -157.129990
v 228.379990 5.350000 -155.989990
v 227.239990 5.350000 -156.179993
v 227.239990 5.350000 -156.369995
v 228.000000 5.350000 -156.750000
v 228.000000 5.550000 -148.199997
v 228.190002 5.550000 -148.959991
v 228.190002 5.550000 -148.199997
v 84.739998 5.350000 -109.629997
v 83.979996 5.350000 -109.629997
v 82.650002 5.350000 -110.959999
v 81.889999 5.350000 -111.149994
v 82.459999 5.350000 -112.669998
v 83.599998 5.350000 -112.479996
v 83.790001 5.350000 -113.049995
v 86.070000 5.350000 -113.049995
v 86.259995 5.350000 -112.099998
v 87.400002 5.350000 -112.099998
v 87.589996 5.350000 -112.669998
v 88.919998 5.350000 -112.669998
v 87.209999 5.350000 -113.430000
v 86.259995 5.350000 -113.430000
v 83.790001 5.350000 -113.430000
v 83.220001 5.350000 -113.619995
v 83.220001 5.350000 -118.559998
v 82.459999 5.350000 -113.430000
v 80.559998 5.350000 -111.339996
v 79.040001 5.350000 -110.579994
v 79.040001 5.350000 -118.559998
v 80.939995 5.350000 -109.250000
v 80.750000 5.350000 -110.009995
v 82.269997 5.350000 -109.629997
v 203.489990 5.150000 -69.159996
v 203.300003 5.150000 -69.729996
v 201.399994 5.150000 -69.729996
v 201.209991 5.150000 -69.159996
v 198.550003 5.150000 -72.389999
v 199.309998 5.150000 -72.389999
v 199.879990 5.150000 -72.959999
v 201.209991 5.150000 -71.059998
v 203.300003 5.150000 -71.059998
v 203.679993 5.150000 -71.439995
v 203.679993 5.150000 -74.479996
v 205.580002 5.150000 -74.479996
v 205.769989 5.150000 -73.909996
v 206.529999 5.150000 -73.909996
v 206.909988 5.150000 -74.479996
v 207.479996 5.150000 -74.479996
v 206.529999 5.150000 -75.239998
v 205.769989 5.150000 -75.239998
v 203.679993 5.150000 -76.949997
v 205.389999 5.150000 -77.330002
v 206.339996 5.150000 -77.139999
v 206.720001 5.150000 -77.519997
v 206.720001 5.150000 -78.279999
v 205.580002 5.150000 -78.659996
v 205.580002 5.150000 -79.040001
v 203.300003 5.150000 -77.900002
v 199.119995 5.150000 -78.089996
v 202.539993 6.150000 -72.010002
v 201.970001 6.150000 -72.010002
v 200.449997 6.150000 -74.099998
v 197.789993 6.150000 -75.619995
v 198.550003 6.150000 -76.000000
v 198.360001 6.150000 -76.759995
v 202.539993 6.150000 -76.949997
v 195.699997 5.350000 -200.069992
v 187.720001 5.350000 -202.919998
v 187.720001 5.350000 -203.110001
v 190.000000 5.350000 -203.300003
v 190.000000 5.350000 -206.149994
v 190.379990 5.350000 -206.149994
v 191.330002 5.350000 -205.199997
v 192.470001 5.350000 -205.389999
v 193.039993 5.350000 -205.009995
v 194.559998 5.350000 -203.300003
v 195.509995 5.350000 -203.110001
v 196.839996 5.450000 -205.580002
v 197.220001 5.450000 -206.149994
v 197.220001 5.450000 -207.479996
v 195.129990 6.250000 -205.769989
v 195.509995 6.450000 -205.769989
v 195.509995 6.550000 -205.389999
v 194.750000 6.050000 -205.769989
v 194.750000 6.050000 -206.149994
v 192.659988 7.650000 -198.360001
v 192.089996 7.250000 -198.360001
v 189.809998 6.950000 -199.690002
v 190.569992 6.950000 -200.449997
v 192.849991 7.250000 -199.500000
v 193.039993 7.750000 -198.739990
v 194.369995 7.750000 -198.550003
v 193.419998 6.150000 -207.099991
v 192.849991 5.850000 -207.479996
v 193.039993 5.950000 -207.479996
v 189.050003 5.950000 -204.059998
v 187.720001 5.950000 -204.059998
v 187.720001 5.850000 -206.529999
v 189.050003 5.850000 -206.529999
v 187.720001 5.850000 -199.500000
v 187.720001 5.750000 -201.589996
v 188.860001 5.850000 -201.209991
v 236.549988 5.350000 -122.930000
v 237.119995 5.350000 -122.930000
v 237.119995 5.150000 -126.540001
v 233.889999 5.150000 -126.540001
v 233.699997 5.150000 -125.969994
v 237.119995 5.150000 -128.440002
v 233.699997 5.150000 -123.500000
v 234.080002 5.150000 -122.930000
v 96.329994 5.350000 -90.820000
v 93.099998 5.350000 -90.820000
v 186.580002 5.250000 -62.320000
v 184.110001 5.250000 -62.320000
v 182.019989 5.150000 -65.169998
v 182.019989 5.150000 -65.739998
v 181.449997 5.150000 -66.309998
v 184.300003 5.150000 -67.449997
v 186.009995 5.150000 -67.449997
v 186.959991 5.250000 -59.279999
v 183.349991 5.250000 -59.279999
v 183.349991 5.250000 -60.230000
v 184.489990 5.250000 -61.369999
v 186.009995 5.250000 -61.369999
v 186.959991 5.250000 -60.419998
v 182.399994 5.250000 -60.799999
v 182.399994 5.250000 -59.279999
v 177.839996 5.150000 -61.369999
v 177.839996 5.150000 -62.320000
v 178.409988 5.150000 -63.270000
v 178.979996 5.150000 -62.699997
v 179.929993 5.150000 -62.699997
v 182.970001 6.250000 -68.019997
v 181.449997 6.250000 -67.449997
v 181.069992 6.250000 -67.639999
v 182.209991 6.250000 -68.209999
v 177.839996 5.150000 -66.879997
v 177.839996 5.150000 -68.779999
v 178.409988 6.250000 -65.169998
v 178.220001 6.250000 -65.549995
v 180.309998 6.250000 -67.260002
v 180.690002 6.250000 -67.070000
v 177.839996 6.250000 -64.599998
v 177.839996 6.250000 -64.790001
v 178.220001 6.250000 -65.169998
v 237.119995 5.150000 -138.319992
v 228.759995 5.150000 -139.459991
v 228.569992 5.150000 -140.979996
v 228.000000 5.250000 -145.539993
v 228.190002 5.250000 -145.919998
v 237.119995 5.150000 -145.919998
v 236.360001 5.550000 -147.629990
v 235.599991 5.950000 -147.629990
v 233.509995 5.550000 -147.629990
v 232.939987 5.550000 -147.629990
v 233.509995 5.550000 -148.199997
v 233.699997 5.550000 -148.199997
v 228.190002 5.550000 -147.819992
v 216.220001 5.150000 -85.689995
v 216.220001 5.150000 -80.750000
v 215.649994 5.150000 -80.559998
v 215.649994 5.150000 -79.799995
v 216.409988 5.150000 -79.610001
v 216.409988 5.150000 -86.830002
v 216.029999 5.150000 -84.549995
v 214.699997 5.150000 -84.739998
v 214.509995 5.150000 -82.459999
v 214.889999 5.150000 -81.889999
v 215.839996 5.150000 -81.889999
v 128.059998 5.450000 -200.830002
v 127.869995 5.450000 -201.970001
v 126.919998 5.450000 -201.970001
v 126.729996 5.450000 -201.209991
v 125.779999 5.450000 -201.779999
v 126.540001 5.450000 -202.159988
v 126.540001 5.450000 -203.300003
v 126.919998 5.450000 -202.919998
v 128.059998 5.350000 -206.339996
v 128.059998 5.350000 -206.909988
v 126.540001 5.350000 -206.339996
v 125.019997 5.350000 -206.529999
v 125.019997 5.350000 -207.479996
v 126.729996 5.350000 -207.479996
v 123.689995 5.350000 -206.909988
v 122.169998 5.350000 -206.529999
v 123.689995 5.350000 -207.479996
v 219.449997 5.350000 -173.470001
v 220.399994 5.350000 -174.419998
v 221.729996 5.350000 -176.699997
v 224.769989 5.350000 -177.459991
v 224.769989 5.450000 -176.319992
v 225.720001 5.350000 -176.319992
v 227.049988 5.350000 -174.039993
v 227.239990 5.350000 -172.709991
v 226.099991 5.350000 -177.080002
v 227.239990 5.350000 -176.129990
v 220.019989 5.350000 -175.940002
v 218.500000 5.350000 -174.419998
v 218.119995 5.350000 -174.419998
v 218.119995 5.350000 -176.509995
v 217.739990 5.350000 -177.080002
v 116.279999 5.350000 -70.110001
v 113.049995 5.350000 -70.110001
v 234.459991 5.150000 -128.440002
v 234.649994 5.150000 -129.580002
v 234.839996 5.150000 -129.199997
v 235.789993 5.150000 -129.199997
v 235.979996 5.150000 -130.149994
v 237.119995 5.150000 -130.149994
v 235.789993 5.150000 -130.529999
v 234.839996 5.150000 -130.529999
v 230.849991 5.150000 -137.750000
v 230.659988 5.150000 -136.610001
v 231.989990 5.150000 -136.419998
v 232.179993 5.150000 -137.559998
v 129.009995 5.350000 -66.689995
v 129.389999 5.350000 -64.029999
v 128.629990 5.350000 -62.699997
v 128.819992 5.350000 -61.559998
v 130.720001 5.350000 -61.559998
v 130.910004 5.350000 -61.939999
v 134.899994 5.350000 -61.939999
v 135.089996 5.350000 -61.559998
v 136.989990 5.350000 -61.559998
v 137.179993 5.350000 -62.699997
v 136.229996 5.350000 -63.649998
v 136.800003 5.350000 -64.599998
v 136.419998 5.350000 -66.119995
v 137.369995 5.350000 -66.309998
v 137.369995 5.350000 -68.019997
v 138.319992 5.350000 -68.019997
v 134.899994 5.350000 -62.889999
v 131.099991 5.350000 -62.889999
v 131.099991 5.350000 -64.790001
v 132.429993 5.350000 -64.790001
v 132.619995 5.350000 -65.169998
v 133.000000 5.350000 -64.599998
v 134.709991 5.350000 -64.790001
v 105.070000 5.350000 -86.449997
v 108.299995 5.350000 -86.449997
v 107.159996 6.250000 -87.779999
v 106.209999 6.250000 -87.779999
v 106.209999 6.250000 -88.919998
v 107.159996 6.250000 -88.919998
v 94.239998 5.350000 -174.229996
v 95.000000 5.350000 -174.419998
v 95.000000 5.350000 -175.179993
v 93.290001 6.250000 -176.129990
v 92.529999 6.250000 -176.129990
v 92.529999 6.250000 -176.699997
v 93.290001 6.250000 -176.699997
v 89.489998 5.350000 -170.239990
v 88.919998 5.350000 -170.619995
v 88.919998 5.350000 -175.750000
v 89.299995 5.350000 -175.369995
v 90.250000 5.350000 -175.369995
v 90.629997 5.350000 -176.509995
v 91.199997 5.350000 -176.699997
v 91.199997 5.350000 -174.419998
v 91.959999 5.350000 -174.229996
v 88.919998 5.950000 -176.889999
v 79.040001 5.350000 -146.300003
v 81.889999 5.350000 -146.110001
v 82.080002 5.350000 -145.160004
v 83.029999 5.350000 -145.160004
v 83.220001 5.350000 -146.300003
v 82.650002 5.350000 -146.489990
v 82.650002 5.350000 -148.199997
v 82.080002 5.350000 -146.489990
v 79.989998 5.350000 -131.479996
v 81.320000 5.350000 -131.289993
v 81.509995 5.350000 -132.429993
v 80.369995 5.350000 -132.809998
v 79.989998 5.350000 -132.429993
v 207.099991 6.250000 -188.289993
v 206.720001 6.250000 -188.289993
v 206.529999 6.250000 -189.050003
v 207.289993 6.250000 -189.050003
v 207.099991 5.350000 -192.279999
v 206.720001 5.350000 -192.279999
v 206.149994 5.350000 -194.559998
v 203.869995 5.350000 -194.369995
v 203.489990 5.350000 -193.419998
v 202.729996 5.350000 -195.319992
v 201.779999 5.350000 -197.029999
v 203.679993 5.350000 -196.649994
v 206.149994 5.350000 -190.000000
v 205.199997 5.350000 -189.619995
v 205.199997 5.350000 -189.050003
v 204.819992 5.350000 -190.190002
v 205.769989 5.350000 -190.569992
v 206.149994 5.350000 -190.569992
v 205.580002 6.250000 -191.899994
v 205.959991 6.250000 -191.899994
v 205.959991 6.250000 -191.519989
v 205.389999 5.350000 -188.289993
v 205.769989 5.350000 -188.289993
v 203.300003 5.350000 -191.139999
v 202.539993 5.350000 -190.949997
v 202.539993 5.350000 -190.000000
v 203.110001 5.350000 -189.619995
v 202.539993 5.350000 -189.429993
v 201.970001 5.350000 -189.619995
v 201.970001 5.350000 -190.379990
v 199.119995 5.350000 -193.610001
v 198.360001 5.350000 -193.610001
v 197.599991 5.350000 -193.039993
v 199.119995 5.350000 -196.080002
v 201.589996 5.350000 -194.750000
v 202.919998 5.350000 -192.279999
v 200.069992 5.350000 -188.479996
v 198.169998 5.850000 -196.459991
v 198.169998 5.850000 -196.080002
v 216.409988 5.350000 -178.409988
v 213.369995 5.350000 -179.169998
v 212.039993 5.350000 -178.979996
v 210.899994 5.350000 -179.360001
v 209.759995 5.350000 -178.979996
v 207.860001 5.350000 -178.979996
v 208.619995 6.150000 -184.489990
v 209.000000 6.150000 -184.869995
v 209.379990 6.150000 -184.489990
v 207.860001 5.650000 -183.539993
v 208.049988 5.350000 -182.779999
v 208.809998 5.350000 -182.589996
v 209.190002 5.350000 -180.500000
v 217.169998 5.350000 -181.830002
v 214.889999 6.250000 -186.009995
v 213.940002 6.250000 -185.629990
v 213.940002 6.250000 -184.489990
v 212.229996 6.250000 -184.300003
v 212.039993 6.250000 -183.539993
v 211.659988 6.250000 -183.539993
v 211.470001 6.250000 -184.110001
v 210.330002 6.250000 -184.110001
v 209.949997 6.250000 -184.489990
v 210.139999 6.250000 -186.009995
v 211.659988 6.250000 -186.389999
v 213.179993 6.250000 -186.580002
v 214.699997 6.250000 -186.769989
v 210.709991 6.150000 -178.220001
v 211.470001 6.150000 -178.220001
v 207.860001 5.350000 -185.440002
v 208.049988 5.350000 -186.959991
v 208.239990 5.350000 -185.629990
v 172.519989 5.150000 -59.279999
v 172.709991 5.150000 -60.799999
v 173.470001 5.150000 -60.989998
v 173.849991 5.150000 -63.459999
v 175.179993 5.150000 -66.119995
v 176.129990 5.150000 -67.449997
v 175.559998 5.150000 -63.459999
v 175.179993 5.150000 -60.799999
v 175.940002 5.150000 -60.230000
v 177.459991 5.150000 -60.230000
v 177.649994 6.250000 -64.409996
v 176.699997 6.250000 -61.180000
v 176.319992 6.250000 -61.180000
v 176.509995 6.250000 -62.699997
v 177.080002 6.250000 -63.649998
v 175.179993 6.250000 -67.830002
v 173.470001 6.250000 -65.169998
v 172.899994 6.250000 -63.840000
v 172.709991 6.250000 -61.939999
v 171.569992 6.250000 -61.939999
v 172.139999 6.250000 -65.169998
v 171.190002 5.150000 -65.549995
v 170.429993 5.150000 -62.509998
v 170.429993 5.150000 -61.559998
v 170.809998 5.150000 -61.180000
v 168.910004 5.150000 -60.989998
v 169.289993 5.150000 -61.369999
v 138.319992 5.350000 -64.599998
v 138.509995 5.350000 -64.599998
v 138.699997 5.350000 -63.649998
v 140.599991 5.350000 -63.649998
v 140.789993 5.350000 -65.549995
v 141.360001 5.350000 -65.930000
v 143.259995 5.350000 -65.930000
v 144.589996 5.350000 -65.360001
v 144.779999 5.350000 -63.649998
v 146.489990 5.350000 -63.649998
v 146.679993 5.350000 -64.790001
v 147.819992 5.350000 -64.790001
v 148.199997 5.350000 -63.459999
v 147.440002 5.350000 -62.699997
v 147.440002 5.350000 -61.750000
v 146.489990 5.350000 -65.739998
v 144.779999 5.350000 -65.739998
v 143.639999 5.350000 -66.309998
v 143.449997 5.350000 -68.209999
v 140.979996 5.350000 -68.019997
v 140.979996 5.350000 -66.309998
v 138.699997 5.350000 -65.739998
v 139.080002 5.350000 -68.019997
v 139.270004 5.350000 -68.589996
v 145.729996 5.350000 -68.589996
v 145.919998 5.350000 -68.019997
v 147.819992 5.350000 -68.019997
v 147.819992 5.350000 -66.689995
v 148.199997 5.350000 -66.500000
v 148.199997 5.350000 -66.119995
v 142.500000 5.350000 -66.689995
v 142.119995 5.350000 -66.689995
v 141.929993 5.350000 -67.260002
v 142.690002 5.350000 -67.260002
v 223.059998 5.150000 -99.559998
v 222.869995 5.150000 -102.599998
v 223.250000 5.150000 -102.979996
v 223.250000 5.150000 -104.119995
v 227.239990 5.150000 -103.930000
v 222.299988 6.250000 -103.739998
v 217.360001 6.250000 -103.739998
v 217.549988 6.250000 -104.119995
v 221.729996 6.250000 -103.930000
v 220.970001 5.150000 -105.070000
v 218.690002 5.150000 -105.070000
v 219.259995 5.150000 -107.919998
v 218.879990 5.150000 -107.540001
v 218.879990 5.150000 -106.589996
v 220.019989 5.150000 -106.209999
v 220.399994 5.150000 -106.589996
v 220.399994 5.150000 -107.540001
v 115.899994 5.350000 -188.860001
v 115.519997 5.350000 -189.050003
v 115.519997 5.350000 -195.889999
v 115.899994 5.350000 -196.080002
v 116.849998 5.350000 -196.649994
v 117.989998 5.350000 -196.649994
v 113.430000 5.350000 -189.050003
v 112.479996 5.350000 -189.050003
v 112.290001 5.350000 -188.289993
v 184.110001 5.350000 -198.929993
v 186.389999 5.750000 -198.929993
v 187.339996 5.750000 -199.690002
v 187.339996 5.750000 -200.259995
v 186.769989 5.650000 -200.639999
v 186.580002 5.350000 -202.159988
v 187.149994 5.650000 -201.589996
v 185.629990 5.850000 -203.869995
v 185.629990 6.150000 -204.440002
v 185.250000 6.150000 -204.629990
v 185.440002 5.850000 -206.339996
v 186.580002 5.350000 -207.289993
v 185.629990 5.350000 -207.479996
v 186.199997 5.350000 -207.479996
v 185.629990 6.150000 -200.639999
v 185.059998 6.150000 -200.639999
v 184.869995 6.150000 -200.259995
v 184.679993 6.150000 -201.970001
v 185.629990 6.150000 -201.970001
v 183.349991 5.350000 -204.059998
v 178.409988 5.350000 -203.679993
v 178.409988 5.350000 -204.819992
v 177.839996 5.350000 -206.149994
v 179.169998 5.350000 -206.149994
v 180.309998 5.350000 -206.720001
v 180.500000 5.350000 -207.479996
v 182.589996 5.350000 -207.479996
v 182.779999 5.350000 -206.909988
v 184.489990 5.350000 -206.909988
v 184.300003 5.350000 -204.250000
v 184.679993 5.350000 -203.679993
v 181.830002 5.350000 -198.929993
v 179.169998 5.350000 -198.739990
v 178.599991 5.350000 -199.500000
v 183.349991 5.350000 -199.500000
v 183.159988 5.350000 -200.449997
v 179.360001 5.350000 -200.449997
v 179.360001 5.350000 -201.589996
v 180.879990 5.350000 -201.779999
v 183.159988 5.350000 -201.779999
v 178.220001 5.350000 -200.449997
v 66.689995 5.350000 -138.319992
v 65.930000 5.350000 -138.319992
v 63.459999 5.350000 -138.319992
v 63.459999 5.650000 -139.080002
v 64.790001 5.350000 -138.889999
v 64.979996 5.350000 -138.509995
v 68.970001 5.350000 -138.699997
v 68.779999 5.350000 -143.830002
v 64.790001 5.350000 -143.639999
v 64.979996 5.350000 -142.690002
v 67.639999 5.350000 -142.500000
v 67.639999 5.350000 -139.649994
v 66.879997 5.350000 -139.649994
v 66.689995 5.350000 -140.029999
v 65.930000 5.350000 -140.029999
v 65.739998 5.350000 -139.649994
v 63.840000 5.350000 -140.029999
v 64.029999 5.650000 -143.449997
v 63.459999 5.350000 -143.639999
v 63.459999 5.350000 -148.199997
v 64.029999 5.350000 -148.199997
v 64.029999 5.350000 -145.729996
v 64.409996 5.350000 -145.349991
v 67.639999 5.350000 -146.489990
v 65.549995 5.350000 -146.489990
v 65.360001 5.350000 -148.199997
v 67.639999 5.350000 -148.199997
v 62.509998 5.350000 -138.319992
v 59.279999 5.450000 -138.319992
v 59.279999 5.350000 -148.199997
v 62.129997 5.350000 -148.199997
v 62.129997 5.350000 -147.629990
v 62.509998 5.350000 -147.440002
v 62.129997 5.350000 -145.729996
v 62.509998 5.350000 -145.539993
v 62.509998 5.350000 -140.029999
v 62.129997 5.350000 -139.839996
v 62.129997 5.350000 -139.080002
v 62.509998 5.350000 -138.889999
v 66.689995 5.350000 -128.440002
v 66.500000 5.350000 -130.339996
v 63.459999 5.350000 -130.339996
v 63.459999 5.350000 -135.660004
v 65.739998 5.350000 -135.660004
v 65.930000 5.350000 -135.279999
v 66.689995 5.350000 -135.279999
v 66.879997 5.350000 -135.660004
v 69.159996 5.350000 -135.660004
v 66.689995 5.350000 -136.610001
v 65.739998 5.350000 -136.419998
v 65.739998 5.350000 -137.369995
v 66.689995 5.350000 -137.179993
v 65.739998 5.350000 -128.440002
v 59.279999 5.350000 -128.440002
v 59.279999 5.350000 -129.199997
v 65.739998 5.350000 -129.389999
v 62.509998 5.350000 -130.339996
v 59.279999 5.350000 -130.339996
v 79.040001 5.350000 -88.919998
v 69.159996 5.350000 -88.919998
v 69.159996 5.350000 -98.799995
v 76.759995 5.350000 -98.799995
v 77.139999 5.350000 -98.229996
v 77.900002 5.350000 -98.229996
v 78.279999 5.350000 -98.799995
v 247.000000 5.350000 -167.959991
v 237.119995 5.350000 -173.470001
v 237.119995 5.350000 -174.229996
v 237.119995 5.350000 -174.800003
v 237.879990 5.350000 -174.800003
v 238.259995 5.450000 -175.559998
v 238.259995 5.450000 -176.319992
v 237.500000 5.450000 -176.509995
v 237.500000 5.450000 -177.839996
v 241.679993 5.450000 -177.839996
v 242.819992 5.450000 -177.839996
v 243.389999 5.450000 -177.839996
v 243.769989 5.450000 -177.459991
v 242.819992 5.450000 -177.269989
v 242.629990 5.450000 -176.319992
v 241.869995 5.450000 -176.889999
v 240.349991 5.450000 -177.080002
v 240.159988 5.450000 -177.649994
v 239.209991 5.450000 -177.459991
v 238.830002 5.350000 -174.419998
v 239.779999 5.350000 -174.229996
v 239.970001 5.350000 -173.660004
v 239.209991 5.350000 -173.279999
v 239.209991 5.350000 -172.709991
v 238.639999 5.350000 -172.330002
v 238.830002 5.350000 -170.619995
v 238.259995 5.350000 -170.239990
v 238.259995 5.350000 -169.289993
v 239.209991 5.350000 -168.720001
v 240.349991 5.350000 -168.910004
v 240.539993 5.350000 -168.529999
v 241.869995 5.350000 -168.529999
v 242.059998 5.350000 -169.099991
v 242.819992 5.350000 -169.099991
v 244.529999 5.350000 -168.529999
v 247.000000 5.350000 -168.339996
v 247.000000 5.350000 -171.379990
v 244.909988 5.350000 -171.569992
v 244.909988 5.350000 -172.139999
v 246.239990 5.350000 -172.139999
v 246.619995 5.350000 -172.519989
v 247.000000 5.350000 -174.419998
v 243.389999 5.350000 -171.759995
v 241.869995 5.350000 -172.139999
v 242.059998 5.350000 -173.279999
v 243.769989 5.350000 -172.899994
v 207.289993 5.150000 -49.399998
v 206.909988 5.150000 -50.349998
v 205.959991 5.150000 -50.160000
v 205.959991 5.150000 -49.399998
v 202.349991 5.150000 -49.399998
v 202.349991 5.150000 -49.590000
v 203.489990 5.150000 -49.779999
v 203.489990 5.150000 -54.910000
v 206.149994 5.150000 -54.910000
v 206.339996 5.150000 -54.149998
v 207.479996 5.150000 -54.340000
v 207.479996 5.150000 -49.399998
v 206.339996 5.150000 -55.480000
v 203.489990 5.150000 -58.329998
v 202.349991 5.150000 -58.520000
v 202.349991 5.150000 -59.279999
v 207.479996 5.150000 -59.279999
v 207.479996 5.150000 -55.289997
v 197.599991 5.150000 -49.399998
v 197.599991 5.150000 -50.539997
v 199.119995 5.150000 -52.629997
v 199.879990 5.150000 -54.719997
v 199.879990 5.150000 -55.860001
v 199.500000 5.150000 -56.239998
v 197.599991 5.150000 -56.809998
v 201.209991 5.150000 -58.329998
v 201.209991 5.150000 -49.779999
v 198.169998 6.250000 -53.009998
v 197.599991 6.250000 -52.439999
v 197.599991 6.250000 -54.910000
v 197.789993 6.250000 -55.669998
v 198.929993 6.250000 -55.289997
v 95.949997 5.350000 -206.149994
v 95.189995 5.350000 -204.440002
v 95.000000 5.350000 -205.009995
v 92.339996 5.350000 -205.580002
v 93.860001 5.350000 -206.529999
v 95.570000 5.350000 -206.909988
v 98.040001 5.350000 -206.720001
v 98.799995 5.350000 -207.289993
v 98.799995 5.350000 -205.389999
v 98.419998 5.350000 -203.489990
v 96.709999 5.350000 -204.059998
v 96.900002 5.350000 -204.629990
v 98.229996 5.350000 -204.250000
v 95.949997 5.550000 -197.599991
v 93.479996 5.550000 -197.599991
v 94.049995 5.550000 -198.929993
v 94.049995 5.550000 -199.690002
v 93.479996 5.550000 -200.069992
v 94.430000 5.550000 -200.069992
v 95.000000 5.550000 -198.739990
v 95.759995 5.550000 -198.739990
v 91.389999 5.350000 -206.529999
v 88.919998 5.350000 -201.019989
v 88.919998 5.350000 -207.479996
v 93.099998 5.350000 -207.479996
v 92.339996 5.550000 -197.599991
v 91.959999 5.550000 -197.599991
v 92.150002 5.550000 -197.979996
v 90.059998 5.350000 -197.599991
v 88.919998 5.350000 -197.599991
v 88.919998 5.350000 -198.550003
v 89.680000 5.350000 -198.739990
v 90.059998 5.350000 -199.879990
v 177.839996 5.150000 -39.520000
v 174.800003 5.150000 -39.520000
v 174.610001 5.150000 -39.899998
v 173.660004 5.150000 -39.899998
v 173.470001 5.150000 -39.520000
v 168.149994 5.150000 -39.520000
v 167.959991 5.150000 -40.090000
v 167.959991 5.150000 -41.230000
v 174.229996 5.150000 -41.230000
v 174.419998 5.150000 -42.559998
v 174.800003 5.150000 -42.559998
v 174.989990 5.150000 -41.419998
v 177.839996 5.150000 -41.419998
v 177.839996 6.250000 -42.369999
v 175.750000 6.250000 -42.369999
v 175.750000 6.250000 -42.750000
v 177.839996 6.250000 -42.750000
v 177.839996 5.150000 -43.700001
v 174.989990 5.150000 -43.700001
v 174.419998 5.150000 -43.700001
v 172.139999 5.150000 -45.029999
v 172.139999 5.150000 -46.360001
v 171.379990 5.150000 -46.930000
v 170.050003 5.150000 -46.549999
v 168.910004 5.150000 -48.259998
v 167.959991 5.150000 -48.070000
v 177.839996 5.150000 -46.360001
v 177.839996 6.250000 -49.020000
v 177.839996 6.250000 -47.689999
v 173.470001 6.150000 -42.180000
v 167.959991 6.150000 -42.369999
v 167.959991 6.150000 -47.119999
v 168.529999 6.150000 -46.930000
v 168.910004 6.150000 -45.980000
v 169.669998 6.150000 -45.599998
v 170.050003 6.150000 -44.840000
v 173.279999 6.150000 -43.129997
v 118.559998 5.050000 -49.399998
v 108.680000 5.050000 -49.399998
v 108.680000 5.350000 -50.919998
v 112.860001 5.350000 -50.919998
v 113.049995 5.350000 -49.969997
v 116.279999 5.350000 -49.969997
v 116.469994 5.350000 -50.919998
v 118.559998 5.350000 -50.919998
v 118.559998 5.350000 -53.389999
v 114.189995 5.350000 -53.579998
v 114.189995 5.350000 -53.770000
v 115.329994 5.350000 -53.959999
v 115.329994 5.350000 -55.860001
v 114.189995 5.350000 -56.049999
v 114.189995 5.350000 -59.279999
v 118.559998 5.350000 -55.480000
v 117.419998 5.350000 -55.289997
v 117.419998 5.350000 -53.959999
v 118.559998 5.350000 -53.770000
v 108.680000 5.350000 -53.389999
v 108.680000 5.350000 -53.770000
v 111.149994 5.350000 -53.959999
v 110.959999 5.350000 -55.480000
v 108.680000 5.350000 -55.480000
v 113.239998 5.350000 -55.860001
v 113.239998 5.350000 -53.959999
v 148.199997 5.350000 -39.520000
v 138.319992 5.350000 -39.520000
v 138.319992 5.350000 -48.450001
v 139.080002 5.350000 -48.450001
v 139.270004 5.350000 -49.020000
v 145.729996 5.350000 -49.020000
v 145.919998 5.350000 -48.450001
v 148.199997 5.350000 -48.450001
v 78.470001 5.350000 -167.959991
v 75.239998 5.350000 -167.959991
v 76.570000 5.350000 -168.720001
v 76.000000 5.350000 -171.759995
v 75.430000 5.350000 -172.330002
v 73.339996 5.350000 -172.139999
v 73.150002 5.350000 -171.759995
v 72.769997 5.350000 -172.139999
v 70.489998 5.350000 -172.139999
v 70.110001 5.350000 -169.289993
v 70.299995 5.350000 -168.339996
v 71.059998 5.350000 -168.149994
v 70.869995 5.350000 -167.959991
v 69.159996 5.350000 -167.959991
v 69.159996 5.350000 -177.839996
v 79.040001 5.350000 -177.839996
v 79.040001 5.350000 -171.190002
v 78.659996 5.350000 -169.860001
v 79.040001 5.350000 -169.669998
v 79.040001 5.350000 -168.720001
v 71.250000 6.150000 -170.239990
v 71.250000 6.150000 -171.190002
v 72.199997 6.150000 -171.190002
v 72.199997 6.150000 -170.239990
v 167.009995 5.150000 -40.279999
v 166.819992 5.150000 -39.520000
v 158.080002 5.150000 -39.520000
v 158.080002 5.150000 -40.469997
v 162.830002 5.150000 -40.469997
v 163.399994 5.150000 -41.419998
v 164.160004 5.150000 -41.610001
v 164.160004 5.150000 -43.320000
v 163.399994 5.150000 -43.509998
v 163.399994 5.150000 -44.840000
v 164.160004 5.150000 -45.029999
v 164.160004 5.150000 -46.739998
v 163.399994 5.150000 -46.930000
v 163.399994 5.150000 -48.259998
v 164.160004 5.150000 -48.450001
v 166.629990 5.150000 -47.879997
v 166.629990 5.150000 -41.610001
v 156.369995 5.150000 -39.520000
v 156.369995 5.150000 -40.279999
v 157.509995 5.150000 -40.660000
v 155.229996 5.150000 -39.520000
v 155.419998 5.150000 -40.469997
v 155.419998 5.150000 -39.520000
v 152.569992 5.350000 -39.520000
v 148.389999 5.350000 -44.840000
v 149.720001 5.350000 -44.649998
v 237.119995 5.050000 -79.040001
v 236.169998 5.050000 -79.040001
v 236.169998 5.050000 -86.830002
v 229.709991 5.150000 -87.019997
v 229.709991 5.150000 -88.919998
v 237.119995 5.050000 -88.919998
v 237.119995 5.050000 -83.220001
v 236.360001 5.050000 -83.029999
v 236.360001 5.050000 -80.559998
v 237.119995 5.050000 -80.369995
v 233.889999 5.050000 -80.559998
v 231.610001 5.050000 -80.559998
v 231.610001 5.050000 -81.889999
v 233.129990 5.050000 -81.889999
v 232.939987 5.050000 -83.220001
v 231.989990 5.050000 -83.220001
v 231.610001 5.050000 -82.839996
v 231.610001 5.050000 -84.549995
v 233.889999 5.050000 -84.549995
v 229.330002 5.150000 -86.830002
v 229.330002 5.150000 -79.040001
v 187.720001 5.350000 -217.360001
v 184.300003 5.350000 -217.360001
v 183.539993 5.350000 -217.739990
v 183.349991 5.350000 -218.500000
v 182.589996 5.350000 -218.690002
v 180.879990 5.350000 -218.690002
v 180.690002 5.350000 -218.119995
v 177.839996 5.350000 -218.309998
v 177.839996 5.350000 -221.729996
v 187.720001 5.350000 -221.159988
v 187.720001 5.350000 -222.299988
v 182.019989 5.350000 -222.489990
v 182.019989 5.350000 -224.199997
v 181.639999 5.350000 -224.580002
v 180.879990 5.350000 -224.580002
v 180.309998 5.350000 -224.009995
v 178.979996 5.350000 -225.720001
v 177.839996 5.350000 -225.529999
v 177.839996 5.350000 -226.860001
v 179.169998 5.350000 -227.239990
v 181.069992 5.350000 -227.239990
v 181.069992 5.350000 -226.289993
v 182.209991 5.350000 -225.909988
v 182.399994 5.350000 -223.250000
v 183.159988 5.350000 -223.250000
v 183.349991 5.350000 -223.629990
v 185.819992 5.350000 -223.629990
v 186.009995 5.350000 -223.059998
v 186.959991 5.350000 -223.059998
v 186.959991 5.350000 -224.769989
v 187.339996 5.350000 -224.959991
v 187.339996 5.350000 -225.529999
v 187.720001 5.350000 -225.529999
v 247.000000 5.050000 -98.799995
v 237.879990 5.150000 -105.829994
v 237.879990 5.150000 -108.299995
v 243.009995 5.150000 -108.680000
v 243.199997 5.150000 -107.729996
v 244.149994 5.150000 -107.729996
v 244.339996 5.150000 -108.680000
v 247.000000 5.050000 -108.680000
v 137.559998 5.350000 -219.259995
v 136.800003 5.350000 -219.449997
v 136.989990 5.350000 -224.009995
v 137.940002 5.350000 -224.199997
v 138.129990 5.350000 -226.669998
v 137.750000 5.350000 -227.049988
v 128.440002 5.350000 -227.049988
v 128.440002 5.350000 -227.239990
v 138.319992 5.350000 -227.239990
v 133.949997 5.550000 -220.019989
v 133.000000 5.550000 -220.019989
v 132.619995 5.550000 -218.879990
v 132.239990 5.550000 -219.259995
v 131.099991 5.550000 -218.879990
v 130.910004 5.550000 -220.399994
v 130.529999 5.550000 -220.779999
v 130.910004 5.550000 -221.539993
v 132.050003 5.550000 -221.539993
v 132.050003 5.550000 -222.489990
v 131.479996 5.550000 -222.679993
v 131.479996 5.550000 -223.059998
v 132.050003 5.550000 -223.440002
v 131.860001 5.550000 -224.959991
v 132.239990 5.550000 -224.959991
v 132.239990 5.550000 -222.869995
v 133.949997 5.550000 -222.489990
v 130.910004 5.550000 -222.489990
v 129.580002 5.550000 -220.589996
v 129.199997 5.550000 -219.069992
v 128.440002 5.550000 -219.259995
v 128.440002 5.550000 -223.629990
v 129.770004 5.550000 -223.819992
v 130.720001 5.550000 -223.059998
v 217.360001 5.150000 -64.029999
v 215.459991 5.150000 -63.840000
v 215.269989 5.150000 -63.079998
v 211.470001 5.150000 -63.079998
v 211.470001 5.150000 -64.790001
v 211.659988 5.150000 -69.159996
v 216.409988 5.150000 -66.309998
v 217.360001 5.150000 -66.119995
v 216.220001 5.150000 -59.279999
v 207.479996 5.150000 -61.939999
v 209.000000 5.150000 -61.939999
v 209.190002 5.150000 -61.180000
v 209.759995 5.150000 -61.180000
v 210.519989 5.150000 -62.129997
v 211.470001 5.150000 -62.320000
v 215.269989 5.150000 -60.989998
v 216.220001 5.150000 -60.799999
v 211.279999 5.150000 -65.169998
v 210.139999 5.150000 -64.979996
v 210.139999 5.150000 -62.699997
v 209.190002 5.150000 -62.699997
v 206.909988 5.350000 -210.139999
v 205.769989 5.350000 -210.139999
v 204.819992 5.350000 -211.089996
v 204.059998 5.350000 -211.089996
v 203.869995 5.350000 -210.139999
v 204.250000 5.350000 -209.759995
v 203.679993 5.350000 -209.759995
v 203.110001 5.350000 -208.809998
v 202.539993 5.350000 -209.379990
v 201.970001 5.350000 -209.379990
v 201.209991 5.450000 -208.619995
v 201.399994 5.350000 -209.569992
v 201.399994 5.350000 -210.330002
v 200.830002 5.350000 -210.519989
v 200.830002 5.350000 -210.899994
v 201.970001 5.350000 -211.089996
v 202.159988 5.350000 -211.849991
v 202.919998 5.350000 -212.229996
v 202.919998 5.350000 -212.799988
v 200.259995 5.350000 -215.649994
v 198.360001 5.350000 -216.789993
v 197.599991 5.350000 -216.789993
v 197.599991 5.350000 -217.360001
v 204.250000 5.350000 -217.360001
v 204.819992 5.350000 -216.979996
v 205.959991 5.350000 -216.979996
v 207.099991 5.350000 -217.360001
v 207.479996 5.350000 -217.360001
v 207.479996 5.350000 -209.759995
v 198.929993 5.350000 -212.610001
v 197.789993 5.350000 -213.369995
v 198.169998 5.350000 -214.319992
v 199.690002 5.350000 -213.369995
v 197.599991 5.450000 -209.190002
v 198.739990 5.450000 -208.429993
v 86.830002 5.350000 -79.040001
v 86.830002 5.350000 -86.449997
v 87.400002 5.350000 -86.639999
v 87.400002 5.350000 -88.919998
v 83.409996 5.350000 -79.040001
v 79.040001 5.350000 -79.040001
v 83.409996 5.350000 -88.919998
v 83.409996 5.350000 -87.400002
v 82.650002 5.350000 -87.209999
v 82.650002 5.350000 -83.979996
v 83.409996 5.350000 -83.790001
v 227.239990 5.150000 -69.159996
v 223.250000 5.150000 -69.159996
v 223.250000 5.150000 -73.720001
v 227.239990 5.150000 -73.909996
v 223.059998 5.150000 -75.049995
v 222.869995 5.150000 -78.089996
v 222.299988 6.250000 -69.159996
v 221.919998 6.250000 -69.159996
v 221.729996 6.250000 -73.720001
v 217.549988 6.250000 -73.529999
v 217.549988 6.250000 -69.159996
v 217.360001 6.250000 -69.159996
v 217.360001 6.250000 -73.909996
v 222.299988 6.250000 -73.909996
v 220.970001 5.150000 -69.159996
v 218.690002 5.150000 -69.159996
v 218.690002 5.150000 -72.580002
v 220.970001 5.150000 -72.580002
v 220.589996 5.150000 -69.729996
v 220.779999 5.150000 -71.059998
v 219.639999 5.150000 -71.250000
v 219.259995 5.150000 -70.110001
v 219.639999 5.150000 -69.729996
v 247.000000 5.350000 -158.080002
v 239.209991 5.350000 -158.269989
v 239.970001 5.350000 -159.029999
v 241.299988 5.350000 -158.839996
v 241.489990 5.350000 -159.220001
v 242.439987 5.350000 -159.220001
v 242.819992 5.350000 -159.789993
v 243.769989 5.350000 -159.789993
v 243.959991 5.350000 -160.929993
v 242.439987 5.350000 -161.119995
v 242.059998 5.350000 -163.209991
v 246.049988 5.350000 -163.399994
v 246.809998 5.350000 -163.779999
v 246.809998 5.350000 -164.539993
v 247.000000 5.350000 -164.729996
v 247.000000 5.350000 -163.589996
v 245.669998 5.350000 -162.830002
v 245.669998 5.350000 -161.500000
v 245.860001 5.350000 -160.550003
v 246.429993 5.350000 -159.979996
v 247.000000 5.350000 -159.979996
v 245.669998 5.350000 -164.729996
v 244.529999 5.350000 -164.349991
v 244.339996 5.350000 -165.110001
v 241.869995 5.350000 -165.110001
v 241.679993 5.350000 -164.729996
v 241.489990 5.350000 -167.959991
v 241.869995 6.250000 -160.169998
v 241.299988 6.250000 -160.169998
v 241.489990 6.250000 -160.550003
v 241.299988 5.350000 -164.160004
v 239.589996 5.350000 -163.779999
v 238.449997 5.350000 -163.779999
v 238.259995 5.350000 -164.160004
v 240.919998 6.250000 -159.789993
v 240.729996 6.250000 -160.169998
v 241.110001 6.250000 -160.169998
v 239.019989 5.350000 -162.639999
v 239.399994 5.350000 -162.639999
v 239.399994 5.350000 -162.259995
v 238.449997 6.150000 -159.789993
v 237.879990 6.150000 -159.789993
v 237.689987 6.150000 -159.220001
v 237.500000 6.150000 -161.309998
v 238.449997 6.150000 -161.309998
v 238.639999 6.150000 -160.929993
v 104.119995 5.350000 -59.279999
v 104.119995 5.350000 -63.649998
v 105.070000 5.350000 -63.840000
v 105.070000 5.350000 -65.549995
v 104.119995 5.350000 -65.739998
v 104.119995 5.350000 -66.500000
v 107.159996 5.350000 -65.739998
v 107.159996 5.350000 -64.409996
v 98.799995 5.350000 -59.279999
v 98.799995 5.350000 -64.220001
v 101.650002 5.350000 -64.409996
v 101.459999 5.350000 -65.930000
v 98.799995 5.350000 -65.930000
v 98.799995 5.350000 -66.500000
v 102.979996 5.350000 -65.549995
v 102.979996 5.350000 -63.840000
v 98.799995 5.350000 -68.970001
v 77.900002 5.350000 -99.750000
v 76.949997 5.350000 -99.750000
v 69.159996 5.350000 -108.680000
v 77.900002 5.350000 -108.680000
v 77.900002 5.350000 -106.779999
v 235.979996 5.450000 -178.789993
v 235.220001 5.450000 -178.789993
v 234.649994 5.450000 -177.839996
v 233.509995 5.450000 -177.839996
v 233.699997 5.450000 -178.979996
v 234.269989 5.450000 -179.360001
v 233.889999 5.450000 -181.259995
v 235.789993 5.450000 -181.830002
v 235.979996 5.450000 -182.779999
v 237.119995 5.450000 -182.399994
v 237.119995 5.450000 -178.029999
v 237.119995 5.350000 -184.489990
v 234.080002 5.350000 -185.059998
v 233.509995 5.350000 -186.009995
v 231.419998 5.350000 -186.009995
v 230.849991 5.350000 -183.159988
v 230.279999 5.350000 -183.539993
v 228.949997 5.350000 -183.349991
v 228.190002 5.350000 -180.309998
v 228.569992 5.350000 -177.839996
v 228.190002 5.350000 -177.839996
v 237.119995 5.350000 -187.720001
v 230.279999 5.350000 -180.309998
v 229.709991 5.350000 -180.500000
v 230.089996 5.350000 -182.209991
v 230.659988 5.350000 -182.019989
v 118.559998 5.350000 -207.669998
v 118.559998 5.350000 -208.619995
v 117.040001 5.350000 -208.619995
v 116.849998 5.450000 -209.000000
v 114.000000 5.450000 -208.619995
v 113.619995 5.450000 -209.000000
v 113.619995 5.350000 -215.459991
v 115.329994 5.350000 -215.649994
v 116.849998 5.450000 -215.269989
v 117.040001 5.450000 -214.509995
v 117.989998 5.450000 -214.509995
v 118.180000 5.450000 -215.080002
v 118.559998 5.450000 -215.080002
v 118.559998 5.350000 -216.220001
v 117.419998 5.350000 -216.409988
v 117.229996 5.350000 -217.360001
v 118.559998 5.350000 -217.360001
v 112.290001 5.350000 -209.000000
v 112.099998 5.350000 -208.619995
v 108.680000 5.350000 -209.000000
v 108.680000 5.350000 -215.459991
v 110.579994 5.350000 -216.789993
v 110.009995 5.350000 -217.169998
v 110.579994 5.350000 -217.169998
v 109.439995 5.350000 -216.979996
v 108.680000 5.350000 -217.169998
v 108.680000 5.350000 -217.360001
v 109.820000 5.350000 -217.360001
v 172.709991 5.350000 -217.929993
v 167.959991 5.350000 -220.970001
v 169.099991 5.350000 -221.159988
v 169.099991 5.350000 -222.489990
v 169.669998 5.350000 -221.919998
v 170.429993 5.350000 -221.919998
v 171.949997 5.350000 -223.629990
v 171.949997 5.350000 -224.199997
v 171.000000 5.350000 -224.769989
v 171.000000 5.350000 -227.239990
v 173.470001 5.350000 -227.239990
v 173.279999 5.350000 -225.909988
v 174.229996 5.350000 -225.720001
v 174.229996 5.350000 -225.339996
v 173.089996 5.350000 -224.199997
v 172.899994 5.350000 -223.059998
v 174.610001 5.350000 -221.539993
v 177.839996 5.350000 -224.769989
v 174.989990 5.350000 -224.199997
v 176.509995 5.350000 -226.099991
v 176.509995 5.350000 -226.669998
v 174.419998 5.350000 -223.440002
v 174.610001 5.350000 -224.009995
v 174.800003 5.350000 -223.250000
v 169.860001 5.350000 -225.149994
v 168.910004 5.350000 -226.669998
v 167.959991 5.350000 -226.669998
v 167.959991 5.350000 -227.049988
v 168.720001 5.350000 -227.239990
v 170.050003 5.350000 -227.239990
v 168.910004 5.350000 -223.629990
v 168.529999 5.350000 -223.629990
v 168.910004 5.350000 -224.199997
v 167.959991 5.350000 -223.059998
v 167.959991 5.350000 -223.629990
v 168.529999 5.350000 -223.440002
v 168.339996 6.250000 -225.149994
v 168.149994 6.250000 -225.720001
v 168.529999 6.250000 -225.529999
v 196.649994 5.150000 -49.399998
v 197.029999 6.250000 -51.299999
v 195.129990 6.250000 -49.399998
v 193.419998 6.250000 -49.399998
v 195.889999 6.250000 -51.869999
v 196.839996 5.150000 -56.239998
v 196.459991 5.150000 -54.719997
v 194.940002 5.150000 -52.250000
v 193.039993 5.150000 -50.349998
v 190.949997 5.150000 -49.399998
v 187.720001 5.150000 -49.399998
v 187.720001 5.150000 -49.590000
v 191.519989 5.150000 -51.299999
v 193.989990 5.150000 -53.770000
v 195.129990 5.150000 -56.049999
v 195.129990 5.150000 -57.379997
v 193.610001 5.150000 -57.949997
v 192.849991 6.250000 -54.340000
v 192.659988 6.250000 -54.719997
v 193.419998 6.250000 -55.860001
v 193.610001 6.250000 -55.289997
v 192.849991 5.150000 -57.759998
v 192.470001 5.150000 -56.049999
v 191.519989 5.150000 -54.719997
v 190.949997 5.150000 -55.669998
v 190.190002 5.150000 -55.669998
v 187.720001 5.150000 -53.579998
v 187.720001 5.250000 -57.949997
v 190.759995 6.250000 -52.250000
v 190.379990 6.250000 -52.439999
v 192.470001 6.250000 -54.340000
v 192.659988 6.250000 -53.959999
v 188.289993 6.250000 -50.919998
v 187.720001 6.250000 -50.919998
v 187.720001 6.250000 -51.110001
v 190.000000 6.250000 -52.059998
v 187.720001 5.150000 -52.250000
v 187.720001 5.150000 -52.820000
v 188.099991 5.150000 -52.439999
v 147.440002 5.350000 -223.819992
v 146.489990 5.350000 -223.819992
v 144.209991 5.350000 -221.159988
v 143.449997 5.350000 -220.970001
v 141.929993 5.350000 -220.589996
v 141.739990 5.350000 -221.539993
v 140.789993 5.350000 -221.349991
v 143.830002 5.350000 -227.239990
v 144.020004 5.350000 -226.860001
v 144.589996 5.550000 -226.860001
v 144.779999 5.750000 -227.239990
v 145.539993 5.950000 -227.239990
v 145.539993 5.450000 -226.289993
v 146.110001 5.350000 -226.289993
v 146.679993 5.350000 -227.049988
v 147.440002 5.350000 -227.049988
v 148.199997 5.350000 -226.479996
v 148.199997 5.350000 -223.250000
v 146.679993 5.950000 -221.159988
v 146.679993 6.150000 -220.019989
v 145.919998 6.150000 -219.259995
v 144.589996 5.950000 -220.019989
v 144.589996 5.950000 -220.399994
v 146.869995 5.950000 -222.869995
v 147.440002 5.950000 -222.110001
v 146.489990 6.250000 -217.929993
v 96.519997 5.350000 -69.159996
v 96.519997 5.350000 -69.919998
v 95.570000 5.350000 -70.110001
v 95.570000 5.350000 -73.720001
v 96.519997 5.350000 -73.909996
v 96.519997 5.350000 -77.139999
v 95.570000 5.350000 -77.330002
v 94.619995 5.350000 -78.089996
v 93.479996 5.950000 -70.110001
v 92.909996 5.950000 -69.919998
v 92.909996 5.350000 -69.159996
v 88.919998 5.350000 -69.159996
v 88.919998 6.250000 -70.680000
v 93.479996 6.250000 -70.680000
v 93.479996 5.350000 -72.389999
v 88.919998 5.350000 -72.389999
v 93.479996 5.350000 -77.330002
v 92.909996 5.350000 -77.139999
v 92.909996 5.350000 -73.909996
v 93.479996 5.350000 -73.720001
v 128.440002 5.350000 -50.349998
v 126.540001 5.350000 -50.349998
v 126.540001 5.350000 -50.919998
v 128.440002 5.350000 -50.919998
v 128.440002 5.350000 -53.389999
v 125.019997 5.350000 -53.579998
v 125.209999 5.350000 -55.480000
v 124.259995 5.350000 -55.669998
v 124.259995 5.350000 -59.279999
v 123.119995 5.350000 -55.480000
v 123.119995 5.350000 -53.389999
v 121.409996 5.350000 -53.959999
v 121.219994 5.350000 -55.480000
v 122.930000 5.350000 -50.349998
v 119.509995 5.350000 -50.349998
v 119.129997 4.950000 -49.399998
v 122.930000 5.350000 -50.919998
v 78.659996 5.350000 -158.080002
v 78.659996 6.150000 -160.169998
v 78.279999 6.050000 -160.169998
v 78.470001 6.250000 -160.550003
v 79.040001 6.550000 -160.550003
v 77.900002 5.450000 -162.639999
v 77.709999 5.450000 -163.399994
v 76.949997 5.450000 -163.399994
v 76.759995 5.450000 -162.069992
v 75.619995 5.450000 -162.259995
v 76.000000 5.450000 -162.639999
v 75.809998 5.450000 -163.970001
v 76.570000 5.450000 -163.970001
v 77.519997 5.450000 -164.729996
v 78.659996 5.450000 -164.539993
v 77.709999 5.350000 -167.769989
v 75.809998 5.350000 -167.769989
v 75.430000 5.350000 -167.389999
v 76.379997 5.950000 -159.029999
v 75.809998 5.650000 -159.220001
v 76.759995 6.350000 -159.789993
v 77.139999 6.450000 -159.599991
v 74.099998 5.350000 -166.629990
v 72.959999 5.350000 -166.059998
v 72.580002 5.350000 -166.250000
v 72.389999 5.350000 -167.199997
v 73.529999 5.350000 -167.769989
v 74.099998 5.350000 -167.389999
v 73.720001 5.350000 -158.080002
v 69.159996 5.350000 -158.080002
v 70.680000 5.350000 -166.819992
v 71.250000 5.350000 -165.679993
v 70.489998 5.350000 -165.110001
v 70.489998 5.350000 -163.970001
v 244.149994 5.150000 -110.579994
v 243.009995 5.150000 -110.389999
v 238.830002 5.150000 -112.669998
v 239.779999 5.150000 -112.860001
v 239.779999 5.350000 -114.379997
v 242.059998 5.350000 -114.379997
v 242.059998 5.150000 -112.479996
v 242.439987 5.150000 -112.099998
v 244.339996 5.150000 -112.099998
v 244.529999 5.150000 -112.479996
v 247.000000 5.150000 -112.290001
v 247.000000 6.250000 -113.619995
v 246.429993 6.250000 -113.619995
v 246.429993 6.250000 -114.189995
v 247.000000 6.250000 -114.189995
v 245.289993 5.350000 -115.899994
v 244.529999 5.350000 -115.709999
v 244.529999 5.350000 -115.139999
v 242.250000 5.350000 -115.709999
v 239.589996 5.350000 -115.709999
v 237.500000 5.350000 -115.139999
v 237.500000 5.350000 -115.709999
v 237.309998 5.350000 -118.559998
v 238.639999 5.350000 -116.659996
v 239.589996 5.350000 -115.899994
v 240.349991 5.350000 -115.899994
v 240.539993 5.350000 -117.989998
v 239.589996 5.350000 -118.559998
v 242.250000 5.350000 -118.559998
v 241.299988 5.350000 -117.799995
v 241.299988 5.350000 -116.279999
v 241.679993 5.350000 -115.899994
v 242.439987 5.350000 -115.899994
v 242.629990 5.350000 -116.469994
v 244.149994 5.350000 -117.610001
v 244.529999 5.350000 -118.559998
v 245.289993 5.350000 -118.559998
v 87.209999 6.150000 -177.839996
v 87.019997 5.850000 -178.789993
v 87.209999 5.350000 -187.149994
v 86.639999 5.350000 -187.720001
v 85.879997 5.350000 -179.360001
v 86.070000 5.350000 -177.839996
v 85.500000 5.350000 -177.839996
v 85.119995 5.350000 -178.979996
v 83.409996 5.350000 -178.789993
v 83.409996 5.350000 -182.779999
v 83.790001 5.350000 -182.209991
v 85.119995 5.350000 -182.019989
v 88.159996 5.350000 -180.500000
v 85.689995 6.350000 -186.199997
v 84.930000 6.050000 -185.819992
v 83.790001 5.550000 -186.199997
v 83.790001 5.350000 -185.250000
v 83.029999 5.350000 -185.059998
v 82.459999 5.350000 -183.729996
v 82.459999 5.350000 -179.360001
v 81.889999 5.350000 -177.839996
v 79.040001 5.350000 -187.720001
v 84.360001 5.350000 -187.720001
v 84.360001 5.550000 -187.149994
v 159.599991 5.350000 -219.639999
v 158.649994 5.350000 -219.830002
v 158.080002 5.350000 -219.449997
v 158.080002 5.350000 -220.399994
v 158.269989 5.350000 -220.589996
v 158.649994 5.350000 -220.019989
v 159.410004 5.350000 -220.209991
v 159.410004 5.650000 -220.779999
v 158.459991 6.150000 -221.539993
v 158.649994 6.150000 -222.299988
v 159.979996 5.650000 -221.349991
v 160.739990 5.350000 -221.349991
v 162.449997 5.350000 -219.639999
v 162.639999 5.350000 -218.690002
v 163.779999 5.350000 -218.690002
v 164.349991 5.350000 -217.739990
v 165.110001 5.350000 -217.739990
v 166.250000 5.350000 -218.879990
v 165.869995 5.350000 -220.589996
v 167.389999 5.350000 -221.349991
v 166.059998 5.350000 -221.919998
v 164.919998 5.350000 -222.110001
v 164.349991 5.350000 -220.970001
v 162.830002 5.350000 -220.779999
v 162.449997 5.350000 -221.349991
v 162.830002 5.350000 -222.299988
v 163.589996 5.350000 -222.489990
v 163.589996 5.350000 -223.440002
v 163.779999 5.350000 -226.099991
v 166.250000 5.350000 -226.099991
v 165.869995 5.350000 -225.720001
v 165.869995 5.350000 -224.769989
v 166.250000 5.350000 -224.389999
v 167.199997 5.350000 -224.389999
v 162.639999 5.350000 -223.629990
v 162.259995 5.350000 -223.250000
v 162.259995 5.350000 -222.679993
v 161.690002 5.350000 -222.110001
v 160.550003 5.350000 -222.110001
v 160.169998 5.350000 -222.489990
v 161.500000 5.350000 -223.819992
v 161.500000 5.350000 -224.769989
v 159.029999 5.350000 -227.239990
v 162.830002 5.350000 -227.239990
v 163.019989 5.350000 -226.289993
v 157.319992 5.350000 -219.449997
v 158.080002 6.250000 -222.679993
v 157.509995 6.250000 -222.679993
v 156.559998 6.250000 -221.919998
v 155.800003 6.250000 -223.059998
v 155.229996 6.550000 -223.059998
v 154.849991 6.550000 -222.299988
v 153.519989 6.250000 -221.539993
v 153.709991 6.250000 -220.589996
v 154.660004 6.250000 -220.019989
v 154.279999 6.250000 -219.259995
v 153.139999 6.250000 -220.589996
v 152.569992 6.250000 -220.589996
v 151.050003 6.550000 -218.879990
v 151.050003 6.250000 -218.119995
v 150.669998 6.250000 -218.119995
v 150.099991 6.250000 -218.119995
v 148.199997 6.550000 -217.549988
v 149.529999 6.250000 -218.690002
v 149.529999 6.250000 -219.259995
v 148.580002 6.250000 -220.019989
v 148.770004 6.250000 -220.589996
v 149.529999 6.250000 -219.639999
v 150.289993 6.550000 -219.639999
v 152.000000 6.550000 -221.159988
v 152.000000 6.250000 -221.729996
v 150.860001 6.250000 -222.489990
v 151.239990 6.250000 -223.059998
v 152.190002 6.250000 -222.110001
v 152.949997 6.250000 -222.110001
v 154.660004 6.250000 -223.629990
v 154.660004 6.250000 -224.199997
v 153.519989 6.250000 -225.149994
v 153.899994 6.250000 -225.909988
v 154.279999 6.250000 -225.339996
v 155.229996 6.250000 -225.339996
v 155.419998 6.250000 -225.909988
v 155.800003 6.250000 -225.909988
v 156.750000 6.250000 -224.769989
v 157.889999 6.250000 -225.149994
v 157.509995 6.250000 -223.819992
v 158.080002 6.250000 -223.250000
v 148.389999 5.350000 -222.869995
v 149.149994 5.350000 -226.479996
v 149.529999 5.350000 -227.239990
v 152.569992 5.350000 -227.239990
v 214.699997 5.350000 -201.589996
v 212.610001 5.350000 -203.110001
v 210.899994 5.350000 -205.959991
v 209.000000 5.350000 -207.479996
v 217.360001 5.350000 -207.479996
v 213.940002 5.350000 -199.879990
v 207.479996 5.350000 -198.739990
v 208.809998 5.350000 -200.449997
v 208.809998 5.350000 -201.589996
v 207.860001 5.350000 -202.159988
v 207.860001 5.350000 -202.919998
v 208.239990 5.350000 -202.919998
v 209.379990 5.350000 -204.250000
v 209.379990 5.350000 -205.199997
v 209.949997 5.350000 -205.199997
v 210.519989 5.350000 -203.679993
v 212.419998 5.350000 -201.589996
v 213.559998 5.350000 -201.019989
v 212.989990 6.250000 -198.169998
v 223.250000 5.350000 -189.809998
v 223.629990 5.350000 -190.569992
v 224.009995 5.350000 -190.000000
v 224.959991 5.350000 -190.000000
v 226.479996 5.350000 -190.569992
v 226.479996 5.350000 -189.429993
v 227.239990 5.350000 -188.099991
v 225.149994 5.350000 -194.750000
v 222.869995 5.350000 -193.989990
v 222.869995 5.350000 -193.229996
v 222.299988 5.350000 -192.849991
v 221.729996 5.350000 -191.519989
v 219.830002 5.350000 -189.050003
v 218.119995 5.350000 -192.089996
v 218.309998 5.350000 -193.610001
v 217.549988 5.350000 -193.989990
v 219.069992 5.350000 -197.599991
v 220.589996 5.350000 -196.459991
v 222.869995 5.350000 -196.080002
v 223.440002 5.350000 -196.080002
v 223.440002 5.350000 -197.220001
v 224.009995 5.350000 -197.220001
v 224.769989 5.350000 -195.889999
v 225.529999 5.350000 -195.889999
v 226.289993 5.550000 -196.459991
v 225.909988 5.550000 -197.599991
v 226.479996 5.550000 -197.599991
v 227.239990 5.550000 -197.599991
v 227.239990 5.550000 -196.459991
v 224.959991 5.350000 -191.519989
v 224.389999 5.350000 -192.659988
v 224.580002 5.350000 -193.419998
v 225.529999 5.350000 -193.419998
v 226.099991 5.350000 -192.089996
v 217.929993 5.350000 -188.669998
v 247.000000 5.250000 -148.199997
v 242.629990 5.250000 -148.199997
v 242.439987 5.250000 -148.580002
v 244.339996 5.250000 -148.770004
v 244.339996 5.350000 -152.379990
v 245.289993 5.350000 -154.089996
v 246.049988 5.350000 -154.089996
v 246.239990 5.350000 -154.849991
v 247.000000 5.350000 -154.849991
v 246.049988 5.350000 -155.419998
v 245.099991 5.350000 -155.419998
v 244.909988 5.350000 -154.470001
v 243.959991 5.350000 -152.949997
v 241.869995 5.350000 -152.949997
v 242.629990 5.350000 -153.330002
v 242.439987 5.350000 -155.989990
v 241.869995 5.350000 -155.989990
v 241.299988 5.350000 -156.559998
v 242.819992 5.250000 -149.720001
v 242.250000 5.250000 -149.720001
v 242.250000 5.250000 -151.619995
v 243.009995 5.250000 -151.619995
v 237.500000 5.550000 -152.759995
v 237.689987 5.550000 -153.899994
v 237.879990 5.550000 -152.190002
v 104.689995 5.350000 -205.199997
v 106.019997 5.350000 -206.339996
v 106.019997 5.350000 -206.909988
v 106.589996 5.350000 -206.909988
v 106.589996 5.350000 -206.339996
v 107.349998 5.350000 -206.149994
v 107.919998 5.350000 -205.199997
v 108.110001 5.350000 -207.099991
v 107.540001 5.350000 -207.099991
v 107.540001 5.350000 -207.479996
v 108.489998 5.350000 -207.479996
v 105.070000 5.350000 -207.099991
v 104.689995 5.350000 -207.099991
v 104.689995 5.350000 -207.479996
v 105.070000 5.350000 -207.479996
v 101.079994 5.350000 -200.069992
v 101.839996 5.350000 -200.259995
v 102.220001 5.350000 -202.539993
v 99.559998 5.350000 -203.300003
v 99.939995 5.350000 -204.819992
v 99.369995 5.350000 -207.479996
v 100.889999 5.350000 -207.479996
v 102.599998 5.350000 -205.389999
v 102.599998 5.350000 -197.979996
v 78.089996 5.350000 -110.009995
v 69.159996 5.350000 -118.559998
v 247.000000 6.250000 -125.019997
v 246.429993 6.250000 -125.019997
v 246.429993 6.250000 -125.399994
v 247.000000 6.250000 -125.399994
v 247.000000 5.150000 -126.540001
v 241.299988 5.150000 -128.440002
v 242.629990 5.150000 -128.440002
v 247.000000 5.150000 -128.440002
v 246.239990 5.350000 -118.559998
v 246.429993 5.350000 -122.930000
v 246.429993 5.350000 -118.559998
v 244.529999 5.350000 -121.029999
v 244.149994 5.350000 -121.790001
v 243.580002 5.350000 -122.549995
v 242.059998 5.350000 -123.309998
v 239.779999 5.350000 -123.309998
v 238.639999 5.350000 -122.739998
v 237.309998 5.350000 -120.839996
v 237.500000 5.350000 -123.119995
v 237.500000 5.350000 -124.070000
v 244.529999 5.350000 -124.070000
v 244.529999 5.350000 -123.119995
v 245.289993 5.350000 -122.930000
v 239.019989 5.650000 -119.889999
v 239.779999 6.150000 -121.029999
v 239.779999 5.650000 -119.699997
v 240.349991 5.350000 -118.939995
v 241.299988 5.350000 -118.939995
v 241.679993 5.350000 -120.079994
v 242.629990 5.350000 -120.649994
v 242.819992 5.350000 -119.129997
v 230.659988 5.050000 -88.919998
v 231.039993 5.050000 -90.629997
v 235.789993 5.050000 -90.629997
v 236.169998 5.050000 -91.009995
v 235.220001 6.250000 -91.769997
v 230.279999 6.250000 -91.769997
v 230.279999 6.250000 -98.610001
v 235.220001 6.250000 -98.610001
v 234.839996 6.250000 -91.959999
v 235.029999 6.250000 -98.040001
v 230.659988 6.250000 -98.229996
v 230.470001 6.250000 -92.150002
v 233.889999 5.050000 -93.099998
v 231.610001 5.050000 -93.099998
v 231.610001 5.050000 -94.430000
v 232.559998 5.050000 -94.619995
v 233.319992 5.050000 -94.619995
v 233.699997 5.050000 -95.379997
v 233.889999 5.050000 -95.379997
v 233.509995 5.050000 -95.949997
v 232.369995 5.050000 -95.949997
v 232.179993 5.050000 -95.000000
v 231.610001 5.050000 -97.279999
v 233.889999 5.050000 -97.279999
v 229.330002 5.150000 -91.009995
v 229.709991 5.150000 -90.629997
v 97.470001 5.350000 -189.239990
v 97.849998 5.950000 -196.459991
v 97.279999 5.550000 -197.409988
v 96.709999 5.550000 -197.409988
v 95.949997 5.550000 -194.940002
v 94.809998 5.550000 -193.989990
v 94.809998 5.550000 -193.610001
v 94.430000 5.550000 -193.800003
v 94.049995 5.550000 -194.559998
v 93.479996 5.550000 -194.559998
v 92.909996 5.550000 -195.129990
v 92.720001 5.550000 -196.080002
v 89.680000 5.350000 -196.269989
v 88.919998 5.350000 -196.649994
v 90.820000 5.650000 -196.839996
v 91.769997 5.550000 -196.839996
v 97.470001 5.550000 -197.599991
v 98.229996 5.550000 -197.220001
v 98.229996 5.750000 -196.649994
v 96.900002 5.550000 -194.750000
v 97.279999 5.550000 -194.750000
v 97.279999 5.550000 -193.989990
v 96.139999 5.550000 -192.470001
v 94.239998 5.550000 -192.659988
v 93.669998 5.550000 -191.330002
v 91.199997 5.550000 -191.899994
v 91.389999 5.550000 -193.039993
v 90.629997 5.550000 -193.229996
v 91.009995 5.550000 -194.940002
v 93.099998 5.550000 -194.179993
v 93.290001 5.550000 -193.229996
v 94.239998 5.550000 -193.229996
v 95.189995 5.550000 -192.849991
v 96.519997 5.550000 -192.659988
v 96.519997 5.550000 -192.089996
v 88.919998 5.350000 -188.860001
v 90.439995 5.350000 -189.239990
v 93.860001 5.350000 -188.099991
v 247.000000 5.150000 -141.929993
v 246.239990 5.150000 -141.739990
v 246.239990 5.150000 -138.319992
v 243.959991 5.150000 -138.319992
v 244.149994 5.150000 -141.929993
v 245.289993 5.150000 -142.119995
v 245.289993 5.150000 -144.399994
v 242.819992 5.150000 -144.399994
v 242.439987 5.150000 -145.539993
v 242.819992 5.150000 -145.729996
v 242.819992 5.150000 -142.119995
v 69.159996 5.350000 -150.479996
v 74.669998 5.350000 -156.179993
v 75.619995 5.350000 -155.800003
v 77.139999 5.350000 -156.559998
v 77.519997 5.350000 -157.699997
v 179.360001 5.150000 -49.399998
v 180.500000 5.150000 -50.349998
v 182.779999 5.150000 -49.779999
v 183.539993 5.150000 -51.680000
v 181.259995 5.150000 -53.009998
v 181.639999 5.150000 -54.149998
v 184.110001 5.250000 -56.809998
v 186.580002 5.250000 -56.809998
v 185.629990 5.150000 -51.869999
v 185.250000 5.150000 -50.919998
v 185.629990 5.150000 -49.590000
v 186.389999 6.250000 -50.730000
v 186.009995 5.250000 -57.759998
v 184.489990 5.250000 -57.759998
v 186.959991 5.250000 -58.709999
v 179.550003 5.150000 -56.430000
v 178.220001 5.150000 -56.049999
v 182.399994 5.250000 -58.329998
v 181.830002 6.250000 -51.299999
v 180.879990 6.250000 -51.489998
v 179.929993 6.250000 -52.439999
v 179.550003 6.250000 -52.439999
v 177.839996 6.250000 -54.529999
v 197.409988 5.450000 -208.429993
v 196.269989 5.450000 -208.619995
v 195.889999 5.450000 -208.239990
v 195.699997 5.450000 -209.190002
v 196.649994 5.450000 -209.190002
v 197.220001 5.450000 -209.949997
v 197.220001 5.450000 -209.379990
v 196.649994 5.350000 -216.789993
v 196.459991 5.350000 -217.360001
v 196.839996 5.350000 -214.699997
v 196.269989 5.350000 -214.699997
v 196.080002 5.350000 -215.080002
v 194.940002 5.350000 -214.889999
v 193.419998 5.350000 -212.419998
v 191.330002 5.350000 -210.139999
v 190.190002 5.350000 -207.860001
v 189.809998 5.350000 -209.379990
v 187.720001 5.350000 -209.569992
v 187.720001 5.350000 -212.610001
v 190.949997 5.350000 -212.799988
v 191.899994 5.350000 -212.989990
v 191.899994 5.350000 -213.940002
v 191.519989 5.350000 -214.129990
v 191.899994 5.350000 -216.029999
v 197.409988 5.350000 -215.459991
v 195.319992 5.350000 -216.789993
v 193.800003 5.350000 -216.789993
v 192.470001 5.350000 -217.360001
v 195.509995 5.350000 -217.360001
v 192.659988 5.650000 -207.669998
v 193.039993 5.850000 -207.479996
v 190.569992 5.350000 -213.940002
v 190.569992 5.350000 -212.989990
v 187.720001 5.350000 -214.889999
v 188.860001 5.350000 -216.409988
v 190.190002 5.350000 -216.789993
v 187.720001 5.350000 -216.979996
v 188.099991 5.350000 -217.360001
v 242.250000 5.150000 -129.580002
v 241.299988 5.150000 -129.199997
v 239.589996 5.150000 -138.319992
v 239.589996 5.150000 -134.330002
v 239.209991 5.150000 -134.139999
v 239.399994 5.150000 -132.809998
v 240.539993 5.150000 -132.809998
v 240.919998 5.150000 -133.379990
v 243.580002 5.150000 -132.429993
v 243.769989 5.150000 -131.479996
v 244.529999 5.150000 -131.479996
v 244.720001 5.150000 -132.050003
v 246.049988 5.150000 -132.050003
v 246.049988 5.150000 -129.959991
v 247.000000 5.150000 -129.770004
v 247.000000 5.150000 -135.089996
v 246.049988 5.150000 -134.899994
v 244.529999 5.150000 -132.619995
v 240.539993 5.150000 -134.330002
v 246.239990 5.150000 -136.800003
v 247.000000 5.150000 -136.610001
v 137.369995 5.350000 -52.059998
v 137.369995 5.350000 -53.579998
v 136.419998 5.350000 -53.770000
v 136.800003 5.350000 -55.860001
v 136.229996 5.350000 -56.809998
v 137.179993 5.350000 -57.759998
v 137.179993 5.350000 -58.520000
v 135.849991 5.350000 -58.899998
v 135.089996 5.350000 -58.899998
v 134.899994 5.350000 -58.520000
v 128.819992 5.350000 -58.709999
v 128.629990 5.350000 -57.759998
v 129.389999 5.350000 -56.809998
v 129.389999 5.350000 -56.239998
v 129.009995 5.350000 -55.289997
v 129.009995 5.350000 -53.389999
v 137.179993 6.250000 -49.779999
v 136.800003 6.250000 -49.779999
v 136.800003 6.250000 -50.730000
v 137.179993 6.250000 -50.730000
v 134.709991 5.350000 -55.289997
v 131.099991 5.350000 -55.480000
v 131.099991 5.350000 -57.570000
v 135.089996 5.350000 -57.570000
v 132.809998 5.350000 -49.399998
v 131.099991 5.350000 -49.399998
v 131.099991 5.350000 -50.919998
v 132.809998 5.350000 -50.919998
v 131.289993 6.250000 -53.199997
v 130.910004 6.250000 -53.199997
v 130.910004 6.250000 -54.149998
v 131.289993 6.250000 -54.149998
v 129.580002 5.350000 -50.919998
v 129.580002 5.350000 -49.969997
v 202.349991 5.150000 -60.989998
v 203.489990 5.150000 -61.180000
v 203.489990 5.150000 -64.409996
v 205.959991 5.150000 -64.409996
v 206.149994 5.150000 -63.840000
v 207.099991 5.150000 -63.840000
v 207.289993 5.150000 -64.409996
v 207.479996 5.150000 -64.409996
v 207.099991 5.150000 -65.169998
v 206.149994 5.150000 -65.169998
v 205.769989 5.150000 -69.159996
v 205.769989 5.150000 -68.779999
v 205.769989 5.150000 -67.449997
v 206.720001 5.150000 -67.449997
v 206.909988 5.150000 -68.400002
v 207.479996 5.150000 -68.400002
v 206.720001 5.150000 -68.779999
v 202.539993 6.250000 -61.939999
v 202.159988 6.250000 -61.939999
v 202.159988 6.250000 -68.779999
v 202.539993 6.250000 -68.779999
v 199.500000 5.150000 -61.559998
v 200.069992 5.150000 -62.129997
v 199.119995 5.150000 -65.739998
v 201.209991 5.150000 -61.180000
v 198.929993 6.250000 -62.509998
v 197.789993 6.250000 -62.320000
v 198.169998 6.250000 -65.360001
v 123.879997 5.350000 -209.569992
v 123.500000 5.350000 -214.319992
v 125.589996 5.350000 -215.459991
v 124.449997 5.350000 -215.459991
v 124.639999 5.350000 -215.839996
v 125.589996 5.350000 -215.839996
v 121.409996 5.350000 -208.809998
v 121.790001 5.350000 -214.129990
v 121.790001 5.350000 -207.669998
v 123.689995 5.350000 -208.239990
v 121.599998 5.350000 -215.459991
v 120.649994 5.350000 -217.360001
v 121.790001 5.350000 -216.979996
v 87.209999 5.350000 -90.250000
v 85.689995 5.350000 -90.250000
v 85.689995 5.350000 -93.860001
v 86.259995 5.350000 -94.049995
v 86.259995 5.350000 -97.279999
v 85.689995 5.350000 -97.470001
v 83.409996 5.350000 -97.470001
v 82.650002 5.350000 -97.279999
v 82.650002 5.350000 -94.049995
v 83.409996 5.350000 -93.860001
v 72.389999 5.350000 -127.869995
v 73.339996 5.350000 -127.869995
v 186.959991 5.350000 -209.759995
v 187.339996 5.350000 -214.319992
v 187.529999 5.350000 -216.409988
v 186.580002 5.550000 -216.599991
v 186.199997 5.750000 -216.220001
v 186.199997 6.250000 -215.080002
v 185.440002 6.050000 -215.649994
v 185.440002 5.350000 -216.979996
v 184.679993 5.350000 -216.789993
v 184.300003 5.350000 -215.839996
v 181.830002 5.350000 -216.029999
v 181.830002 5.350000 -216.789993
v 184.110001 5.350000 -216.599991
v 179.739990 5.350000 -209.190002
v 178.599991 5.350000 -209.569992
v 181.639999 5.350000 -213.369995
v 181.259995 5.350000 -210.899994
v 180.309998 5.350000 -210.709991
v 180.119995 5.350000 -209.000000
v 182.399994 5.350000 -208.239990
v 180.690002 5.950000 -214.129990
v 180.879990 5.850000 -216.599991
v 180.879990 6.050000 -214.509995
v 228.759995 5.350000 -171.949997
v 230.089996 5.350000 -172.330002
v 232.559998 5.350000 -171.379990
v 233.889999 5.350000 -171.379990
v 234.269989 5.350000 -170.429993
v 235.409988 5.350000 -170.429993
v 236.929993 5.350000 -171.190002
v 236.549988 5.350000 -173.089996
v 234.839996 5.450000 -177.080002
v 233.319992 5.450000 -177.459991
v 232.369995 6.150000 -173.660004
v 231.799988 6.150000 -173.660004
v 231.610001 6.150000 -173.279999
v 231.419998 6.150000 -175.179993
v 232.369995 6.150000 -175.179993
v 232.559998 6.150000 -174.419998
v 230.279999 5.350000 -173.660004
v 228.000000 5.350000 -174.800003
v 228.000000 5.350000 -175.559998
v 230.470001 5.350000 -175.559998
v 229.330002 6.250000 -176.319992
v 228.949997 6.250000 -176.319992
v 228.949997 6.250000 -176.889999
v 229.330002 6.250000 -176.889999
v 87.970001 5.350000 -168.910004
v 88.540001 5.350000 -168.910004
v 87.209999 5.350000 -170.050003
v 86.259995 5.350000 -172.519989
v 86.449997 5.350000 -172.899994
v 87.400002 5.350000 -172.899994
v 88.919998 5.350000 -172.899994
v 87.400002 5.350000 -174.229996
v 86.259995 5.350000 -174.039993
v 84.930000 5.350000 -172.709991
v 84.549995 5.350000 -173.279999
v 84.549995 5.350000 -174.800003
v 85.879997 5.350000 -175.369995
v 86.449997 5.350000 -176.509995
v 87.400002 5.350000 -175.369995
v 87.779999 5.850000 -176.509995
v 84.930000 6.250000 -175.940002
v 84.360001 6.250000 -175.940002
v 84.549995 6.250000 -176.319992
v 83.979996 6.250000 -175.559998
v 83.790001 6.250000 -175.940002
v 84.169998 6.250000 -175.940002
v 82.459999 5.450000 -168.529999
v 83.790001 5.450000 -169.099991
v 82.839996 6.150000 -173.849991
v 82.650002 6.150000 -172.899994
v 82.459999 6.150000 -174.610001
v 83.599998 6.150000 -174.610001
v 83.599998 6.150000 -173.660004
v 80.939995 5.350000 -170.619995
v 80.180000 5.350000 -169.860001
v 79.799995 5.350000 -170.050003
v 81.320000 5.350000 -173.089996
v 81.699997 5.350000 -171.569992
v 83.029999 5.350000 -171.379990
v 82.839996 5.350000 -175.559998
v 82.459999 5.350000 -175.559998
v 82.650002 5.350000 -176.319992
v 81.509995 5.350000 -176.129990
v 80.369995 5.350000 -176.129990
v 79.799995 5.350000 -175.369995
v 79.419998 5.350000 -173.470001
v 79.989998 5.350000 -172.899994
v 79.419998 5.350000 -169.669998
v 79.419998 5.350000 -169.289993
v 108.299995 5.350000 -217.360001
v 108.680000 5.350000 -217.929993
v 108.680000 5.350000 -219.069992
v 107.919998 5.350000 -219.069992
v 107.349998 5.350000 -218.119995
v 106.589996 5.350000 -217.929993
v 106.589996 5.350000 -217.360001
v 106.019997 5.350000 -217.360001
v 106.019997 5.350000 -217.929993
v 104.689995 5.350000 -219.069992
v 104.879997 5.350000 -227.239990
v 108.680000 5.350000 -227.239990
v 102.220001 5.350000 -218.119995
v 101.650002 5.350000 -217.929993
v 101.650002 5.350000 -217.360001
v 101.079994 5.350000 -217.360001
v 98.799995 5.350000 -217.360001
v 98.799995 5.350000 -218.119995
v 99.369995 5.350000 -218.500000
v 98.799995 5.350000 -222.489990
v 98.799995 5.350000 -227.239990
v 102.220001 5.350000 -227.239990
v 102.220001 5.350000 -226.099991
v 102.599998 5.350000 -225.909988
v 102.599998 5.350000 -218.879990
v 88.919998 5.350000 -59.279999
v 86.070000 5.350000 -59.279999
v 86.259995 5.350000 -66.500000
v 87.400002 5.350000 -66.689995
v 87.400002 5.350000 -69.159996
v 88.919998 5.350000 -63.840000
v 87.019997 5.350000 -64.029999
v 86.830002 5.350000 -62.129997
v 88.919998 5.350000 -62.129997
v 83.409996 5.150000 -59.279999
v 79.040001 5.350000 -59.279999
v 79.040001 5.350000 -64.790001
v 82.650002 5.250000 -64.979996
v 82.650002 5.250000 -63.840000
v 83.409996 5.250000 -63.649998
v 83.409996 5.250000 -67.449997
v 82.650002 5.250000 -67.260002
v 79.040001 5.350000 -69.159996
v 83.409996 5.250000 -69.159996
v 177.839996 5.150000 -30.019999
v 175.940002 5.150000 -30.209999
v 175.940002 5.150000 -31.539999
v 173.470001 5.150000 -31.539999
v 173.470001 5.150000 -34.579998
v 176.129990 5.150000 -34.770000
v 175.940002 5.150000 -35.910000
v 174.039993 5.150000 -35.910000
v 174.039993 5.150000 -38.570000
v 174.800003 5.150000 -38.759998
v 173.089996 5.150000 -35.719997
v 173.279999 5.150000 -34.579998
v 167.959991 5.150000 -34.389999
v 167.959991 5.150000 -38.950001
v 173.470001 5.150000 -38.759998
v 173.089996 5.150000 -31.349998
v 173.279999 5.150000 -30.209999
v 169.669998 5.150000 -30.019999
v 169.479996 5.150000 -29.639999
v 167.959991 5.150000 -29.639999
v 167.959991 5.150000 -29.830000
v 256.880005 5.350000 -167.959991
v 253.839996 5.350000 -167.959991
v 254.029999 5.350000 -168.720001
v 255.739990 5.350000 -168.720001
v 255.929993 5.350000 -168.149994
v 256.880005 5.350000 -168.149994
v 256.500000 5.350000 -173.089996
v 256.500000 5.350000 -172.330002
v 253.269989 5.350000 -172.330002
v 253.269989 5.350000 -173.089996
v 252.889999 5.350000 -173.279999
v 252.889999 5.350000 -177.839996
v 256.880005 5.350000 -177.839996
v 256.880005 5.350000 -173.279999
v 256.500000 5.350000 -171.000000
v 255.360001 5.350000 -170.619995
v 255.360001 5.350000 -169.669998
v 254.409988 5.350000 -169.669998
v 254.409988 5.350000 -170.429993
v 253.839996 5.350000 -171.000000
v 253.269989 5.350000 -171.000000
v 253.269989 5.350000 -171.379990
v 256.500000 5.350000 -171.379990
v 252.319992 5.350000 -173.089996
v 252.319992 5.350000 -172.330002
v 249.279999 5.350000 -172.330002
v 249.279999 5.350000 -177.839996
v 251.939987 5.350000 -170.809998
v 251.939987 5.350000 -167.959991
v 251.559998 5.350000 -168.529999
v 251.369995 5.350000 -169.289993
v 249.089996 5.350000 -169.289993
v 249.089996 5.350000 -170.050003
v 247.949997 5.350000 -170.239990
v 247.949997 5.350000 -171.000000
v 247.759995 5.350000 -177.839996
v 248.330002 5.350000 -177.839996
v 248.330002 5.350000 -171.569992
v 252.319992 5.350000 -171.379990
v 66.689995 5.350000 -88.919998
v 66.500000 5.350000 -90.820000
v 63.459999 5.350000 -90.820000
v 63.459999 5.350000 -98.799995
v 65.739998 5.350000 -88.919998
v 61.369999 5.250000 -88.919998
v 63.270000 5.350000 -89.110001
v 63.459999 5.350000 -89.869995
v 65.739998 5.350000 -89.869995
v 62.509998 5.350000 -90.820000
v 60.609997 5.450000 -90.820000
v 60.609997 5.250000 -92.150002
v 60.230000 5.250000 -92.339996
v 60.419998 5.250000 -94.430000
v 59.469997 5.650000 -96.519997
v 60.419998 5.250000 -96.900002
v 60.419998 5.250000 -97.659996
v 61.369999 5.350000 -97.849998
v 61.369999 5.350000 -98.799995
v 62.509998 5.350000 -98.799995
v 148.199997 5.150000 -29.639999
v 138.319992 5.050000 -29.639999
v 138.319992 4.950000 -34.770000
v 148.199997 5.150000 -34.770000
v 148.199997 5.350000 -37.049999
v 145.729996 5.350000 -37.049999
v 145.539993 5.350000 -38.189999
v 142.309998 5.350000 -38.189999
v 142.119995 5.350000 -37.049999
v 138.319992 5.350000 -37.049999
v 207.479996 5.150000 -40.469997
v 206.720001 5.150000 -40.279999
v 206.720001 5.150000 -39.520000
v 203.869995 5.150000 -39.520000
v 203.869995 5.150000 -40.660000
v 202.729996 5.150000 -40.469997
v 202.919998 5.150000 -39.520000
v 197.599991 5.150000 -39.520000
v 197.599991 5.150000 -41.230000
v 203.110001 5.150000 -41.230000
v 203.679993 5.150000 -42.559998
v 203.679993 5.150000 -44.459999
v 206.529999 5.150000 -44.459999
v 206.720001 5.150000 -43.889999
v 207.479996 5.150000 -43.889999
v 207.479996 5.150000 -45.219997
v 206.720001 5.150000 -45.219997
v 203.679993 5.150000 -48.639999
v 203.300003 5.150000 -49.020000
v 201.209991 5.150000 -49.020000
v 199.690002 5.150000 -46.739998
v 199.309998 5.150000 -47.119999
v 198.169998 5.150000 -46.739998
v 197.789993 5.150000 -45.410000
v 198.360001 5.150000 -44.840000
v 197.599991 5.150000 -44.270000
v 206.149994 5.150000 -49.020000
v 206.909988 5.150000 -49.020000
v 202.539993 6.150000 -42.369999
v 197.599991 6.150000 -42.369999
v 197.599991 6.150000 -42.939999
v 198.550003 6.150000 -43.320000
v 200.069992 6.150000 -44.840000
v 201.209991 6.150000 -46.739998
v 201.399994 6.150000 -46.549999
v 201.589996 6.150000 -46.169998
v 202.349991 6.150000 -46.360001
v 202.539993 6.150000 -46.169998
v 202.159988 6.150000 -47.119999
v 201.589996 6.150000 -47.119999
v 201.779999 6.150000 -48.070000
v 202.539993 6.150000 -48.070000
v 78.659996 5.350000 -187.720001
v 77.330002 5.350000 -188.479996
v 77.330002 5.350000 -189.619995
v 77.900002 5.350000 -189.050003
v 79.040001 5.350000 -189.429993
v 78.470001 6.250000 -194.750000
v 73.909996 6.250000 -196.269989
v 74.290001 6.250000 -197.599991
v 75.809998 6.250000 -197.220001
v 76.189995 6.550000 -197.599991
v 77.330002 6.550000 -197.599991
v 77.139999 6.250000 -196.649994
v 77.519997 6.250000 -196.269989
v 78.849998 6.250000 -196.080002
v 76.949997 5.350000 -192.470001
v 76.949997 5.350000 -191.519989
v 76.000000 5.350000 -191.139999
v 76.000000 5.350000 -190.569992
v 71.629997 5.350000 -190.569992
v 71.629997 5.350000 -187.720001
v 69.159996 5.350000 -187.720001
v 69.159996 5.350000 -197.599991
v 72.199997 5.350000 -197.599991
v 71.820000 5.350000 -196.459991
v 72.010002 5.350000 -195.319992
v 77.900002 5.350000 -193.039993
v 227.239990 5.350000 -208.049988
v 225.339996 5.350000 -207.479996
v 217.360001 5.350000 -210.709991
v 218.879990 5.350000 -208.619995
v 219.830002 5.350000 -208.619995
v 220.019989 5.350000 -209.190002
v 220.779999 5.350000 -209.000000
v 221.349991 5.350000 -209.949997
v 222.299988 5.350000 -210.330002
v 223.819992 5.350000 -211.849991
v 224.389999 5.350000 -211.849991
v 224.580002 5.350000 -212.419998
v 227.239990 5.350000 -212.419998
v 224.580002 5.350000 -212.989990
v 223.629990 5.350000 -213.750000
v 221.539993 5.350000 -216.789993
v 220.779999 5.350000 -216.789993
v 218.500000 5.350000 -214.699997
v 217.360001 5.350000 -214.129990
v 217.360001 5.350000 -216.979996
v 217.929993 5.350000 -217.360001
v 227.239990 5.450000 -217.360001
v 218.119995 6.050000 -211.659988
v 217.360001 5.650000 -211.279999
v 217.360001 6.050000 -212.229996
v 217.549988 6.150000 -212.610001
v 218.119995 6.250000 -212.610001
v 166.250000 5.150000 -30.209999
v 166.250000 5.150000 -31.539999
v 163.589996 5.150000 -31.349998
v 163.399994 5.150000 -36.099998
v 163.970001 5.150000 -36.099998
v 164.160004 5.150000 -36.860001
v 166.250000 5.150000 -36.860001
v 166.440002 5.150000 -37.239998
v 167.959991 5.150000 -37.239998
v 166.250000 5.150000 -38.189999
v 163.779999 5.150000 -38.189999
v 163.589996 5.150000 -37.619999
v 162.830002 5.150000 -37.430000
v 162.830002 5.150000 -36.480000
v 160.169998 5.150000 -34.579998
v 159.979996 5.150000 -34.959999
v 159.220001 5.150000 -34.959999
v 158.080002 5.150000 -36.099998
v 167.009995 5.150000 -38.950001
v 163.779999 5.150000 -30.209999
v 160.550003 5.150000 -30.209999
v 159.410004 5.150000 -30.019999
v 159.220001 5.150000 -29.639999
v 158.080002 5.150000 -29.639999
v 158.080002 5.150000 -30.400000
v 159.410004 5.150000 -31.539999
v 159.410004 5.150000 -32.869999
v 159.029999 5.150000 -33.250000
v 160.169998 5.150000 -34.009998
v 151.809998 5.150000 -34.770000
v 152.000000 5.150000 -34.200001
v 153.330002 5.150000 -34.200001
v 153.330002 5.150000 -31.730000
v 154.089996 5.150000 -30.779999
v 155.419998 5.150000 -30.019999
v 157.509995 5.150000 -30.019999
v 157.509995 5.250000 -31.730000
v 156.559998 5.450000 -31.349998
v 155.419998 5.750000 -31.539999
v 154.470001 6.250000 -32.869999
v 155.610001 6.450000 -33.250000
v 155.989990 5.750000 -32.299999
v 157.319992 5.250000 -32.680000
v 157.319992 5.250000 -33.630001
v 156.559998 5.250000 -34.009998
v 156.179993 5.250000 -34.959999
v 157.509995 5.250000 -34.579998
v 158.080002 5.250000 -33.250000
v 158.080002 5.250000 -32.869999
v 156.369995 5.150000 -36.480000
v 155.419998 5.150000 -37.619999
v 152.569992 5.350000 -37.809998
v 151.809998 5.350000 -37.619999
v 151.809998 5.350000 -37.049999
v 118.559998 5.350000 -39.520000
v 108.680000 5.350000 -39.520000
v 237.119995 5.350000 -197.599991
v 234.649994 5.350000 -197.599991
v 233.319992 5.350000 -199.879990
v 233.129990 5.350000 -201.399994
v 231.610001 5.350000 -204.629990
v 231.610001 5.350000 -206.339996
v 231.039993 5.350000 -207.479996
v 235.979996 5.350000 -207.479996
v 236.169998 5.350000 -207.099991
v 237.119995 5.350000 -207.099991
v 232.179993 5.550000 -198.169998
v 231.610001 5.550000 -198.169998
v 231.610001 5.550000 -198.550003
v 231.229996 6.150000 -200.259995
v 229.899994 5.550000 -200.259995
v 230.089996 5.550000 -198.929993
v 230.849991 5.550000 -197.599991
v 227.239990 5.550000 -200.449997
v 228.190002 5.550000 -200.639999
v 228.569992 5.550000 -200.069992
v 229.330002 5.550000 -200.069992
v 230.470001 5.550000 -201.019989
v 231.229996 5.550000 -201.019989
v 228.190002 5.350000 -206.529999
v 227.809998 5.350000 -207.479996
v 229.519989 5.350000 -207.479996
v 68.970001 5.350000 -167.959991
v 68.970001 5.350000 -173.470001
v 67.449997 5.350000 -173.660004
v 68.209999 5.350000 -174.419998
v 67.830002 5.350000 -175.940002
v 67.449997 5.350000 -176.319992
v 65.930000 5.350000 -176.319992
v 65.549995 5.350000 -175.750000
v 64.979996 5.350000 -175.750000
v 64.599998 5.350000 -176.319992
v 63.649998 5.350000 -176.319992
v 62.699997 5.350000 -175.369995
v 62.699997 5.350000 -177.459991
v 62.320000 5.350000 -177.839996
v 68.019997 5.350000 -168.910004
v 66.879997 5.350000 -168.910004
v 66.879997 5.350000 -172.709991
v 68.019997 5.350000 -172.709991
v 65.739998 5.350000 -167.959991
v 59.279999 5.350000 -167.959991
v 59.279999 5.350000 -173.089996
v 61.369999 5.350000 -173.089996
v 61.559998 5.350000 -172.709991
v 62.129997 5.350000 -172.709991
v 62.320000 5.350000 -173.089996
v 65.739998 5.350000 -173.089996
v 63.649998 5.350000 -174.039993
v 62.320000 5.350000 -174.039993
v 62.509998 5.350000 -174.800003
v 61.369999 5.350000 -174.039993
v 59.279999 5.350000 -174.039993
v 59.279999 5.350000 -174.989990
v 59.279999 5.350000 -176.129990
v 60.230000 5.350000 -176.129990
v 60.230000 5.350000 -175.179993
v 60.799999 5.350000 -174.610001
v 61.369999 5.350000 -174.610001
v 60.609997 5.350000 -177.080002
v 59.279999 5.350000 -177.269989
v 59.279999 5.350000 -177.839996
v 60.989998 5.350000 -177.839996
v 187.720001 6.250000 -227.429993
v 186.959991 6.250000 -227.429993
v 186.959991 6.250000 -229.519989
v 185.250000 6.550000 -229.709991
v 184.679993 6.250000 -229.709991
v 184.110001 6.250000 -229.139999
v 184.110001 6.250000 -228.000000
v 184.489990 6.250000 -227.619995
v 182.779999 6.250000 -227.809998
v 183.159988 6.250000 -232.559998
v 184.679993 6.250000 -232.559998
v 184.679993 6.250000 -230.659988
v 187.149994 6.250000 -230.659988
v 187.720001 6.250000 -232.179993
v 187.720001 6.250000 -228.949997
v 187.720001 5.350000 -234.080002
v 182.019989 5.350000 -234.459991
v 182.019989 5.450000 -237.119995
v 187.720001 5.450000 -237.119995
v 181.639999 5.350000 -234.269989
v 178.979996 5.350000 -229.330002
v 180.119995 5.350000 -229.709991
v 180.119995 5.350000 -231.419998
v 178.789993 5.450000 -237.119995
v 256.880005 5.250000 -98.799995
v 252.319992 5.250000 -98.799995
v 252.319992 5.250000 -108.680000
v 256.880005 5.250000 -108.680000
v 251.369995 4.950000 -98.799995
v 251.369995 5.050000 -108.680000
v 97.470001 5.350000 -207.860001
v 95.570000 5.350000 -208.049988
v 95.000000 5.350000 -214.129990
v 98.799995 5.350000 -214.699997
v 98.799995 5.350000 -208.809998
v 98.419998 5.350000 -216.029999
v 98.419998 5.350000 -217.360001
v 98.799995 5.350000 -216.220001
v 97.089996 5.350000 -216.789993
v 96.139999 5.350000 -216.599991
v 95.189995 5.350000 -216.599991
v 95.189995 5.350000 -217.360001
v 96.900002 5.350000 -217.360001
v 88.919998 5.350000 -212.419998
v 89.680000 5.350000 -213.179993
v 90.250000 5.350000 -217.169998
v 90.629997 5.350000 -217.360001
v 92.529999 5.350000 -217.360001
v 93.860001 5.350000 -217.169998
v 93.099998 5.350000 -216.789993
v 93.479996 5.350000 -214.509995
v 93.860001 5.350000 -214.129990
v 128.440002 5.350000 -237.119995
v 138.319992 5.350000 -237.119995
v 83.220001 5.350000 -197.599991
v 83.599998 5.350000 -199.309998
v 85.500000 5.350000 -203.489990
v 85.309998 5.550000 -205.389999
v 83.979996 6.150000 -205.769989
v 83.599998 6.350000 -206.529999
v 85.879997 5.450000 -206.149994
v 86.070000 5.350000 -206.909988
v 85.309998 5.350000 -207.479996
v 88.540001 5.350000 -198.739990
v 83.409996 6.250000 -206.529999
v 82.650002 6.250000 -206.149994
v 82.459999 6.250000 -205.199997
v 80.750000 6.550000 -205.769989
v 80.180000 6.550000 -204.059998
v 79.799995 6.550000 -203.869995
v 79.989998 6.250000 -202.919998
v 81.509995 6.250000 -202.729996
v 81.320000 6.250000 -202.159988
v 79.419998 6.550000 -202.349991
v 79.040001 6.550000 -201.970001
v 79.040001 6.250000 -204.059998
v 79.040001 6.550000 -205.009995
v 79.610001 6.550000 -205.769989
v 79.610001 6.250000 -206.339996
v 79.040001 6.250000 -206.720001
v 79.040001 6.250000 -207.479996
v 82.269997 6.250000 -207.479996
v 83.220001 6.250000 -207.289993
v 79.799995 6.250000 -198.550003
v 79.040001 6.250000 -199.119995
v 79.040001 6.250000 -199.500000
v 80.180000 6.250000 -199.500000
v 80.180000 6.250000 -199.119995
v 246.429993 4.850000 -81.129997
v 246.239990 4.950000 -82.080002
v 244.909988 4.950000 -83.220001
v 245.099991 4.950000 -83.790001
v 245.289993 4.950000 -83.409996
v 246.619995 4.950000 -83.220001
v 247.000000 4.850000 -83.979996
v 247.000000 4.850000 -82.269997
v 247.000000 6.150000 -85.119995
v 245.860001 6.150000 -85.119995
v 247.000000 6.150000 -85.309998
v 247.000000 4.950000 -87.589996
v 246.049988 4.950000 -87.589996
v 245.860001 4.950000 -86.259995
v 244.720001 4.950000 -86.259995
v 244.339996 4.950000 -85.879997
v 243.580002 4.950000 -83.220001
v 243.009995 4.950000 -83.029999
v 243.009995 4.950000 -80.559998
v 244.149994 4.950000 -80.369995
v 243.769989 4.950000 -79.040001
v 237.879990 5.050000 -80.559998
v 237.879990 5.050000 -83.029999
v 247.000000 4.950000 -88.919998
v 246.809998 5.950000 -79.040001
v 246.049988 6.150000 -79.040001
v 245.289993 6.250000 -80.750000
v 246.239990 6.250000 -79.989998
v 246.809998 6.150000 -79.989998
v -286.519989 2.350000 -365.559998
v -296.399994 4.950000 -365.559998
v -296.399994 4.150000 -375.440002
v -286.519989 3.450000 -375.440002
v 256.880005 5.350000 -158.080002
v 249.279999 5.350000 -158.080002
v 249.279999 5.350000 -159.979996
v 252.319992 5.350000 -159.979996
v 252.509995 5.350000 -159.410004
v 253.080002 5.350000 -159.410004
v 253.269989 5.350000 -159.979996
v 256.500000 5.350000 -159.979996
v 256.880005 5.350000 -159.410004
v 256.880005 5.350000 -164.539993
v 256.119995 5.350000 -164.539993
v 255.739990 5.350000 -163.970001
v 254.029999 5.350000 -163.970001
v 253.839996 5.350000 -164.349991
v 251.939987 5.350000 -164.539993
v 252.319992 5.350000 -167.769989
v 256.500000 5.350000 -160.929993
v 253.269989 5.350000 -160.929993
v 253.269989 5.350000 -161.500000
v 254.409988 5.350000 -161.879990
v 254.409988 5.350000 -162.830002
v 255.360001 5.350000 -162.830002
v 255.360001 5.350000 -161.879990
v 256.500000 5.350000 -161.500000
v 252.319992 5.350000 -160.929993
v 249.279999 5.350000 -160.929993
v 248.899994 5.350000 -163.019989
v 247.949997 5.350000 -163.589996
v 248.899994 5.350000 -164.919998
v 247.949997 5.350000 -164.729996
v 247.759995 5.350000 -163.970001
v 251.939987 5.350000 -163.399994
v 251.939987 5.350000 -161.690002
v 252.319992 5.350000 -161.500000
v 248.330002 5.350000 -158.080002
v 248.330002 5.350000 -160.169998
v 248.139999 5.350000 -161.309998
v 247.000000 5.350000 -161.119995
v 247.000000 5.350000 -162.069992
v 247.949997 5.350000 -162.069992
v 63.459999 5.350000 -104.309998
v 67.449997 5.350000 -104.500000
v 68.209999 5.350000 -104.500000
v 68.400002 5.350000 -105.070000
v 69.159996 5.350000 -105.070000
v 68.209999 5.350000 -105.829994
v 67.260002 5.350000 -105.829994
v 67.070000 5.350000 -104.689995
v 63.459999 5.350000 -108.680000
v 61.369999 5.350000 -107.349998
v 60.609997 5.450000 -107.919998
v 60.609997 5.350000 -108.680000
v 62.509998 5.350000 -108.680000
v 177.839996 5.350000 -228.190002
v 177.080002 5.350000 -228.000000
v 175.940002 5.350000 -228.000000
v 175.940002 5.350000 -229.139999
v 177.080002 5.350000 -229.330002
v 177.649994 5.350000 -229.330002
v 175.750000 5.450000 -233.509995
v 175.179993 5.450000 -233.319992
v 175.179993 5.450000 -231.989990
v 171.759995 5.450000 -231.989990
v 172.139999 5.350000 -229.139999
v 172.519989 5.350000 -228.759995
v 173.279999 5.350000 -228.949997
v 173.470001 5.350000 -228.569992
v 174.610001 5.350000 -228.569992
v 174.989990 5.350000 -228.000000
v 170.050003 5.350000 -227.619995
v 170.429993 5.350000 -228.379990
v 171.379990 5.350000 -228.569992
v 171.569992 5.350000 -229.330002
v 171.190002 5.450000 -230.279999
v 170.429993 5.450000 -230.279999
v 170.239990 5.450000 -231.229996
v 167.959991 5.450000 -231.419998
v 167.959991 5.450000 -235.409988
v 169.479996 5.850000 -235.789993
v 169.289993 5.450000 -234.459991
v 170.429993 5.450000 -234.269989
v 171.759995 5.450000 -234.649994
v 172.139999 5.450000 -235.409988
v 172.330002 5.450000 -234.269989
v 173.279999 5.450000 -234.080002
v 173.470001 5.450000 -233.129990
v 174.419998 5.450000 -233.129990
v 174.610001 5.450000 -234.080002
v 175.750000 5.450000 -233.889999
v 207.479996 5.350000 -217.549988
v 206.720001 5.350000 -218.500000
v 205.009995 5.350000 -218.309998
v 203.679993 5.350000 -219.449997
v 200.449997 5.350000 -220.779999
v 198.739990 5.350000 -220.970001
v 197.599991 5.350000 -223.059998
v 197.599991 5.350000 -223.440002
v 200.449997 5.350000 -223.629990
v 200.449997 5.350000 -225.529999
v 199.309998 5.350000 -225.720001
v 199.500000 5.350000 -227.239990
v 201.019989 5.350000 -227.239990
v 200.639999 5.350000 -225.339996
v 202.349991 5.350000 -224.769989
v 201.399994 5.350000 -223.059998
v 201.399994 5.350000 -221.729996
v 202.919998 5.350000 -220.589996
v 207.479996 5.350000 -219.639999
v 207.479996 5.350000 -219.259995
v 207.479996 5.550000 -223.629990
v 206.909988 5.550000 -223.440002
v 206.909988 5.550000 -224.199997
v 207.479996 5.550000 -224.199997
v 197.599991 5.350000 -220.209991
v 199.879990 5.350000 -219.639999
v 200.069992 5.350000 -218.500000
v 201.779999 5.350000 -217.929993
v 203.110001 5.350000 -218.309998
v 202.729996 5.350000 -226.099991
v 202.349991 5.350000 -226.099991
v 202.159988 5.350000 -226.669998
v 202.539993 5.350000 -227.239990
v 202.919998 5.350000 -227.239990
v 217.360001 5.150000 -53.199997
v 216.599991 5.150000 -53.199997
v 216.409988 5.150000 -52.629997
v 215.269989 5.150000 -52.439999
v 215.269989 5.150000 -49.779999
v 216.220001 5.150000 -49.399998
v 210.899994 5.150000 -49.399998
v 210.899994 5.150000 -50.919998
v 211.470001 5.150000 -51.110001
v 211.279999 5.150000 -53.959999
v 215.459991 5.150000 -55.099998
v 215.649994 5.150000 -54.719997
v 216.789993 5.150000 -54.719997
v 217.360001 5.150000 -55.099998
v 215.649994 5.150000 -55.860001
v 211.089996 5.150000 -53.959999
v 211.089996 5.150000 -59.279999
v 216.409988 5.150000 -56.239998
v 210.139999 5.150000 -53.770000
v 210.139999 5.150000 -51.110001
v 148.199997 5.350000 -232.750000
v 146.679993 5.350000 -233.129990
v 146.489990 5.350000 -233.509995
v 145.539993 5.350000 -233.509995
v 144.970001 5.350000 -231.989990
v 141.360001 5.350000 -233.129990
v 141.360001 5.350000 -233.889999
v 140.220001 5.350000 -234.269989
v 140.029999 5.350000 -237.119995
v 148.199997 5.350000 -237.119995
v 145.349991 6.350000 -228.379990
v 145.729996 6.050000 -227.619995
v 143.830002 5.350000 -229.139999
v 139.649994 5.350000 -233.889999
v 139.649994 5.350000 -232.939987
v 140.029999 5.350000 -232.559998
v 140.979996 5.350000 -232.559998
v 69.159996 5.350000 -79.040001
v 69.159996 5.350000 -85.879997
v 71.059998 5.350000 -85.879997
v 71.629997 5.350000 -84.930000
v 72.389999 5.350000 -84.930000
v 72.959999 5.350000 -85.500000
v 72.959999 5.350000 -86.259995
v 72.010002 5.350000 -86.830002
v 72.010002 5.350000 -88.919998
v 71.059998 5.350000 -86.259995
v 196.839996 5.150000 -39.520000
v 196.649994 5.150000 -40.279999
v 195.699997 5.150000 -40.279999
v 195.509995 5.150000 -39.520000
v 189.809998 5.150000 -39.520000
v 189.619995 5.150000 -40.660000
v 188.479996 5.150000 -40.469997
v 188.479996 5.150000 -39.520000
v 187.720001 5.150000 -39.520000
v 187.720001 5.150000 -44.840000
v 188.669998 5.150000 -44.840000
v 188.860001 5.150000 -43.700001
v 188.099991 5.150000 -43.509998
v 188.289993 5.150000 -41.419998
v 194.750000 5.150000 -41.419998
v 194.940002 5.150000 -43.509998
v 196.649994 5.150000 -43.509998
v 196.649994 5.150000 -41.610001
v 189.809998 5.150000 -45.029999
v 193.989990 5.150000 -47.119999
v 191.899994 6.250000 -47.119999
v 189.429993 6.250000 -45.980000
v 187.720001 6.250000 -45.789997
v 187.720001 6.250000 -46.930000
v 189.050003 6.250000 -47.119999
v 193.989990 6.250000 -42.369999
v 189.050003 6.250000 -42.369999
v 189.050003 6.250000 -42.750000
v 193.989990 6.250000 -42.750000
v 188.669998 5.150000 -48.070000
v 187.720001 5.150000 -48.070000
v 116.659996 5.350000 -217.360001
v 116.659996 5.350000 -217.929993
v 115.899994 5.350000 -218.119995
v 115.519997 5.350000 -218.879990
v 115.519997 5.350000 -226.099991
v 115.899994 5.350000 -226.289993
v 115.899994 5.350000 -227.239990
v 118.559998 5.350000 -227.239990
v 112.860001 5.350000 -218.119995
v 112.099998 5.350000 -217.929993
v 112.099998 5.350000 -217.360001
v 111.529999 5.350000 -217.360001
v 111.529999 5.350000 -217.929993
v 110.769997 5.350000 -218.119995
v 110.389999 5.350000 -219.069992
v 113.430000 5.350000 -227.239990
v 113.430000 5.350000 -219.069992
v 109.629997 5.350000 -218.119995
v 245.479996 5.350000 -182.779999
v 244.909988 5.350000 -182.399994
v 243.199997 5.350000 -182.779999
v 242.629990 5.350000 -183.349991
v 241.679993 5.350000 -183.159988
v 245.099991 5.350000 -187.720001
v 245.289993 5.350000 -186.769989
v 246.049988 5.350000 -186.769989
v 246.239990 5.350000 -187.720001
v 247.000000 5.350000 -187.720001
v 247.000000 5.350000 -182.589996
v 245.669998 5.850000 -180.309998
v 244.339996 6.450000 -180.309998
v 244.529999 6.250000 -180.690002
v 242.819992 5.450000 -178.409988
v 243.199997 5.450000 -178.409988
v 239.019989 5.850000 -182.019989
v 238.830002 5.650000 -181.449997
v 238.259995 5.450000 -181.259995
v 238.449997 5.450000 -180.500000
v 240.919998 5.450000 -180.309998
v 241.299988 5.450000 -180.690002
v 241.110001 5.450000 -179.169998
v 241.679993 5.450000 -178.979996
v 241.110001 5.450000 -181.069992
v 240.919998 5.450000 -181.449997
v 241.299988 5.450000 -181.449997
v 252.319992 5.250000 -110.579994
v 256.880005 5.250000 -110.579994
v 256.880005 5.150000 -112.290001
v 251.559998 5.050000 -112.290001
v 251.369995 5.050000 -111.529999
v 249.279999 5.050000 -111.529999
v 249.279999 5.150000 -118.559998
v 256.880005 5.150000 -118.559998
v 248.330002 5.050000 -112.479996
v 248.519989 5.050000 -110.579994
v 247.189987 5.150000 -110.389999
v 247.189987 5.050000 -109.439995
v 247.569992 5.050000 -109.059998
v 248.709991 5.050000 -109.439995
v 251.369995 5.050000 -110.579994
v 247.759995 5.150000 -115.899994
v 247.759995 5.150000 -118.559998
v 248.330002 5.150000 -118.559998
v 248.330002 5.150000 -115.709999
v 167.389999 5.450000 -231.229996
v 167.580002 5.450000 -229.519989
v 166.059998 5.450000 -229.139999
v 166.250000 5.450000 -231.799988
v 165.300003 5.450000 -232.179993
v 165.300003 5.450000 -233.129990
v 166.629990 5.450000 -234.269989
v 166.440002 5.450000 -235.220001
v 164.349991 5.350000 -236.549988
v 162.069992 5.350000 -236.929993
v 161.879990 5.350000 -236.549988
v 160.929993 5.350000 -236.360001
v 161.309998 5.350000 -233.699997
v 161.690002 5.350000 -233.319992
v 159.979996 5.350000 -233.129990
v 160.360001 5.350000 -229.519989
v 160.739990 5.350000 -228.949997
v 162.449997 5.350000 -229.139999
v 162.830002 5.350000 -228.759995
v 158.080002 5.350000 -228.000000
v 158.080002 5.350000 -237.119995
v 166.440002 5.350000 -237.119995
v 162.069992 5.350000 -230.470001
v 161.500000 5.350000 -230.849991
v 161.309998 5.350000 -232.179993
v 161.690002 5.350000 -232.369995
v 63.459999 5.350000 -158.080002
v 63.459999 5.350000 -160.739990
v 66.500000 5.350000 -160.739990
v 66.689995 5.350000 -162.639999
v 68.779999 5.350000 -162.830002
v 67.830002 5.350000 -163.589996
v 66.689995 5.350000 -163.589996
v 66.689995 5.350000 -167.389999
v 68.019997 5.350000 -167.389999
v 65.739998 5.350000 -161.690002
v 63.459999 5.350000 -161.690002
v 63.270000 5.350000 -162.639999
v 59.279999 5.350000 -162.639999
v 62.509998 5.350000 -158.080002
v 59.279999 5.350000 -158.080002
v 59.279999 5.350000 -160.739990
v 62.509998 5.350000 -160.739990
v 102.220001 4.950000 -49.399998
v 101.839996 5.350000 -50.349998
v 98.799995 5.350000 -50.349998
v 98.799995 5.350000 -50.919998
v 102.599998 5.350000 -50.919998
v 102.790001 5.350000 -49.969997
v 106.019997 5.350000 -49.969997
v 106.209999 5.350000 -50.919998
v 104.879997 5.350000 -53.579998
v 105.070000 5.350000 -55.289997
v 105.259995 5.350000 -59.279999
v 107.159996 5.350000 -55.289997
v 107.159996 5.350000 -53.959999
v 104.879997 5.350000 -55.669998
v 103.169998 5.350000 -55.669998
v 103.169998 5.350000 -53.579998
v 102.790001 5.350000 -53.389999
v 98.799995 5.350000 -53.389999
v 98.799995 5.350000 -53.770000
v 101.650002 5.350000 -53.959999
v 101.459999 5.350000 -55.480000
v 98.799995 5.350000 -55.480000
v 156.179993 5.350000 -230.089996
v 155.419998 5.350000 -230.089996
v 151.050003 5.350000 -231.610001
v 155.419998 5.350000 -237.119995
v 155.419998 5.350000 -236.169998
v 154.660004 5.350000 -235.789993
v 155.039993 5.350000 -234.649994
v 155.989990 5.350000 -234.649994
v 156.369995 5.350000 -235.599991
v 158.080002 5.350000 -235.979996
v 155.989990 5.350000 -236.169998
v 128.440002 5.350000 -39.520000
v 118.559998 5.350000 -45.029999
v 120.459999 5.350000 -45.029999
v 120.839996 5.350000 -44.459999
v 128.440002 5.350000 -44.459999
v 128.440002 4.850000 -45.410000
v 120.649994 4.950000 -45.599998
v 128.440002 4.750000 -49.399998
v 237.119995 5.050000 -69.159996
v 236.169998 5.050000 -69.159996
v 236.169998 5.050000 -74.860001
v 231.229996 5.050000 -75.049995
v 231.229996 5.050000 -78.089996
v 235.789993 5.050000 -78.089996
v 233.889999 5.050000 -69.159996
v 231.610001 5.150000 -69.159996
v 231.610001 5.150000 -69.729996
v 232.750000 5.150000 -69.349998
v 233.129990 5.050000 -69.729996
v 232.939987 5.050000 -71.059998
v 231.610001 5.150000 -70.869995
v 231.610001 5.150000 -72.580002
v 233.889999 5.050000 -72.580002
v 229.330002 5.150000 -74.860001
v 229.330002 5.150000 -69.159996
v 229.709991 5.150000 -78.089996
v 256.880005 5.250000 -148.959991
v 251.559998 5.250000 -148.959991
v 251.369995 5.250000 -148.389999
v 249.279999 5.250000 -148.389999
v 248.330002 5.250000 -148.199997
v 227.239990 5.150000 -59.279999
v 223.250000 5.150000 -59.279999
v 223.250000 5.150000 -63.649998
v 222.869995 5.150000 -64.029999
v 222.869995 5.150000 -66.119995
v 223.250000 5.150000 -66.500000
v 222.299988 6.250000 -59.279999
v 221.919998 6.250000 -59.279999
v 221.729996 6.250000 -62.699997
v 217.739990 6.250000 -62.699997
v 217.549988 6.250000 -59.279999
v 217.360001 6.250000 -59.279999
v 217.360001 6.250000 -62.889999
v 222.299988 6.250000 -62.889999
v 222.299988 6.250000 -67.260002
v 217.360001 6.250000 -67.260002
v 217.739990 6.250000 -67.449997
v 221.729996 6.250000 -67.449997
v 220.970001 5.150000 -59.279999
v 220.589996 5.150000 -59.279999
v 220.970001 5.150000 -59.660000
v 219.259995 5.150000 -60.609997
v 219.259995 5.150000 -59.660000
v 219.639999 5.150000 -59.279999
v 218.690002 5.150000 -59.279999
v 218.690002 5.150000 -61.559998
v 220.970001 5.150000 -61.559998
v 220.970001 5.150000 -60.609997
v 220.970001 5.150000 -68.589996
v 218.690002 5.150000 -68.589996
v 69.159996 5.350000 -182.209991
v 72.769997 5.350000 -182.209991
v 73.909996 5.350000 -182.779999
v 78.089996 5.350000 -182.589996
v 78.659996 5.450000 -186.199997
v 76.949997 6.250000 -186.580002
v 77.330002 6.050000 -187.149994
v 78.470001 5.550000 -187.149994
v 77.139999 5.350000 -183.729996
v 73.529999 5.350000 -183.919998
v 72.199997 5.350000 -183.349991
v 71.250000 5.350000 -183.349991
v 71.820000 5.350000 -184.869995
v 72.959999 5.350000 -184.679993
v 75.430000 5.350000 -185.059998
v 77.330002 5.350000 -185.059998
v 70.299995 5.350000 -186.389999
v 69.159996 5.350000 -187.149994
v 71.820000 5.350000 -186.009995
v 70.680000 6.150000 -184.869995
v 70.489998 6.150000 -185.440002
v 70.869995 6.150000 -185.250000
v 69.919998 5.350000 -183.349991
v 69.159996 5.350000 -183.349991
v 69.159996 5.350000 -183.729996
v 63.459999 5.350000 -116.849998
v 66.500000 5.350000 -116.849998
v 66.689995 5.350000 -118.559998
v 65.739998 5.350000 -117.799995
v 63.459999 5.350000 -117.799995
v 63.459999 5.350000 -118.559998
v 65.739998 5.350000 -118.559998
v 60.230000 5.350000 -109.250000
v 60.230000 5.350000 -113.619995
v 60.609997 5.350000 -113.809998
v 60.609997 5.650000 -114.570000
v 61.369999 5.350000 -114.949997
v 61.559998 5.550000 -116.849998
v 62.509998 5.350000 -116.849998
v 62.509998 5.350000 -117.799995
v 61.559998 5.450000 -117.799995
v 61.559998 5.450000 -118.180000
v 62.509998 5.350000 -118.180000
v 249.279999 5.150000 -122.930000
v 251.369995 5.150000 -122.930000
v 251.559998 5.150000 -121.979996
v 256.880005 5.150000 -121.979996
v 256.880005 5.250000 -123.879997
v 252.319992 5.250000 -123.879997
v 252.319992 5.250000 -128.440002
v 256.880005 5.250000 -128.440002
v 251.369995 5.150000 -123.879997
v 248.330002 5.150000 -123.689995
v 248.330002 5.150000 -126.349998
v 251.369995 5.150000 -128.440002
v 247.759995 5.150000 -122.930000
v 248.330002 5.150000 -123.119995
v 87.019997 6.250000 -70.680000
v 87.019997 5.350000 -72.389999
v 87.019997 5.350000 -73.720001
v 87.400002 5.350000 -73.909996
v 87.400002 5.350000 -77.139999
v 86.830002 5.350000 -77.330002
v 85.689995 5.350000 -79.040001
v 85.879997 5.350000 -79.040001
v 85.879997 5.350000 -77.330002
v 79.040001 5.350000 -74.860001
v 82.650002 5.350000 -75.049995
v 82.650002 5.350000 -73.909996
v 83.409996 5.350000 -73.720001
v 83.409996 5.350000 -77.330002
v 82.650002 5.350000 -77.139999
v 93.479996 5.350000 -59.279999
v 93.669998 5.350000 -64.029999
v 93.860001 5.350000 -63.649998
v 95.570000 5.350000 -63.649998
v 95.759995 5.350000 -64.599998
v 97.659996 5.350000 -64.599998
v 97.849998 5.350000 -64.220001
v 97.659996 5.350000 -65.739998
v 95.570000 5.350000 -65.739998
v 93.860001 5.350000 -65.739998
v 93.669998 5.350000 -64.979996
v 88.919998 5.350000 -64.790001
v 93.099998 5.350000 -66.500000
v 256.880005 5.250000 -138.319992
v 252.509995 5.250000 -138.319992
v 252.509995 5.250000 -140.220001
v 253.080002 5.250000 -140.410004
v 253.080002 5.250000 -141.360001
v 252.319992 5.250000 -141.550003
v 252.319992 5.250000 -147.440002
v 256.880005 5.250000 -147.440002
v 251.369995 5.150000 -138.319992
v 247.379990 5.150000 -138.319992
v 247.379990 5.150000 -140.599991
v 249.279999 5.150000 -140.220001
v 249.470001 5.150000 -140.599991
v 250.039993 5.150000 -140.599991
v 250.229996 5.150000 -140.220001
v 251.369995 5.150000 -140.410004
v 251.369995 5.150000 -141.929993
v 249.279999 5.150000 -141.929993
v 249.470001 5.150000 -143.069992
v 249.470001 5.150000 -144.020004
v 249.470001 5.150000 -144.970001
v 249.089996 5.150000 -145.160004
v 249.089996 5.250000 -147.440002
v 251.369995 5.250000 -147.440002
v 248.330002 5.150000 -143.259995
v 248.330002 5.150000 -141.929993
v 248.519989 5.250000 -147.440002
v 248.139999 5.150000 -144.970001
v 248.139999 5.150000 -144.020004
v 208.429993 5.350000 -207.860001
v 208.429993 5.350000 -208.809998
v 210.139999 5.350000 -217.360001
v 209.949997 5.350000 -216.979996
v 209.000000 5.350000 -216.789993
v 209.000000 5.350000 -215.839996
v 210.709991 5.350000 -214.889999
v 212.419998 5.350000 -215.269989
v 212.799988 5.350000 -213.750000
v 212.419998 5.350000 -213.559998
v 212.419998 5.350000 -212.610001
v 212.799988 5.350000 -212.229996
v 213.940002 5.350000 -212.610001
v 214.319992 5.350000 -211.849991
v 216.979996 5.650000 -211.849991
v 217.360001 5.950000 -212.229996
v 217.360001 5.550000 -210.709991
v 216.979996 5.350000 -213.179993
v 215.269989 5.350000 -212.989990
v 213.940002 5.350000 -214.129990
v 213.559998 5.350000 -215.649994
v 214.319992 5.350000 -215.839996
v 214.699997 5.350000 -217.360001
v 215.269989 5.350000 -217.360001
v 252.319992 5.250000 -131.669998
v 252.889999 5.250000 -131.860001
v 252.889999 5.250000 -132.809998
v 252.319992 5.250000 -133.000000
v 252.319992 5.250000 -133.569992
v 252.889999 5.250000 -133.759995
v 252.889999 5.250000 -134.709991
v 252.319992 5.250000 -134.899994
v 250.610001 5.150000 -129.770004
v 250.989990 5.150000 -130.149994
v 250.989990 5.150000 -134.709991
v 250.610001 5.150000 -135.089996
v 251.369995 5.150000 -136.610001
v 251.369995 5.150000 -137.940002
v 247.379990 5.150000 -137.940002
v 249.849991 5.150000 -131.099991
v 247.189987 5.150000 -131.099991
v 247.379990 5.150000 -133.949997
v 249.849991 5.150000 -133.759995
v 64.409996 5.350000 -150.669998
v 64.029999 5.350000 -150.099991
v 63.459999 5.350000 -154.660004
v 65.360001 5.350000 -154.849991
v 66.500000 5.350000 -154.660004
v 66.879997 5.350000 -155.229996
v 69.159996 5.350000 -155.229996
v 66.879997 5.350000 -156.179993
v 66.500000 5.350000 -156.559998
v 65.549995 5.350000 -156.559998
v 65.169998 5.350000 -156.179993
v 65.360001 5.350000 -149.339996
v 67.830002 5.350000 -149.339996
v 62.509998 5.350000 -148.580002
v 228.379990 5.350000 -188.099991
v 229.899994 5.350000 -189.050003
v 229.899994 5.350000 -189.809998
v 233.699997 5.350000 -191.330002
v 234.080002 5.350000 -191.330002
v 234.269989 5.350000 -190.759995
v 235.029999 5.350000 -190.759995
v 236.929993 5.350000 -191.709991
v 236.929993 5.350000 -192.849991
v 236.549988 5.350000 -193.800003
v 235.789993 5.350000 -194.179993
v 232.750000 5.550000 -196.080002
v 232.369995 5.550000 -195.889999
v 231.989990 5.550000 -196.080002
v 232.559998 5.550000 -196.459991
v 231.989990 6.350000 -192.470001
v 231.610001 6.250000 -192.470001
v 231.799988 6.350000 -192.849991
v 231.039993 5.550000 -195.319992
v 231.419998 5.550000 -193.610001
v 229.519989 5.550000 -192.659988
v 229.139999 5.550000 -192.659988
v 228.759995 5.550000 -193.419998
v 227.809998 5.550000 -193.229996
v 227.619995 5.550000 -194.369995
v 227.239990 5.550000 -194.559998
v 227.239990 5.550000 -194.750000
v 228.000000 5.550000 -195.319992
v 229.139999 5.550000 -195.319992
v 230.089996 5.550000 -194.940002
v 230.470001 5.550000 -196.080002
v 230.659988 5.550000 -196.269989
v 231.039993 5.550000 -195.889999
v 231.989990 5.550000 -195.889999
v 229.330002 5.550000 -196.269989
v 228.379990 5.550000 -196.459991
v 180.690002 5.150000 -39.520000
v 180.500000 5.150000 -40.090000
v 179.550003 5.150000 -40.090000
v 179.360001 5.150000 -39.520000
v 181.639999 5.150000 -41.610001
v 181.449997 5.150000 -43.700001
v 180.119995 5.150000 -45.219997
v 181.069992 5.150000 -45.219997
v 181.449997 5.150000 -45.599998
v 182.019989 5.150000 -47.879997
v 186.009995 5.150000 -47.689999
v 186.009995 5.150000 -45.599998
v 186.580002 5.150000 -44.649998
v 186.959991 6.250000 -45.980000
v 186.959991 6.250000 -46.930000
v 180.690002 6.250000 -46.360001
v 180.119995 6.250000 -46.360001
v 179.929993 6.250000 -47.689999
v 180.879990 6.250000 -47.500000
v 180.879990 6.250000 -46.739998
v 180.690002 6.250000 -42.369999
v 180.690002 6.250000 -42.750000
v 193.229996 5.350000 -217.360001
v 193.229996 5.350000 -220.399994
v 194.750000 5.350000 -220.399994
v 194.940002 5.350000 -221.349991
v 190.379990 5.350000 -221.539993
v 189.429993 5.350000 -222.110001
v 189.619995 5.350000 -225.339996
v 189.809998 5.350000 -224.580002
v 190.379990 5.350000 -224.580002
v 190.379990 5.350000 -224.199997
v 189.619995 5.350000 -224.009995
v 189.809998 5.350000 -222.869995
v 190.569992 5.350000 -222.869995
v 190.759995 5.350000 -224.009995
v 191.519989 5.350000 -224.009995
v 193.610001 5.350000 -223.819992
v 193.229996 5.350000 -222.679993
v 194.369995 5.350000 -222.489990
v 194.559998 5.350000 -223.629990
v 194.179993 5.350000 -224.009995
v 195.129990 5.650000 -224.199997
v 194.940002 6.150000 -225.720001
v 195.319992 6.150000 -225.909988
v 195.699997 6.150000 -225.720001
v 195.889999 5.550000 -224.009995
v 196.839996 5.350000 -222.679993
v 196.839996 5.350000 -221.919998
v 196.080002 6.250000 -226.669998
v 195.699997 6.250000 -226.479996
v 194.179993 6.250000 -226.860001
v 194.179993 6.250000 -227.239990
v 196.080002 6.250000 -227.239990
v 190.949997 5.350000 -217.929993
v 190.000000 5.350000 -220.399994
v 134.709991 5.350000 -39.520000
v 134.709991 5.350000 -45.219997
v 135.089996 5.350000 -44.840000
v 136.229996 5.350000 -44.840000
v 136.419998 5.350000 -48.450001
v 132.809998 5.350000 -39.520000
v 129.580002 5.350000 -44.840000
v 129.580002 5.350000 -47.689999
v 131.099991 5.350000 -47.689999
v 108.299995 5.350000 -208.619995
v 106.209999 5.350000 -208.619995
v 106.019997 5.350000 -209.000000
v 102.979996 5.350000 -208.619995
v 102.790001 5.450000 -209.000000
v 100.889999 5.450000 -209.379990
v 99.939995 5.350000 -215.459991
v 108.299995 5.350000 -216.599991
v 107.540001 5.350000 -216.599991
v 107.540001 5.350000 -217.169998
v 100.889999 5.350000 -216.599991
v 99.369995 5.350000 -216.599991
v 100.889999 5.350000 -208.049988
v 85.879997 5.350000 -187.720001
v 86.449997 5.350000 -192.659988
v 87.970001 5.350000 -192.279999
v 87.209999 5.350000 -191.519989
v 86.830002 5.350000 -189.619995
v 88.540001 5.350000 -193.610001
v 87.400002 5.350000 -193.989990
v 87.779999 5.350000 -195.509995
v 88.919998 5.350000 -195.129990
v 88.919998 5.350000 -194.940002
v 87.970001 5.350000 -197.029999
v 86.830002 5.350000 -196.839996
v 85.119995 5.350000 -192.659988
v 84.930000 5.350000 -187.909988
v 79.799995 5.350000 -190.190002
v 79.229996 5.350000 -192.659988
v 79.799995 5.350000 -192.849991
v 80.180000 5.450000 -193.989990
v 80.559998 5.650000 -194.179993
v 80.750000 5.350000 -193.229996
v 82.269997 5.450000 -193.229996
v 82.459999 5.350000 -194.179993
v 83.029999 5.350000 -194.369995
v 83.029999 5.350000 -195.889999
v 82.459999 5.350000 -196.269989
v 80.750000 5.650000 -194.179993
v 80.369995 5.850000 -194.940002
v 79.799995 6.150000 -194.940002
v 79.989998 6.150000 -195.699997
v 80.939995 5.650000 -194.750000
v 227.049988 5.550000 -197.979996
v 227.049988 5.550000 -198.929993
v 226.669998 5.550000 -200.069992
v 225.909988 5.550000 -200.449997
v 226.669998 5.550000 -200.830002
v 225.909988 5.350000 -205.389999
v 225.339996 5.350000 -205.389999
v 225.339996 5.350000 -205.959991
v 226.669998 5.350000 -206.529999
v 227.049988 5.350000 -205.959991
v 223.629990 5.350000 -206.529999
v 224.009995 5.350000 -204.819992
v 221.729996 5.350000 -204.250000
v 221.349991 5.350000 -203.300003
v 220.209991 5.350000 -202.919998
v 220.399994 5.350000 -201.019989
v 220.779999 5.350000 -200.639999
v 221.919998 5.350000 -200.830002
v 222.679993 5.350000 -198.929993
v 220.589996 5.350000 -199.500000
v 220.019989 5.350000 -198.360001
v 220.019989 5.350000 -200.069992
v 219.449997 5.350000 -201.399994
v 219.639999 5.350000 -204.059998
v 218.879990 5.350000 -204.250000
v 218.500000 5.350000 -203.869995
v 218.309998 5.350000 -201.019989
v 218.879990 5.350000 -199.879990
v 63.270000 5.350000 -119.129997
v 60.609997 5.450000 -119.129997
v 60.419998 5.350000 -120.459999
v 59.279999 5.550000 -121.599998
v 128.059998 5.550000 -219.069992
v 128.059998 5.550000 -220.399994
v 126.919998 5.550000 -220.779999
v 125.589996 5.550000 -220.589996
v 125.399994 5.550000 -219.259995
v 125.209999 5.550000 -220.779999
v 126.159996 5.550000 -221.539993
v 126.159996 5.550000 -222.489990
v 127.110001 5.550000 -222.679993
v 126.919998 5.550000 -225.529999
v 127.869995 6.150000 -225.339996
v 127.869995 6.150000 -224.769989
v 127.110001 5.550000 -224.580002
v 127.110001 5.550000 -224.009995
v 128.059998 5.350000 -227.239990
v 120.459999 5.350000 -220.209991
v 120.649994 5.350000 -227.239990
v 120.839996 5.350000 -224.769989
v 119.320000 5.350000 -224.959991
v 118.939995 5.350000 -224.199997
v 118.939995 5.350000 -220.970001
v 119.320000 5.350000 -220.589996
v 121.029999 5.350000 -220.589996
v 120.839996 5.350000 -221.919998
v 120.269997 5.350000 -221.919998
v 120.459999 5.350000 -223.819992
v 121.029999 5.350000 -223.629990
v 247.000000 5.150000 -59.279999
v 244.339996 5.150000 -59.279999
v 244.339996 5.050000 -61.180000
v 243.769989 5.050000 -61.559998
v 243.009995 5.150000 -61.369999
v 243.009995 5.150000 -59.279999
v 237.879990 5.150000 -59.279999
v 237.879990 5.150000 -61.180000
v 237.119995 5.150000 -61.369999
v 247.000000 4.950000 -69.159996
v 158.080002 5.150000 -20.139999
v 157.129990 5.150000 -20.139999
v 157.129990 5.150000 -21.469999
v 156.179993 5.150000 -22.990000
v 154.470001 5.150000 -23.180000
v 152.379990 5.150000 -22.039999
v 152.379990 5.150000 -19.760000
v 148.199997 5.050000 -19.760000
v 207.479996 5.150000 -31.539999
v 206.909988 5.150000 -31.349998
v 207.099991 5.150000 -30.209999
v 206.529999 5.150000 -30.209999
v 206.720001 5.150000 -31.539999
v 205.580002 5.150000 -31.730000
v 205.580002 5.150000 -30.209999
v 203.489990 5.150000 -30.019999
v 203.300003 5.150000 -29.639999
v 200.259995 5.150000 -29.639999
v 200.069992 5.150000 -30.019999
v 197.789993 5.150000 -30.209999
v 197.979996 5.150000 -31.349998
v 197.599991 5.150000 -31.539999
v 197.599991 5.150000 -35.149998
v 197.979996 5.150000 -35.340000
v 197.979996 5.150000 -36.480000
v 197.599991 5.150000 -36.669998
v 206.909988 5.150000 -39.139999
v 207.479996 5.150000 -39.139999
v 237.119995 5.150000 -49.399998
v 236.169998 5.150000 -49.399998
v 235.979996 5.150000 -53.199997
v 229.899994 5.150000 -53.199997
v 229.899994 5.150000 -55.099998
v 235.979996 5.150000 -55.099998
v 236.169998 5.150000 -59.279999
v 236.360001 5.150000 -59.279999
v 236.360001 5.150000 -58.520000
v 237.119995 5.150000 -58.329998
v 233.889999 5.150000 -49.399998
v 231.610001 5.150000 -49.399998
v 231.610001 5.150000 -50.730000
v 233.889999 5.150000 -50.730000
v 233.889999 5.150000 -57.379997
v 231.610001 5.150000 -57.379997
v 231.610001 5.150000 -58.899998
v 232.559998 5.150000 -58.899998
v 232.750000 5.150000 -59.279999
v 233.889999 5.150000 -59.279999
v 229.330002 5.150000 -53.009998
v 229.330002 5.150000 -49.399998
v 227.239990 5.150000 -49.399998
v 229.330002 5.150000 -59.279999
v 229.330002 5.150000 -55.480000
v 187.720001 5.450000 -247.000000
v 187.720001 5.450000 -240.919998
v 186.769989 5.450000 -241.299988
v 186.389999 5.450000 -240.919998
v 186.389999 5.450000 -239.970001
v 187.720001 5.450000 -239.970001
v 177.839996 5.450000 -239.779999
v 177.839996 5.450000 -244.339996
v 178.979996 5.450000 -244.720001
v 178.979996 5.450000 -245.669998
v 177.839996 5.450000 -246.049988
v 177.839996 5.450000 -247.000000
v 184.110001 5.450000 -245.669998
v 183.159988 5.450000 -245.860001
v 182.970001 5.450000 -244.909988
v 183.919998 5.450000 -244.529999
v 118.559998 5.350000 -29.639999
v 108.680000 5.350000 -29.639999
v 56.049999 5.350000 -167.959991
v 56.049999 5.350000 -173.089996
v 57.949997 5.350000 -172.709991
v 58.139999 5.350000 -173.089996
v 58.139999 5.350000 -174.039993
v 58.139999 5.350000 -174.610001
v 56.809998 5.350000 -177.269989
v 56.619999 5.350000 -174.989990
v 57.189999 5.350000 -174.610001
v 57.189999 5.350000 -174.039993
v 56.049999 5.350000 -174.039993
v 56.049999 5.350000 -177.839996
v 128.440002 5.350000 -247.000000
v 138.319992 5.450000 -247.000000
v 69.159996 5.350000 -59.279999
v 69.159996 5.350000 -69.159996
v 257.449982 5.250000 -98.799995
v 257.449982 5.250000 -108.680000
v 66.689995 5.350000 -187.720001
v 66.689995 5.350000 -197.599991
v 67.830002 5.350000 -197.599991
v 68.400002 5.350000 -197.599991
v 65.739998 5.350000 -187.720001
v 59.279999 5.350000 -187.720001
v 59.279999 5.350000 -196.080002
v 63.270000 5.350000 -196.080002
v 63.459999 5.350000 -197.220001
v 65.739998 5.350000 -197.220001
v 62.509998 5.350000 -197.029999
v 59.279999 5.350000 -197.029999
v 59.279999 5.350000 -197.220001
v 88.919998 6.250000 -49.779999
v 86.830002 6.250000 -49.779999
v 87.589996 5.950000 -50.160000
v 87.400002 5.350000 -53.389999
v 86.070000 5.350000 -53.579998
v 88.919998 5.350000 -58.709999
v 87.019997 5.350000 -58.899998
v 86.830002 5.350000 -57.000000
v 88.919998 5.350000 -57.000000
v 83.409996 4.950000 -49.399998
v 79.040001 5.150000 -49.399998
v 79.040001 5.250000 -54.910000
v 82.650002 4.950000 -55.099998
v 82.650002 4.950000 -53.959999
v 83.409996 4.950000 -53.770000
v 83.409996 5.050000 -57.379997
v 82.650002 5.050000 -57.189999
v 218.309998 5.350000 -219.639999
v 217.739990 5.350000 -220.399994
v 218.879990 5.750000 -224.199997
v 220.019989 5.950000 -224.580002
v 220.589996 6.150000 -226.289993
v 220.209991 6.150000 -227.239990
v 223.059998 6.250000 -227.239990
v 224.580002 6.250000 -226.099991
v 227.239990 6.250000 -225.720001
v 227.239990 5.650000 -219.639999
v 226.289993 5.650000 -219.639999
v 225.909988 5.650000 -219.259995
v 225.909988 5.550000 -218.309998
v 226.289993 5.450000 -217.929993
v 227.239990 5.450000 -217.929993
v 247.000000 5.350000 -199.119995
v 246.049988 5.350000 -198.929993
v 246.049988 5.350000 -197.599991
v 237.119995 5.350000 -202.539993
v 238.449997 5.350000 -202.539993
v 238.830002 5.350000 -201.779999
v 239.779999 5.350000 -201.779999
v 239.970001 5.350000 -202.919998
v 243.389999 5.350000 -205.959991
v 245.289993 5.350000 -205.959991
v 245.479996 5.350000 -206.720001
v 246.239990 5.350000 -206.720001
v 246.809998 5.350000 -207.479996
v 247.000000 5.350000 -207.479996
v 247.000000 5.350000 -205.959991
v 246.239990 5.350000 -205.769989
v 246.239990 5.350000 -200.830002
v 247.000000 5.350000 -200.639999
v 239.589996 5.350000 -203.489990
v 238.830002 5.350000 -203.489990
v 237.309998 5.350000 -207.479996
v 243.199997 5.350000 -207.479996
v 243.009995 5.350000 -206.149994
v 258.399994 5.350000 -158.080002
v 257.259979 5.350000 -159.410004
v 257.449982 5.350000 -159.979996
v 258.399994 5.350000 -159.979996
v 258.399994 5.350000 -160.929993
v 257.449982 5.350000 -160.929993
v 257.829987 5.350000 -162.259995
v 258.399994 5.350000 -162.259995
v 258.399994 5.350000 -163.399994
v 257.829987 5.350000 -163.399994
v 257.639984 5.350000 -164.539993
v 258.399994 5.350000 -167.959991
v 175.750000 5.450000 -239.589996
v 175.179993 5.450000 -239.209991
v 175.179993 5.450000 -238.639999
v 172.139999 5.450000 -238.259995
v 171.949997 5.450000 -244.909988
v 173.089996 5.450000 -247.000000
v 177.269989 5.450000 -245.860001
v 177.269989 5.450000 -244.529999
v 167.959991 5.350000 -237.309998
v 167.959991 5.450000 -246.049988
v 171.000000 5.450000 -244.529999
v 171.759995 5.450000 -244.529999
v 256.880005 5.350000 -79.040001
v 251.179993 4.850000 -79.040001
v 250.989990 4.850000 -81.699997
v 250.229996 4.850000 -82.650002
v 249.279999 4.850000 -82.839996
v 249.279999 4.850000 -86.259995
v 251.369995 4.850000 -86.259995
v 251.559998 4.850000 -85.309998
v 256.880005 5.350000 -85.309998
v 256.880005 5.350000 -87.209999
v 252.319992 5.250000 -87.209999
v 252.319992 5.250000 -88.919998
v 256.880005 5.350000 -88.919998
v 251.369995 4.850000 -87.209999
v 248.519989 4.850000 -87.209999
v 248.330002 4.850000 -85.689995
v 247.379990 4.850000 -86.449997
v 251.369995 4.850000 -88.919998
v 249.659988 4.850000 -79.040001
v 249.279999 4.850000 -79.040001
v 249.470001 4.850000 -80.939995
v 250.039993 4.850000 -79.989998
v 247.379990 4.850000 -84.169998
v 247.379990 4.850000 -82.459999
v -276.639984 10.950000 -405.079987
v -286.519989 11.550000 -405.079987
v -286.519989 14.150000 -412.109985
v -284.239990 13.650000 -411.349976
v -281.009979 13.250000 -411.349976
v -276.639984 12.950000 -412.299988
v -277.019989 13.450000 -413.440002
v -279.109985 13.650000 -413.250000
v -281.199982 13.650000 -412.489990
v -282.339996 13.849999 -412.489990
v -286.519989 14.849999 -413.819977
v -286.519989 15.250000 -414.959991
v -276.639984 13.849999 -414.959991
v -276.639984 13.450000 -413.819977
v 148.199997 5.450000 -247.000000
v 148.199997 5.450000 -242.059998
v 147.250000 5.450000 -241.869995
v 147.250000 5.450000 -240.919998
v 148.199997 5.450000 -240.729996
v 98.229996 5.350000 -217.929993
v 97.470001 5.350000 -227.239990
v 95.189995 5.350000 -217.739990
v 96.900002 5.350000 -217.929993
v 95.000000 5.450000 -222.110001
v 94.239998 5.450000 -221.919998
v 94.430000 5.450000 -220.779999
v 92.909996 5.450000 -220.779999
v 92.339996 5.450000 -220.399994
v 91.959999 5.450000 -220.779999
v 91.009995 5.450000 -220.589996
v 91.389999 5.350000 -217.739990
v 90.629997 5.450000 -218.690002
v 89.489998 5.450000 -218.690002
v 89.489998 5.450000 -219.639999
v 88.919998 5.450000 -219.830002
v 88.919998 5.450000 -222.869995
v 91.009995 5.450000 -223.250000
v 91.389999 5.450000 -224.009995
v 91.579994 5.450000 -222.869995
v 92.529999 5.450000 -222.679993
v 92.720001 5.450000 -221.729996
v 93.669998 5.450000 -221.729996
v 93.860001 5.450000 -222.869995
v 95.000000 5.450000 -222.489990
v 88.919998 5.350000 -226.289993
v 88.919998 5.350000 -227.239990
v 93.290001 5.350000 -227.239990
v 237.119995 5.350000 -208.429993
v 236.169998 5.350000 -208.429993
v 227.239990 5.350000 -215.839996
v 229.709991 5.350000 -215.839996
v 229.899994 5.350000 -214.699997
v 231.229996 5.350000 -214.699997
v 231.419998 5.450000 -216.029999
v 230.659988 5.450000 -216.409988
v 230.659988 5.550000 -217.360001
v 237.119995 5.550000 -217.360001
v 230.089996 5.450000 -216.409988
v 206.529999 5.550000 -230.659988
v 206.149994 5.650000 -231.419998
v 204.059998 5.550000 -231.799988
v 203.679993 5.550000 -231.419998
v 203.300003 5.350000 -228.949997
v 201.779999 5.350000 -229.330002
v 199.879990 5.450000 -232.939987
v 197.599991 5.450000 -233.319992
v 197.599991 5.450000 -237.119995
v 198.360001 5.450000 -237.119995
v 207.479996 5.850000 -237.119995
v 207.479996 5.550000 -230.470001
v 202.539993 5.350000 -227.809998
v 203.110001 5.350000 -227.809998
v 158.080002 5.450000 -247.000000
v 166.059998 5.450000 -247.000000
v 78.089996 6.550000 -199.119995
v 76.949997 6.250000 -199.879990
v 75.809998 6.250000 -200.259995
v 75.619995 6.250000 -201.019989
v 77.139999 6.250000 -200.449997
v 78.279999 6.550000 -202.539993
v 78.279999 6.250000 -203.110001
v 76.759995 6.250000 -203.679993
v 76.759995 6.250000 -204.059998
v 78.849998 6.550000 -201.019989
v 78.470001 6.550000 -200.830002
v 78.470001 6.250000 -199.879990
v 78.089996 6.250000 -206.909988
v 78.279999 6.250000 -207.479996
v 73.720001 5.350000 -201.589996
v 72.199997 5.350000 -201.970001
v 72.010002 5.350000 -204.059998
v 69.729996 5.350000 -204.059998
v 69.540001 5.350000 -202.919998
v 69.159996 5.350000 -202.919998
v 69.159996 5.350000 -207.479996
v 76.000000 5.350000 -207.479996
v 69.729996 5.350000 -201.589996
v 72.010002 5.350000 -201.589996
v 148.580002 5.450000 -240.919998
v 148.580002 5.450000 -241.679993
v 154.849991 5.450000 -242.059998
v 155.039993 5.450000 -241.679993
v 155.800003 5.450000 -241.679993
v 155.989990 5.450000 -242.439987
v 158.080002 5.450000 -242.439987
v 155.800003 5.450000 -243.009995
v 155.039993 5.450000 -243.009995
v 258.399994 5.150000 -118.559998
v 258.399994 5.150000 -112.099998
v 257.449982 5.250000 -110.579994
v 195.319992 5.150000 -31.539999
v 195.319992 5.150000 -30.209999
v 191.519989 5.150000 -30.019999
v 191.330002 5.150000 -29.639999
v 189.239990 5.150000 -29.639999
v 189.050003 5.150000 -30.019999
v 187.720001 5.150000 -30.209999
v 195.699997 5.150000 -38.950001
v 196.649994 5.150000 -38.950001
v 195.319992 5.150000 -36.669998
v 195.129990 5.150000 -35.340000
v 57.189999 5.350000 -158.080002
v 57.189999 5.350000 -160.739990
v 56.430000 5.350000 -162.639999
v 56.049999 5.350000 -161.690002
v 56.049999 5.350000 -158.080002
v 56.239998 5.350000 -160.739990
v 56.239998 5.350000 -158.080002
v 85.879997 5.350000 -209.759995
v 81.889999 5.350000 -211.279999
v 82.459999 5.350000 -212.989990
v 84.930000 5.350000 -212.610001
v 84.930000 5.350000 -211.470001
v 87.589996 5.350000 -211.659988
v 88.540001 5.350000 -213.559998
v 86.070000 5.350000 -212.610001
v 85.309998 5.350000 -213.750000
v 84.360001 5.350000 -213.940002
v 84.360001 5.350000 -215.080002
v 88.729996 5.350000 -216.220001
v 82.459999 5.350000 -213.940002
v 79.040001 5.350000 -212.419998
v 79.040001 5.350000 -217.360001
v 81.889999 5.350000 -217.360001
v 82.269997 5.350000 -214.889999
v 83.029999 5.350000 -214.699997
v 79.040001 6.250000 -207.669998
v 79.610001 6.250000 -207.860001
v 79.610001 6.250000 -208.429993
v 81.889999 6.250000 -208.049988
v 82.269997 6.250000 -208.429993
v 217.360001 5.150000 -42.750000
v 216.599991 5.150000 -42.750000
v 216.409988 5.150000 -42.180000
v 215.269989 5.150000 -41.989998
v 215.269989 5.150000 -39.520000
v 210.899994 5.150000 -39.520000
v 210.899994 5.150000 -41.799999
v 210.899994 5.150000 -42.939999
v 209.949997 5.150000 -43.129997
v 209.759995 5.150000 -42.750000
v 207.479996 5.150000 -42.750000
v 207.860001 5.150000 -44.270000
v 207.860001 5.150000 -45.029999
v 216.409988 5.150000 -44.649998
v 217.360001 5.150000 -44.270000
v 208.049988 5.150000 -39.520000
v 208.049988 5.150000 -40.279999
v 209.949997 5.150000 -41.610001
v 115.899994 5.350000 -228.190002
v 115.519997 5.350000 -228.379990
v 115.519997 5.350000 -236.169998
v 116.089996 5.350000 -236.360001
v 116.089996 5.350000 -237.119995
v 118.559998 5.350000 -237.119995
v 118.559998 5.350000 -235.220001
v 117.799995 5.350000 -235.029999
v 117.799995 5.350000 -233.889999
v 118.559998 5.350000 -233.699997
v 118.559998 5.350000 -232.369995
v 117.989998 5.350000 -231.989990
v 117.989998 5.350000 -231.229996
v 118.559998 5.350000 -231.039993
v 108.680000 5.350000 -237.119995
v 109.820000 5.350000 -237.119995
v 110.009995 5.350000 -236.549988
v 112.479996 5.350000 -236.739990
v 112.669998 5.350000 -236.169998
v 113.430000 5.350000 -236.169998
v 128.440002 5.350000 -29.639999
v 66.689995 5.350000 -79.040001
v 65.739998 5.350000 -79.040001
v 63.459999 5.350000 -79.040001
v 63.270000 5.350000 -79.610001
v 61.369999 5.250000 -79.610001
v 61.369999 5.250000 -80.369995
v 60.230000 5.150000 -81.320000
v 61.369999 5.350000 -81.889999
v 61.369999 5.550000 -82.650002
v 62.320000 5.350000 -82.839996
v 62.509998 5.350000 -84.549995
v 65.739998 5.350000 -84.549995
v 62.320000 5.350000 -86.070000
v 61.369999 5.250000 -86.830002
v 258.399994 5.350000 -148.770004
v 249.279999 5.350000 -183.919998
v 251.369995 5.350000 -183.919998
v 251.559998 5.350000 -182.779999
v 256.880005 5.350000 -182.779999
v 256.880005 5.350000 -183.729996
v 252.319992 5.350000 -183.729996
v 256.880005 5.350000 -183.919998
v 256.880005 5.350000 -184.869995
v 252.319992 5.350000 -184.869995
v 252.319992 5.350000 -187.720001
v 256.880005 5.350000 -187.720001
v 251.369995 5.350000 -184.869995
v 248.519989 5.350000 -184.869995
v 248.330002 5.350000 -182.209991
v 251.369995 5.350000 -187.720001
v 248.330002 5.350000 -181.069992
v 98.799995 5.350000 -39.520000
v 98.799995 4.750000 -49.399998
v 258.399994 5.150000 -122.169998
v 257.449982 5.250000 -123.879997
v 257.449982 5.250000 -128.440002
v 257.449982 5.250000 -138.319992
v 257.449982 5.250000 -147.440002
v 244.339996 4.950000 -78.659996
v 244.149994 4.850000 -77.139999
v 244.720001 4.850000 -76.570000
v 245.860001 4.850000 -76.000000
v 247.000000 4.850000 -76.189995
v 247.000000 4.850000 -72.580002
v 247.000000 4.850000 -71.250000
v 246.619995 5.950000 -77.330002
v 245.289993 5.450000 -77.330002
v 245.099991 5.650000 -78.089996
v 59.279999 5.350000 -181.830002
v 60.609997 5.350000 -182.019989
v 60.799999 5.350000 -181.449997
v 62.699997 5.350000 -181.449997
v 62.699997 5.350000 -182.779999
v 62.320000 5.350000 -184.679993
v 66.689995 5.350000 -184.869995
v 68.400002 5.350000 -187.149994
v 67.830002 5.350000 -186.580002
v 67.449997 5.350000 -184.679993
v 68.589996 5.350000 -183.729996
v 65.739998 5.350000 -185.629990
v 62.320000 5.350000 -185.629990
v 62.129997 5.350000 -186.580002
v 61.369999 5.350000 -186.389999
v 61.369999 5.350000 -185.629990
v 59.279999 5.350000 -185.629990
v 61.369999 5.350000 -184.110001
v 60.230000 5.350000 -183.729996
v 60.230000 5.350000 -182.970001
v 59.279999 5.350000 -182.970001
v 59.279999 5.350000 -183.729996
v 59.279999 5.350000 -184.679993
v 61.369999 5.350000 -184.679993
v 57.189999 5.350000 -148.199997
v 56.049999 5.350000 -148.199997
v 56.239998 5.350000 -148.199997
v 186.580002 5.150000 -30.209999
v 186.580002 5.150000 -31.539999
v 184.110001 5.150000 -31.539999
v 184.110001 5.150000 -30.209999
v 182.209991 5.150000 -30.209999
v 182.019989 5.150000 -30.969999
v 181.259995 5.150000 -30.969999
v 181.069992 5.150000 -30.019999
v 180.500000 5.150000 -30.019999
v 180.309998 5.150000 -29.639999
v 178.409988 5.150000 -29.639999
v 179.739990 5.150000 -38.759998
v 180.500000 5.150000 -38.759998
v 186.580002 5.150000 -39.520000
v 186.580002 5.150000 -38.950001
v 185.440002 5.150000 -38.570000
v 185.440002 5.150000 -37.619999
v 186.769989 5.150000 -37.430000
v 186.769989 5.150000 -38.570000
v 187.720001 5.150000 -38.570000
v 223.250000 5.150000 -49.399998
v 223.059998 5.150000 -53.199997
v 222.869995 5.150000 -55.099998
v 223.250000 5.150000 -55.480000
v 222.299988 6.250000 -49.399998
v 221.919998 6.250000 -49.399998
v 221.729996 6.250000 -51.869999
v 217.739990 6.250000 -51.869999
v 217.549988 6.250000 -49.399998
v 217.360001 6.250000 -49.399998
v 217.360001 6.250000 -52.059998
v 222.299988 6.250000 -52.059998
v 222.299988 6.250000 -56.239998
v 217.360001 6.250000 -56.239998
v 217.739990 6.250000 -56.619999
v 221.729996 6.250000 -56.430000
v 219.830002 5.150000 -49.779999
v 219.449997 5.150000 -49.399998
v 218.690002 5.150000 -49.399998
v 218.690002 5.150000 -50.730000
v 220.970001 5.150000 -50.730000
v 220.970001 5.150000 -49.590000
v 220.970001 5.150000 -57.379997
v 218.690002 5.150000 -57.379997
v 58.329998 5.350000 -122.549995
v 56.049999 5.950000 -122.739998
v 56.049999 5.650000 -128.440002
v 135.089996 4.950000 -29.639999
v 135.089996 4.950000 -33.630001
v 136.039993 4.950000 -33.630001
v 136.229996 4.950000 -34.770000
v 134.709991 5.350000 -37.239998
v 132.809998 5.350000 -29.639999
v 236.360001 5.150000 -61.180000
v 235.979996 5.050000 -64.029999
v 231.039993 5.150000 -64.029999
v 231.039993 5.150000 -66.119995
v 235.979996 5.050000 -66.119995
v 232.559998 5.150000 -60.230000
v 231.610001 5.150000 -60.230000
v 231.610001 5.150000 -61.559998
v 233.889999 5.150000 -61.559998
v 233.889999 5.050000 -68.589996
v 231.610001 5.150000 -68.589996
v 229.709991 5.150000 -64.029999
v 229.330002 5.150000 -63.649998
v 229.330002 5.150000 -66.500000
v 229.709991 5.150000 -66.119995
v 75.619995 5.350000 -79.040001
v 75.619995 5.350000 -77.330002
v 75.049995 5.350000 -77.139999
v 75.049995 5.350000 -76.189995
v 76.189995 5.350000 -76.000000
v 76.379997 5.350000 -76.379997
v 79.040001 5.350000 -76.379997
v 76.379997 5.350000 -77.139999
v 57.379997 5.750000 -138.319992
v 56.049999 6.050000 -138.319992
v 56.239998 6.050000 -138.319992
v 197.220001 5.450000 -237.119995
v 196.080002 6.250000 -227.619995
v 194.179993 6.250000 -228.569992
v 192.849991 6.550000 -228.949997
v 191.330002 6.250000 -228.759995
v 191.330002 6.250000 -227.239990
v 190.569992 6.250000 -227.239990
v 190.569992 6.250000 -228.759995
v 190.190002 6.550000 -229.139999
v 188.289993 6.250000 -229.330002
v 188.099991 6.250000 -232.179993
v 187.909988 6.250000 -230.659988
v 188.289993 6.250000 -230.279999
v 189.050003 6.550000 -230.470001
v 190.190002 6.550000 -230.089996
v 190.949997 6.250000 -230.279999
v 190.949997 6.250000 -231.989990
v 191.709991 6.250000 -231.989990
v 191.709991 6.250000 -229.899994
v 194.179993 6.550000 -229.899994
v 194.559998 6.250000 -230.279999
v 194.559998 6.250000 -231.610001
v 195.319992 6.250000 -231.610001
v 195.509995 6.250000 -230.470001
v 196.459991 6.250000 -230.470001
v 196.459991 6.250000 -228.379990
v 197.029999 6.250000 -228.190002
v 215.080002 5.550000 -221.159988
v 213.940002 5.550000 -221.349991
v 213.559998 5.550000 -220.399994
v 212.989990 5.550000 -220.970001
v 212.039993 5.550000 -220.779999
v 211.849991 5.550000 -222.679993
v 212.419998 5.550000 -223.250000
v 213.369995 5.550000 -223.059998
v 213.750000 5.550000 -223.440002
v 213.750000 5.550000 -224.009995
v 213.369995 5.550000 -224.199997
v 213.559998 5.550000 -224.769989
v 213.940002 5.550000 -224.959991
v 214.129990 5.550000 -226.289993
v 214.509995 5.550000 -226.289993
v 214.129990 5.550000 -224.199997
v 215.459991 5.550000 -223.629990
v 215.080002 5.350000 -217.929993
v 212.419998 5.550000 -224.009995
v 210.899994 5.550000 -222.679993
v 210.709991 5.350000 -218.879990
v 209.190002 5.350000 -219.069992
v 209.190002 5.350000 -219.830002
v 209.759995 5.350000 -219.830002
v 210.139999 5.350000 -220.399994
v 210.139999 5.550000 -221.539993
v 209.190002 5.550000 -221.729996
v 209.379990 5.550000 -223.059998
v 208.049988 5.550000 -224.769989
v 208.049988 5.550000 -225.339996
v 209.190002 5.550000 -225.529999
v 209.190002 5.550000 -227.239990
v 209.569992 5.550000 -227.239990
v 209.379990 5.550000 -226.479996
v 209.759995 5.550000 -226.099991
v 211.849991 5.550000 -225.909988
v 212.610001 5.550000 -224.769989
v 213.179993 5.350000 -217.360001
v 212.989990 5.350000 -217.360001
v 211.659988 5.350000 -217.549988
v 212.039993 5.350000 -218.879990
v 213.559998 5.350000 -218.309998
v 212.799988 5.550000 -226.860001
v 212.039993 5.550000 -226.860001
v 212.229996 5.550000 -227.239990
v 207.860001 5.350000 -219.449997
v 56.049999 5.650000 -129.389999
v 57.189999 5.550000 -130.339996
v 56.239998 5.750000 -130.339996
v 96.709999 5.350000 -50.349998
v 96.709999 5.350000 -50.919998
v 94.809998 5.350000 -53.579998
v 94.809998 5.350000 -53.770000
v 95.759995 5.350000 -53.959999
v 95.759995 5.350000 -55.860001
v 94.619995 5.350000 -56.049999
v 94.619995 5.350000 -59.279999
v 97.659996 5.350000 -55.289997
v 97.659996 5.350000 -53.959999
v 95.379997 6.250000 -51.869999
v 95.000000 6.250000 -51.869999
v 95.189995 6.250000 -52.250000
v 93.099998 5.350000 -53.389999
v 92.909996 5.950000 -50.160000
v 93.479996 6.250000 -49.779999
v 93.669998 5.350000 -55.860001
v 93.669998 5.350000 -53.959999
v 123.689995 5.350000 -227.429993
v 123.689995 5.350000 -233.319992
v 124.070000 5.350000 -233.319992
v 124.449997 5.350000 -234.080002
v 125.779999 5.350000 -233.889999
v 125.969994 5.350000 -233.319992
v 127.110001 5.350000 -233.319992
v 127.299995 5.350000 -233.889999
v 128.440002 5.350000 -233.889999
v 127.110001 5.350000 -234.649994
v 125.969994 5.350000 -234.649994
v 124.070000 5.350000 -234.839996
v 123.119995 5.350000 -234.839996
v 122.739998 5.350000 -233.889999
v 119.320000 5.350000 -233.889999
v 119.509995 5.350000 -234.839996
v 123.309998 5.350000 -227.809998
v 121.029999 5.350000 -228.000000
v 119.320000 5.350000 -231.229996
v 119.320000 5.350000 -231.989990
v 123.119995 5.350000 -233.319992
v 246.049988 5.350000 -188.099991
v 245.289993 5.350000 -188.099991
v 244.909988 5.350000 -187.720001
v 244.909988 5.350000 -188.860001
v 246.049988 5.350000 -189.239990
v 245.860001 5.350000 -190.379990
v 247.000000 5.350000 -190.379990
v 244.909988 5.350000 -190.569992
v 244.339996 5.350000 -190.190002
v 244.339996 5.350000 -189.239990
v 246.049988 5.350000 -193.989990
v 247.000000 5.350000 -193.800003
v 148.199997 5.450000 -247.949997
v 148.580002 5.450000 -248.139999
v 148.580002 5.450000 -249.089996
v 151.809998 5.450000 -249.659988
v 152.190002 5.450000 -249.089996
v 152.759995 5.450000 -249.089996
v 153.139999 5.450000 -250.039993
v 158.080002 5.450000 -250.039993
v 152.569992 5.450000 -250.419998
v 152.569992 5.450000 -252.699997
v 153.330002 5.450000 -253.080002
v 153.330002 5.450000 -253.839996
v 158.080002 5.450000 -254.029999
v 152.949997 5.450000 -254.409988
v 152.000000 5.450000 -254.409988
v 151.619995 5.450000 -253.459991
v 148.199997 5.450000 -253.459991
v 148.199997 5.450000 -256.880005
v 158.080002 5.450000 -256.880005
v 151.809998 5.450000 -250.229996
v 148.199997 5.450000 -249.279999
v 151.809998 5.450000 -252.699997
v 88.919998 5.350000 -39.520000
v 86.830002 5.350000 -39.520000
v 86.830002 5.350000 -42.750000
v 87.400002 5.350000 -42.939999
v 87.400002 5.050000 -46.360001
v 86.830002 5.050000 -46.549999
v 86.830002 4.950000 -48.450001
v 88.919998 4.950000 -48.450001
v 85.689995 5.250000 -49.399998
v 85.879997 5.250000 -49.399998
v 85.879997 5.250000 -47.309998
v 83.409996 5.250000 -39.520000
v 79.040001 5.350000 -39.520000
v 79.040001 5.250000 -44.840000
v 82.650002 5.050000 -45.029999
v 82.650002 5.050000 -43.889999
v 83.409996 5.050000 -43.700001
v 83.409996 5.050000 -47.309998
v 82.650002 5.050000 -47.119999
v -158.080002 7.450000 -385.319977
v -162.639999 7.350000 -385.319977
v -167.959991 7.350000 -391.399994
v -167.959991 7.550000 -395.199982
v -161.309998 7.650000 -395.199982
v -159.220001 7.450000 -391.589996
v -158.080002 7.550000 -391.209991
v -159.410004 7.750000 -393.869995
v -159.789993 7.750000 -395.199982
v -158.080002 7.750000 -395.199982
v -158.080002 7.750000 -392.350006
v -166.059998 7.450000 -385.319977
v -166.629990 7.450000 -385.319977
v -167.580002 7.450000 -386.269989
v -167.580002 7.450000 -386.839996
v -166.059998 7.450000 -385.699982
v 258.399994 5.350000 -79.040001
v 258.399994 5.350000 -85.500000
v 257.449982 5.350000 -87.209999
v 257.449982 5.350000 -88.919998
v 256.880005 5.350000 -197.599991
v 252.699997 5.350000 -197.599991
v 252.889999 5.350000 -198.550003
v 252.319992 5.350000 -198.739990
v 252.319992 5.350000 -201.019989
v 252.509995 5.350000 -204.250000
v 253.080002 5.350000 -204.440002
v 253.080002 5.350000 -205.389999
v 252.319992 5.350000 -205.580002
v 252.319992 5.350000 -207.479996
v 256.880005 5.850000 -207.479996
v 251.369995 5.350000 -197.599991
v 250.989990 5.350000 -197.599991
v 250.989990 5.350000 -198.739990
v 250.610001 5.350000 -199.119995
v 250.419998 5.350000 -200.830002
v 250.229996 5.350000 -201.779999
v 247.379990 5.350000 -201.779999
v 247.569992 5.350000 -204.819992
v 248.139999 5.350000 -204.819992
v 248.330002 5.350000 -204.250000
v 249.279999 5.350000 -204.250000
v 249.470001 5.350000 -204.819992
v 250.039993 5.350000 -204.819992
v 250.229996 5.350000 -204.250000
v 251.369995 5.350000 -204.440002
v 249.279999 5.350000 -205.959991
v 249.279999 5.350000 -207.289993
v 248.139999 5.350000 -207.099991
v 248.330002 5.350000 -205.959991
v 251.369995 5.350000 -207.479996
v 251.369995 5.650000 -205.199997
v 249.849991 5.350000 -197.599991
v 247.189987 5.350000 -197.599991
v 247.379990 5.350000 -197.979996
v 249.659988 5.350000 -197.979996
v 197.599991 5.150000 -19.760000
v 187.720001 5.150000 -19.760000
v 187.720001 5.150000 -23.180000
v 188.860001 5.150000 -23.180000
v 189.239990 5.150000 -23.559999
v 191.330002 5.150000 -23.559999
v 191.709991 5.150000 -23.180000
v 197.599991 5.150000 -23.180000
v 197.599991 6.250000 -24.320000
v 192.470001 6.250000 -24.129999
v 192.470001 6.250000 -29.070000
v 197.599991 6.250000 -29.070000
v 197.599991 6.250000 -28.879999
v 192.849991 6.250000 -28.879999
v 192.659988 6.250000 -24.699999
v 197.599991 6.250000 -24.510000
v 197.599991 5.150000 -25.459999
v 194.750000 5.150000 -25.459999
v 194.750000 5.150000 -26.029999
v 195.889999 5.150000 -26.410000
v 195.509995 5.150000 -27.549999
v 195.699997 5.150000 -27.740000
v 197.599991 5.150000 -27.740000
v 194.179993 5.150000 -27.359999
v 194.179993 5.150000 -26.219999
v 193.800003 5.150000 -25.459999
v 193.800003 5.150000 -27.740000
v 188.099991 6.250000 -24.129999
v 187.720001 6.250000 -24.320000
v 187.720001 6.250000 -24.510000
v 187.720001 6.250000 -28.879999
v 187.720001 6.250000 -29.070000
v 188.099991 6.250000 -29.070000
v 69.159996 5.350000 -49.399998
v 198.550003 5.450000 -238.259995
v 197.599991 5.450000 -238.639999
v 197.599991 5.450000 -247.000000
v 201.970001 5.450000 -247.000000
v 202.159988 5.450000 -245.860001
v 203.110001 5.450000 -245.860001
v 203.300003 5.450000 -247.000000
v 207.479996 5.450000 -247.000000
v 128.440002 5.350000 -19.760000
v 118.559998 5.350000 -19.760000
v 116.089996 5.350000 -239.779999
v 115.709999 5.350000 -239.970001
v 115.899994 5.350000 -247.000000
v 118.559998 5.350000 -247.000000
v 114.949997 6.150000 -237.689987
v 114.189995 6.150000 -237.689987
v 114.189995 6.150000 -238.069992
v 114.949997 6.150000 -238.069992
v 113.239998 5.350000 -239.970001
v 112.479996 5.350000 -239.779999
v 112.479996 5.350000 -239.019989
v 110.009995 5.350000 -239.589996
v 108.680000 5.350000 -243.009995
v 109.439995 5.350000 -243.199997
v 109.439995 5.350000 -243.959991
v 110.199997 5.350000 -244.720001
v 110.579994 5.350000 -244.529999
v 110.769997 5.350000 -243.389999
v 110.389999 5.350000 -242.629990
v 109.629997 5.350000 -242.439987
v 109.250000 5.350000 -241.869995
v 109.439995 5.350000 -239.970001
v 110.389999 5.350000 -239.970001
v 110.579994 5.350000 -240.539993
v 112.099998 5.350000 -241.679993
v 112.479996 5.350000 -242.439987
v 112.479996 5.350000 -244.909988
v 111.909996 5.350000 -246.049988
v 110.769997 5.350000 -247.000000
v 112.669998 5.350000 -247.000000
v 113.239998 5.350000 -247.000000
v 258.399994 5.350000 -177.839996
v 258.399994 5.350000 -182.970001
v 257.449982 5.350000 -184.869995
v 257.449982 5.350000 -187.720001
v 215.839996 5.150000 -29.639999
v 212.229996 5.150000 -29.639999
v 212.039993 5.150000 -30.019999
v 209.569992 5.150000 -30.209999
v 209.569992 5.150000 -31.539999
v 216.220001 5.150000 -39.329998
v 216.409988 5.150000 -34.200001
v 217.360001 5.150000 -34.009998
v 217.360001 5.150000 -30.209999
v 227.239990 5.550000 -217.929993
v 227.619995 5.550000 -218.309998
v 227.619995 5.650000 -219.259995
v 233.319992 6.250000 -224.959991
v 237.119995 6.250000 -223.819992
v 68.779999 5.350000 -197.979996
v 68.779999 5.350000 -198.929993
v 67.449997 5.350000 -199.119995
v 67.260002 5.350000 -197.979996
v 66.500000 5.350000 -198.169998
v 63.459999 5.350000 -198.169998
v 63.459999 5.350000 -201.399994
v 65.739998 5.350000 -201.399994
v 65.930000 5.350000 -201.019989
v 66.689995 5.350000 -201.019989
v 66.879997 5.350000 -201.399994
v 69.159996 5.350000 -201.399994
v 66.689995 5.350000 -202.159988
v 65.930000 5.350000 -202.159988
v 63.459999 5.650000 -204.819992
v 65.930000 5.350000 -204.059998
v 65.739998 5.350000 -203.110001
v 66.689995 5.350000 -202.919998
v 66.689995 5.350000 -204.059998
v 68.589996 5.350000 -204.059998
v 68.970001 5.350000 -204.440002
v 68.970001 5.350000 -207.479996
v 67.639999 5.350000 -205.389999
v 66.879997 5.350000 -205.389999
v 66.689995 5.350000 -205.769989
v 65.930000 5.350000 -205.769989
v 65.739998 5.350000 -205.389999
v 63.840000 5.350000 -205.769989
v 63.840000 5.350000 -207.479996
v 67.639999 5.350000 -207.479996
v 62.509998 5.350000 -198.169998
v 59.279999 5.350000 -198.169998
v 59.279999 5.350000 -207.479996
v 62.509998 5.350000 -207.479996
v 62.129997 5.350000 -204.819992
v 62.509998 5.350000 -204.629990
v 245.289993 5.450000 -209.000000
v 243.009995 5.450000 -210.330002
v 245.099991 5.450000 -214.129990
v 247.000000 5.450000 -212.989990
v 247.000000 5.450000 -212.229996
v 247.000000 5.350000 -216.599991
v 245.669998 5.350000 -217.360001
v 247.000000 5.350000 -217.360001
v 242.250000 5.350000 -213.369995
v 238.830002 5.350000 -214.319992
v 239.399994 5.350000 -214.699997
v 239.019989 5.350000 -215.839996
v 238.259995 5.350000 -215.839996
v 237.879990 5.350000 -215.080002
v 237.119995 5.350000 -215.080002
v 241.489990 5.350000 -217.360001
v 243.389999 5.350000 -215.649994
v 243.389999 5.350000 -215.080002
v 238.259995 5.350000 -214.319992
v 240.539993 5.350000 -210.519989
v 240.539993 5.350000 -209.569992
v 243.009995 5.350000 -208.239990
v 98.799995 5.350000 -29.639999
v 86.830002 5.450000 -220.019989
v 86.830002 5.450000 -218.119995
v 85.309998 5.450000 -217.929993
v 85.500000 5.450000 -220.399994
v 84.739998 5.450000 -220.589996
v 84.360001 5.450000 -221.539993
v 85.879997 5.450000 -222.869995
v 85.689995 5.450000 -223.819992
v 86.259995 5.450000 -224.009995
v 88.729996 5.850000 -224.389999
v 88.349998 5.450000 -223.059998
v 85.879997 5.350000 -225.909988
v 85.689995 5.350000 -225.529999
v 83.599998 5.350000 -225.149994
v 81.320000 5.350000 -225.529999
v 81.129997 5.350000 -225.149994
v 80.180000 5.350000 -224.959991
v 80.180000 5.350000 -223.629990
v 80.939995 5.350000 -221.919998
v 79.229996 5.350000 -221.729996
v 79.610001 5.350000 -218.119995
v 79.989998 5.350000 -217.739990
v 81.699997 5.350000 -217.739990
v 79.040001 5.350000 -227.239990
v 81.320000 5.350000 -219.069992
v 80.750000 5.350000 -219.259995
v 80.559998 5.350000 -220.779999
v 80.939995 5.350000 -220.970001
v 182.209991 5.150000 -19.760000
v 182.209991 5.150000 -23.180000
v 181.449997 6.250000 -24.129999
v 181.449997 6.250000 -29.070000
v 181.830002 6.250000 -28.879999
v 181.639999 6.250000 -24.699999
v 186.769989 5.150000 -25.459999
v 184.869995 5.150000 -25.459999
v 184.869995 5.150000 -25.840000
v 185.629990 5.150000 -26.219999
v 185.629990 5.150000 -27.359999
v 184.869995 5.150000 -27.549999
v 184.869995 5.150000 -27.740000
v 186.769989 5.150000 -27.740000
v 182.779999 5.150000 -25.459999
v 182.779999 5.150000 -27.740000
v 183.919998 5.150000 -27.170000
v 183.919998 5.150000 -26.219999
v 177.839996 5.150000 -19.760000
v 177.839996 5.150000 -23.180000
v 178.409988 5.150000 -23.369999
v 180.309998 5.150000 -23.559999
v 180.690002 5.150000 -23.180000
v 78.279999 6.250000 -207.860001
v 77.900002 5.350000 -212.229996
v 77.139999 5.350000 -210.519989
v 72.389999 5.350000 -210.899994
v 72.010002 5.350000 -211.659988
v 71.059998 5.350000 -211.659988
v 70.869995 5.350000 -211.089996
v 69.159996 5.350000 -211.089996
v 69.159996 5.350000 -211.279999
v 69.159996 5.350000 -216.220001
v 69.159996 5.350000 -217.360001
v 71.059998 5.350000 -210.330002
v 72.010002 5.350000 -210.330002
v 56.049999 5.350000 -184.679993
v 57.189999 5.350000 -184.679993
v 57.189999 5.350000 -184.110001
v 56.619999 5.350000 -183.729996
v 57.000000 5.350000 -181.069992
v 58.329998 5.350000 -181.069992
v 58.899998 5.350000 -181.449997
v 58.899998 5.350000 -182.019989
v 58.139999 5.350000 -184.110001
v 58.139999 5.350000 -184.679993
v 58.139999 5.350000 -185.629990
v 57.949997 5.350000 -186.580002
v 57.189999 5.350000 -186.389999
v 57.189999 5.350000 -185.629990
v 56.049999 5.350000 -185.629990
v 56.049999 5.350000 -187.720001
v 138.319992 4.950000 -19.760000
v 135.089996 4.950000 -19.760000
v 135.089996 4.950000 -23.369999
v 135.470001 4.950000 -23.559999
v 132.809998 5.350000 -19.760000
v 128.440002 5.350000 -25.080000
v 131.860001 5.350000 -25.080000
v 131.860001 5.350000 -23.559999
v 132.809998 5.350000 -23.369999
v 132.809998 5.350000 -26.980000
v 131.860001 5.350000 -26.789999
v 256.880005 5.350000 -69.159996
v 252.319992 5.250000 -69.159996
v 252.319992 5.250000 -73.720001
v 256.880005 5.350000 -73.720001
v 256.880005 5.350000 -74.669998
v 252.319992 5.250000 -74.669998
v 256.880005 5.350000 -74.860001
v 256.880005 5.350000 -75.809998
v 251.559998 4.950000 -75.809998
v 251.369995 4.950000 -74.669998
v 249.279999 4.850000 -74.669998
v 249.279999 4.850000 -76.000000
v 250.229996 4.850000 -76.000000
v 251.179993 4.850000 -77.330002
v 251.369995 5.050000 -69.159996
v 248.330002 4.950000 -71.439995
v 247.949997 4.850000 -72.580002
v 248.330002 4.850000 -75.809998
v 248.519989 4.850000 -73.720001
v 251.369995 4.950000 -73.720001
v 249.470001 4.850000 -77.139999
v 197.029999 5.450000 -238.259995
v 188.099991 5.450000 -247.000000
v 189.050003 5.450000 -245.860001
v 190.000000 5.450000 -245.860001
v 191.709991 5.450000 -247.000000
v 124.449997 5.350000 -247.000000
v 125.589996 5.350000 -247.000000
v 227.239990 5.150000 -39.520000
v 223.250000 5.150000 -39.520000
v 223.059998 5.150000 -42.750000
v 222.869995 5.150000 -44.270000
v 223.250000 5.150000 -44.649998
v 222.299988 6.250000 -39.520000
v 221.919998 6.250000 -39.520000
v 221.729996 6.250000 -41.610001
v 217.739990 6.250000 -41.610001
v 217.549988 6.250000 -39.520000
v 217.360001 6.250000 -39.520000
v 217.360001 6.250000 -41.799999
v 222.299988 6.250000 -41.799999
v 222.299988 6.250000 -45.410000
v 217.360001 6.250000 -45.410000
v 217.739990 6.250000 -45.599998
v 221.729996 6.250000 -45.599998
v 220.970001 5.150000 -39.520000
v 218.690002 5.150000 -39.520000
v 218.690002 5.150000 -40.469997
v 220.970001 5.150000 -40.469997
v 220.970001 5.150000 -46.739998
v 218.690002 5.150000 -46.739998
v 219.449997 5.150000 -48.450001
v 219.830002 5.150000 -48.070000
v 220.970001 5.150000 -48.070000
v 167.959991 5.150000 -19.760000
v 167.959991 5.150000 -23.369999
v 169.479996 5.150000 -23.559999
v 169.860001 5.150000 -23.180000
v 170.619995 6.250000 -29.070000
v 177.459991 6.250000 -29.070000
v 177.459991 6.250000 -24.129999
v 170.619995 6.250000 -24.129999
v 171.000000 6.250000 -28.879999
v 171.000000 6.250000 -24.510000
v 176.889999 6.250000 -24.510000
v 176.889999 6.250000 -28.879999
v 176.129990 5.150000 -25.459999
v 173.849991 5.150000 -25.459999
v 173.849991 5.150000 -25.840000
v 174.800003 5.150000 -25.840000
v 175.179993 5.150000 -26.219999
v 174.800003 5.150000 -27.359999
v 173.849991 5.150000 -27.359999
v 173.849991 5.150000 -27.740000
v 176.129990 5.150000 -27.740000
v 171.949997 5.150000 -25.459999
v 171.949997 5.150000 -27.740000
v 173.470001 5.150000 -26.219999
v 213.179993 5.950000 -228.949997
v 211.849991 5.850000 -228.949997
v 211.089996 5.850000 -229.519989
v 207.479996 5.850000 -233.699997
v 209.759995 6.050000 -233.699997
v 209.949997 6.050000 -232.939987
v 211.089996 6.150000 -232.939987
v 211.279999 6.150000 -233.509995
v 213.750000 6.350000 -233.319992
v 213.940002 6.250000 -232.559998
v 216.409988 6.250000 -231.039993
v 216.979996 6.250000 -231.039993
v 217.360001 6.350000 -231.610001
v 217.360001 5.950000 -227.619995
v 214.699997 6.250000 -233.889999
v 214.129990 6.250000 -233.889999
v 211.089996 6.150000 -234.269989
v 209.949997 6.050000 -234.269989
v 217.360001 5.450000 -237.119995
v 217.360001 6.250000 -232.179993
v 210.139999 5.950000 -227.239990
v 209.569992 5.750000 -227.239990
v 209.379990 5.550000 -228.000000
v 209.949997 5.750000 -228.000000
v 63.459999 5.350000 -69.159996
v 63.459999 5.350000 -77.330002
v 66.500000 5.350000 -77.330002
v 65.739998 5.350000 -78.279999
v 63.459999 5.350000 -78.279999
v 61.559998 5.550000 -70.299995
v 61.369999 5.250000 -77.330002
v 62.509998 5.350000 -77.330002
v 62.509998 5.350000 -70.110001
v 258.399994 5.350000 -168.529999
v 258.209991 5.350000 -169.479996
v 257.829987 5.350000 -169.479996
v 257.829987 5.350000 -170.809998
v 257.449982 5.350000 -171.379990
v 258.399994 5.350000 -171.379990
v 258.399994 5.350000 -172.330002
v 257.449982 5.350000 -172.330002
v 257.449982 5.350000 -173.089996
v 159.789993 5.150000 -19.760000
v 159.220001 5.150000 -20.139999
v 159.220001 5.150000 -23.559999
v 159.599991 5.150000 -23.180000
v 167.009995 6.250000 -29.070000
v 167.009995 6.250000 -24.129999
v 160.360001 6.250000 -24.129999
v 160.360001 6.250000 -29.070000
v 166.629990 6.250000 -28.879999
v 160.929993 6.250000 -28.879999
v 160.550003 6.250000 -28.500000
v 160.739990 6.250000 -24.510000
v 166.629990 6.250000 -24.510000
v 165.679993 5.150000 -25.459999
v 161.500000 5.150000 -25.459999
v 161.500000 5.150000 -27.740000
v 161.879990 5.150000 -27.740000
v 161.879990 5.150000 -26.789999
v 162.259995 5.150000 -26.410000
v 163.019989 5.150000 -26.410000
v 163.399994 5.150000 -26.789999
v 163.209991 5.150000 -27.740000
v 165.679993 5.150000 -27.740000
v 252.319992 5.350000 -195.699997
v 252.889999 5.350000 -195.889999
v 252.889999 5.350000 -196.839996
v 252.319992 5.350000 -197.029999
v 252.319992 5.350000 -197.599991
v 250.610001 5.350000 -193.800003
v 250.989990 5.350000 -194.179993
v 249.659988 5.350000 -194.940002
v 249.089996 5.350000 -195.319992
v 248.330002 5.350000 -195.319992
v 248.139999 5.350000 -194.940002
v 247.189987 5.350000 -195.129990
v 104.879997 5.350000 -236.169998
v 105.259995 5.350000 -236.169998
v 105.449997 5.350000 -236.739990
v 107.540001 5.350000 -236.549988
v 107.729996 5.350000 -237.119995
v 102.220001 5.350000 -228.000000
v 98.799995 5.350000 -237.119995
v 101.839996 5.350000 -237.119995
v 101.839996 5.350000 -236.360001
v 102.599998 5.350000 -236.169998
v 102.599998 5.350000 -228.190002
v 95.570000 5.350000 -39.520000
v 95.570000 5.350000 -42.939999
v 96.519997 5.350000 -43.129997
v 96.519997 4.850000 -46.360001
v 95.570000 4.850000 -46.549999
v 95.570000 4.750000 -49.399998
v 93.479996 5.350000 -39.520000
v 93.479996 4.950000 -48.450001
v 93.479996 4.950000 -46.549999
v 92.909996 4.950000 -46.360001
v 92.909996 5.350000 -43.129997
v 93.479996 5.350000 -42.939999
v -230.089996 4.350000 -288.040009
v -229.139999 4.250000 -289.559998
v -228.949997 4.250000 -289.179993
v -228.000000 4.250000 -289.179993
v -227.809998 4.150000 -289.940002
v -227.239990 4.150000 -289.940002
v -227.239990 4.450000 -286.519989
v -228.000000 4.050000 -290.509979
v -228.949997 4.150000 -290.509979
v -232.179993 4.450000 -288.419983
v -234.459991 3.550000 -293.739990
v -234.839996 3.550000 -294.690002
v -235.599991 3.450000 -294.690002
v -235.789993 3.450000 -296.399994
v -227.239990 3.450000 -296.399994
v -230.089996 4.450000 -286.519989
v -231.799988 4.450000 -286.519989
v -230.659988 4.450000 -286.899994
v -234.269989 4.550000 -286.519989
v -237.119995 4.650000 -286.519989
v -237.119995 3.450000 -296.399994
v -235.979996 3.450000 -294.500000
v -235.789993 3.550000 -293.169983
v -234.839996 3.550000 -293.169983
v 257.449982 5.450000 -197.599991
v 257.449982 5.850000 -207.479996
v 88.919998 5.350000 -237.119995
v 88.919998 5.350000 -247.000000
v 98.799995 5.350000 -247.000000
v 69.159996 5.350000 -39.520000
v 57.189999 5.350000 -198.169998
v 57.189999 5.350000 -207.479996
v 56.049999 5.350000 -207.479996
v 56.239998 5.350000 -207.479996
v 56.239998 5.350000 -198.169998
v 137.559998 5.250000 -10.070000
v 136.229996 5.550000 -10.070000
v 135.279999 6.250000 -11.210000
v 135.279999 6.250000 -11.590000
v 136.229996 6.250000 -11.590000
v 136.800003 5.750000 -10.830000
v 137.750000 5.250000 -11.020000
v 137.940002 5.250000 -12.349999
v 137.179993 5.250000 -12.730000
v 136.989990 5.250000 -13.679999
v 138.319992 5.250000 -12.920000
v 138.319992 5.250000 -10.639999
v 138.319992 4.950000 -14.820000
v 136.039993 4.950000 -14.820000
v 136.039993 4.950000 -16.719999
v 135.089996 4.950000 -16.910000
v 134.330002 4.850000 -9.880000
v 132.809998 4.850000 -9.880000
v 128.440002 5.050000 -9.880000
v 128.440002 4.950000 -14.059999
v 132.239990 4.950000 -14.059999
v 132.429993 4.950000 -13.299999
v 134.139999 4.850000 -13.299999
v 133.949997 4.850000 -10.830000
v 132.809998 5.350000 -16.910000
v 132.239990 5.350000 -16.529999
v 128.440002 5.350000 -16.529999
v 252.319992 5.750000 -211.470001
v 254.599991 6.250000 -211.089996
v 255.549988 6.250000 -211.659988
v 256.500000 6.250000 -211.659988
v 256.500000 6.150000 -210.330002
v 256.880005 6.050000 -210.139999
v 251.750000 6.150000 -214.509995
v 248.899994 5.350000 -215.269989
v 251.369995 6.150000 -217.360001
v 249.279999 5.350000 -207.479996
v 249.279999 5.350000 -207.860001
v 249.470001 5.350000 -209.000000
v 248.139999 5.350000 -209.000000
v 247.759995 5.350000 -209.000000
v 249.279999 5.350000 -212.039993
v 250.989990 5.350000 -211.659988
v 251.369995 5.350000 -211.470001
v 247.000000 5.350000 -207.669998
v 248.330002 5.350000 -207.860001
v 249.089996 5.950000 -213.940002
v 248.330002 5.950000 -214.319992
v 248.899994 5.950000 -214.319992
v 247.379990 5.450000 -212.989990
v 247.379990 5.450000 -212.419998
v 243.199997 5.450000 -219.830002
v 242.439987 6.150000 -221.539993
v 247.000000 6.150000 -221.539993
v 238.449997 6.250000 -223.250000
v 239.399994 6.150000 -222.110001
v 239.970001 5.950000 -221.159988
v 239.779999 5.550000 -219.639999
v 240.349991 5.450000 -219.449997
v 177.839996 5.150000 -9.880000
v 170.619995 5.150000 -9.880000
v 170.619995 5.150000 -10.260000
v 177.839996 5.150000 -10.260000
v 177.839996 5.150000 -17.100000
v 171.000000 5.150000 -17.289999
v 169.860001 5.150000 -17.100000
v 169.289993 5.150000 -15.960000
v 167.959991 5.150000 -16.150000
v 167.959991 5.150000 -16.910000
v 170.619995 6.250000 -16.150000
v 177.459991 6.250000 -16.150000
v 177.459991 6.250000 -11.210000
v 170.619995 6.250000 -11.210000
v 171.000000 6.250000 -15.960000
v 171.000000 6.250000 -11.590000
v 176.889999 6.250000 -11.590000
v 176.889999 6.250000 -15.960000
v 176.129990 5.150000 -12.540000
v 174.610001 5.150000 -12.540000
v 174.229996 5.150000 -13.679999
v 173.089996 5.150000 -13.490000
v 173.089996 5.150000 -12.540000
v 171.949997 5.150000 -12.540000
v 171.949997 5.150000 -14.820000
v 176.129990 5.150000 -14.820000
v 169.289993 5.150000 -9.880000
v 168.720001 5.150000 -9.880000
v 168.720001 5.150000 -10.450000
v 167.959991 5.150000 -10.639999
v 167.959991 5.150000 -13.490000
v 169.479996 5.150000 -13.490000
v 125.969994 5.350000 -248.139999
v 125.399994 5.350000 -248.709991
v 124.259995 5.350000 -248.330002
v 118.559998 5.350000 -256.880005
v 128.440002 5.350000 -256.880005
v 148.199997 5.050000 -9.880000
v 145.919998 4.950000 -9.880000
v 140.029999 4.850000 -9.880000
v 140.029999 4.850000 -11.969999
v 140.979996 4.950000 -12.349999
v 140.979996 4.950000 -13.110000
v 140.029999 4.950000 -13.299999
v 139.459991 4.950000 -14.250000
v 138.509995 5.250000 -12.160000
v 139.080002 5.250000 -11.780000
v 258.399994 5.350000 -75.619995
v 257.449982 5.350000 -69.159996
v 257.449982 5.350000 -73.720001
v 68.779999 5.350000 -209.569992
v 64.790001 5.350000 -209.379990
v 64.979996 5.350000 -208.429993
v 67.449997 5.350000 -208.429993
v 64.029999 5.650000 -209.190002
v 63.459999 5.350000 -209.379990
v 63.459999 5.350000 -217.360001
v 64.409996 5.350000 -216.409988
v 64.029999 5.350000 -215.839996
v 64.029999 5.350000 -211.470001
v 64.409996 5.350000 -211.089996
v 67.639999 5.350000 -212.229996
v 65.360001 5.350000 -212.419998
v 65.360001 5.350000 -215.080002
v 67.830002 5.350000 -215.080002
v 59.279999 5.350000 -217.360001
v 62.509998 5.350000 -217.360001
v 62.509998 5.350000 -214.319992
v 62.129997 5.350000 -214.129990
v 62.129997 5.350000 -213.369995
v 62.509998 5.350000 -213.179993
v 62.509998 5.350000 -212.610001
v 62.129997 5.350000 -212.419998
v 62.129997 5.350000 -211.470001
v 62.509998 5.350000 -211.279999
v 166.819992 5.150000 -17.289999
v 160.739990 5.150000 -17.289999
v 160.550003 5.150000 -18.619999
v 167.389999 5.150000 -9.880000
v 167.580002 5.150000 -10.260000
v 167.580002 5.150000 -9.880000
v 166.629990 6.250000 -15.960000
v 161.119995 6.250000 -16.150000
v 167.009995 6.250000 -16.150000
v 167.009995 6.250000 -12.730000
v 165.869995 5.150000 -9.880000
v 163.399994 5.150000 -9.880000
v 163.399994 5.150000 -10.260000
v 165.869995 5.150000 -10.260000
v 165.679993 5.150000 -12.730000
v 164.349991 5.150000 -12.730000
v 163.970001 5.150000 -13.490000
v 163.209991 5.150000 -13.490000
v 162.449997 5.150000 -12.540000
v 161.500000 5.150000 -12.540000
v 161.500000 5.150000 -14.820000
v 165.679993 5.150000 -14.820000
v 162.069992 5.150000 -9.880000
v 160.550003 5.150000 -9.880000
v 160.550003 5.150000 -10.260000
v 162.069992 5.150000 -10.260000
v 162.069992 6.250000 -11.210000
v 160.550003 6.250000 -11.210000
v 160.550003 6.250000 -11.780000
v 162.069992 6.250000 -11.590000
v 159.220001 5.150000 -16.910000
v 159.220001 5.150000 -14.820000
v 158.269989 5.150000 -14.820000
v 158.080002 5.150000 -18.240000
v 158.649994 5.150000 -18.240000
v 159.599991 5.150000 -17.289999
v 159.410004 5.150000 -9.880000
v 158.080002 5.150000 -9.880000
v 158.080002 5.150000 -11.400000
v 159.220001 5.150000 -11.590000
v 159.220001 5.150000 -12.920000
v 158.080002 5.150000 -12.920000
v 158.080002 5.150000 -13.299999
v 159.220001 5.150000 -13.299999
v -286.519989 6.050000 -316.160004
v -286.899994 6.050000 -316.160004
v -287.089996 6.050000 -317.299988
v -288.229980 6.050000 -317.299988
v -291.079987 6.050000 -320.910004
v -291.649994 6.050000 -321.100006
v -291.649994 6.050000 -326.039978
v -286.519989 5.550000 -326.039978
v -290.320007 6.050000 -316.160004
v -292.220001 6.050000 -316.160004
v -292.029999 6.050000 -316.729980
v -290.889984 6.050000 -317.109985
v -296.399994 6.050000 -317.299988
v -296.399994 5.550000 -326.039978
v 156.750000 5.150000 -9.880000
v 156.559998 5.150000 -11.590000
v 155.229996 5.150000 -12.730000
v 155.229996 5.150000 -9.880000
v 152.569992 5.150000 -17.859999
v 154.470001 5.150000 -15.960000
v 154.279999 5.150000 -14.630000
v 155.039993 5.550000 -14.440000
v 155.610001 5.950000 -15.200000
v 155.610001 5.950000 -16.150000
v 154.470001 6.150000 -17.289999
v 156.179993 6.150000 -16.910000
v 156.750000 5.950000 -14.250000
v 155.800003 5.550000 -13.870000
v 155.800003 5.150000 -13.299999
v 155.610001 5.150000 -19.760000
v 155.800003 5.150000 -19.760000
v 155.800003 5.150000 -19.189999
v -286.519989 5.550000 -296.399994
v -296.399994 5.350000 -296.399994
v -296.399994 6.050000 -306.279999
v -295.070007 6.050000 -306.279999
v -294.880005 6.050000 -305.329987
v -291.459991 6.050000 -305.329987
v -290.699982 6.050000 -305.519989
v -290.320007 6.050000 -306.279999
v -288.229980 5.650000 -306.279999
v -288.229980 5.850000 -305.139984
v -288.799988 6.050000 -304.759979
v -288.609985 5.950000 -303.809998
v -289.559998 5.950000 -303.049988
v -290.699982 6.050000 -303.239990
v -290.889984 5.650000 -302.479980
v -290.130005 5.050000 -301.720001
v -289.369995 5.050000 -301.720001
v -288.799988 5.050000 -300.199982
v -288.609985 5.150000 -299.059998
v -287.660004 5.150000 -299.059998
v -287.470001 5.050000 -299.630005
v -286.519989 5.050000 -299.630005
v -287.660004 5.050000 -300.389984
v -288.989990 5.050000 -301.910004
v -288.989990 5.650000 -302.479980
v -287.470001 5.650000 -304.000000
v -287.470001 5.650000 -304.759979
v -286.519989 5.250000 -306.279999
v 211.470001 5.450000 -247.000000
v 217.360001 5.450000 -244.149994
v 217.360001 5.450000 -240.539993
v 217.360001 5.450000 -239.399994
v 215.649994 5.450000 -246.239990
v 216.029999 5.450000 -247.000000
v 217.360001 5.450000 -247.000000
v 217.360001 5.450000 -245.479996
v 227.239990 5.150000 -29.639999
v 224.769989 5.150000 -29.639999
v 224.580002 5.150000 -30.019999
v 223.629990 5.150000 -30.209999
v 223.059998 5.150000 -34.009998
v 223.250000 5.150000 -35.340000
v 227.239990 5.150000 -35.149998
v 222.299988 6.250000 -34.959999
v 217.360001 6.250000 -34.959999
v 217.739990 6.250000 -35.529999
v 221.729996 6.250000 -35.340000
v 220.970001 5.150000 -36.290001
v 218.690002 5.150000 -36.290001
v 218.690002 5.150000 -38.000000
v 219.069992 5.150000 -38.189999
v 219.449997 5.150000 -37.619999
v 220.399994 5.150000 -37.619999
v 220.779999 5.150000 -38.000000
v 220.970001 5.150000 -37.809998
v 220.399994 5.150000 -39.329998
v 219.449997 5.150000 -39.329998
v 207.479996 5.150000 -19.760000
v 199.879990 5.150000 -23.180000
v 200.259995 5.150000 -23.559999
v 203.300003 5.150000 -23.559999
v 203.679993 5.150000 -23.180000
v 207.479996 5.150000 -23.180000
v 207.479996 6.250000 -24.320000
v 204.440002 6.250000 -24.129999
v 204.440002 6.250000 -29.070000
v 207.479996 6.250000 -29.070000
v 207.479996 6.250000 -28.879999
v 204.629990 6.250000 -28.689999
v 204.629990 6.250000 -24.699999
v 207.479996 6.250000 -24.510000
v 207.479996 5.150000 -25.459999
v 205.769989 5.150000 -25.459999
v 205.769989 5.150000 -27.740000
v 207.479996 5.150000 -27.740000
v 207.479996 5.150000 -26.980000
v 199.119995 6.250000 -24.129999
v 198.929993 6.250000 -24.699999
v 198.929993 6.250000 -28.689999
v 199.119995 6.250000 -29.070000
v 177.839996 5.450000 -249.659988
v 183.159988 5.450000 -250.039993
v 185.629990 5.450000 -250.989990
v 187.720001 5.450000 -247.569992
v 187.339996 5.450000 -251.750000
v 187.720001 5.450000 -251.939987
v 187.720001 5.450000 -251.559998
v 184.679993 5.450000 -253.459991
v 181.449997 5.450000 -252.509995
v 177.839996 5.450000 -252.509995
v 177.839996 5.450000 -256.880005
v 187.720001 5.450000 -256.880005
v 187.720001 5.450000 -255.549988
v 186.199997 5.950000 -252.889999
v 185.819992 5.950000 -253.080002
v 186.389999 5.950000 -253.459991
v 186.769989 5.950000 -253.269989
v 182.209991 5.950000 -251.369995
v 181.069992 5.950000 -251.559998
v 182.589996 5.950000 -251.939987
v 182.970001 5.950000 -251.750000
v 178.979996 5.950000 -251.179993
v 177.839996 5.950000 -251.179993
v 177.839996 5.950000 -251.559998
v 178.979996 5.950000 -251.559998
v 107.540001 5.350000 -239.589996
v 106.589996 5.350000 -239.589996
v 106.209999 5.350000 -239.019989
v 105.449997 5.350000 -239.019989
v 105.259995 5.350000 -239.970001
v 104.309998 5.350000 -239.970001
v 104.309998 5.350000 -247.000000
v 105.070000 5.350000 -247.000000
v 106.970001 5.350000 -247.000000
v 105.829994 5.350000 -246.049988
v 105.259995 5.350000 -244.909988
v 105.259995 5.350000 -242.439987
v 106.019997 5.350000 -241.110001
v 107.159996 5.350000 -240.539993
v 107.349998 5.350000 -239.970001
v 108.299995 5.350000 -239.970001
v 108.489998 5.350000 -241.869995
v 108.110001 5.350000 -242.439987
v 107.540001 5.350000 -242.439987
v 106.970001 5.450000 -243.389999
v 106.970001 5.550000 -244.149994
v 107.729996 6.250000 -245.289993
v 108.110001 6.250000 -245.289993
v 108.110001 6.050000 -244.339996
v 107.729996 5.950000 -244.149994
v 107.729996 5.450000 -243.580002
v 108.110001 5.350000 -243.009995
v 98.799995 5.350000 -240.729996
v 100.129997 5.350000 -240.729996
v 100.320000 5.350000 -239.970001
v 101.459999 5.350000 -239.970001
v 101.839996 5.350000 -240.729996
v 102.029999 5.350000 -240.729996
v 101.459999 5.350000 -241.489990
v 100.320000 5.350000 -241.489990
v 98.799995 5.350000 -244.339996
v 98.989998 5.350000 -244.339996
v 99.180000 5.350000 -243.580002
v 100.129997 5.350000 -243.580002
v 100.509995 5.350000 -244.339996
v 102.029999 5.350000 -244.339996
v 100.129997 5.350000 -244.909988
v 99.180000 5.350000 -244.909988
v 101.839996 5.350000 -247.000000
v 128.440002 5.350000 -254.220001
v 130.339996 5.350000 -254.220001
v 130.720001 5.350000 -253.459991
v 131.860001 5.350000 -253.649994
v 132.050003 5.350000 -254.599991
v 131.099991 5.350000 -255.169998
v 131.099991 5.350000 -256.880005
v 138.319992 5.450000 -256.880005
v 130.339996 5.350000 -254.789993
v 88.919998 5.350000 -29.639999
v 88.919998 5.350000 -31.920000
v 92.720001 5.350000 -31.920000
v 92.909996 5.350000 -30.019999
v 96.139999 5.350000 -30.019999
v 96.329994 5.350000 -32.299999
v 98.799995 5.350000 -32.489998
v 96.329994 5.350000 -33.439999
v 95.570000 5.350000 -33.630001
v 94.430000 5.350000 -39.520000
v 94.619995 5.350000 -39.520000
v 94.619995 5.350000 -33.630001
v 93.479996 5.350000 -33.630001
v 92.720001 5.350000 -33.439999
v 108.680000 5.350000 -19.760000
v 97.089996 5.350000 -228.379990
v 94.809998 5.350000 -228.190002
v 94.239998 5.350000 -227.809998
v 94.239998 5.350000 -227.239990
v 165.869995 5.450000 -248.139999
v 162.069992 5.450000 -247.000000
v 162.069992 5.450000 -249.470001
v 162.639999 5.450000 -249.659988
v 162.449997 5.450000 -250.989990
v 161.500000 5.450000 -250.989990
v 161.119995 5.450000 -250.229996
v 158.080002 5.450000 -250.229996
v 164.729996 5.450000 -256.880005
v 167.959991 5.450000 -253.459991
v 167.959991 5.450000 -252.509995
v 161.500000 5.450000 -249.470001
v 227.239990 6.250000 -228.759995
v 222.869995 6.250000 -228.379990
v 221.539993 6.250000 -229.519989
v 221.539993 6.050000 -230.659988
v 220.209991 6.150000 -230.849991
v 217.360001 6.250000 -230.849991
v 227.239990 5.450000 -237.119995
v 219.830002 6.250000 -229.709991
v 220.399994 6.250000 -229.139999
v 222.679993 6.250000 -227.619995
v 256.880005 5.250000 -59.279999
v 252.319992 5.250000 -59.279999
v 251.369995 5.150000 -59.279999
v 247.000000 5.050000 -64.409996
v 247.189987 5.050000 -64.409996
v 247.569992 5.050000 -63.649998
v 248.709991 5.050000 -63.649998
v 248.899994 5.050000 -64.409996
v 251.369995 5.150000 -64.409996
v 248.709991 5.050000 -65.169998
v 247.569992 5.050000 -65.169998
v 56.049999 5.350000 -197.220001
v 56.430000 5.350000 -196.080002
v 237.119995 5.150000 -39.520000
v 236.169998 5.150000 -39.520000
v 235.979996 5.150000 -42.750000
v 229.899994 5.150000 -42.750000
v 229.899994 5.150000 -44.270000
v 235.789993 5.150000 -44.270000
v 236.169998 5.150000 -44.649998
v 235.029999 6.250000 -39.520000
v 234.839996 6.250000 -41.610001
v 230.659988 6.250000 -41.610001
v 230.470001 6.250000 -39.520000
v 230.279999 6.250000 -39.520000
v 230.279999 6.250000 -41.799999
v 235.220001 6.250000 -41.799999
v 235.220001 6.250000 -39.520000
v 235.220001 6.250000 -45.410000
v 230.279999 6.250000 -45.410000
v 230.279999 6.250000 -49.399998
v 230.470001 6.250000 -49.399998
v 230.659988 6.250000 -45.599998
v 234.839996 6.250000 -45.599998
v 235.029999 6.250000 -49.399998
v 235.220001 6.250000 -49.399998
v 233.889999 5.150000 -39.520000
v 231.610001 5.150000 -39.520000
v 231.610001 5.150000 -40.469997
v 233.889999 5.150000 -40.469997
v 233.889999 5.150000 -46.739998
v 231.610001 5.150000 -46.739998
v 232.179993 5.150000 -49.209999
v 231.799988 5.150000 -47.879997
v 232.179993 5.150000 -47.500000
v 233.319992 5.150000 -47.500000
v 233.699997 5.150000 -48.639999
v 233.129990 5.150000 -49.209999
v 229.330002 5.150000 -42.559998
v 229.330002 5.150000 -39.520000
v 229.330002 5.150000 -44.649998
v 174.419998 5.450000 -250.229996
v 177.080002 5.950000 -251.179993
v 177.080002 5.950000 -251.559998
v 174.989990 5.450000 -252.889999
v 171.949997 5.450000 -254.220001
v 168.529999 5.450000 -256.880005
v 170.809998 5.450000 -247.000000
v 168.149994 5.450000 -248.139999
v 170.050003 5.450000 -252.129990
v 172.519989 5.450000 -250.989990
v 170.619995 5.950000 -253.649994
v 170.239990 5.950000 -253.649994
v 170.239990 5.950000 -254.029999
v 168.339996 5.450000 -252.889999
v 139.459991 5.450000 -256.880005
v 140.410004 5.450000 -256.880005
v 147.250000 5.450000 -249.089996
v 147.250000 5.450000 -248.139999
v 246.429993 5.150000 -51.299999
v 246.429993 5.150000 -52.439999
v 247.000000 5.150000 -53.009998
v 247.000000 5.150000 -52.059998
v 247.000000 5.150000 -51.299999
v 247.000000 5.150000 -51.110001
v 246.429993 5.150000 -56.239998
v 246.809998 5.150000 -54.719997
v 244.720001 5.150000 -52.250000
v 244.720001 5.150000 -50.539997
v 245.860001 5.150000 -49.779999
v 245.479996 5.150000 -49.399998
v 237.879990 5.150000 -58.709999
v 243.199997 5.150000 -58.329998
v 244.149994 5.150000 -58.329998
v 247.000000 5.150000 -56.619999
v 63.459999 5.450000 -59.279999
v 79.040001 5.350000 -29.639999
v 69.159996 5.350000 -29.639999
v 66.689995 5.350000 -39.520000
v 66.689995 5.350000 -49.399998
v 65.739998 5.350000 -39.520000
v 64.029999 5.350000 -39.520000
v 63.840000 5.350000 -39.899998
v 61.559998 5.350000 -39.899998
v 61.369999 5.350000 -40.279999
v 60.419998 5.450000 -40.279999
v 60.419998 5.750000 -41.989998
v 61.180000 5.250000 -41.799999
v 61.559998 5.750000 -43.700001
v 62.509998 5.350000 -43.889999
v 62.320000 5.750000 -46.549999
v 63.270000 5.450000 -46.930000
v 63.270000 6.050000 -47.689999
v 64.409996 5.450000 -47.879997
v 64.409996 5.750000 -49.399998
v 65.739998 5.350000 -49.399998
v 79.040001 5.350000 -237.119995
v 79.040001 5.450000 -240.159988
v 82.839996 5.350000 -240.349991
v 82.839996 5.450000 -246.619995
v 79.040001 5.450000 -246.809998
v 79.040001 5.450000 -247.000000
v 81.129997 5.450000 -242.059998
v 79.040001 5.450000 -242.059998
v 79.040001 5.950000 -245.479996
v 79.989998 5.950000 -245.479996
v 80.180000 5.550000 -244.720001
v 81.129997 5.450000 -244.909988
v 177.839996 5.450000 -266.759979
v 187.720001 5.450000 -266.759979
v -237.119995 6.550000 -379.619995
v -237.689987 6.550000 -379.239990
v -238.069992 6.550000 -379.429993
v -242.629990 6.750000 -385.319977
v -237.119995 7.050000 -385.319977
v -237.119995 7.050000 -384.940002
v -237.119995 7.050000 -383.989990
v -240.919998 11.450000 -375.440002
v -241.299988 11.450000 -375.440002
v -242.819992 11.450000 -375.440002
v -243.959991 11.550000 -375.440002
v -244.339996 11.550000 -375.630005
v -244.339996 11.150000 -376.199982
v -245.289993 10.050000 -376.769989
v -245.289993 9.750000 -377.339996
v -246.049988 8.650000 -378.289978
v -247.000000 7.450000 -378.859985
v -247.000000 7.450000 -384.369995
v -245.860001 7.450000 -383.039978
v -243.959991 7.450000 -383.039978
v -243.769989 7.450000 -384.369995
v -243.389999 7.450000 -384.179993
v -242.629990 7.450000 -383.039978
v -242.819992 7.450000 -381.329987
v -243.389999 7.450000 -381.329987
v -244.149994 7.450000 -382.279999
v -244.909988 7.450000 -382.279999
v -245.479996 7.450000 -381.709991
v -245.479996 7.450000 -381.139984
v -246.049988 7.450000 -380.949982
v -245.860001 7.450000 -380.000000
v -246.239990 7.450000 -379.809998
v -246.239990 7.850000 -379.239990
v -243.580002 11.550000 -376.199982
v -242.629990 11.450000 -376.199982
v -242.250000 11.450000 -377.149994
v -243.959991 11.450000 -379.049988
v -243.769989 11.849999 -380.000000
v -244.149994 11.450000 -380.380005
v -243.199997 11.849999 -380.759979
v -243.009995 11.450000 -380.000000
v -242.059998 11.450000 -380.000000
v -241.679993 11.450000 -379.049988
v -240.539993 11.450000 -378.100006
v -240.729996 11.450000 -376.579987
v -240.349991 11.450000 -376.199982
v -243.959991 7.450000 -378.100006
v -244.720001 7.450000 -379.239990
v -243.959991 7.450000 -378.859985
v -244.720001 11.450000 -380.569977
v -245.099991 11.450000 -380.569977
v -245.099991 11.450000 -380.949982
v -246.619995 6.550000 -375.440002
v -247.000000 6.550000 -375.440002
v -247.000000 6.550000 -375.819977
v 248.899994 6.150000 -221.159988
v 248.709991 5.250000 -219.830002
v 249.659988 5.350000 -219.639999
v 249.659988 5.150000 -218.879990
v 250.610001 5.750000 -217.929993
v 251.369995 6.150000 -217.929993
v 57.189999 5.350000 -217.360001
v 56.049999 5.350000 -217.360001
v 56.239998 5.350000 -217.360001
v 227.239990 5.150000 -19.760000
v 217.360001 5.150000 -19.760000
v 217.360001 5.150000 -23.180000
v 224.580002 5.150000 -23.180000
v 223.819992 6.250000 -24.129999
v 217.360001 6.250000 -24.320000
v 217.360001 6.250000 -24.510000
v 223.440002 6.250000 -24.699999
v 223.250000 6.250000 -28.879999
v 217.360001 6.250000 -28.879999
v 217.360001 6.250000 -29.070000
v 223.819992 6.250000 -29.070000
v 222.489990 5.150000 -25.459999
v 220.399994 5.150000 -25.459999
v 220.399994 5.150000 -26.980000
v 219.449997 5.150000 -26.980000
v 219.069992 5.150000 -26.599998
v 219.259995 5.150000 -25.459999
v 218.309998 5.150000 -25.459999
v 218.309998 5.150000 -27.740000
v 222.489990 5.150000 -27.740000
v 108.680000 5.350000 -247.379990
v 105.259995 5.350000 -248.139999
v 108.680000 5.350000 -248.139999
v 108.680000 5.350000 -250.610001
v 101.839996 5.350000 -250.610001
v 98.799995 5.450000 -256.880005
v 108.680000 5.350000 -256.880005
v 118.559998 5.350000 -9.880000
v 112.860001 5.350000 -9.880000
v 112.860001 5.350000 -13.299999
v 115.899994 5.350000 -13.299999
v 116.089996 5.350000 -14.059999
v 118.559998 5.350000 -14.059999
v 118.559998 5.350000 -16.529999
v 116.089996 5.350000 -16.529999
v 115.899994 5.350000 -16.910000
v 108.680000 5.350000 -16.529999
v 108.869995 5.350000 -9.880000
v 108.680000 5.350000 -9.880000
v 108.680000 5.350000 -14.059999
v 112.479996 5.350000 -14.059999
v 112.479996 5.350000 -13.490000
v 167.959991 5.450000 -257.639984
v 167.959991 5.450000 -266.759979
v 98.799995 5.350000 -19.760000
v 88.919998 5.350000 -19.760000
v 63.459999 5.350000 -226.479996
v 65.169998 5.350000 -226.860001
v 67.830002 5.350000 -221.919998
v 68.209999 5.350000 -221.539993
v 69.159996 5.350000 -221.729996
v 67.260002 5.450000 -227.239990
v 69.159996 5.450000 -227.239990
v 69.159996 5.450000 -224.009995
v 59.279999 5.350000 -226.099991
v 62.509998 5.350000 -226.289993
v 140.599991 5.450000 -258.019989
v 140.029999 5.450000 -258.209991
v 141.169998 5.450000 -261.059998
v 142.119995 5.450000 -261.250000
v 148.199997 5.450000 -261.059998
v 142.309998 5.450000 -262.389984
v 141.929993 5.450000 -262.769989
v 140.979996 5.450000 -262.769989
v 140.979996 5.450000 -266.759979
v 148.199997 5.450000 -266.759979
v 139.270004 5.450000 -258.019989
v 138.319992 5.450000 -266.759979
v 140.599991 5.450000 -262.579987
v 140.599991 5.450000 -261.440002
v 166.059998 5.450000 -260.109985
v 164.919998 5.450000 -262.769989
v 164.539993 5.450000 -266.759979
v 158.080002 5.450000 -259.350006
v 159.220001 5.450000 -258.970001
v 159.599991 5.450000 -259.350006
v 159.599991 5.450000 -260.489990
v 158.459991 5.450000 -260.679993
v 158.080002 5.450000 -260.299988
v 158.080002 5.450000 -262.199982
v 162.259995 5.450000 -262.579987
v 163.209991 5.450000 -259.350006
v 161.879990 5.450000 -264.479980
v 158.080002 5.450000 -264.100006
v 158.080002 5.450000 -266.759979
v 161.690002 5.450000 -266.759979
v 155.419998 5.450000 -266.759979
v 155.800003 5.450000 -262.389984
v 157.319992 5.450000 -264.100006
v 157.319992 5.450000 -266.759979
v 257.449982 5.250000 -59.279999
v 122.930000 5.250000 -9.880000
v 122.930000 5.250000 -13.299999
v 125.969994 5.050000 -13.299999
v 126.159996 5.050000 -14.059999
v 126.159996 5.350000 -16.529999
v 125.969994 5.350000 -16.910000
v 122.549995 5.250000 -14.059999
v 122.549995 5.250000 -13.490000
v -120.839996 20.250000 -375.440002
v -128.440002 18.250000 -375.440002
v -128.440002 18.150000 -380.380005
v -123.879997 19.449999 -380.380005
v -123.879997 19.449999 -379.429993
v -122.549995 19.850000 -377.910004
v -120.839996 20.250000 -377.720001
v -120.839996 20.850000 -378.669983
v -121.979996 20.850000 -378.859985
v -121.979996 20.949999 -379.239990
v -122.930000 20.650000 -379.809998
v -122.930000 19.850000 -381.709991
v -123.879997 19.449999 -381.329987
v -128.440002 18.150000 -385.319977
v -120.839996 20.250000 -385.319977
v -120.839996 20.250000 -382.279999
v -121.790001 20.049999 -382.470001
v -121.979996 20.449999 -381.709991
v -120.839996 21.150000 -380.759979
v 237.119995 6.050000 -236.739990
v 236.169998 5.850000 -236.360001
v 234.649994 5.550000 -237.119995
v 237.119995 6.050000 -237.119995
v 236.360001 6.250000 -233.699997
v 234.839996 6.250000 -231.989990
v 234.269989 6.250000 -231.610001
v 232.179993 5.950000 -231.610001
v 230.659988 5.550000 -233.509995
v 231.039993 5.450000 -234.649994
v 230.089996 5.450000 -235.029999
v 230.089996 5.450000 -237.119995
v 231.799988 5.450000 -237.119995
v 236.739990 6.150000 -234.839996
v 231.799988 5.950000 -231.419998
v 231.419998 6.250000 -229.899994
v 228.190002 6.250000 -228.759995
v 229.330002 5.450000 -234.839996
v 229.330002 5.450000 -233.699997
v 218.690002 5.450000 -239.399994
v 218.500000 5.450000 -240.729996
v 227.239990 5.450000 -239.399994
v 227.239990 5.450000 -240.729996
v 225.720001 5.450000 -247.000000
v 227.239990 5.450000 -246.239990
v 194.559998 5.450000 -249.089996
v 194.369995 5.450000 -250.229996
v 191.330002 5.450000 -254.409988
v 191.330002 5.450000 -254.979996
v 192.470001 5.450000 -255.929993
v 192.470001 5.450000 -256.309998
v 197.599991 5.450000 -253.839996
v 197.599991 5.450000 -255.169998
v 194.179993 5.450000 -256.880005
v 197.599991 5.450000 -256.880005
v 189.809998 5.450000 -248.139999
v 189.050003 5.450000 -253.080002
v 189.809998 5.450000 -253.269989
v 192.089996 5.450000 -249.659988
v 189.239990 5.950000 -254.979996
v 188.860001 5.950000 -254.979996
v 189.050003 5.950000 -255.360001
v 189.050003 5.450000 -256.880005
v 256.880005 5.250000 -50.160000
v 252.319992 5.250000 -50.160000
v 251.369995 5.150000 -50.160000
v 249.279999 6.150000 -50.160000
v 248.899994 6.150000 -50.539997
v 250.799988 5.550000 -52.250000
v 251.179993 5.250000 -53.199997
v 250.229996 5.150000 -55.669998
v 248.139999 5.150000 -56.049999
v 247.949997 5.150000 -56.619999
v 251.369995 5.150000 -53.770000
v 248.709991 5.150000 -53.770000
v 248.139999 5.150000 -53.199997
v 248.139999 5.550000 -52.250000
v 248.709991 5.150000 -54.910000
v 249.659988 5.150000 -53.959999
v 87.400002 5.350000 -29.639999
v 87.400002 5.350000 -33.439999
v 86.830002 5.350000 -33.630001
v 83.409996 5.350000 -29.639999
v 79.040001 5.350000 -33.250000
v 82.839996 5.350000 -33.439999
v 83.409996 5.350000 -33.439999
v 83.409996 5.350000 -37.239998
v 82.650002 5.350000 -37.049999
v 115.899994 5.350000 -250.610001
v 112.479996 5.350000 -248.139999
v 197.599991 5.150000 -9.880000
v 187.720001 5.150000 -9.880000
v 187.720001 5.150000 -10.260000
v 189.239990 5.150000 -10.450000
v 189.239990 5.150000 -16.910000
v 187.720001 5.150000 -17.289999
v 197.599991 5.150000 -17.289999
v 192.849991 5.150000 -17.289999
v 191.330002 5.150000 -16.719999
v 191.330002 5.150000 -10.639999
v 191.709991 5.150000 -10.260000
v 197.599991 5.150000 -10.260000
v 197.599991 6.250000 -11.210000
v 192.470001 6.250000 -11.210000
v 192.470001 6.250000 -16.150000
v 197.599991 6.250000 -16.150000
v 197.599991 6.250000 -15.960000
v 192.849991 6.250000 -15.960000
v 192.659988 6.250000 -11.780000
v 197.599991 6.250000 -11.590000
v 193.800003 5.150000 -12.540000
v 193.800003 5.150000 -14.820000
v 197.599991 5.150000 -14.820000
v 197.599991 5.150000 -12.540000
v 194.750000 5.150000 -12.920000
v 196.080002 5.150000 -12.730000
v 196.269989 5.150000 -14.059999
v 194.940002 5.150000 -14.250000
v 188.099991 6.250000 -11.210000
v 187.720001 6.250000 -11.210000
v 187.720001 6.250000 -11.590000
v 187.720001 6.250000 -15.960000
v 187.720001 6.250000 -16.150000
v 188.099991 6.250000 -16.150000
v 246.809998 5.150000 -40.279999
v 246.239990 5.150000 -40.849998
v 246.239990 5.150000 -41.230000
v 247.000000 5.150000 -41.419998
v 247.000000 5.150000 -40.849998
v 246.049988 6.150000 -43.509998
v 245.289993 6.050000 -42.559998
v 244.720001 5.850000 -42.559998
v 244.529999 5.750000 -43.129997
v 243.769989 5.150000 -42.939999
v 243.769989 5.150000 -41.989998
v 244.529999 5.150000 -41.610001
v 244.529999 5.150000 -40.660000
v 245.289993 5.150000 -39.520000
v 244.339996 5.150000 -39.520000
v 244.149994 5.150000 -40.849998
v 243.009995 5.150000 -40.660000
v 243.009995 5.150000 -39.520000
v 244.909988 5.150000 -48.639999
v 244.720001 5.150000 -47.309998
v 244.339996 5.150000 -47.119999
v 244.339996 5.150000 -46.169998
v 245.669998 5.150000 -45.410000
v 245.479996 5.150000 -45.029999
v 244.529999 5.150000 -44.840000
v 244.529999 5.550000 -44.270000
v 246.049988 6.050000 -44.079998
v 246.809998 6.250000 -45.410000
v 247.000000 6.150000 -44.079998
v 247.000000 6.150000 -43.889999
v 246.809998 6.250000 -45.980000
v 246.239990 6.050000 -46.360001
v 247.000000 6.250000 -46.739998
v 247.000000 6.250000 -45.980000
v 237.119995 5.150000 -29.639999
v 236.739990 5.150000 -29.639999
v 236.549988 5.150000 -30.019999
v 235.409988 5.150000 -30.209999
v 229.330002 5.150000 -30.209999
v 228.000000 5.150000 -30.019999
v 227.809998 5.150000 -29.639999
v 229.519989 5.150000 -34.009998
v 235.979996 5.150000 -34.009998
v 237.119995 5.150000 -39.139999
v 236.360001 5.150000 -38.950001
v 236.360001 5.150000 -36.480000
v 237.119995 5.150000 -36.290001
v 235.220001 6.250000 -34.959999
v 230.279999 6.250000 -34.959999
v 230.659988 6.250000 -35.340000
v 234.839996 6.250000 -35.340000
v 233.889999 5.150000 -36.290001
v 231.610001 5.150000 -36.290001
v 232.179993 5.150000 -38.950001
v 231.799988 5.150000 -38.570000
v 231.799988 5.150000 -37.619999
v 232.179993 5.150000 -37.239998
v 233.129990 5.150000 -37.239998
v 233.509995 5.150000 -37.809998
v 233.319992 5.150000 -38.759998
v 212.039993 5.150000 -23.180000
v 212.229996 5.150000 -24.699999
v 215.839996 5.150000 -24.889999
v 215.839996 5.150000 -23.559999
v 216.220001 5.150000 -23.180000
v 216.979996 6.250000 -24.129999
v 216.979996 6.250000 -29.070000
v 211.089996 6.250000 -24.129999
v 210.899994 6.250000 -24.699999
v 210.899994 6.250000 -28.689999
v 211.089996 6.250000 -29.070000
v 209.949997 5.150000 -25.459999
v 207.860001 5.150000 -26.599998
v 209.000000 5.150000 -26.599998
v 209.190002 5.150000 -27.740000
v 209.949997 5.150000 -27.740000
v 66.500000 5.350000 -50.919998
v 64.220001 5.450000 -50.919998
v 64.029999 5.450000 -51.869999
v 64.409996 5.450000 -53.579998
v 69.159996 5.350000 -53.770000
v 64.220001 5.350000 -55.289997
v 63.459999 5.450000 -55.860001
v 64.599998 5.650000 -49.969997
v 65.739998 5.350000 -49.969997
v 76.189995 5.350000 -217.360001
v 76.189995 5.350000 -218.119995
v 76.949997 5.350000 -218.309998
v 76.949997 5.350000 -219.069992
v 76.189995 5.350000 -219.449997
v 76.379997 5.350000 -221.159988
v 77.330002 5.350000 -221.539993
v 77.330002 5.350000 -222.489990
v 76.000000 5.350000 -222.679993
v 75.809998 5.350000 -222.299988
v 73.529999 5.350000 -224.199997
v 73.909996 5.350000 -225.339996
v 72.769997 5.350000 -227.239990
v 75.809998 5.350000 -221.539993
v 75.619995 5.350000 -219.069992
v 75.619995 5.350000 -218.309998
v 71.059998 5.350000 -217.929993
v 72.389999 5.350000 -217.739990
v 72.769997 5.350000 -218.879990
v 72.389999 5.350000 -219.259995
v 71.439995 5.350000 -219.259995
v 71.059998 5.350000 -218.879990
v 71.439995 5.450000 -225.149994
v 70.299995 5.450000 -227.239990
v 182.779999 5.150000 -9.880000
v 178.409988 5.150000 -10.450000
v 178.409988 5.150000 -16.910000
v 180.500000 5.150000 -17.100000
v 180.309998 5.150000 -10.639999
v 180.690002 5.150000 -10.260000
v 181.449997 6.250000 -11.210000
v 181.449997 6.250000 -16.150000
v 181.830002 6.250000 -15.960000
v 181.639999 6.250000 -11.780000
v 186.769989 5.150000 -12.540000
v 185.059998 5.150000 -12.540000
v 185.059998 5.150000 -14.059999
v 183.729996 5.150000 -14.059999
v 183.729996 5.150000 -12.540000
v 182.779999 5.150000 -12.540000
v 182.779999 5.150000 -14.820000
v 186.769989 5.150000 -14.820000
v 203.110001 5.450000 -247.379990
v 207.479996 5.450000 -249.089996
v 207.479996 5.450000 -250.419998
v 205.389999 5.450000 -256.880005
v 207.479996 5.450000 -255.929993
v 167.959991 5.450000 -276.259979
v 168.339996 5.450000 -276.639984
v 177.269989 5.450000 -276.639984
v 176.129990 5.450000 -276.070007
v 176.319992 5.450000 -274.929993
v 177.839996 5.450000 -274.929993
v 227.239990 5.150000 -9.880000
v 219.830002 5.150000 -9.880000
v 217.360001 5.150000 -9.880000
v 217.360001 5.150000 -10.260000
v 224.580002 5.150000 -10.260000
v 224.769989 5.150000 -15.770000
v 227.239990 5.150000 -15.960000
v 224.580002 5.150000 -17.100000
v 217.360001 5.150000 -17.289999
v 223.819992 6.250000 -11.210000
v 217.360001 6.250000 -11.210000
v 217.360001 6.250000 -11.590000
v 223.440002 6.250000 -11.780000
v 223.250000 6.250000 -15.960000
v 217.360001 6.250000 -15.960000
v 217.360001 6.250000 -16.150000
v 223.819992 6.250000 -16.150000
v 222.489990 5.150000 -12.540000
v 220.209991 5.150000 -12.540000
v 220.209991 5.150000 -12.730000
v 220.970001 5.150000 -13.110000
v 220.970001 5.150000 -13.870000
v 221.349991 5.150000 -14.820000
v 222.489990 5.150000 -14.820000
v 220.779999 5.150000 -14.250000
v 219.639999 5.150000 -14.059999
v 219.639999 5.150000 -12.920000
v 218.309998 5.150000 -12.540000
v 218.309998 5.150000 -14.820000
v 157.129990 5.450000 -266.949982
v 158.080002 5.450000 -266.949982
v 155.610001 5.450000 -268.850006
v 148.199997 5.450000 -276.639984
v 152.949997 5.450000 -276.639984
v 158.080002 5.450000 -273.790009
v 158.080002 5.450000 -269.040009
v 155.610001 5.450000 -276.639984
v 158.080002 5.450000 -276.639984
v 158.080002 5.450000 -275.119995
v 243.009995 6.250000 -246.619995
v 242.439987 6.250000 -246.239990
v 242.439987 6.250000 -246.619995
v 243.389999 6.150000 -247.000000
v 246.429993 6.250000 -247.000000
v 241.299988 6.250000 -246.049988
v 239.209991 6.250000 -245.479996
v 238.259995 6.250000 -244.529999
v 238.449997 6.250000 -242.059998
v 237.119995 5.950000 -242.819992
v 237.119995 5.550000 -247.000000
v 241.110001 6.050000 -247.000000
v 238.069992 6.250000 -237.119995
v 237.119995 5.850000 -241.110001
v 237.689987 5.950000 -240.919998
v 238.069992 6.150000 -239.779999
v 238.449997 6.150000 -239.779999
v 98.799995 5.350000 -9.880000
v 95.949997 5.350000 -9.880000
v 93.099998 5.350000 -9.880000
v 93.099998 5.350000 -13.299999
v 96.139999 5.350000 -13.299999
v 96.329994 5.350000 -14.059999
v 98.799995 5.350000 -14.059999
v 98.799995 5.350000 -16.529999
v 96.329994 5.350000 -16.529999
v 96.139999 5.350000 -16.910000
v 88.919998 5.350000 -16.529999
v 88.919998 5.350000 -9.880000
v 88.919998 5.350000 -14.059999
v 92.720001 5.350000 -14.059999
v 92.720001 5.350000 -13.490000
v -187.720001 7.650000 -454.479980
v -197.599991 7.650000 -454.479980
v -197.599991 7.650000 -458.660004
v -196.459991 7.650000 -459.039978
v -196.649994 7.750000 -459.989990
v -197.599991 7.750000 -459.989990
v -197.599991 7.950000 -463.410004
v -187.720001 7.650000 -463.410004
v -187.720001 7.650000 -460.940002
v -187.720001 7.650000 -459.989990
v -207.479996 6.450000 -424.839996
v -213.940002 6.550000 -424.839996
v -213.940002 6.650000 -427.500000
v -213.559998 6.650000 -427.690002
v -213.559998 6.850000 -428.829987
v -214.699997 7.150000 -429.209991
v -215.649994 7.050000 -432.059998
v -215.649994 7.150000 -432.630005
v -214.699997 6.750000 -432.819977
v -214.509995 6.850000 -434.720001
v -207.479996 6.650000 -434.720001
v -217.360001 6.750000 -424.839996
v -217.360001 7.650000 -431.869995
v -215.839996 7.150000 -431.679993
v -215.269989 7.250000 -428.829987
v -215.269989 7.150000 -427.690002
v -216.599991 8.450000 -434.149994
v -217.360001 8.550000 -433.959991
v -217.360001 8.550000 -434.529999
v -216.220001 8.450000 -434.720001
v -216.220001 8.250000 -433.769989
v 75.619995 5.350000 -237.119995
v 76.379997 5.450000 -240.159988
v 77.900002 5.550000 -242.250000
v 77.900002 5.950000 -241.299988
v 77.139999 5.950000 -241.299988
v 77.330002 5.550000 -242.059998
v 76.379997 5.550000 -242.819992
v 76.189995 5.650000 -244.339996
v 76.189995 5.950000 -245.479996
v 76.379997 5.450000 -247.000000
v 75.049995 5.950000 -241.299988
v 74.860001 5.950000 -242.250000
v 75.239998 5.950000 -242.250000
v 75.239998 5.950000 -244.529999
v 74.860001 5.950000 -244.529999
v 74.860001 5.950000 -245.479996
v 75.239998 5.950000 -245.289993
v 72.389999 5.350000 -237.119995
v 69.159996 5.350000 -237.119995
v 69.159996 5.650000 -247.000000
v 73.339996 5.550000 -247.000000
v 73.909996 5.550000 -245.289993
v 73.909996 5.450000 -240.919998
v 197.599991 5.250000 -0.950000
v 187.720001 5.250000 -0.950000
v 187.720001 5.250000 -6.080000
v 197.599991 5.250000 -6.080000
v 197.599991 5.150000 -7.030000
v 187.720001 5.150000 -7.030000
v 57.189999 5.350000 -226.099991
v 56.239998 5.350000 -226.289993
v 207.479996 5.450000 -257.259979
v 197.599991 5.450000 -262.009979
v 197.599991 5.450000 -264.859985
v 202.349991 5.450000 -265.239990
v 202.539993 5.350000 -266.759979
v 207.479996 4.750000 -266.759979
v 207.479996 5.450000 -258.589996
v 207.479996 5.450000 -257.639984
v 197.599991 5.450000 -260.679993
v 66.879997 5.450000 -227.809998
v 69.159996 5.450000 -228.949997
v 68.589996 5.350000 -231.989990
v 65.360001 5.350000 -230.089996
v 61.750000 5.350000 -228.949997
v 59.279999 5.350000 -228.949997
v 59.279999 5.450000 -237.119995
v 69.159996 5.350000 -232.750000
v 114.189995 5.350000 -256.880005
v 114.189995 5.350000 -261.250000
v 115.139999 5.350000 -260.869995
v 116.659996 5.350000 -262.199982
v 118.559998 5.350000 -262.199982
v 115.709999 5.350000 -263.910004
v 114.570000 5.350000 -263.720001
v 113.619995 5.350000 -262.769989
v 111.909996 5.450000 -264.859985
v 112.290001 5.450000 -265.049988
v 111.909996 5.450000 -266.190002
v 110.959999 5.450000 -265.809998
v 111.149994 5.450000 -264.859985
v 108.869995 5.450000 -264.479980
v 108.680000 5.450000 -265.049988
v 108.680000 5.450000 -266.759979
v 112.479996 5.450000 -266.759979
v 112.860001 5.450000 -265.809998
v 113.430000 5.450000 -265.809998
v 114.000000 5.450000 -266.380005
v 114.949997 5.350000 -264.859985
v 115.709999 5.350000 -264.859985
v 115.899994 5.350000 -265.429993
v 116.659996 5.350000 -265.429993
v 118.559998 5.350000 -266.759979
v 115.709999 5.350000 -266.380005
v 115.329994 5.450000 -266.759979
v 115.899994 5.450000 -266.759979
v 108.680000 5.450000 -262.579987
v 109.250000 5.450000 -262.959991
v 237.119995 5.150000 -19.760000
v 227.809998 5.150000 -23.559999
v 228.190002 5.150000 -23.180000
v 236.549988 5.150000 -23.180000
v 228.949997 6.250000 -29.070000
v 235.599991 6.250000 -29.070000
v 235.599991 6.250000 -24.129999
v 228.949997 6.250000 -24.129999
v 229.330002 6.250000 -28.879999
v 229.330002 6.250000 -24.510000
v 235.220001 6.250000 -24.510000
v 235.220001 6.250000 -28.879999
v 234.269989 5.150000 -25.459999
v 232.369995 5.150000 -25.459999
v 232.369995 5.150000 -25.840000
v 232.750000 5.150000 -26.219999
v 232.750000 5.150000 -27.170000
v 232.369995 5.150000 -27.549999
v 232.559998 5.150000 -27.740000
v 234.269989 5.150000 -27.740000
v 231.039993 5.150000 -27.359999
v 231.039993 5.150000 -26.219999
v 231.419998 5.150000 -25.840000
v 230.279999 5.150000 -25.459999
v 230.279999 5.150000 -27.740000
v 217.360001 5.450000 -252.509995
v 217.360001 4.750000 -256.880005
v 217.739990 4.650000 -256.880005
v 227.239990 4.650000 -252.129990
v 227.239990 5.450000 -247.569992
v 217.360001 5.450000 -249.470001
v 217.739990 5.450000 -250.610001
v 218.309998 5.450000 -250.799988
v 182.970001 5.250000 -0.950000
v 182.970001 5.250000 -6.080000
v 182.970001 5.150000 -7.030000
v 182.019989 5.150000 -0.000000
v 177.839996 5.150000 -0.000000
v 177.839996 5.150000 -8.929999
v 182.019989 5.150000 -8.929999
v 88.919998 5.450000 -255.929993
v 90.629997 5.650000 -256.880005
v 97.470001 5.450000 -256.880005
v 98.229996 5.450000 -256.880005
v 158.080002 5.250000 -0.950000
v 148.199997 5.250000 -0.950000
v 148.199997 5.250000 -6.080000
v 158.080002 5.250000 -5.890000
v 158.080002 5.150000 -7.220000
v 148.199997 4.950000 -7.030000
v 155.229996 5.050000 -9.309999
v 155.800003 5.050000 -9.120000
v 155.800003 5.050000 -7.980000
v 157.129990 5.050000 -8.170000
v 158.080002 5.150000 -7.790000
v 158.080002 5.150000 -8.929999
v 156.750000 5.150000 -8.929999
v 207.479996 5.150000 -9.880000
v 207.479996 5.150000 -10.260000
v 212.229996 5.150000 -10.450000
v 212.229996 5.150000 -15.580000
v 215.839996 5.150000 -15.389999
v 215.839996 5.150000 -10.639999
v 216.220001 5.150000 -10.260000
v 216.979996 6.250000 -11.210000
v 216.979996 6.250000 -16.150000
v 215.839996 5.150000 -16.719999
v 212.039993 5.150000 -17.100000
v 207.479996 5.150000 -17.289999
v 211.089996 6.250000 -11.210000
v 207.479996 6.250000 -11.210000
v 207.479996 6.250000 -11.590000
v 210.899994 6.250000 -11.780000
v 210.899994 6.250000 -15.770000
v 207.479996 6.250000 -15.960000
v 207.479996 6.250000 -16.150000
v 211.089996 6.250000 -16.150000
v 209.949997 5.150000 -12.540000
v 207.479996 5.150000 -12.540000
v 207.479996 5.150000 -13.299999
v 208.619995 5.150000 -13.490000
v 208.619995 5.150000 -14.440000
v 207.479996 5.150000 -14.630000
v 207.479996 5.150000 -14.820000
v 209.949997 5.150000 -14.820000
v 257.259979 6.050000 -210.139999
v 138.319992 5.150000 -0.000000
v 134.330002 5.150000 -0.000000
v 134.520004 4.750000 -6.840000
v 133.569992 4.850000 -7.030000
v 133.569992 4.850000 -8.929999
v 135.849991 4.750000 -8.929999
v 136.610001 4.750000 -8.550000
v 138.319992 4.750000 -8.740000
v 132.619995 4.850000 -7.030000
v 128.440002 5.050000 -7.030000
v 132.619995 5.250000 -0.950000
v 128.440002 5.250000 -0.950000
v 128.440002 5.250000 -6.080000
v 132.619995 5.250000 -6.080000
v 257.449982 5.250000 -50.160000
v 208.429993 5.450000 -256.880005
v 214.699997 5.450000 -247.000000
v 214.509995 5.450000 -247.000000
v 216.979996 5.450000 -251.369995
v 102.979996 5.350000 -9.880000
v 102.979996 5.350000 -13.299999
v 106.019997 5.350000 -13.299999
v 106.209999 5.350000 -14.059999
v 106.209999 5.350000 -16.529999
v 106.019997 5.350000 -16.910000
v 102.599998 5.350000 -14.059999
v 102.599998 5.350000 -13.490000
v 128.440002 5.350000 -260.869995
v 130.529999 5.350000 -260.869995
v 130.720001 5.350000 -260.109985
v 131.669998 5.350000 -260.109985
v 131.860001 5.350000 -261.059998
v 138.319992 5.450000 -261.059998
v 131.669998 5.350000 -261.440002
v 130.720001 5.350000 -261.440002
v 128.440002 5.350000 -266.759979
v 206.720001 5.150000 -9.880000
v 200.259995 5.150000 -10.450000
v 200.259995 5.150000 -15.200000
v 203.300003 5.150000 -15.200000
v 203.300003 5.150000 -10.639999
v 203.679993 5.150000 -10.260000
v 204.440002 6.250000 -11.210000
v 204.440002 6.250000 -16.150000
v 204.629990 6.250000 -15.770000
v 204.629990 6.250000 -11.780000
v 205.769989 5.150000 -12.540000
v 205.769989 5.150000 -14.820000
v 203.679993 5.150000 -17.100000
v 203.300003 5.150000 -16.719999
v 200.069992 5.150000 -17.100000
v 199.119995 6.250000 -11.210000
v 198.929993 6.250000 -11.780000
v 198.929993 6.250000 -15.770000
v 199.119995 6.250000 -16.150000
v 247.000000 5.150000 -34.200001
v 246.429993 5.150000 -34.200001
v 246.239990 5.150000 -33.820000
v 244.909988 5.150000 -34.200001
v 245.289993 5.150000 -34.389999
v 245.099991 5.150000 -36.860001
v 242.819992 5.150000 -36.669998
v 242.819992 5.150000 -34.579998
v 237.119995 5.150000 -34.579998
v 237.879990 5.150000 -36.480000
v 237.879990 5.150000 -38.950001
v 243.009995 5.150000 -38.189999
v 244.149994 5.150000 -38.000000
v 246.239990 5.150000 -38.759998
v 247.000000 5.150000 -38.759998
v 246.239990 5.150000 -29.639999
v 243.009995 5.150000 -34.200001
v 193.419998 5.450000 -257.070007
v 193.419998 5.450000 -257.639984
v 194.940002 5.450000 -260.109985
v 195.509995 5.450000 -261.820007
v 195.889999 5.450000 -262.769989
v 196.080002 5.450000 -264.859985
v 194.750000 5.950000 -266.000000
v 194.559998 5.950000 -266.759979
v 194.750000 5.950000 -266.759979
v 193.229996 5.450000 -263.720001
v 190.569992 5.450000 -258.209991
v 193.419998 5.450000 -266.759979
v 171.759995 5.150000 -0.000000
v 171.949997 5.150000 -6.840000
v 170.619995 5.150000 -7.030000
v 170.619995 5.150000 -8.929999
v 169.669998 5.250000 -0.950000
v 167.959991 5.250000 -0.950000
v 167.959991 5.250000 -6.080000
v 169.669998 5.250000 -6.080000
v 169.669998 5.150000 -7.030000
v 167.959991 5.150000 -7.030000
v 167.959991 5.150000 -9.500000
v 168.529999 5.150000 -9.500000
v 169.669998 5.150000 -9.500000
v 256.880005 5.150000 -39.520000
v 249.279999 5.150000 -39.520000
v 249.279999 5.150000 -39.899998
v 251.179993 5.150000 -41.610001
v 251.179993 5.150000 -43.509998
v 250.799988 5.150000 -44.459999
v 252.129990 5.150000 -45.219997
v 252.699997 5.150000 -46.549999
v 252.699997 5.150000 -47.500000
v 251.559998 5.150000 -48.829998
v 256.880005 5.150000 -48.829998
v 251.750000 6.050000 -46.930000
v 251.369995 6.150000 -46.930000
v 250.989990 6.050000 -47.689999
v 249.470001 5.150000 -45.219997
v 249.470001 5.150000 -45.789997
v 249.849991 5.150000 -45.599998
v 247.949997 5.150000 -41.040001
v 248.330002 5.150000 -42.180000
v 248.330002 5.150000 -40.660000
v 247.759995 6.450000 -46.360001
v 247.759995 6.350000 -46.930000
v 247.379990 5.150000 -48.450001
v 247.379990 5.150000 -49.020000
v 247.759995 5.150000 -48.829998
v -256.880005 9.349999 -454.479980
v -263.339996 9.550000 -454.479980
v -262.959991 9.450000 -454.859985
v -263.339996 8.950000 -456.380005
v -263.339996 8.550000 -460.369995
v -264.479980 8.550000 -462.459991
v -262.199982 8.550000 -462.269989
v -261.250000 8.550000 -461.509979
v -258.970001 8.650000 -461.509979
v -256.880005 8.750000 -460.559998
v -256.880005 8.849999 -462.459991
v -258.399994 8.750000 -463.220001
v -262.389984 8.550000 -463.220001
v -256.880005 8.849999 -463.410004
v -265.049988 9.550000 -455.239990
v -265.619995 10.050000 -454.479980
v -266.759979 10.450000 -454.479980
v -266.759979 8.450000 -462.269989
v -266.190002 8.450000 -461.699982
v -265.809998 8.550000 -459.039978
v -264.859985 8.950000 -457.139984
v 146.110001 5.250000 -0.950000
v 146.110001 5.250000 -6.080000
v 146.110001 4.950000 -7.030000
v 145.160004 5.150000 -0.000000
v 145.160004 4.950000 -8.929999
v 76.379997 5.350000 -227.239990
v 76.379997 5.350000 -227.429993
v 77.139999 5.350000 -227.809998
v 77.139999 5.350000 -228.949997
v 76.000000 5.350000 -229.139999
v 72.199997 5.350000 -231.610001
v 74.290001 5.350000 -234.269989
v 70.869995 5.350000 -230.279999
v 75.430000 5.350000 -228.759995
v 75.430000 5.350000 -227.809998
v 71.059998 5.350000 -234.459991
v 69.540001 5.450000 -228.949997
v 85.689995 5.350000 -19.760000
v 85.689995 5.350000 -23.750000
v 86.259995 5.350000 -23.939999
v 86.259995 5.350000 -27.170000
v 85.689995 5.350000 -27.359999
v 85.689995 5.350000 -29.070000
v 87.209999 5.350000 -29.070000
v 83.409996 5.350000 -19.760000
v 79.040001 5.350000 -19.760000
v 79.040001 5.350000 -23.559999
v 82.839996 5.350000 -23.750000
v 83.409996 5.350000 -23.750000
v 83.409996 5.350000 -27.359999
v 82.650002 5.350000 -27.170000
v 167.389999 5.150000 -7.030000
v 165.679993 5.150000 -7.410000
v 163.399994 5.150000 -7.600000
v 166.059998 5.150000 -8.740000
v 162.069992 5.150000 -7.030000
v 160.169998 5.150000 -7.790000
v 160.550003 5.150000 -8.170000
v 159.029999 5.150000 -8.929999
v 236.169998 5.650000 -242.059998
v 228.569992 5.450000 -247.000000
v 69.159996 5.350000 -19.760000
v 64.029999 5.350000 -19.760000
v 64.029999 5.350000 -29.639999
v 63.079998 5.350000 -19.760000
v 60.799999 5.450000 -19.760000
v 60.419998 5.450000 -20.139999
v 60.230000 5.250000 -23.369999
v 59.469997 5.250000 -24.510000
v 61.180000 5.250000 -24.699999
v 61.369999 5.350000 -25.650000
v 62.320000 5.350000 -25.840000
v 62.509998 5.350000 -29.639999
v 63.079998 5.350000 -29.639999
v -220.970001 7.250000 -424.839996
v -217.360001 7.250000 -416.669983
v -220.589996 7.350000 -414.959991
v -220.970001 7.350000 -414.959991
v -221.539993 7.350000 -416.289978
v -220.779999 7.350000 -415.910004
v -221.729996 7.350000 -416.669983
v -223.059998 7.350000 -416.859985
v -222.299988 7.350000 -417.239990
v -222.299988 7.350000 -417.809998
v -221.539993 7.350000 -417.429993
v -222.299988 7.250000 -424.269989
v -222.679993 7.250000 -424.269989
v -222.869995 7.250000 -424.839996
v -221.729996 7.250000 -424.839996
v -222.110001 7.350000 -420.279999
v -222.679993 7.350000 -420.279999
v -222.869995 7.450000 -420.660004
v -222.489990 7.350000 -421.229980
v -223.440002 7.350000 -416.289978
v -224.389999 7.450000 -416.289978
v -224.199997 7.350000 -417.049988
v -223.059998 7.550000 -419.329987
v -223.819992 7.650000 -419.329987
v -223.440002 7.350000 -419.899994
v -223.059998 7.350000 -419.899994
v -223.819992 12.150000 -424.269989
v -227.239990 12.150000 -422.940002
v -227.239990 12.150000 -424.079987
v -225.339996 12.150000 -424.839996
v -224.009995 12.150000 -424.839996
v -224.389999 8.150000 -418.569977
v -224.769989 8.150000 -418.569977
v -224.769989 8.150000 -418.949982
v -225.720001 7.250000 -415.529999
v -225.720001 7.250000 -414.959991
v -227.239990 7.550000 -414.959991
v -227.239990 7.550000 -417.619995
v -226.479996 7.250000 -417.809998
v -226.479996 7.250000 -418.569977
v -227.239990 7.450000 -418.949982
v -227.239990 7.250000 -420.849976
v -225.339996 7.250000 -416.479980
v -224.580002 7.450000 -416.289978
v -237.119995 8.349999 -405.079987
v -239.970001 8.349999 -405.079987
v -243.389999 8.450000 -414.959991
v -237.119995 8.650000 -414.959991
v -243.199997 8.450000 -407.359985
v -243.769989 8.450000 -407.739990
v -243.580002 8.450000 -408.309998
v -245.099991 8.450000 -406.600006
v -245.669998 8.450000 -406.410004
v -245.479996 8.450000 -405.079987
v -245.669998 8.450000 -405.079987
v -246.049988 8.450000 -406.220001
v -247.000000 8.450000 -406.600006
v -247.000000 8.450000 -408.500000
v -247.000000 8.450000 -409.259979
v -247.000000 8.450000 -410.589996
v -246.619995 8.450000 -410.970001
v -245.669998 8.450000 -410.970001
v -245.099991 8.450000 -410.399994
v -246.239990 8.450000 -409.829987
v -245.860001 8.450000 -407.929993
v -244.909988 8.450000 -407.549988
v -245.289993 8.349999 -413.630005
v -247.000000 8.349999 -413.250000
v -247.000000 8.349999 -414.959991
v -245.289993 8.349999 -414.959991
v 187.720001 5.150000 6.650000
v 177.839996 5.250000 6.650000
v 177.839996 5.150000 3.610000
v 182.779999 5.150000 3.610000
v 185.819992 5.150000 3.610000
v 186.959991 5.150000 3.800000
v 187.339996 5.150000 3.230000
v 187.720001 5.150000 3.230000
v 186.959991 5.150000 2.470000
v 186.009995 5.150000 2.470000
v 182.970001 5.150000 -0.000000
v 187.720001 5.150000 -0.000000
v 182.019989 5.150000 2.660000
v 177.839996 5.150000 2.660000
v -257.829987 2.950000 -296.399994
v -261.440002 3.550000 -296.399994
v -261.250000 3.550000 -297.919983
v -261.820007 3.750000 -298.109985
v -262.009979 3.550000 -302.479980
v -258.399994 2.550000 -304.380005
v -257.259979 2.050000 -306.279999
v -256.880005 2.050000 -306.279999
v -256.880005 2.650000 -298.869995
v -259.350006 2.650000 -305.329987
v -262.009979 3.450000 -303.809998
v -266.759979 4.150000 -303.809998
v -266.759979 4.050000 -306.279999
v -258.779999 2.350000 -306.279999
v -262.389984 3.850000 -297.729980
v -262.769989 3.950000 -296.399994
v -266.190002 4.750000 -296.399994
v -266.759979 4.750000 -298.299988
v -266.759979 4.350000 -302.479980
v 138.319992 5.250000 6.650000
v 128.440002 5.150000 6.650000
v 128.440002 5.150000 -0.000000
v 132.619995 5.150000 -0.000000
v 132.809998 5.150000 3.610000
v 138.319992 5.250000 3.610000
v 138.319992 5.250000 2.660000
v 133.569992 5.150000 2.660000
v 133.569992 5.150000 -0.000000
v 237.119995 5.150000 -9.880000
v 236.360001 5.150000 -9.880000
v 236.360001 5.150000 -10.260000
v 237.119995 5.150000 -10.260000
v 237.119995 5.150000 -17.100000
v 229.139999 5.150000 -17.100000
v 228.949997 5.150000 -12.920000
v 228.190002 5.150000 -12.730000
v 228.190002 5.150000 -9.880000
v 236.360001 6.250000 -15.960000
v 230.659988 6.250000 -15.960000
v 230.279999 6.250000 -15.389999
v 230.089996 6.250000 -12.920000
v 230.089996 6.250000 -16.150000
v 236.739990 6.250000 -16.150000
v 236.739990 6.250000 -12.730000
v 235.220001 5.150000 -12.540000
v 233.509995 5.150000 -12.540000
v 233.889999 5.150000 -12.920000
v 233.699997 5.150000 -14.059999
v 232.559998 5.150000 -14.059999
v 232.369995 5.150000 -12.920000
v 231.229996 5.150000 -12.920000
v 231.229996 5.150000 -14.820000
v 235.409988 5.150000 -14.820000
v 235.029999 5.150000 -9.880000
v 233.509995 5.150000 -9.880000
v 233.509995 5.150000 -10.260000
v 235.029999 5.150000 -10.260000
v 235.029999 6.250000 -11.210000
v 233.509995 6.250000 -11.210000
v 233.509995 6.250000 -11.590000
v 235.029999 6.250000 -11.590000
v 232.369995 5.150000 -9.880000
v 229.709991 5.150000 -9.880000
v 229.709991 5.150000 -10.260000
v 232.369995 5.150000 -10.260000
v 232.369995 6.250000 -11.210000
v 230.089996 6.250000 -11.210000
v 230.089996 6.250000 -11.590000
v 232.179993 6.250000 -11.590000
v 59.279999 5.450000 -247.000000
v 217.360001 5.150000 -0.000000
v 208.619995 5.150000 -0.000000
v 208.809998 5.150000 -6.840000
v 207.479996 5.150000 -7.030000
v 207.479996 5.150000 -8.929999
v 217.360001 5.150000 -8.929999
v 207.860001 5.250000 -0.950000
v 207.479996 5.250000 -0.950000
v 207.479996 5.250000 -6.080000
v 207.860001 5.250000 -6.080000
v 98.799995 5.450000 -257.259979
v 98.040001 5.450000 -258.209991
v 97.470001 5.450000 -258.970001
v 96.900002 5.450000 -260.109985
v 97.089996 5.450000 -261.440002
v 94.049995 5.450000 -266.759979
v 98.799995 5.450000 -266.759979
v 98.799995 5.450000 -258.589996
v 95.949997 5.450000 -259.919983
v 89.680000 5.850000 -258.019989
v 89.680000 5.850000 -257.639984
v 88.919998 5.750000 -257.259979
v 88.919998 5.450000 -263.149994
v 91.769997 5.450000 -264.859985
v 93.099998 5.450000 -265.239990
v 95.379997 5.450000 -260.869995
v 92.339996 5.450000 -266.190002
v 88.919998 5.450000 -264.479980
v 88.919998 5.650000 -266.000000
v 88.919998 5.450000 -266.570007
v 90.250000 5.450000 -266.759979
v 92.150002 5.450000 -266.759979
v 56.049999 5.350000 -229.139999
v 56.049999 5.450000 -237.119995
v 58.329998 5.950000 -227.619995
v 56.430000 5.950000 -227.619995
v 56.430000 5.950000 -228.000000
v 58.329998 5.950000 -228.000000
v 167.959991 5.250000 6.650000
v 167.959991 5.150000 -0.000000
v 169.669998 5.150000 -0.000000
v 169.860001 5.150000 3.610000
v 170.619995 5.150000 2.660000
v 170.619995 5.150000 -0.000000
v 83.599998 5.350000 -9.880000
v 83.599998 5.350000 -11.780000
v 82.650002 5.350000 -11.780000
v 82.459999 5.350000 -10.830000
v 80.939995 5.450000 -9.880000
v 79.419998 5.950000 -10.450000
v 79.040001 6.250000 -11.590000
v 79.989998 6.050000 -11.590000
v 80.369995 5.750000 -11.020000
v 81.320000 5.350000 -11.020000
v 81.699997 5.350000 -11.400000
v 81.699997 5.350000 -12.349999
v 80.939995 5.350000 -12.730000
v 80.559998 5.350000 -13.679999
v 81.889999 5.350000 -13.490000
v 82.459999 5.350000 -11.969999
v 83.979996 5.350000 -11.969999
v 84.739998 5.350000 -12.349999
v 84.549995 5.350000 -13.299999
v 85.879997 5.350000 -13.299999
v 86.070000 5.350000 -14.059999
v 86.070000 5.350000 -16.529999
v 85.689995 5.350000 -16.910000
v 83.409996 5.350000 -16.910000
v 82.459999 5.350000 -16.719999
v 82.459999 5.350000 -14.630000
v 81.509995 5.350000 -14.820000
v 81.320000 5.350000 -15.200000
v 80.369995 5.350000 -15.200000
v 79.040001 5.350000 -14.440000
v 148.199997 5.150000 6.650000
v 141.739990 5.250000 3.610000
v 142.119995 5.250000 4.750000
v 143.069992 5.250000 4.750000
v 143.449997 5.250000 3.610000
v 146.110001 5.150000 3.420000
v 146.110001 5.150000 -0.000000
v 148.199997 5.150000 -0.000000
v 145.160004 5.150000 2.660000
v 197.599991 5.450000 -266.759979
v 196.080002 5.450000 -266.759979
v 196.080002 5.450000 -269.609985
v 197.599991 5.450000 -269.609985
v 195.699997 5.450000 -271.509979
v 194.940002 5.450000 -273.979980
v 193.419998 5.450000 -276.639984
v 197.599991 5.450000 -276.639984
v 197.599991 5.450000 -271.699982
v 187.720001 5.450000 -268.850006
v 188.479996 5.450000 -269.040009
v 187.720001 5.450000 -271.699982
v 187.720001 5.450000 -276.639984
v 189.619995 5.450000 -276.639984
v 191.709991 5.450000 -273.979980
v 193.039993 5.450000 -270.940002
v 108.110001 5.350000 -7.030000
v 107.540001 5.350000 -6.840000
v 107.729996 5.350000 -0.000000
v 98.799995 5.350000 -0.000000
v 98.799995 5.350000 -8.929999
v 108.110001 5.350000 -8.929999
v 119.509995 5.350000 -267.519989
v 119.509995 5.350000 -268.279999
v 118.559998 5.450000 -269.609985
v 118.559998 5.450000 -271.699982
v 120.839996 5.350000 -268.470001
v 122.169998 5.350000 -268.850006
v 124.449997 5.450000 -270.369995
v 125.209999 5.450000 -271.509979
v 128.440002 5.450000 -271.509979
v 123.309998 5.450000 -274.739990
v 122.549995 5.450000 -275.309998
v 121.790001 5.450000 -275.309998
v 121.219994 5.450000 -274.549988
v 118.559998 5.450000 -272.839996
v 118.559998 5.450000 -273.410004
v 123.309998 5.450000 -276.639984
v 128.440002 5.450000 -276.639984
v 122.360001 5.450000 -271.130005
v 121.599998 5.450000 -270.179993
v 121.029999 5.450000 -270.369995
v 120.079994 5.450000 -272.269989
v 121.979996 5.450000 -273.600006
v 122.549995 5.450000 -273.410004
v 122.549995 5.450000 -272.649994
v 123.309998 5.450000 -272.269989
v 123.500000 5.450000 -271.509979
v 118.559998 5.450000 -274.929993
v 118.559998 5.450000 -276.639984
v 121.029999 5.450000 -276.639984
v 158.080002 5.150000 6.650000
v 158.080002 5.150000 -0.000000
v 150.479996 5.150000 6.650000
v 150.860001 5.150000 6.270000
v 150.669998 5.150000 5.320000
v 149.529999 5.150000 5.510000
v 149.910004 5.150000 6.650000
v 208.429993 5.450000 -257.259979
v 208.809998 5.450000 -257.639984
v 208.619995 5.350000 -258.779999
v 208.429993 4.550000 -266.759979
v 211.849991 4.650000 -261.630005
v 217.360001 4.650000 -257.259979
v 206.529999 5.150000 -7.030000
v 206.529999 5.250000 -0.950000
v 206.529999 5.250000 -6.080000
v 79.040001 5.450000 -250.419998
v 79.040001 5.450000 -251.750000
v 79.040001 5.950000 -256.309998
v 79.610001 6.150000 -256.690002
v 79.799995 6.150000 -256.309998
v 81.509995 6.150000 -256.119995
v 81.889999 6.150000 -256.690002
v 83.790001 6.150000 -256.880005
v 87.970001 5.650000 -256.880005
v 118.559998 5.350000 -0.950000
v 109.059998 5.350000 -0.950000
v 109.059998 5.350000 -6.080000
v 118.559998 5.350000 -6.080000
v 118.559998 5.350000 -7.030000
v 109.059998 5.350000 -7.030000
v 107.919998 5.450000 -266.000000
v 107.919998 5.450000 -266.380005
v 105.449997 5.450000 -266.759979
v 106.399994 5.450000 -265.619995
v 107.159996 5.450000 -265.429993
v 108.110001 5.450000 -263.529999
v 245.669998 5.150000 -20.900000
v 245.479996 5.150000 -19.760000
v 246.429993 5.150000 -28.879999
v 247.000000 5.150000 -28.879999
v 247.000000 5.150000 -27.359999
v 246.049988 5.150000 -27.170000
v 246.049988 5.150000 -22.230000
v 247.000000 5.150000 -22.039999
v 247.000000 5.150000 -20.900000
v 180.879990 5.450000 -274.929993
v 181.639999 5.450000 -273.979980
v 182.589996 5.450000 -274.169983
v 182.589996 5.450000 -273.600006
v 183.159988 5.450000 -273.220001
v 184.110001 5.450000 -273.410004
v 185.819992 5.450000 -271.509979
v 186.769989 5.450000 -269.040009
v 186.199997 5.450000 -273.790009
v 184.679993 5.450000 -274.929993
v 184.489990 5.450000 -275.690002
v 183.539993 5.450000 -275.690002
v 182.779999 5.450000 -276.449982
v 180.879990 5.450000 -276.639984
v 143.259995 5.450000 -266.759979
v 143.259995 5.450000 -273.220001
v 143.830002 5.450000 -273.220001
v 144.020004 5.450000 -273.600006
v 148.199997 5.450000 -273.600006
v 143.639999 5.450000 -274.739990
v 142.500000 5.450000 -274.359985
v 142.500000 5.450000 -273.600006
v 138.319992 5.450000 -273.600006
v 138.319992 5.450000 -276.639984
v 142.690002 5.450000 -273.220001
v 64.029999 5.350000 -37.430000
v 66.500000 5.350000 -37.430000
v 65.739998 5.350000 -38.379997
v 64.029999 5.350000 -38.379997
v 62.129997 5.350000 -31.539999
v 62.509998 5.350000 -31.920000
v 62.320000 5.450000 -36.099998
v 62.509998 5.750000 -37.430000
v 63.079998 5.450000 -37.430000
v 63.079998 5.350000 -38.379997
v 62.320000 5.550000 -38.570000
v 62.320000 5.450000 -38.950001
v 63.079998 5.350000 -38.950001
v 229.899994 5.450000 -247.000000
v 229.899994 5.450000 -247.949997
v 230.659988 5.350000 -248.330002
v 230.470001 5.050000 -249.659988
v 230.470001 4.650000 -250.799988
v 233.509995 4.650000 -249.849991
v 235.789993 4.650000 -250.039993
v 237.119995 4.650000 -250.610001
v 237.119995 5.150000 -248.519989
v 236.169998 5.050000 -248.709991
v 235.979996 5.350000 -247.569992
v 237.119995 5.450000 -247.569992
v 229.330002 5.150000 -249.659988
v 228.949997 5.250000 -249.279999
v 228.949997 5.350000 -248.519989
v 164.349991 5.450000 -268.470001
v 165.300003 5.450000 -272.079987
v 166.440002 5.450000 -274.549988
v 162.639999 5.450000 -272.649994
v 164.349991 5.450000 -276.639984
v 161.879990 5.450000 -269.229980
v 162.259995 5.450000 -271.699982
v 162.259995 5.450000 -271.320007
v 161.690002 5.450000 -267.329987
v 258.399994 5.150000 -39.520000
v 258.399994 5.150000 -49.020000
v 133.759995 5.450000 -266.759979
v 133.759995 5.450000 -268.279999
v 134.709991 5.450000 -268.660004
v 134.709991 5.450000 -269.419983
v 133.759995 5.450000 -269.799988
v 133.949997 5.450000 -271.889984
v 134.330002 5.450000 -271.889984
v 134.520004 5.450000 -272.459991
v 138.319992 5.450000 -272.459991
v 134.520004 5.450000 -272.839996
v 133.949997 5.450000 -273.029999
v 133.949997 5.450000 -276.639984
v 133.190002 5.450000 -269.609985
v 133.190002 5.450000 -268.470001
v 128.440002 5.450000 -272.459991
v 133.379990 5.450000 -272.459991
v 133.569992 5.450000 -271.889984
v 133.379990 5.450000 -272.839996
v 256.880005 5.250000 -29.639999
v 252.509995 5.250000 -29.639999
v 252.509995 5.250000 -32.680000
v 253.080002 5.250000 -32.869999
v 253.080002 5.250000 -33.630001
v 252.319992 5.250000 -33.820000
v 252.319992 5.250000 -36.669998
v 256.880005 5.250000 -36.669998
v 256.880005 5.150000 -38.759998
v 251.559998 5.150000 -38.759998
v 251.369995 5.150000 -37.619999
v 249.279999 5.150000 -37.619999
v 251.369995 5.150000 -30.209999
v 247.379990 5.150000 -30.209999
v 247.379990 5.150000 -32.869999
v 251.179993 5.150000 -32.869999
v 251.369995 5.150000 -34.200001
v 249.279999 5.150000 -34.200001
v 249.279999 5.150000 -35.529999
v 248.139999 5.150000 -35.340000
v 248.330002 5.150000 -34.200001
v 248.330002 5.150000 -39.139999
v 248.330002 5.150000 -36.099998
v 249.279999 5.150000 -36.099998
v 249.470001 5.150000 -36.669998
v 251.369995 5.150000 -36.669998
v 207.479996 5.150000 -276.639984
v 197.599991 5.550000 -277.209991
v 207.479996 5.250000 -277.209991
v 112.290001 5.450000 -276.639984
v 112.860001 5.450000 -277.209991
v 118.559998 5.450000 -277.209991
v 110.009995 5.450000 -276.639984
v 108.680000 5.450000 -276.639984
v 108.680000 5.450000 -277.209991
v 110.769997 5.450000 -277.209991
v 247.000000 5.650000 -256.880005
v 243.199997 4.650000 -256.880005
v 243.580002 4.750000 -258.399994
v 243.199997 4.850000 -260.299988
v 243.769989 4.950000 -259.729980
v 244.720001 5.650000 -259.729980
v 244.909988 5.750000 -260.489990
v 244.339996 5.850000 -260.869995
v 244.339996 6.050000 -262.199982
v 240.349991 6.050000 -266.000000
v 240.349991 6.150000 -266.759979
v 243.959991 6.150000 -266.759979
v 247.000000 5.750000 -262.579987
v 245.669998 6.150000 -266.759979
v 247.000000 6.150000 -266.759979
v 247.000000 5.950000 -265.049988
v 239.019989 4.950000 -266.190002
v 238.639999 4.850000 -266.190002
v 238.449997 4.850000 -266.759979
v 239.209991 5.250000 -266.570007
v 257.449982 5.250000 -20.139999
v 256.880005 5.250000 -20.139999
v 257.449982 5.250000 -29.639999
v 67.260002 5.350000 -11.969999
v 67.260002 5.350000 -12.349999
v 68.019997 5.350000 -12.920000
v 68.209999 5.350000 -11.780000
v 69.159996 5.350000 -11.210000
v 69.159996 5.350000 -10.260000
v 68.019997 5.350000 -14.630000
v 66.309998 5.350000 -12.730000
v 64.029999 5.350000 -13.679999
v 69.159996 5.350000 -14.440000
v 66.879997 5.350000 -10.639999
v 67.639999 5.350000 -10.260000
v 67.639999 5.350000 -9.880000
v 65.739998 5.350000 -9.880000
v 61.369999 5.350000 -9.880000
v 61.369999 5.350000 -11.969999
v 62.129997 5.350000 -11.969999
v 64.790001 5.350000 -10.830000
v 63.270000 5.350000 -12.730000
v 61.369999 5.350000 -13.110000
v 62.889999 5.350000 -13.110000
v 63.079998 5.350000 -14.059999
v 61.369999 5.350000 -14.250000
v 61.369999 5.350000 -19.189999
v -120.839996 26.250000 -277.779999
v -128.440002 24.549999 -277.779999
v -128.440002 23.850000 -281.959991
v -126.159996 24.350000 -281.959991
v -125.779999 24.549999 -281.199982
v -125.019997 24.750000 -281.199982
v -124.639999 24.650000 -281.959991
v -120.839996 25.449999 -281.959991
v -124.639999 24.650000 -282.149994
v -124.449997 24.150000 -286.519989
v -120.839996 24.750000 -286.519989
v -124.829994 24.549999 -282.529999
v -125.779999 24.350000 -282.529999
v -128.440002 23.250000 -286.519989
v 217.360001 5.150000 6.650000
v 207.479996 5.150000 6.650000
v 207.479996 5.150000 3.610000
v 217.360001 5.150000 3.610000
v 217.360001 5.150000 2.660000
v 216.599991 5.150000 2.660000
v 216.409988 5.150000 1.710000
v 215.269989 5.150000 1.710000
v 215.080002 5.150000 2.660000
v 207.479996 5.150000 2.660000
v 207.479996 5.150000 -0.000000
v 217.360001 5.150000 0.570000
v 216.789993 5.150000 0.760000
v 216.789993 5.150000 1.710000
v 217.360001 5.150000 1.900000
v 193.039993 5.450000 -277.209991
v 187.720001 5.450000 -277.209991
v 189.239990 5.450000 -277.209991
v 93.290001 5.450000 -266.949982
v 93.099998 5.450000 -267.709991
v 93.860001 5.650000 -267.709991
v 94.049995 5.950000 -268.660004
v 95.000000 6.050000 -268.660004
v 95.570000 5.850000 -269.609985
v 96.139999 5.950000 -269.609985
v 97.279999 5.550000 -270.750000
v 98.799995 5.450000 -271.509979
v 97.279999 5.950000 -271.889984
v 97.279999 5.750000 -273.220001
v 96.519997 6.050000 -273.790009
v 96.709999 6.150000 -276.639984
v 98.799995 5.450000 -276.639984
v 98.799995 5.450000 -272.839996
v 90.439995 5.950000 -268.660004
v 90.820000 5.950000 -268.660004
v 91.389999 5.750000 -268.470001
v 236.549988 5.250000 -2.280000
v 236.549988 5.250000 -0.950000
v 235.789993 5.250000 -1.900000
v 234.459991 5.250000 -2.470000
v 233.699997 5.250000 -2.280000
v 233.699997 5.750000 -1.710000
v 232.939987 5.250000 -1.900000
v 232.179993 5.250000 -0.950000
v 227.239990 5.250000 -0.950000
v 227.239990 5.250000 -6.080000
v 237.119995 5.250000 -6.080000
v 237.119995 5.250000 -2.850000
v 237.119995 5.150000 -7.410000
v 236.360001 5.150000 -7.410000
v 235.029999 5.150000 -7.030000
v 227.239990 5.150000 -7.030000
v 228.190002 5.150000 -8.170000
v 228.569992 5.150000 -7.790000
v 233.129990 5.150000 -7.790000
v 233.509995 5.150000 -8.170000
v 231.989990 5.150000 -8.929999
v 229.519989 5.150000 -8.929999
v 123.879997 5.450000 -277.209991
v 128.440002 5.450000 -277.209991
v 121.979996 5.450000 -277.209991
v 108.680000 5.350000 6.650000
v 101.459999 5.350000 6.650000
v 101.459999 5.350000 5.130000
v 101.459999 5.350000 4.180000
v 100.699997 5.350000 3.990000
v 100.699997 5.350000 3.610000
v 108.680000 5.350000 3.610000
v 108.110001 5.350000 2.660000
v 98.799995 5.350000 2.660000
v 108.110001 5.350000 -0.000000
v 98.799995 5.350000 6.650000
v 98.799995 5.350000 3.610000
v 99.939995 5.350000 4.180000
v 99.939995 5.350000 4.940000
v 100.320000 5.350000 5.320000
v 88.919998 5.350000 -0.950000
v 79.040001 5.350000 -0.950000
v 79.040001 5.350000 -6.080000
v 88.919998 5.350000 -6.080000
v 88.919998 5.350000 -7.030000
v 79.040001 5.350000 -7.030000
v 79.040001 5.350000 -9.309999
v 80.180000 5.350000 -8.550000
v 81.320000 5.350000 -8.550000
v -296.399994 5.050000 -286.519989
v -303.619995 4.650000 -286.519989
v -303.619995 4.850000 -288.040009
v -304.949982 4.950000 -287.470001
v -304.949982 4.750000 -286.519989
v -306.279999 4.550000 -286.519989
v -306.279999 4.550000 -291.459991
v -305.329987 4.650000 -290.509979
v -305.329987 4.950000 -289.369995
v -304.000000 4.850000 -288.799988
v -303.809998 4.550000 -289.559998
v -304.380005 4.550000 -291.269989
v -302.479980 4.850000 -292.600006
v -301.529999 4.950000 -292.600006
v -301.149994 5.150000 -292.979980
v -301.149994 5.350000 -293.739990
v -301.910004 5.350000 -294.119995
v -301.910004 5.750000 -296.399994
v -302.859985 5.050000 -293.739990
v -302.859985 4.850000 -292.790009
v -305.899994 4.550000 -292.979980
v -305.329987 4.750000 -293.739990
v -305.329987 4.950000 -294.500000
v -306.279999 4.550000 -294.690002
v -306.279999 5.150000 -296.399994
v 59.279999 6.050000 -256.500000
v 61.180000 6.150000 -255.549988
v 63.649998 6.050000 -255.929993
v 63.840000 6.050000 -255.549988
v 65.169998 6.150000 -255.169998
v 66.309998 6.150000 -255.169998
v 67.070000 6.050000 -255.739990
v 69.159996 5.550000 -254.029999
v 177.839996 5.450000 -276.639984
v 177.839996 5.450000 -277.209991
v 56.049999 5.450000 -247.000000
v 134.899994 5.450000 -277.209991
v 135.470001 5.450000 -276.829987
v 136.989990 5.450000 -276.829987
v 137.179993 5.450000 -277.209991
v 138.319992 5.450000 -277.209991
v 197.599991 5.150000 6.650000
v 197.599991 5.150000 -0.000000
v 206.529999 5.150000 -0.000000
v 206.529999 5.150000 3.420000
v 247.000000 5.150000 -9.880000
v 243.580002 5.150000 -9.880000
v 243.389999 5.150000 -10.639999
v 242.439987 5.150000 -10.639999
v 242.250000 5.150000 -9.880000
v 241.679993 5.150000 -9.880000
v 241.489990 5.150000 -10.639999
v 240.729996 5.150000 -10.639999
v 240.539993 5.150000 -9.880000
v 240.349991 5.150000 -9.880000
v 240.349991 5.150000 -12.540000
v 238.259995 5.150000 -12.730000
v 238.259995 5.150000 -13.870000
v 240.349991 5.150000 -14.059999
v 240.539993 5.150000 -13.490000
v 242.819992 5.150000 -13.490000
v 243.009995 5.150000 -14.440000
v 243.389999 5.150000 -14.250000
v 243.389999 5.150000 -12.349999
v 244.149994 5.150000 -12.160000
v 244.339996 5.150000 -11.210000
v 245.099991 5.150000 -11.210000
v 245.289993 5.150000 -12.160000
v 244.720001 5.150000 -12.349999
v 244.720001 5.150000 -13.490000
v 247.000000 5.150000 -13.490000
v 247.000000 5.150000 -11.590000
v 245.669998 5.150000 -11.780000
v 245.479996 5.150000 -10.450000
v 246.619995 5.150000 -10.260000
v 247.000000 5.150000 -10.639999
v 244.529999 5.150000 -15.200000
v 243.580002 5.150000 -15.200000
v 243.009995 5.150000 -15.770000
v 243.199997 5.150000 -19.760000
v 246.429993 5.150000 -19.379999
v 246.429993 5.150000 -18.809999
v 247.000000 5.150000 -18.240000
v 247.000000 5.150000 -17.859999
v 247.000000 5.150000 -16.719999
v 242.819992 5.150000 -16.150000
v 240.539993 5.150000 -16.150000
v 238.259995 5.150000 -15.009999
v 237.689987 5.150000 -15.200000
v 237.689987 5.150000 -16.910000
v 238.830002 5.150000 -9.880000
v 237.689987 5.150000 -10.450000
v 237.689987 5.150000 -11.400000
v 239.019989 5.150000 -11.400000
v 210.139999 4.650000 -275.880005
v 209.379990 4.650000 -273.979980
v 208.809998 4.750000 -274.739990
v 209.190002 4.650000 -274.929993
v 209.190002 4.750000 -275.880005
v 208.809998 4.950000 -276.259979
v 208.809998 4.950000 -276.639984
v 210.899994 4.650000 -276.639984
v 208.239990 4.550000 -270.369995
v 207.669998 5.050000 -275.880005
v 207.669998 4.950000 -274.929993
v 202.349991 5.150000 -269.989990
v 207.479996 4.650000 -270.179993
v 202.159988 5.250000 -271.699982
v 200.830002 5.250000 -271.889984
v 201.019989 5.450000 -276.639984
v 200.639999 5.450000 -266.949982
v 200.449997 5.450000 -269.989990
v 76.000000 5.450000 -248.899994
v 75.430000 5.450000 -249.849991
v 74.479996 5.450000 -252.129990
v 73.150002 5.450000 -253.839996
v 73.150002 5.450000 -254.409988
v 74.099998 5.750000 -254.599991
v 75.049995 5.650000 -255.360001
v 76.570000 5.850000 -255.169998
v 74.290001 6.150000 -256.119995
v 72.010002 5.650000 -254.789993
v 71.439995 5.950000 -255.169998
v 71.439995 6.150000 -255.739990
v 72.389999 6.150000 -256.309998
v 69.159996 5.450000 -254.029999
v 71.250000 5.450000 -251.939987
v 73.339996 5.450000 -247.949997
v 117.419998 5.450000 -270.940002
v 116.469994 5.650000 -270.559998
v 116.469994 5.450000 -269.989990
v 117.610001 5.450000 -268.660004
v 117.799995 5.450000 -267.899994
v 115.139999 5.450000 -267.899994
v 114.189995 5.450000 -268.279999
v 114.189995 5.450000 -269.419983
v 113.809998 5.450000 -269.989990
v 115.519997 5.450000 -271.130005
v 116.279999 5.650000 -271.130005
v 116.469994 5.450000 -272.079987
v 117.799995 5.450000 -274.739990
v 117.419998 5.450000 -273.979980
v 113.239998 5.450000 -271.130005
v 112.290001 5.450000 -271.130005
v 111.339996 5.450000 -269.799988
v 108.680000 5.450000 -268.279999
v 108.680000 5.450000 -274.169983
v 109.629997 5.450000 -275.119995
v 113.430000 5.450000 -267.139984
v 112.669998 5.450000 -267.139984
v 112.669998 5.450000 -269.419983
v 108.680000 5.450000 -275.690002
v 148.199997 5.450000 -277.209991
v 117.989998 5.350000 6.080000
v 117.989998 5.350000 6.650000
v 111.720001 5.350000 6.650000
v 111.720001 5.350000 5.320000
v 112.479996 5.350000 5.130000
v 112.479996 5.350000 3.990000
v 112.099998 5.350000 3.800000
v 112.099998 5.350000 -0.000000
v 118.559998 5.350000 -0.000000
v 118.559998 5.350000 5.700000
v 110.959999 5.350000 3.990000
v 110.959999 5.350000 5.130000
v 109.059998 5.350000 3.420000
v 109.059998 5.350000 -0.000000
v 107.349998 5.450000 -267.329987
v 104.879997 5.450000 -271.699982
v 104.689995 5.450000 -272.839996
v 104.309998 5.450000 -272.839996
v 103.360001 5.450000 -274.739990
v 102.409996 5.450000 -274.739990
v 102.790001 5.450000 -273.600006
v 103.549995 5.450000 -272.079987
v 102.790001 5.450000 -271.699982
v 102.790001 5.450000 -270.750000
v 158.080002 5.450000 -277.209991
v 164.919998 5.450000 -277.209991
v 77.900002 5.350000 -13.490000
v 72.199997 5.350000 -13.490000
v 72.010002 5.350000 -14.440000
v 71.439995 5.350000 -15.009999
v 69.919998 5.350000 -15.200000
v 78.089996 5.350000 -9.880000
v 70.489998 5.350000 -9.880000
v 71.629997 5.350000 -11.020000
v 71.250000 5.350000 -12.160000
v 72.199997 5.350000 -12.920000
v 77.709999 5.350000 -10.450000
v 70.110001 5.350000 -12.349999
v 69.349998 5.350000 -12.920000
v 70.110001 5.350000 -13.870000
v 70.680000 5.350000 -13.870000
v 70.869995 5.350000 -13.110000
v 69.729996 5.350000 -11.210000
v 69.919998 5.350000 -10.830000
v 154.470001 5.450000 -277.209991
v 152.190002 5.450000 -277.209991
v 84.549995 6.150000 -257.829987
v 86.259995 6.150000 -258.779999
v 86.259995 6.250000 -260.489990
v 87.019997 6.050000 -260.869995
v 86.830002 5.650000 -262.009979
v 86.449997 5.450000 -262.959991
v 85.689995 5.450000 -263.529999
v 87.019997 5.450000 -263.720001
v 87.209999 5.950000 -264.669983
v 88.159996 5.450000 -264.669983
v 88.349998 5.950000 -265.809998
v 220.019989 5.250000 -0.950000
v 220.019989 5.250000 -6.080000
v 220.019989 5.150000 -7.030000
v 219.069992 5.250000 -0.950000
v 218.690002 5.250000 -0.950000
v 218.690002 5.250000 -6.080000
v 219.069992 5.250000 -6.080000
v 219.069992 5.150000 -7.030000
v 217.739990 5.150000 -6.840000
v 217.929993 5.150000 -0.000000
v 219.069992 5.150000 -8.929999
v 254.599991 5.250000 -19.760000
v 252.319992 5.250000 -19.760000
v 252.319992 5.250000 -23.939999
v 252.889999 5.250000 -24.129999
v 252.889999 5.250000 -25.080000
v 252.319992 5.250000 -25.269999
v 252.319992 5.250000 -25.840000
v 252.889999 5.250000 -26.029999
v 252.889999 5.250000 -26.980000
v 252.319992 5.250000 -27.170000
v 251.179993 5.150000 -19.760000
v 250.419998 5.150000 -20.520000
v 249.279999 5.150000 -20.139999
v 248.519989 5.150000 -21.090000
v 250.610001 5.150000 -22.039999
v 250.989990 5.150000 -22.420000
v 250.989990 5.150000 -26.980000
v 250.610001 5.150000 -27.359999
v 251.369995 5.150000 -28.879999
v 251.369995 5.150000 -19.760000
v 249.849991 5.150000 -23.369999
v 247.189987 5.150000 -23.369999
v 247.379990 5.150000 -26.219999
v 249.849991 5.150000 -26.029999
v 258.399994 5.150000 -38.570000
v 257.449982 5.250000 -36.669998
v 257.449982 5.250000 -37.619999
v 256.880005 5.250000 -37.619999
v 256.880005 5.250000 -37.809998
v 97.659996 5.350000 -0.000000
v 97.849998 5.350000 -6.840000
v 96.709999 5.350000 -7.030000
v 96.709999 5.350000 -8.929999
v 95.759995 5.350000 -7.030000
v 95.759995 5.350000 -0.950000
v 95.759995 5.350000 -6.080000
v 168.529999 5.450000 -277.209991
v 246.429993 5.850000 -249.849991
v 244.720001 5.750000 -249.659988
v 244.529999 5.750000 -249.089996
v 241.489990 5.850000 -247.569992
v 237.119995 5.250000 -248.519989
v 239.779999 4.650000 -252.129990
v 242.059998 4.650000 -254.220001
v 242.819992 4.650000 -255.360001
v 247.000000 5.450000 -255.360001
v 245.479996 5.250000 -254.409988
v 245.289993 5.350000 -253.080002
v 245.669998 5.450000 -252.509995
v 246.619995 6.050000 -252.889999
v 247.000000 6.150000 -252.509995
v 247.000000 5.750000 -250.989990
v 247.000000 5.950000 -248.899994
v 245.860001 5.950000 -248.519989
v 246.619995 6.250000 -247.379990
v 119.509995 5.350000 6.650000
v 119.509995 5.350000 6.080000
v -229.330002 7.450000 -395.199982
v -231.039993 7.750000 -400.709991
v -234.459991 8.150000 -405.079987
v -229.519989 7.750000 -405.079987
v -227.239990 7.450000 -402.039978
v -227.809998 7.550000 -405.079987
v -227.239990 7.550000 -405.079987
v -227.239990 7.450000 -404.319977
v -230.659988 7.450000 -395.199982
v -235.029999 7.750000 -395.199982
v -236.169998 8.050000 -396.149994
v -234.080002 7.750000 -396.529999
v -234.080002 8.050000 -401.279999
v -233.509995 7.950000 -401.660004
v -232.179993 7.850000 -400.139984
v -234.839996 8.150000 -401.850006
v -235.599991 8.150000 -401.660004
v -235.599991 8.550000 -400.899994
v -235.029999 8.650000 -400.709991
v -235.029999 8.650000 -397.289978
v -236.169998 8.550000 -397.289978
v -236.549988 8.150000 -396.529999
v -237.119995 8.250000 -396.529999
v -235.789993 8.250000 -405.079987
v -235.409988 8.250000 -403.940002
v 235.789993 6.150000 -276.639984
v 232.939987 4.850000 -276.639984
v 232.559998 4.750000 -277.209991
v 235.409988 5.950000 -277.209991
v 258.399994 5.450000 -256.880005
v 256.880005 5.350000 -256.880005
v 256.880005 6.150000 -266.759979
v 258.399994 6.150000 -266.759979
v 79.040001 5.350000 6.650000
v 72.199997 5.350000 6.650000
v 71.250000 5.350000 5.700000
v 71.629997 5.350000 4.370000
v 69.729996 5.350000 2.660000
v 70.869995 5.350000 -0.000000
v 79.040001 5.350000 -0.000000
v 70.680000 5.350000 6.650000
v 69.540001 5.350000 6.650000
v 69.349998 5.350000 6.270000
v 69.729996 5.350000 5.890000
v 69.159996 5.350000 4.560000
v 69.159996 5.350000 3.610000
v 69.919998 5.350000 4.370000
v 256.880005 5.150000 -0.570000
v 253.839996 5.150000 -1.520000
v 251.559998 5.150000 -3.420000
v 249.659988 5.150000 -6.840000
v 249.470001 5.150000 -9.880000
v 256.880005 5.150000 -9.880000
v 251.750000 5.150000 -1.710000
v 251.369995 5.150000 -1.710000
v 250.799988 5.150000 -2.660000
v 250.989990 5.150000 -0.000000
v 250.229996 5.150000 -0.000000
v 250.229996 5.150000 -0.760000
v 249.659988 5.150000 -1.330000
v 248.709991 5.150000 -1.330000
v 248.709991 5.150000 -1.900000
v 249.279999 5.150000 -2.470000
v 251.369995 5.150000 -0.380000
v 248.330002 5.150000 -7.030000
v 248.330002 5.150000 -9.880000
v 248.519989 5.150000 -9.880000
v 248.709991 5.150000 -6.840000
v 247.000000 5.250000 -1.710000
v 247.000000 5.250000 -6.080000
v 247.569992 5.250000 -6.080000
v 247.759995 5.250000 -5.700000
v 247.759995 5.250000 -2.280000
v 247.379990 5.150000 -7.030000
v 247.000000 5.150000 -7.030000
v 247.189987 5.150000 -9.880000
v 243.769989 6.250000 -269.609985
v 247.000000 6.250000 -268.279999
v 240.349991 6.150000 -267.139984
v 239.209991 6.150000 -268.089996
v 239.209991 6.150000 -269.229980
v 238.259995 5.950000 -269.989990
v 238.259995 6.250000 -271.130005
v 237.879990 6.250000 -271.509979
v 239.209991 6.250000 -271.130005
v 240.349991 6.250000 -270.179993
v 242.439987 6.250000 -269.799988
v 242.819992 6.150000 -268.470001
v 68.209999 5.350000 -0.000000
v 59.279999 5.350000 -0.000000
v 59.279999 5.350000 -7.790000
v 59.279999 5.550000 -8.550000
v 60.039997 5.450000 -8.550000
v 60.419998 5.850000 -9.690000
v 61.180000 5.350000 -9.500000
v 66.119995 5.350000 -9.880000
v 67.449997 5.350000 -8.360000
v 68.779999 5.350000 -5.700000
v 68.970001 5.350000 -1.900000
v 258.399994 5.150000 -9.880000
v 256.880005 5.150000 -11.780000
v 258.399994 5.150000 -11.969999
v 257.449982 5.250000 -12.730000
v 256.880005 5.250000 -12.730000
v 256.880005 5.250000 -17.859999
v 257.449982 5.250000 -17.859999
v 96.900002 6.050000 -277.209991
v 98.799995 5.450000 -277.209991
v 237.119995 5.150000 6.650000
v 227.239990 5.150000 6.650000
v 227.239990 5.150000 -0.000000
v 231.799988 5.150000 -0.000000
v 231.989990 5.150000 1.520000
v 232.750000 5.150000 2.850000
v 233.889999 5.150000 3.990000
v 235.979996 5.150000 4.750000
v 236.169998 5.150000 5.890000
v 236.929993 5.550000 5.700000
v 236.929993 6.150000 4.180000
v 235.409988 6.150000 3.420000
v 236.739990 6.150000 3.420000
v 237.119995 6.150000 3.040000
v 237.119995 6.050000 3.610000
v 235.409988 5.150000 0.570000
v 235.789993 5.150000 0.570000
v 235.789993 5.150000 1.140000
v -276.639984 20.949999 -454.479980
v -281.579987 20.650000 -454.479980
v -281.579987 19.350000 -461.319977
v -280.630005 19.750000 -461.889984
v -279.489990 19.549999 -463.410004
v -276.639984 19.949999 -463.410004
v -276.639984 20.949999 -454.859985
v -286.519989 21.049999 -454.479980
v -286.519989 21.250000 -457.519989
v -286.519989 21.350000 -458.089996
v -286.519989 21.350000 -458.279999
v -286.519989 21.350000 -459.039978
v -285.380005 20.850000 -459.419983
v -284.809998 20.549999 -460.369995
v -284.809998 20.549999 -461.130005
v -286.519989 21.750000 -461.509979
v -286.519989 22.049999 -463.410004
v -281.579987 18.250000 -463.410004
v -282.149994 18.850000 -461.509979
v 88.919998 5.350000 6.650000
v 79.040001 5.350000 0.760000
v 79.610001 5.350000 0.760000
v 79.989998 5.350000 1.900000
v 80.939995 5.350000 1.900000
v 81.320000 5.350000 1.520000
v 81.129997 5.350000 0.380000
v 81.129997 5.350000 -0.000000
v 88.919998 5.350000 -0.000000
v 79.989998 5.350000 0.380000
v 255.360001 5.350000 -256.880005
v 253.839996 5.550000 -257.829987
v 252.129990 5.750000 -259.729980
v 250.989990 5.750000 -260.299988
v 250.419998 5.750000 -261.250000
v 247.949997 5.750000 -263.339996
v 253.459991 6.150000 -266.759979
v 253.459991 6.050000 -265.809998
v 254.599991 6.050000 -265.809998
v 254.599991 6.150000 -266.759979
v 253.080002 5.750000 -256.880005
v 250.610001 5.750000 -256.880005
v 250.229996 5.750000 -257.639984
v 249.279999 5.750000 -257.639984
v 248.899994 5.750000 -256.880005
v 249.279999 5.750000 -260.679993
v 250.419998 5.750000 -259.160004
v 252.889999 5.750000 -257.449982
v 220.019989 5.150000 3.420000
v 220.019989 5.150000 -0.000000
v 219.069992 5.150000 2.660000
v 218.309998 5.150000 1.520000
v 218.309998 5.150000 0.760000
v 219.069992 5.150000 -0.000000
v 71.439995 5.350000 -0.950000
v 71.439995 5.350000 -6.080000
v 70.680000 5.350000 -7.030000
v 69.729996 5.350000 -8.929999
v 95.759995 5.350000 -0.000000
v 95.759995 5.350000 3.420000
v 96.709999 5.350000 2.660000
v 96.709999 5.350000 -0.000000
v 249.849991 5.150000 -11.969999
v 251.179993 5.150000 -14.440000
v 251.559998 5.150000 -11.780000
v 252.319992 5.250000 -12.730000
v 252.319992 5.250000 -15.580000
v 253.649994 5.250000 -16.719999
v 256.880005 5.250000 -18.809999
v 255.169998 5.250000 -18.619999
v 255.549988 5.250000 -19.000000
v 256.880005 5.250000 -19.000000
v 252.509995 5.250000 -18.619999
v 251.179993 5.150000 -15.960000
v 250.989990 5.150000 -16.340000
v 251.369995 5.150000 -16.340000
v 249.470001 5.150000 -16.340000
v 249.470001 5.150000 -15.960000
v 248.519989 5.150000 -16.910000
v 249.659988 5.150000 -17.100000
v 250.229996 5.150000 -17.670000
v 250.419998 5.150000 -18.809999
v 251.179993 5.150000 -17.859999
v 248.709991 5.150000 -18.430000
v 247.759995 5.150000 -19.000000
v 247.759995 5.150000 -19.760000
v 248.330002 5.150000 -19.760000
v 249.089996 5.150000 -19.000000
v 248.330002 5.150000 -11.590000
v 248.709991 5.150000 -11.969999
v 247.379990 5.150000 -12.160000
v 248.709991 5.150000 -15.200000
v 256.880005 5.950000 -248.519989
v 256.880005 5.350000 -254.029999
v 258.399994 5.450000 -253.080002
v 258.399994 5.750000 -249.659988
v 256.880005 5.350000 -255.739990
v 258.399994 5.350000 -254.599991
v 256.309998 6.250000 -247.000000
v 255.739990 6.250000 -247.000000
v 254.409988 6.250000 -247.949997
v 251.939987 6.250000 -247.949997
v 247.949997 6.250000 -247.189987
v 247.379990 5.850000 -250.419998
v 249.279999 5.850000 -250.229996
v 250.799988 5.850000 -250.989990
v 251.369995 5.750000 -251.559998
v 251.369995 5.750000 -252.129990
v 251.939987 5.650000 -252.129990
v 252.699997 5.450000 -253.080002
v 253.269989 5.450000 -253.080002
v 253.839996 5.350000 -253.649994
v 253.459991 5.550000 -255.549988
v 252.129990 5.750000 -256.309998
v 250.610001 5.750000 -256.309998
v 256.880005 6.050000 -248.519989
v 249.089996 5.450000 -253.839996
v 248.519989 5.450000 -253.839996
v 248.899994 5.450000 -254.220001
v 249.470001 5.450000 -254.220001
v 249.089996 5.750000 -255.739990
v 248.899994 5.750000 -256.309998
v 249.279999 5.750000 -256.119995
v 211.279999 4.650000 -277.209991
v 235.789993 5.850000 -274.739990
v 235.789993 5.550000 -273.790009
v 234.649994 4.850000 -273.979980
v 236.169998 6.050000 -274.929993
v 246.809998 5.250000 -0.950000
v 245.669998 5.250000 -0.950000
v 244.720001 5.250000 -2.090000
v 243.769989 5.250000 -2.470000
v 241.489990 5.250000 -2.090000
v 241.299988 5.250000 -2.660000
v 239.589996 5.250000 -3.990000
v 238.449997 5.250000 -3.990000
v 238.259995 5.250000 -3.420000
v 237.689987 5.250000 -3.420000
v 240.349991 5.150000 -7.030000
v 240.729996 5.150000 -9.500000
v 241.489990 5.150000 -9.500000
v 242.439987 5.150000 -9.500000
v 243.389999 5.150000 -9.500000
v 238.830002 5.150000 -7.600000
v 56.049999 5.750000 -255.549988
v 57.000000 5.950000 -255.169998
v 57.189999 6.150000 -255.549988
v 58.329998 6.150000 -255.739990
v 58.899998 6.050000 -256.690002
v -228.190002 7.750000 -424.839996
v -230.849991 8.349999 -424.839996
v -231.419998 8.550000 -426.549988
v -227.239990 8.550000 -428.069977
v -227.239990 7.550000 -425.220001
v -231.799988 8.550000 -427.690002
v -232.559998 8.550000 -431.489990
v -227.239990 8.550000 -434.529999
v -227.239990 8.550000 -429.589996
v -229.899994 14.450000 -433.199982
v -231.419998 13.849999 -432.630005
v -233.889999 12.750000 -430.919983
v -234.649994 12.750000 -431.489990
v -234.459991 12.950000 -432.250000
v -235.599991 12.750000 -433.199982
v -235.599991 12.950000 -433.959991
v -236.169998 12.849999 -434.720001
v -230.659988 14.549999 -434.720001
v -237.119995 9.050000 -425.410004
v -237.119995 8.650000 -434.720001
v -236.739990 8.550000 -434.720001
v -234.459991 8.650000 -430.729980
v -233.509995 8.550000 -430.729980
v -232.179993 9.150000 -424.839996
v -235.029999 8.750000 -424.839996
v -233.889999 8.650000 -425.599976
v -232.179993 9.150000 -425.789978
v 256.880005 5.150000 6.650000
v 251.559998 5.150000 6.650000
v 251.369995 5.150000 2.280000
v 251.179993 5.150000 1.330000
v 252.319992 5.150000 0.190000
v 254.409988 5.150000 1.330000
v 255.739990 5.150000 1.520000
v 255.739990 5.150000 4.560000
v 256.690002 5.150000 4.750000
v 256.880005 5.150000 6.460000
v 247.000000 5.150000 6.650000
v 247.000000 5.150000 2.660000
v 248.519989 5.150000 2.660000
v 249.279999 5.150000 1.710000
v 250.229996 5.150000 2.090000
v 250.419998 5.150000 2.660000
v 251.179993 5.150000 2.660000
v 250.799988 5.150000 0.380000
v 248.330002 5.150000 1.330000
v 247.759995 5.150000 1.330000
v 247.569992 5.150000 0.950000
v 248.330002 5.150000 -0.000000
v 249.089996 5.150000 0.570000
v 68.209999 5.350000 5.130000
v 68.019997 5.350000 6.460000
v 67.070000 5.350000 5.700000
v 66.689995 5.350000 2.850000
v 64.599998 5.350000 4.370000
v 61.750000 5.350000 5.320000
v 59.279999 5.350000 5.320000
v 66.500000 5.350000 6.650000
v 65.169998 5.350000 6.650000
v 65.930000 5.350000 6.080000
v 258.399994 5.150000 5.320000
v 257.639984 5.150000 5.320000
v 257.639984 5.150000 3.990000
v 258.399994 5.150000 3.990000
v 258.399994 5.150000 2.660000
v 256.880005 5.150000 3.040000
v 256.880005 5.150000 1.900000
v 258.399994 5.150000 1.900000
v 258.399994 5.150000 -0.380000
v 254.409988 6.150000 -267.139984
v 253.649994 6.150000 -267.139984
v 249.659988 6.250000 -267.899994
v 255.929993 6.250000 -268.089996
v 256.880005 6.250000 -267.709991
v 56.049999 5.350000 -0.000000
v 56.049999 5.350000 -8.170000
v 56.619999 5.350000 -7.600000
v 58.329998 5.350000 5.320000
v 56.049999 5.350000 4.370000
v 238.639999 5.150000 6.650000
v 239.209991 5.150000 5.890000
v 241.110001 5.150000 5.510000
v 241.299988 5.150000 5.130000
v 243.389999 5.150000 5.130000
v 243.959991 5.150000 4.370000
v 246.049988 5.150000 3.800000
v 245.479996 5.150000 2.280000
v 244.720001 5.150000 2.660000
v 244.339996 5.150000 1.710000
v 243.959991 5.150000 1.710000
v 243.389999 5.150000 -0.000000
v 244.909988 5.150000 -0.000000
v 245.289993 5.150000 0.760000
v 242.629990 5.650000 4.370000
v 242.059998 6.050000 2.470000
v 242.629990 6.050000 2.660000
v 243.199997 5.950000 3.610000
v 240.729996 5.150000 3.800000
v 239.970001 5.150000 4.180000
v 239.589996 5.150000 4.180000
v 239.589996 5.150000 3.230000
v 239.019989 5.150000 2.470000
v 240.729996 5.150000 3.040000
v 237.689987 5.650000 5.890000
v 237.879990 5.150000 6.650000
v 237.119995 5.950000 3.610000
v 238.449997 5.950000 5.510000
v 258.399994 6.250000 -267.899994
v 258.019989 6.250000 -276.639984
v 258.399994 6.150000 -276.639984
v 258.399994 6.250000 -274.929993
v -138.319992 21.650000 -277.779999
v -148.199997 18.350000 -277.779999
v -148.199997 17.549999 -286.519989
v -146.489990 18.049999 -286.519989
v -145.919998 18.350000 -285.759979
v -145.160004 18.650000 -285.759979
v -144.589996 18.650000 -286.519989
v -138.319992 20.650000 -286.519989
v -138.319992 21.049999 -282.529999
v -138.319992 21.250000 -281.199982
v -158.080002 14.750000 -277.779999
v -158.080002 14.049999 -286.519989
v -128.440002 19.850000 -316.160004
v -137.750000 16.049999 -316.160004
v -137.750000 15.750000 -316.729980
v -136.989990 16.350000 -316.729980
v -136.800003 16.350000 -317.299988
v -136.419998 16.750000 -316.919983
v -135.660004 17.250000 -317.109985
v -135.660004 17.150000 -322.049988
v -130.149994 18.750000 -322.239990
v -129.580002 19.350000 -318.059998
v -128.440002 19.750000 -317.489990
v -129.009995 21.049999 -320.529999
v -129.009995 21.150000 -321.289978
v -128.440002 21.250000 -321.859985
v -128.440002 20.850000 -319.009979
v -129.580002 18.850000 -325.089996
v -129.580002 18.750000 -324.519989
v -129.959991 18.750000 -324.329987
v -136.800003 16.449999 -323.000000
v -136.800003 16.250000 -325.279999
v -137.369995 15.650000 -326.039978
v -128.440002 19.049999 -326.039978
v -128.440002 19.049999 -325.850006
v -128.440002 18.549999 -335.919983
v -131.860001 17.549999 -335.919983
v -131.669998 17.549999 -337.059998
v -132.619995 16.750000 -338.009979
v -133.190002 16.350000 -338.009979
v -133.379990 16.449999 -336.869995
v -132.429993 17.049999 -335.919983
v -138.319992 15.250000 -335.919983
v -138.319992 15.250000 -336.109985
v -137.750000 15.750000 -336.299988
v -137.750000 15.950000 -338.199982
v -138.319992 15.349999 -338.769989
v -138.319992 15.150000 -344.089996
v -135.849991 16.049999 -344.470001
v -136.039993 15.950000 -345.419983
v -138.319992 15.250000 -345.229980
v -138.319992 15.250000 -345.799988
v -128.440002 18.250000 -345.799988
v -139.459991 12.349999 -319.199982
v -140.220001 12.450000 -319.009979
v -140.410004 13.049999 -317.299988
v -143.069992 12.450000 -317.299988
v -143.259995 13.349999 -316.160004
v -148.199997 12.250000 -316.160004
v -148.199997 12.050000 -320.529999
v -140.410004 12.050000 -320.910004
v -140.599991 12.050000 -326.039978
v -140.410004 12.050000 -326.039978
v -140.220001 12.050000 -323.570007
v -139.459991 12.150000 -322.809998
v -141.929993 14.150000 -322.049988
v -142.119995 14.150000 -323.190002
v -141.739990 14.150000 -323.000000
v -142.119995 14.150000 -324.329987
v -142.309998 14.150000 -325.660004
v -141.929993 14.150000 -325.660004
v -144.020004 12.050000 -323.570007
v -143.639999 12.349999 -324.329987
v -143.259995 12.050000 -323.380005
v -144.399994 12.050000 -324.709991
v -144.779999 12.250000 -324.709991
v -144.779999 12.250000 -325.279999
v -144.209991 12.349999 -325.279999
v -146.869995 12.050000 -324.139984
v -148.009995 12.050000 -324.329987
v -147.250000 12.050000 -325.279999
v -147.440002 12.050000 -326.039978
v -147.059998 12.050000 -326.039978
v -137.750000 15.250000 -326.229980
v -137.750000 14.950000 -328.130005
v -138.319992 14.549999 -328.699982
v -132.429993 17.250000 -335.919983
v -162.259995 13.250000 -277.779999
v -162.259995 12.950000 -281.959991
v -161.879990 13.049999 -281.959991
v -161.690002 13.150000 -282.529999
v -158.080002 14.349999 -282.529999
v -161.690002 13.049999 -282.910004
v -162.259995 12.849999 -283.100006
v -162.259995 12.550000 -286.519989
v -167.959991 13.549999 -277.779999
v -167.959991 11.250000 -281.769989
v -162.639999 12.849999 -281.959991
v -162.830002 12.650000 -282.910004
v -167.959991 10.750000 -286.519989
v -148.389999 12.150000 -316.160004
v -151.050003 12.849999 -316.160004
v -155.800003 11.450000 -316.160004
v -155.800003 11.349999 -320.149994
v -153.519989 12.050000 -320.529999
v -153.330002 12.050000 -320.149994
v -152.379990 12.050000 -320.149994
v -148.199997 12.150000 -316.160004
v -150.289993 12.050000 -323.570007
v -151.429993 12.050000 -323.949982
v -151.619995 12.050000 -326.039978
v -150.669998 12.050000 -326.039978
v -150.289993 12.050000 -324.329987
v -148.389999 12.050000 -324.139984
v -158.080002 10.050000 -322.619995
v -158.080002 10.750000 -324.899994
v -157.699997 11.250000 -325.279999
v -156.940002 11.750000 -325.089996
v -156.750000 12.050000 -326.039978
v -153.899994 12.050000 -326.039978
v -177.839996 13.150000 -277.779999
v -177.839996 10.349999 -282.149994
v -176.509995 10.349999 -282.339996
v -176.509995 9.650000 -283.290009
v -176.889999 9.250000 -283.669983
v -177.839996 9.150000 -283.479980
v -177.839996 7.750000 -286.519989
v -138.699997 14.250000 -328.889984
v -138.699997 14.750000 -332.119995
v -139.649994 14.049999 -332.880005
v -139.649994 14.150000 -334.209991
v -140.410004 13.549999 -334.779999
v -139.649994 14.150000 -335.160004
v -139.649994 14.250000 -335.919983
v -139.459991 14.349999 -335.919983
v -138.889999 14.750000 -335.919983
v -140.599991 12.050000 -328.320007
v -141.360001 12.050000 -328.509979
v -141.360001 12.050000 -329.079987
v -140.789993 12.150000 -329.269989
v -140.979996 12.450000 -330.220001
v -143.830002 12.050000 -329.649994
v -143.830002 12.050000 -327.940002
v -145.160004 12.050000 -328.320007
v -145.160004 12.050000 -328.699982
v -144.589996 12.050000 -328.889984
v -144.589996 12.050000 -329.839996
v -145.539993 12.050000 -330.029999
v -145.919998 12.050000 -331.739990
v -145.539993 12.450000 -331.929993
v -145.729996 12.349999 -332.880005
v -143.069992 12.550000 -332.880005
v -142.690002 12.550000 -333.829987
v -141.360001 12.550000 -334.209991
v -141.360001 12.550000 -332.880005
v -140.220001 13.150000 -331.929993
v -142.690002 12.849999 -328.509979
v -142.879990 12.849999 -328.889984
v -142.309998 12.849999 -328.889984
v -143.830002 12.550000 -334.589996
v -146.110001 12.550000 -334.589996
v -146.300003 12.650000 -335.919983
v -144.209991 12.750000 -335.919983
v -147.440002 12.050000 -327.369995
v -147.629990 12.050000 -328.509979
v -148.199997 12.050000 -328.699982
v -148.199997 12.050000 -335.919983
v -147.250000 12.150000 -335.919983
v -146.869995 12.050000 -331.929993
v -146.110001 12.050000 -329.839996
v -146.110001 12.050000 -328.889984
v -147.440002 12.050000 -326.799988
v -146.110001 12.050000 -326.609985
v -148.199997 15.950000 -327.559998
v -148.199997 15.349999 -329.649994
v -141.739990 15.349999 -330.029999
v -141.550003 15.849999 -328.130005
v -167.959991 9.950000 -296.399994
v -173.470001 8.349999 -296.399994
v -173.470001 8.250000 -299.630005
v -172.709991 8.450000 -299.820007
v -172.709991 8.349999 -301.149994
v -171.949997 8.550000 -300.959991
v -171.759995 8.550000 -301.720001
v -170.809998 8.849999 -301.910004
v -170.809998 7.950000 -306.279999
v -167.959991 8.950000 -306.279999
v -172.330002 7.150000 -303.239990
v -173.279999 6.750000 -303.049988
v -173.279999 7.150000 -302.289978
v -174.229996 6.650000 -302.289978
v -174.419998 6.750000 -301.339996
v -174.989990 6.650000 -301.339996
v -175.179993 6.950000 -300.769989
v -177.839996 7.150000 -300.769989
v -177.839996 6.650000 -305.899994
v -176.889999 6.650000 -304.949982
v -175.179993 6.650000 -304.190002
v -172.330002 6.650000 -304.570007
v -172.330002 6.650000 -305.709991
v -174.610001 6.650000 -305.329987
v -174.229996 6.650000 -306.279999
v -172.330002 6.650000 -306.279999
v -177.839996 7.250000 -296.399994
v -174.039993 8.050000 -299.630005
v -120.839996 20.449999 -355.679993
v -128.440002 18.250000 -355.679993
v -128.440002 18.350000 -365.559998
v -120.839996 20.350000 -365.559998
v -148.770004 12.050000 -328.130005
v -149.720001 12.050000 -328.130005
v -149.910004 12.050000 -327.559998
v -150.479996 12.050000 -327.559998
v -150.289993 12.050000 -328.699982
v -150.099991 12.050000 -328.889984
v -149.910004 12.050000 -328.509979
v -148.770004 12.050000 -328.509979
v -148.580002 12.050000 -329.649994
v -148.199997 12.050000 -329.649994
v -149.910004 11.950000 -329.839996
v -150.669998 12.050000 -328.889984
v -150.669998 11.950000 -329.459991
v -152.000000 11.950000 -330.410004
v -151.809998 11.849999 -331.359985
v -150.669998 11.849999 -331.549988
v -150.289993 11.650000 -335.919983
v -151.429993 12.050000 -327.369995
v -152.379990 12.050000 -327.369995
v -152.000000 12.050000 -327.940002
v -151.619995 12.050000 -327.940002
v -151.619995 11.550000 -334.019989
v -152.000000 11.550000 -333.639984
v -155.610001 12.050000 -330.410004
v -155.989990 12.050000 -330.029999
v -155.989990 12.050000 -328.320007
v -155.610001 12.050000 -327.750000
v -153.709991 12.050000 -327.750000
v -157.699997 12.050000 -326.989990
v -157.699997 11.550000 -329.649994
v -156.750000 12.050000 -329.839996
v -156.750000 11.950000 -330.789978
v -155.989990 12.050000 -330.789978
v -155.800003 11.849999 -331.739990
v -154.279999 12.050000 -331.739990
v -154.089996 11.550000 -332.690002
v -154.849991 10.849999 -333.259979
v -157.129990 10.150000 -333.259979
v -157.319992 10.050000 -332.500000
v -158.080002 9.950000 -332.309998
v -158.080002 9.650000 -335.919983
v -151.619995 11.450000 -335.919983
v -153.709991 13.150000 -328.699982
v -155.039993 13.450000 -328.699982
v -155.039993 13.450000 -329.459991
v -153.709991 13.150000 -329.459991
v -152.759995 15.849999 -327.369995
v -152.949997 15.650000 -328.130005
v -152.949997 15.349999 -329.459991
v -138.319992 15.250000 -355.679993
v -158.080002 12.050000 -306.279999
v -167.959991 8.849999 -306.660004
v -165.869995 9.550000 -306.660004
v -165.679993 8.849999 -307.799988
v -164.919998 8.950000 -307.799988
v -164.729996 8.349999 -308.750000
v -161.879990 9.750000 -308.750000
v -161.690002 9.250000 -309.699982
v -159.979996 10.550000 -309.699982
v -159.789993 9.750000 -311.789978
v -158.839996 10.450000 -311.789978
v -158.649994 10.250000 -312.739990
v -158.080002 10.650000 -312.739990
v -160.360001 6.850000 -315.209991
v -161.119995 6.850000 -315.209991
v -161.309998 6.850000 -314.259979
v -162.259995 6.850000 -314.070007
v -162.259995 7.150000 -311.789978
v -163.209991 6.850000 -311.789978
v -163.209991 7.550000 -310.269989
v -166.059998 6.850000 -310.269989
v -166.250000 6.850000 -309.509979
v -167.199997 6.850000 -309.130005
v -167.199997 7.250000 -308.369995
v -167.959991 7.050000 -308.369995
v -167.959991 6.850000 -312.549988
v -161.879990 6.850000 -315.209991
v -161.690002 6.850000 -316.160004
v -160.360001 6.850000 -316.160004
v -161.879990 11.150000 -315.209991
v -166.250000 12.849999 -313.500000
v -166.629990 12.849999 -314.449982
v -165.110001 12.250000 -314.449982
v -164.729996 12.050000 -314.829987
v -164.919998 11.950000 -316.160004
v -162.259995 11.150000 -316.160004
v -161.879990 11.050000 -316.160004
v -167.009995 6.850000 -314.259979
v -167.580002 6.850000 -314.259979
v -167.959991 6.850000 -315.209991
v -167.959991 6.850000 -315.399994
v -167.580002 6.850000 -315.589996
v -167.389999 12.849999 -315.589996
v -167.389999 12.849999 -316.160004
v -167.009995 12.750000 -316.160004
v -167.009995 12.849999 -315.399994
v -138.699997 14.950000 -336.299988
v -139.270004 14.650000 -338.769989
v -139.270004 14.349999 -337.820007
v -140.220001 13.849999 -338.009979
v -140.599991 13.250000 -336.869995
v -141.169998 13.150000 -337.059998
v -141.169998 13.450000 -337.630005
v -141.550003 13.349999 -337.820007
v -140.789993 13.750000 -338.199982
v -140.789993 13.950000 -338.769989
v -141.550003 13.750000 -339.339996
v -141.550003 14.150000 -343.519989
v -138.319992 15.250000 -338.769989
v -140.789993 14.349999 -344.660004
v -147.629990 12.349999 -344.089996
v -148.199997 12.150000 -343.709991
v -148.199997 12.150000 -345.799988
v -147.440002 12.550000 -338.579987
v -147.629990 12.349999 -337.440002
v -148.199997 12.250000 -343.139984
v -145.729996 12.950000 -342.949982
v -146.300003 12.650000 -337.630005
v -144.209991 12.750000 -337.820007
v -138.319992 15.150000 -365.559998
v -134.520004 16.350000 -365.559998
v -134.139999 16.549999 -364.989990
v -133.379990 16.750000 -364.989990
v -133.000000 16.850000 -365.559998
v -150.669998 11.550000 -338.199982
v -158.080002 9.550000 -337.440002
v -158.080002 9.250000 -345.799988
v -151.619995 11.349999 -335.919983
v -158.080002 9.650000 -336.299988
v -151.619995 11.349999 -337.059998
v -147.059998 12.450000 -349.979980
v -148.199997 12.050000 -350.169983
v -148.199997 12.050000 -355.679993
v -148.199997 12.150000 -348.649994
v -147.059998 12.450000 -349.029999
v -146.679993 12.550000 -351.119995
v -146.489990 12.550000 -352.259979
v -147.629990 12.250000 -352.449982
v -147.819992 12.150000 -351.500000
v -177.839996 7.650000 -286.519989
v -187.720001 6.150000 -286.519989
v -187.720001 5.450000 -290.509979
v -186.769989 5.450000 -290.889984
v -186.769989 5.550000 -291.649994
v -187.720001 5.350000 -292.029999
v -187.720001 5.450000 -296.399994
v -171.569992 7.050000 -307.039978
v -172.330002 6.650000 -306.850006
v -173.279999 6.850000 -310.079987
v -170.050003 6.850000 -308.369995
v -170.239990 7.250000 -307.609985
v -169.099991 8.450000 -306.660004
v -168.529999 10.950000 -315.019989
v -169.669998 10.950000 -314.639984
v -169.669998 10.950000 -313.880005
v -168.910004 10.950000 -313.309998
v -169.860001 11.050000 -312.929993
v -170.429993 11.050000 -313.119995
v -170.619995 10.950000 -314.449982
v -171.379990 10.950000 -315.589996
v -173.279999 10.950000 -314.829987
v -173.660004 10.950000 -315.019989
v -172.899994 10.950000 -315.399994
v -172.709991 10.950000 -316.160004
v -168.149994 10.950000 -316.160004
v -171.569992 6.850000 -313.309998
v -171.000000 6.850000 -313.880005
v -170.619995 6.850000 -312.929993
v -173.849991 6.850000 -310.649994
v -175.369995 6.650000 -310.649994
v -176.509995 6.650000 -306.470001
v -177.839996 6.650000 -307.799988
v -177.839996 6.850000 -316.160004
v -176.319992 6.850000 -316.160004
v -170.429993 6.850000 -314.639984
v -170.809998 6.850000 -314.829987
v -171.000000 6.850000 -315.970001
v -172.709991 6.850000 -315.779999
v -173.470001 6.850000 -316.160004
v -170.239990 6.850000 -316.160004
v -169.860001 6.850000 -315.019989
v -172.519989 9.050000 -312.359985
v -172.519989 8.950000 -311.789978
v -172.899994 8.950000 -311.789978
v -174.039993 7.850000 -314.259979
v -174.039993 7.250000 -315.209991
v -174.419998 6.850000 -315.589996
v -173.849991 6.850000 -315.779999
v -172.899994 8.550000 -314.070007
v -172.899994 9.050000 -313.119995
v -171.759995 9.650000 -312.929993
v -186.009995 12.050000 -277.779999
v -185.819992 11.650000 -278.540009
v -186.199997 11.450000 -278.729980
v -186.199997 10.950000 -279.679993
v -186.769989 10.650000 -279.869995
v -187.720001 9.349999 -281.769989
v -177.839996 9.349999 -283.479980
v -187.149994 11.849999 -277.779999
v -187.720001 11.849999 -277.779999
v -187.720001 10.950000 -279.299988
v -159.029999 9.450000 -323.000000
v -159.220001 8.750000 -322.239990
v -159.979996 8.349999 -322.049988
v -159.979996 7.450000 -320.529999
v -159.410004 7.250000 -320.149994
v -159.410004 7.050000 -317.299988
v -160.360001 6.850000 -317.109985
v -164.349991 6.850000 -321.669983
v -164.349991 6.850000 -322.049988
v -163.399994 7.050000 -322.619995
v -163.399994 7.150000 -323.570007
v -164.539993 6.950000 -326.039978
v -162.830002 7.450000 -326.039978
v -161.690002 8.150000 -325.470001
v -162.069992 7.850000 -324.519989
v -161.500000 8.050000 -323.949982
v -160.929993 8.550000 -323.949982
v -160.739990 9.150000 -326.039978
v -159.029999 10.150000 -326.039978
v -159.029999 10.250000 -325.470001
v -165.300003 12.050000 -316.729980
v -167.959991 12.849999 -317.489990
v -167.959991 11.550000 -326.039978
v -166.629990 11.150000 -326.039978
v -165.489990 11.250000 -323.000000
v -164.729996 11.050000 -322.429993
v -164.919998 11.150000 -321.669983
v -163.970001 11.050000 -320.529999
v -163.970001 11.250000 -319.769989
v -163.399994 11.050000 -319.199982
v -163.399994 11.250000 -318.440002
v -162.830002 11.050000 -318.059998
v -162.830002 11.250000 -317.109985
v -164.539993 8.250000 -323.000000
v -165.110001 8.250000 -323.380005
v -165.300003 8.250000 -324.899994
v -163.399994 6.850000 -316.160004
v -164.539993 6.850000 -316.160004
v -164.729996 6.850000 -316.919983
v -163.399994 6.850000 -316.729980
v -164.539993 7.050000 -318.250000
v -164.539993 7.350000 -319.009979
v -163.970001 7.350000 -317.869995
v -164.919998 6.850000 -317.299988
v -166.440002 6.850000 -317.109985
v -167.580002 6.850000 -316.350006
v -167.959991 6.850000 -317.109985
v -167.959991 6.850000 -319.199982
v -167.959991 6.850000 -320.149994
v -167.959991 6.850000 -321.289978
v -167.389999 6.850000 -322.049988
v -166.629990 6.850000 -321.859985
v -165.869995 6.850000 -322.239990
v -165.489990 6.850000 -321.100006
v -166.059998 6.850000 -320.529999
v -166.059998 6.850000 -319.769989
v -165.679993 6.850000 -319.579987
v -165.679993 6.850000 -318.630005
v -167.959991 6.850000 -322.619995
v -167.959991 6.850000 -323.759979
v -167.389999 6.850000 -322.429993
v -197.599991 8.950000 -277.779999
v -197.599991 9.550000 -284.049988
v -196.080002 8.950000 -283.859985
v -193.989990 8.750000 -282.910004
v -190.569992 8.849999 -282.339996
v -188.479996 9.849999 -280.820007
v -189.809998 8.050000 -283.669983
v -197.599991 9.250000 -285.380005
v -197.599991 8.750000 -286.519989
v -187.720001 9.150000 -281.769989
v -188.099991 20.350000 -277.779999
v -197.599991 21.549999 -277.779999
v -197.599991 20.650000 -282.720001
v -191.899994 20.449999 -281.959991
v -189.619995 20.250000 -280.820007
v -188.289993 20.250000 -279.109985
v -170.239990 12.849999 -321.859985
v -170.809998 12.750000 -323.759979
v -171.190002 12.849999 -323.949982
v -171.759995 12.750000 -326.039978
v -172.139999 6.850000 -320.720001
v -172.709991 6.850000 -320.720001
v -174.989990 6.850000 -326.039978
v -172.139999 6.850000 -326.039978
v -170.239990 6.850000 -321.669983
v -175.179993 6.850000 -321.289978
v -174.800003 6.850000 -319.199982
v -175.940002 6.850000 -320.910004
v -176.699997 6.850000 -323.380005
v -177.459991 6.850000 -324.139984
v -177.839996 6.850000 -325.279999
v -177.839996 6.850000 -325.850006
v -176.509995 7.250000 -326.039978
v -175.750000 7.250000 -324.519989
v -176.129990 6.850000 -323.000000
v -174.989990 6.850000 -322.809998
v -174.610001 6.850000 -322.049988
v -177.839996 6.850000 -319.389984
v -169.479996 6.850000 -320.149994
v -169.099991 6.850000 -320.910004
v -168.910004 6.850000 -322.239990
v -169.289993 6.850000 -322.809998
v -169.289993 6.850000 -323.380005
v -168.339996 6.850000 -323.949982
v -168.339996 6.850000 -324.519989
v -167.959991 6.850000 -324.329987
v -172.899994 10.950000 -317.109985
v -174.229996 10.950000 -317.299988
v -174.039993 10.950000 -318.440002
v -172.899994 11.250000 -318.820007
v -173.279999 10.950000 -319.959991
v -174.039993 10.849999 -320.149994
v -174.229996 10.950000 -321.669983
v -172.519989 10.950000 -324.519989
v -171.949997 10.950000 -324.709991
v -171.949997 10.950000 -321.859985
v -171.000000 10.950000 -320.529999
v -172.139999 10.950000 -320.529999
v -172.519989 10.950000 -320.149994
v -172.519989 11.250000 -319.199982
v -171.379990 10.950000 -318.820007
v -171.379990 10.950000 -318.059998
v -170.429993 10.950000 -316.919983
v -169.289993 11.250000 -317.109985
v -169.099991 11.150000 -316.350006
v -168.149994 10.950000 -316.539978
v -168.529999 6.850000 -325.089996
v -169.099991 6.850000 -325.279999
v -168.910004 6.850000 -325.660004
v -177.839996 10.950000 -324.519989
v -177.839996 10.950000 -325.660004
v -177.269989 10.950000 -325.850006
v -177.269989 10.950000 -323.190002
v -169.479996 6.850000 -316.919983
v -173.660004 6.850000 -317.299988
v -174.419998 6.850000 -317.679993
v -174.610001 6.850000 -318.820007
v -173.470001 6.850000 -318.820007
v -173.089996 6.850000 -318.059998
v -170.809998 6.850000 -317.679993
v -170.619995 6.850000 -316.919983
v -169.860001 6.850000 -316.919983
v -168.529999 6.850000 -317.679993
v -168.720001 6.850000 -318.630005
v -187.720001 5.650000 -306.279999
v -178.220001 6.650000 -306.279999
v -158.459991 9.849999 -332.119995
v -158.459991 9.849999 -331.359985
v -159.220001 9.650000 -331.169983
v -159.599991 10.150000 -329.079987
v -159.599991 9.950000 -327.179993
v -162.639999 8.550000 -327.940002
v -162.639999 8.450000 -330.029999
v -163.779999 7.750000 -330.979980
v -163.779999 8.050000 -335.919983
v -167.009995 6.850000 -330.979980
v -167.959991 6.850000 -331.359985
v -167.959991 7.150000 -335.919983
v -167.009995 7.350000 -335.919983
v -163.970001 8.050000 -335.919983
v -164.349991 7.450000 -330.789978
v -164.349991 6.850000 -327.750000
v -167.959991 11.150000 -328.509979
v -173.279999 12.849999 -328.889984
v -168.910004 11.050000 -330.789978
v -168.339996 11.050000 -330.220001
v -168.529999 11.250000 -329.459991
v -168.910004 6.850000 -331.169983
v -168.149994 6.950000 -332.119995
v -168.149994 7.050000 -333.070007
v -169.479996 6.950000 -334.209991
v -170.239990 6.950000 -334.209991
v -171.379990 6.850000 -333.259979
v -171.379990 6.850000 -332.690002
v -172.139999 6.850000 -331.929993
v -173.089996 6.850000 -331.929993
v -176.699997 6.750000 -330.220001
v -177.080002 6.850000 -329.079987
v -176.699997 6.850000 -328.699982
v -175.940002 6.850000 -328.889984
v -175.750000 6.850000 -328.509979
v -176.319992 6.850000 -328.320007
v -176.319992 6.850000 -327.559998
v -177.839996 6.850000 -326.989990
v -177.839996 6.650000 -335.919983
v -170.429993 7.650000 -330.789978
v -170.619995 7.650000 -331.169983
v -170.239990 7.650000 -331.169983
v -171.379990 6.850000 -329.839996
v -171.759995 6.850000 -329.649994
v -172.139999 6.850000 -329.649994
v -171.759995 6.850000 -330.220001
v -171.379990 6.850000 -330.220001
v -175.369995 6.850000 -326.419983
v -175.179993 6.850000 -326.799988
v -172.899994 6.850000 -327.750000
v -174.800003 7.650000 -329.459991
v -175.179993 7.650000 -329.649994
v -173.089996 7.650000 -330.789978
v -172.709991 7.650000 -330.600006
v -176.509995 10.950000 -326.039978
v -176.699997 10.849999 -326.039978
v -176.319992 10.950000 -326.229980
v -170.809998 6.850000 -327.179993
v -169.860001 6.850000 -327.940002
v -169.479996 6.850000 -327.750000
v -169.289993 6.850000 -326.609985
v -173.089996 10.950000 -326.989990
v -174.229996 10.950000 -326.989990
v -174.610001 10.950000 -326.039978
v -175.940002 10.950000 -326.609985
v -173.470001 10.950000 -327.750000
v -175.940002 10.650000 -327.750000
v -177.839996 10.650000 -326.989990
v -177.839996 10.150000 -329.269989
v -176.699997 10.150000 -329.649994
v -197.599991 4.950000 -296.399994
v -188.289993 5.350000 -291.649994
v -188.289993 5.350000 -290.889984
v -133.000000 16.850000 -366.319977
v -133.379990 16.750000 -366.509979
v -131.479996 17.350000 -368.410004
v -131.289993 17.449999 -368.029999
v -130.529999 17.650000 -368.029999
v -130.339996 17.750000 -368.789978
v -128.440002 18.350000 -368.789978
v -130.529999 17.650000 -369.359985
v -131.289993 17.449999 -369.359985
v -134.330002 16.449999 -366.509979
v -138.319992 15.849999 -375.440002
v -179.169998 6.650000 -308.940002
v -181.259995 6.650000 -312.359985
v -183.159988 6.650000 -314.639984
v -183.729996 6.650000 -316.160004
v -187.720001 6.450000 -316.160004
v -185.250000 6.550000 -316.160004
v -184.489990 6.550000 -314.449982
v -180.690002 6.650000 -308.940002
v -160.550003 8.849999 -337.059998
v -166.440002 7.450000 -337.059998
v -167.959991 7.250000 -337.630005
v -167.959991 7.150000 -342.570007
v -163.970001 7.950000 -342.759979
v -163.970001 7.950000 -345.229980
v -165.679993 7.550000 -345.419983
v -165.679993 7.550000 -345.799988
v -165.110001 8.550000 -343.709991
v -167.199997 8.650000 -343.709991
v -167.199997 8.650000 -344.470001
v -165.110001 8.550000 -344.470001
v -167.009995 7.250000 -335.919983
v -167.959991 7.250000 -336.299988
v -167.389999 7.250000 -345.419983
v -167.959991 7.150000 -345.419983
v -167.959991 7.150000 -345.799988
v -148.199997 11.849999 -365.559998
v -148.199997 11.750000 -369.739990
v -146.300003 12.250000 -369.549988
v -145.919998 12.450000 -369.169983
v -143.069992 13.450000 -369.359985
v -141.739990 13.849999 -370.500000
v -139.839996 14.450000 -370.690002
v -139.649994 14.549999 -371.259979
v -138.319992 14.950000 -371.259979
v -140.029999 14.849999 -371.829987
v -143.449997 14.750000 -370.880005
v -148.199997 14.849999 -371.449982
v -148.199997 15.150000 -375.440002
v -142.690002 13.349999 -372.970001
v -143.830002 13.049999 -371.069977
v -148.199997 11.650000 -371.069977
v -148.199997 11.349999 -375.440002
v -140.220001 14.049999 -375.440002
v -167.959991 7.250000 -347.699982
v -167.959991 7.250000 -352.070007
v -165.110001 7.650000 -348.649994
v -163.970001 7.850000 -347.699982
v -163.019989 8.050000 -347.889984
v -163.019989 8.050000 -348.839996
v -164.539993 7.750000 -349.789978
v -166.819992 7.450000 -352.639984
v -167.199997 7.350000 -354.919983
v -167.959991 7.250000 -355.109985
v -167.959991 7.350000 -355.679993
v -158.080002 9.250000 -355.679993
v -158.080002 9.150000 -365.559998
v -185.059998 6.550000 -318.250000
v -185.250000 6.550000 -320.339996
v -186.199997 6.550000 -322.049988
v -186.580002 6.550000 -323.949982
v -185.250000 6.550000 -324.709991
v -185.440002 6.650000 -326.039978
v -179.929993 6.850000 -326.039978
v -180.309998 6.850000 -325.660004
v -181.259995 6.850000 -325.850006
v -182.399994 6.750000 -324.899994
v -182.399994 6.650000 -323.949982
v -182.970001 6.550000 -323.759979
v -182.970001 6.550000 -322.619995
v -182.209991 6.650000 -321.859985
v -180.690002 6.750000 -322.239990
v -179.550003 6.850000 -319.389984
v -177.839996 6.850000 -319.769989
v -178.409988 10.950000 -325.279999
v -179.550003 10.349999 -322.049988
v -179.169998 10.349999 -321.859985
v -179.169998 10.349999 -321.100006
v -187.720001 6.550000 -323.949982
v -187.339996 6.550000 -321.669983
v -186.199997 6.550000 -319.009979
v -186.199997 6.550000 -317.679993
v -186.389999 7.350000 -325.279999
v -186.769989 7.350000 -325.279999
v -186.580002 7.350000 -325.660004
v -187.149994 7.350000 -324.899994
v -187.339996 7.350000 -325.279999
v -186.959991 7.350000 -325.279999
v -197.599991 5.450000 -306.279999
v -121.790001 16.350000 -380.190002
v -122.360001 16.449999 -380.759979
v -122.360001 16.549999 -381.519989
v -123.500000 16.850000 -381.519989
v -123.879997 16.949999 -381.139984
v -125.969994 17.150000 -381.899994
v -125.209999 17.250000 -383.229980
v -125.019997 17.250000 -385.319977
v -120.839996 16.150000 -385.319977
v -120.839996 16.049999 -381.329987
v -122.930000 16.650000 -378.289978
v -128.440002 16.350000 -376.769989
v -123.879997 16.850000 -380.569977
v -197.599991 5.750000 -312.549988
v -195.129990 5.650000 -314.259979
v -195.129990 5.650000 -315.019989
v -195.889999 5.650000 -316.160004
v -187.720001 6.350000 -316.160004
v -138.319992 17.449999 -385.319977
v -134.899994 15.750000 -380.759979
v -136.610001 15.150000 -379.239990
v -138.319992 14.549999 -378.479980
v -138.319992 13.950000 -385.319977
v -134.330002 15.750000 -385.319977
v -175.369995 6.550000 -345.799988
v -175.179993 6.550000 -344.850006
v -169.289993 7.050000 -338.199982
v -173.660004 6.850000 -338.389984
v -176.129990 6.750000 -337.820007
v -176.319992 6.850000 -336.869995
v -175.369995 6.850000 -336.679993
v -173.660004 6.850000 -337.250000
v -170.429993 6.950000 -337.250000
v -168.149994 7.150000 -343.899994
v -168.720001 7.050000 -343.899994
v -170.429993 6.850000 -344.850006
v -171.759995 6.750000 -344.850006
v -171.949997 6.750000 -345.229980
v -173.660004 6.650000 -345.799988
v -207.479996 8.650000 -277.779999
v -207.479996 9.750000 -282.910004
v -205.389999 10.250000 -282.720001
v -199.119995 9.849999 -284.239990
v -197.599991 9.150000 -285.380005
v -199.879990 9.550000 -285.380005
v -206.149994 9.950000 -283.859985
v -207.479996 9.450000 -284.429993
v -207.479996 8.750000 -286.519989
v -207.479996 23.049999 -277.779999
v -207.479996 21.949999 -281.579987
v -205.389999 21.750000 -281.009979
v -205.199997 21.250000 -281.769989
v -202.349991 21.250000 -281.579987
v -201.589996 20.949999 -282.149994
v -197.599991 5.750000 -318.820007
v -197.599991 6.450000 -326.039978
v -188.669998 6.450000 -326.039978
v -188.289993 6.450000 -325.470001
v -188.289993 6.550000 -324.139984
v -158.080002 8.950000 -371.639984
v -158.080002 8.950000 -372.209991
v -158.080002 8.950000 -372.399994
v -158.080002 8.849999 -374.109985
v -158.080002 8.750000 -374.869995
v -158.080002 8.750000 -375.440002
v -157.129990 8.950000 -375.440002
v -157.129990 9.050000 -374.299988
v -156.179993 9.250000 -374.299988
v -155.800003 9.250000 -374.869995
v -155.610001 9.450000 -374.109985
v -151.809998 10.650000 -370.690002
v -151.050003 10.750000 -371.639984
v -153.709991 9.950000 -374.109985
v -154.470001 9.650000 -375.440002
v -150.669998 14.750000 -371.829987
v -153.139999 14.750000 -375.440002
v -148.199997 15.049999 -375.440002
v -167.959991 7.350000 -365.559998
v -167.389999 7.350000 -365.559998
v -167.199997 7.450000 -365.179993
v -166.440002 7.550000 -365.179993
v -166.250000 7.550000 -365.559998
v -161.119995 8.450000 -365.559998
v -160.169998 8.650000 -365.559998
v -128.440002 18.449999 -395.199982
v -120.839996 20.850000 -395.199982
v -123.309998 19.650000 -386.079987
v -123.119995 19.750000 -387.600006
v -124.449997 19.449999 -387.789978
v -124.829994 19.250000 -387.410004
v -124.829994 19.250000 -386.459991
v -124.449997 19.350000 -386.079987
v -125.779999 17.049999 -388.929993
v -126.349998 17.049999 -389.690002
v -126.349998 16.949999 -391.019989
v -126.919998 16.949999 -391.970001
v -126.919998 16.850000 -393.299988
v -128.059998 16.650000 -395.199982
v -120.839996 15.750000 -395.199982
v -204.629990 9.450000 -286.519989
v -204.629990 8.650000 -287.660004
v -203.110001 8.550000 -287.660004
v -202.919998 7.850000 -288.419983
v -203.869995 6.950000 -289.369995
v -207.289993 6.750000 -289.179993
v -207.479996 6.650000 -289.369995
v -207.479996 5.350000 -293.929993
v -206.720001 5.350000 -294.119995
v -206.720001 5.350000 -295.070007
v -207.479996 5.350000 -295.259979
v -207.479996 5.350000 -296.399994
v -207.099991 8.150000 -287.660004
v -178.220001 6.850000 -326.419983
v -178.789993 6.850000 -327.369995
v -179.360001 6.850000 -327.369995
v -179.169998 6.850000 -328.320007
v -179.929993 6.750000 -328.509979
v -180.690002 6.450000 -331.359985
v -180.309998 6.450000 -331.549988
v -180.119995 6.450000 -332.500000
v -179.929993 6.450000 -335.919983
v -186.009995 6.450000 -328.320007
v -187.720001 6.450000 -328.130005
v -187.720001 6.450000 -332.880005
v -186.199997 6.450000 -332.690002
v -184.489990 6.450000 -333.639984
v -185.059998 6.450000 -335.919983
v -181.259995 6.450000 -335.919983
v -181.069992 6.450000 -334.399994
v -181.449997 6.450000 -331.549988
v -180.500000 6.750000 -328.320007
v -180.500000 6.750000 -327.369995
v -179.739990 6.850000 -327.179993
v -186.389999 6.450000 -333.829987
v -186.959991 6.450000 -334.019989
v -186.959991 6.450000 -334.779999
v -186.389999 6.450000 -334.970001
v -185.819992 6.450000 -334.970001
v -185.629990 6.450000 -334.209991
v -187.720001 6.450000 -335.729980
v -187.720001 6.450000 -335.919983
v -187.149994 6.450000 -335.919983
v -178.979996 10.650000 -326.419983
v -179.739990 10.150000 -327.940002
v -179.739990 10.150000 -328.509979
v -215.649994 9.349999 -277.779999
v -215.649994 8.050000 -282.149994
v -216.029999 7.750000 -282.339996
v -216.599991 6.950000 -284.049988
v -215.080002 7.150000 -285.380005
v -213.940002 7.250000 -285.759979
v -213.559998 7.650000 -284.809998
v -212.610001 7.850000 -284.809998
v -211.849991 7.750000 -285.380005
v -210.330002 8.349999 -284.809998
v -209.949997 8.750000 -284.239990
v -211.470001 7.550000 -286.519989
v -217.360001 6.450000 -285.190002
v -217.360001 6.250000 -286.519989
v -216.029999 6.550000 -286.519989
v -217.360001 23.150000 -277.779999
v -217.360001 23.150000 -282.529999
v -212.989990 22.850000 -283.290009
v -138.319992 16.650000 -395.199982
v -138.319992 13.049999 -395.199982
v -135.089996 14.750000 -395.199982
v -134.330002 15.349999 -392.919983
v -134.330002 15.549999 -391.779999
v -133.759995 15.750000 -390.829987
v -180.879990 6.450000 -338.199982
v -185.629990 6.450000 -338.199982
v -187.720001 6.450000 -337.630005
v -187.720001 6.450000 -342.380005
v -185.440002 6.450000 -342.570007
v -185.629990 6.450000 -343.709991
v -187.720001 6.450000 -336.679993
v -181.639999 6.450000 -337.059998
v -187.339996 6.450000 -343.519989
v -187.720001 6.450000 -343.519989
v -187.720001 6.450000 -344.089996
v -139.459991 14.250000 -377.149994
v -148.199997 9.550000 -385.319977
v -148.199997 15.450000 -385.319977
v -138.319992 17.350000 -385.319977
v -207.479996 5.750000 -306.089996
v -207.289993 5.750000 -306.279999
v -198.169998 5.050000 -299.440002
v -197.979996 5.150000 -300.579987
v -199.119995 5.250000 -300.769989
v -199.309998 5.150000 -299.630005
v -174.419998 6.550000 -345.989990
v -174.229996 6.650000 -346.369995
v -173.470001 6.650000 -346.750000
v -173.470001 6.650000 -347.889984
v -174.419998 6.650000 -349.979980
v -174.989990 6.650000 -350.169983
v -175.179993 6.650000 -351.119995
v -172.330002 6.750000 -351.309998
v -171.949997 6.750000 -349.979980
v -169.099991 7.050000 -348.459991
v -171.000000 6.850000 -350.929993
v -171.379990 6.850000 -352.829987
v -171.949997 6.850000 -353.589996
v -171.569992 6.850000 -355.679993
v -167.959991 7.250000 -355.679993
v -168.339996 7.250000 -354.729980
v -168.339996 7.250000 -353.589996
v -174.039993 7.150000 -352.070007
v -176.319992 7.150000 -352.070007
v -176.509995 7.150000 -353.019989
v -176.129990 7.150000 -353.589996
v -173.089996 7.250000 -353.779999
v -172.709991 7.250000 -353.589996
v -172.709991 7.150000 -352.639984
v -177.269989 6.550000 -355.679993
v -177.269989 6.550000 -351.309998
v -176.319992 6.550000 -349.600006
v -176.319992 6.550000 -348.839996
v -175.369995 6.550000 -346.940002
v -174.800003 6.550000 -346.369995
v -207.479996 8.650000 -286.519989
v -213.369995 6.950000 -287.089996
v -215.269989 6.550000 -287.089996
v -217.360001 4.750000 -296.399994
v -208.049988 5.350000 -294.880005
v -208.049988 5.350000 -294.309998
v -128.440002 18.549999 -398.049988
v -123.689995 20.250000 -398.239990
v -122.549995 20.750000 -399.190002
v -122.549995 20.850000 -399.759979
v -120.839996 21.350000 -399.759979
v -122.739998 21.350000 -400.519989
v -123.689995 21.650000 -400.329987
v -123.879997 21.650000 -399.949982
v -124.639999 21.949999 -400.329987
v -128.440002 22.350000 -400.519989
v -128.440002 23.049999 -405.079987
v -127.869995 22.949999 -405.079987
v -123.689995 15.250000 -399.190002
v -125.399994 15.549999 -398.619995
v -128.440002 15.950000 -398.619995
v -128.440002 15.750000 -399.380005
v -124.639999 15.349999 -399.190002
v -123.500000 15.250000 -399.569977
v -128.440002 16.449999 -396.339996
v -128.440002 16.250000 -397.479980
v -124.639999 15.650000 -397.669983
v -122.549995 15.349999 -398.619995
v -121.599998 15.049999 -399.759979
v -120.839996 15.049999 -399.759979
v -125.969994 19.750000 -399.949982
v -128.440002 18.750000 -399.569977
v -125.019997 20.150000 -400.519989
v -188.669998 6.450000 -327.940002
v -197.599991 6.450000 -332.690002
v -192.089996 6.450000 -335.539978
v -190.379990 6.450000 -335.919983
v -188.289993 6.450000 -335.160004
v -188.289993 6.450000 -334.399994
v -197.599991 6.450000 -334.209991
v -197.599991 6.450000 -335.919983
v -194.179993 6.450000 -335.919983
v -198.929993 6.850000 -314.829987
v -199.119995 6.850000 -314.449982
v -199.500000 6.850000 -314.449982
v -199.500000 6.850000 -315.399994
v -200.639999 7.250000 -316.160004
v -198.739990 6.850000 -316.160004
v -197.979996 6.850000 -315.399994
v -197.979996 6.850000 -314.639984
v -200.449997 6.850000 -313.309998
v -202.349991 6.850000 -311.979980
v -202.919998 6.950000 -312.169983
v -203.110001 6.850000 -312.929993
v -203.679993 6.850000 -312.929993
v -205.199997 6.850000 -311.789978
v -205.199997 6.850000 -311.220001
v -206.149994 6.850000 -311.220001
v -206.339996 6.850000 -310.459991
v -207.099991 6.850000 -311.029999
v -207.099991 6.850000 -311.410004
v -206.339996 6.850000 -311.789978
v -206.339996 6.850000 -312.359985
v -205.580002 6.850000 -312.169983
v -201.589996 6.850000 -314.829987
v -201.019989 6.850000 -313.880005
v -200.449997 6.850000 -313.880005
v -203.489990 10.849999 -314.070007
v -203.869995 10.849999 -314.070007
v -204.059998 10.849999 -315.589996
v -202.919998 10.849999 -315.209991
v -201.970001 10.849999 -316.160004
v -201.209991 10.849999 -315.589996
v -205.389999 6.850000 -315.209991
v -205.959991 6.850000 -314.829987
v -206.529999 6.850000 -314.070007
v -206.529999 6.850000 -312.739990
v -207.479996 6.850000 -312.549988
v -207.479996 7.150000 -315.589996
v -206.339996 6.850000 -315.399994
v -205.959991 6.850000 -316.160004
v -205.009995 7.150000 -316.160004
v -204.440002 7.150000 -315.019989
v -204.819992 9.750000 -310.079987
v -205.199997 9.950000 -310.079987
v -205.389999 9.950000 -310.649994
v -204.819992 9.550000 -310.649994
v -206.909988 6.850000 -307.989990
v -207.479996 6.850000 -307.799988
v -207.479996 6.850000 -309.130005
v -200.069992 10.750000 -315.399994
v -200.830002 10.849999 -315.779999
v -200.639999 11.150000 -316.160004
v -199.690002 11.050000 -316.160004
v -204.629990 10.849999 -313.119995
v -205.199997 10.849999 -313.119995
v -207.289993 10.849999 -311.600006
v -207.289993 10.849999 -310.649994
v -205.959991 10.849999 -309.699982
v -205.959991 10.849999 -309.320007
v -207.479996 10.849999 -308.369995
v -207.479996 10.849999 -313.119995
v -206.720001 10.849999 -313.309998
v -205.580002 10.750000 -314.639984
v -205.199997 10.849999 -314.639984
v -205.389999 10.849999 -313.880005
v -205.009995 10.849999 -313.309998
v -204.059998 10.849999 -313.500000
v -204.059998 10.849999 -312.549988
v -199.500000 5.850000 -321.289978
v -199.500000 5.950000 -322.429993
v -199.879990 5.950000 -323.000000
v -202.539993 6.350000 -326.039978
v -201.209991 7.250000 -316.350006
v -201.589996 7.250000 -317.109985
v -201.019989 7.250000 -317.489990
v -201.019989 6.850000 -318.440002
v -201.779999 6.850000 -319.199982
v -201.779999 6.850000 -319.959991
v -200.830002 6.850000 -319.959991
v -200.449997 6.850000 -318.820007
v -199.690002 7.250000 -318.820007
v -200.069992 6.850000 -317.489990
v -199.500000 6.850000 -316.729980
v -198.739990 6.850000 -316.539978
v -201.209991 5.850000 -321.479980
v -201.589996 5.850000 -322.239990
v -202.349991 5.950000 -322.049988
v -201.779999 6.850000 -320.149994
v -202.919998 6.150000 -321.289978
v -203.489990 5.850000 -321.289978
v -203.679993 5.750000 -320.149994
v -204.250000 5.750000 -320.910004
v -205.199997 5.750000 -320.910004
v -207.479996 5.750000 -319.389984
v -204.250000 6.150000 -326.039978
v -200.639999 5.850000 -321.669983
v -205.959991 6.850000 -316.729980
v -205.009995 6.850000 -317.109985
v -200.830002 11.250000 -316.919983
v -200.449997 11.150000 -317.109985
v -198.929993 10.849999 -316.729980
v -138.319992 13.849999 -385.319977
v -148.199997 8.849999 -390.639984
v -146.869995 9.250000 -390.639984
v -143.639999 10.450000 -391.779999
v -140.979996 11.650000 -394.250000
v -140.979996 11.550000 -395.009979
v -140.410004 11.849999 -395.199982
v -144.020004 10.150000 -392.919983
v -147.440002 9.050000 -391.589996
v -148.199997 8.849999 -391.779999
v -148.199997 8.849999 -395.199982
v -142.879990 10.550000 -395.199982
v -142.690002 10.650000 -394.250000
v -142.119995 16.350000 -385.319977
v -142.119995 16.750000 -389.119995
v -141.739990 16.850000 -389.119995
v -141.360001 17.049999 -389.880005
v -138.319992 17.449999 -389.880005
v -141.360001 16.949999 -390.259979
v -142.119995 16.750000 -390.639984
v -142.119995 16.650000 -395.199982
v -148.199997 15.650000 -390.829987
v -142.309998 16.750000 -390.639984
v -142.690002 16.650000 -390.449982
v -142.690002 16.549999 -389.309998
v -148.199997 15.849999 -393.109985
v -146.489990 16.449999 -395.199982
v -145.539993 14.349999 -393.109985
v -145.160004 14.750000 -395.199982
v -143.639999 14.049999 -395.199982
v -143.259995 13.750000 -395.199982
v -143.069992 13.650000 -393.869995
v -185.059998 10.349999 -354.729980
v -186.199997 10.349999 -355.679993
v -184.489990 10.349999 -355.679993
v -155.039993 9.450000 -375.819977
v -156.369995 8.849999 -378.669983
v -156.750000 8.550000 -382.089996
v -154.279999 8.650000 -383.799988
v -153.519989 8.550000 -385.319977
v -158.080002 7.550000 -382.850006
v -155.419998 7.850000 -385.319977
v -158.080002 8.150000 -381.519989
v -157.699997 8.550000 -378.669983
v -156.179993 9.150000 -375.630005
v -154.279999 14.750000 -376.769989
v -154.849991 14.650000 -379.429993
v -156.179993 12.849999 -382.470001
v -156.179993 12.650000 -383.039978
v -154.849991 12.650000 -384.559998
v -154.470001 12.750000 -384.559998
v -154.660004 13.950000 -382.279999
v -154.279999 14.450000 -381.709991
v -153.709991 14.750000 -381.709991
v -153.330002 14.750000 -382.660004
v -153.330002 14.750000 -385.319977
v -171.949997 6.950000 -361.759979
v -171.379990 6.950000 -361.190002
v -170.619995 7.050000 -361.190002
v -169.479996 7.150000 -362.139984
v -169.479996 7.550000 -362.709991
v -170.239990 7.550000 -362.899994
v -171.000000 7.550000 -362.329987
v -172.709991 7.450000 -364.229980
v -170.809998 7.450000 -365.559998
v -169.289993 7.750000 -365.559998
v -168.149994 7.450000 -365.559998
v -173.849991 6.850000 -364.609985
v -173.849991 7.050000 -364.039978
v -173.279999 7.050000 -363.850006
v -173.089996 7.150000 -363.089996
v -173.470001 7.150000 -362.709991
v -176.889999 7.150000 -362.709991
v -177.080002 7.050000 -363.660004
v -177.839996 6.750000 -363.470001
v -177.839996 6.750000 -365.559998
v -172.519989 6.850000 -365.559998
v -173.089996 9.050000 -356.440002
v -175.750000 9.050000 -356.250000
v -176.509995 9.050000 -356.630005
v -176.509995 9.050000 -357.959991
v -176.129990 9.050000 -357.389984
v -175.369995 9.050000 -357.389984
v -175.179993 8.650000 -358.149994
v -176.319992 8.650000 -358.149994
v -176.319992 8.349999 -361.000000
v -172.899994 8.250000 -360.809998
v -172.709991 8.650000 -358.339996
v -177.839996 6.550000 -360.809998
v -160.169998 8.650000 -366.130005
v -159.789993 8.750000 -366.319977
v -159.979996 8.650000 -367.079987
v -159.410004 8.750000 -367.649994
v -158.839996 8.849999 -370.309998
v -159.979996 8.550000 -370.500000
v -164.160004 7.650000 -370.500000
v -164.349991 7.650000 -371.829987
v -165.869995 7.550000 -373.160004
v -167.959991 7.550000 -372.970001
v -167.959991 7.350000 -375.440002
v -167.769989 7.350000 -375.440002
v -159.410004 8.349999 -375.440002
v -159.220001 8.550000 -372.779999
v -161.119995 8.450000 -367.079987
v -164.539993 7.750000 -368.789978
v -165.679993 7.550000 -369.169983
v -167.389999 7.350000 -366.319977
v -167.959991 7.350000 -371.829987
v -166.440002 7.450000 -372.019989
v -165.489990 7.550000 -371.069977
v -218.119995 6.550000 -282.339996
v -217.549988 6.750000 -283.100006
v -217.360001 6.950000 -282.910004
v -217.360001 7.050000 -282.149994
v -218.119995 6.050000 -286.139984
v -220.019989 5.550000 -286.519989
v -221.159988 4.850000 -278.540009
v -221.349991 5.050000 -277.779999
v -223.440002 4.650000 -277.970001
v -222.679993 4.750000 -278.160004
v -219.449997 4.950000 -280.820007
v -218.500000 4.850000 -280.250000
v -218.500000 4.950000 -278.540009
v -221.349991 4.650000 -281.009979
v -223.629990 4.650000 -279.299988
v -227.239990 4.650000 -277.970001
v -227.239990 4.550000 -285.380005
v -222.869995 4.950000 -285.949982
v -221.349991 5.250000 -285.190002
v -219.069992 5.850000 -285.000000
v -218.500000 6.150000 -284.049988
v -217.929993 14.049999 -279.299988
v -219.069992 14.150000 -277.779999
v -227.239990 16.650000 -277.779999
v -227.239990 16.650000 -279.109985
v -225.529999 15.450000 -281.199982
v -224.389999 15.150000 -281.389984
v -219.830002 14.150000 -284.429993
v -218.500000 13.849999 -284.239990
v -217.739990 13.849999 -283.290009
v -217.549988 14.049999 -281.009979
v -225.720001 15.150000 -282.720001
v -227.239990 16.150000 -281.389984
v -227.239990 14.950000 -284.619995
v -225.149994 14.549999 -284.619995
v -223.250000 14.250000 -285.190002
v -221.919998 14.250000 -285.000000
v -225.720001 23.150000 -277.779999
v -219.449997 23.250000 -281.959991
v -138.319992 16.650000 -398.809998
v -136.229996 16.549999 -398.239990
v -130.529999 17.449999 -397.669983
v -132.619995 16.549999 -399.190002
v -137.369995 16.650000 -400.139984
v -137.750000 16.650000 -400.519989
v -134.520004 16.449999 -401.089996
v -133.000000 16.350000 -400.899994
v -132.809998 16.350000 -401.660004
v -133.759995 15.750000 -402.419983
v -137.179993 13.750000 -403.369995
v -138.319992 13.950000 -402.989990
v -138.319992 14.349999 -405.079987
v -137.940002 14.150000 -405.079987
v -137.369995 13.750000 -405.079987
v -129.009995 16.250000 -397.289978
v -129.580002 15.950000 -398.809998
v -129.959991 15.849999 -399.759979
v -134.330002 22.250000 -400.519989
v -138.319992 21.949999 -401.089996
v -138.319992 22.750000 -405.079987
v -131.479996 22.949999 -405.079987
v -131.099991 22.850000 -404.509979
v -129.959991 23.049999 -404.319977
v -129.770004 23.549999 -405.079987
v -128.440002 23.150000 -405.079987
v -138.319992 12.950000 -398.049988
v -135.089996 14.750000 -397.859985
v -135.089996 14.750000 -399.000000
v -138.319992 12.950000 -399.190002
v -137.750000 13.349999 -401.470001
v -135.279999 14.650000 -400.899994
v -188.669998 6.450000 -336.679993
v -189.619995 6.450000 -337.630005
v -197.599991 6.450000 -336.489990
v -195.889999 6.450000 -337.440002
v -195.509995 6.450000 -338.199982
v -194.179993 6.450000 -338.769989
v -191.709991 6.450000 -340.859985
v -189.429993 6.450000 -341.429993
v -192.470001 6.450000 -341.809998
v -194.940002 6.450000 -339.720001
v -197.029999 6.450000 -338.769989
v -197.599991 6.450000 -338.009979
v -197.599991 6.450000 -340.289978
v -194.750000 6.450000 -342.759979
v -193.419998 6.450000 -342.570007
v -192.659988 6.450000 -343.329987
v -192.849991 6.450000 -345.229980
v -193.989990 6.450000 -345.229980
v -194.369995 6.450000 -344.850006
v -195.699997 6.950000 -345.039978
v -196.459991 7.450000 -344.470001
v -196.459991 7.450000 -344.850006
v -195.889999 7.150000 -345.039978
v -195.889999 6.650000 -345.799988
v -191.139999 6.450000 -345.799988
v -190.379990 6.450000 -345.229980
v -188.860001 6.450000 -345.039978
v -196.459991 7.450000 -342.759979
v -197.599991 7.450000 -342.759979
v -197.599991 7.450000 -344.279999
v -197.029999 7.450000 -344.279999
v -197.029999 7.450000 -343.519989
v -217.360001 4.950000 -306.279999
v -210.330002 5.750000 -306.279999
v -209.759995 5.750000 -305.329987
v -208.619995 5.750000 -305.329987
v -152.379990 8.150000 -390.639984
v -149.720001 8.550000 -391.209991
v -148.959991 8.650000 -392.160004
v -152.000000 8.150000 -391.779999
v -151.050003 8.250000 -394.440002
v -149.720001 8.550000 -395.199982
v -152.949997 8.050000 -393.869995
v -152.759995 8.050000 -393.109985
v -153.139999 8.050000 -391.970001
v -152.190002 8.150000 -395.199982
v -154.470001 8.050000 -385.889984
v -155.419998 7.950000 -385.319977
v -153.519989 8.050000 -390.829987
v -152.190002 14.750000 -387.600006
v -150.860001 15.049999 -387.220001
v -150.289993 15.150000 -387.600006
v -150.289993 15.150000 -388.549988
v -151.239990 14.849999 -389.119995
v -149.529999 14.950000 -393.109985
v -150.099991 14.650000 -393.109985
v -150.479996 14.750000 -393.869995
v -150.289993 15.650000 -395.199982
v -148.199997 15.750000 -395.199982
v -148.199997 15.750000 -395.009979
v -151.239990 15.349999 -392.350006
v -151.619995 15.250000 -392.160004
v -154.470001 15.750000 -393.489990
v -155.229996 15.750000 -394.630005
v -157.319992 14.549999 -395.199982
v -152.569992 16.049999 -395.199982
v -152.569992 16.150000 -394.250000
v -151.239990 15.450000 -392.919983
v -183.349991 6.450000 -355.679993
v -183.349991 6.450000 -355.869995
v -182.779999 6.450000 -356.059998
v -182.970001 6.450000 -357.579987
v -184.110001 6.450000 -357.769989
v -184.300003 6.450000 -357.959991
v -184.300003 6.450000 -359.289978
v -183.159988 6.450000 -360.619995
v -182.019989 6.450000 -360.809998
v -181.830002 6.450000 -360.429993
v -181.639999 6.450000 -359.479980
v -180.690002 6.450000 -359.479980
v -180.500000 6.450000 -360.049988
v -177.839996 6.550000 -360.049988
v -180.879990 6.450000 -360.809998
v -182.019989 6.450000 -362.139984
v -179.739990 6.550000 -364.609985
v -179.739990 6.550000 -365.559998
v -177.839996 6.650000 -362.329987
v -177.839996 6.650000 -361.569977
v -182.779999 7.550000 -362.899994
v -184.869995 7.550000 -364.419983
v -184.110001 7.550000 -365.559998
v -182.019989 7.550000 -365.559998
v -181.259995 7.550000 -365.179993
v -181.259995 7.550000 -364.799988
v -187.720001 6.450000 -356.819977
v -186.769989 6.450000 -357.009979
v -186.769989 6.450000 -357.769989
v -187.720001 6.450000 -358.339996
v -187.720001 6.450000 -360.049988
v -187.149994 6.450000 -359.669983
v -187.149994 6.450000 -358.529999
v -186.769989 6.450000 -358.149994
v -185.629990 6.450000 -358.339996
v -185.250000 6.450000 -357.579987
v -184.110001 6.450000 -356.059998
v -186.580002 7.550000 -362.519989
v -187.720001 7.550000 -363.279999
v -187.720001 7.550000 -365.559998
v -185.819992 7.550000 -363.470001
v -186.389999 7.550000 -360.809998
v -187.149994 7.550000 -361.190002
v -186.959991 7.550000 -361.569977
v -186.389999 7.550000 -361.380005
v -187.720001 11.550000 -362.519989
v -186.959991 11.550000 -362.329987
v -186.959991 11.550000 -361.759979
v -182.589996 10.349999 -357.199982
v -187.720001 10.349999 -357.009979
v -187.720001 10.349999 -359.479980
v -186.199997 10.349999 -358.339996
v -185.819992 10.349999 -357.579987
v -185.059998 10.349999 -357.579987
v -184.300003 10.349999 -359.100006
v -182.779999 10.349999 -360.809998
v -180.879990 10.349999 -359.669983
v -184.679993 11.550000 -364.419983
v -184.869995 11.550000 -362.899994
v -185.629990 11.550000 -364.039978
v -187.720001 11.550000 -364.419983
v -187.720001 11.550000 -364.799988
v -187.720001 11.550000 -365.559998
v -186.959991 11.550000 -365.559998
v -185.819992 11.550000 -365.179993
v -185.440002 11.550000 -365.559998
v -183.349991 11.550000 -365.559998
v -168.149994 7.350000 -365.559998
v -168.149994 7.350000 -366.130005
v -168.720001 7.250000 -366.319977
v -168.910004 7.150000 -366.889984
v -169.479996 7.450000 -366.889984
v -169.669998 7.750000 -365.940002
v -170.239990 7.450000 -366.130005
v -170.429993 7.050000 -367.079987
v -171.000000 6.950000 -367.079987
v -171.379990 6.950000 -366.319977
v -177.839996 6.750000 -365.750000
v -174.039993 6.850000 -365.750000
v -173.849991 6.850000 -368.600006
v -174.229996 6.850000 -368.789978
v -172.139999 7.050000 -372.399994
v -171.949997 6.950000 -372.019989
v -170.429993 7.050000 -371.639984
v -169.860001 7.350000 -372.779999
v -170.050003 7.350000 -373.160004
v -170.619995 7.350000 -373.160004
v -171.949997 7.150000 -372.970001
v -177.839996 6.850000 -368.789978
v -177.839996 6.950000 -375.440002
v -171.759995 7.350000 -375.440002
v -170.429993 7.350000 -373.729980
v -169.479996 7.350000 -373.729980
v -169.860001 11.550000 -373.919983
v -170.619995 11.550000 -374.299988
v -171.000000 11.750000 -375.440002
v -168.339996 12.450000 -375.440002
v -174.800003 6.850000 -366.699982
v -177.839996 6.850000 -366.699982
v -177.839996 6.850000 -367.839996
v -174.800003 6.850000 -367.839996
v -174.800003 10.750000 -366.699982
v -177.839996 10.750000 -366.699982
v -177.839996 10.750000 -367.839996
v -174.800003 10.750000 -367.839996
v -209.190002 6.850000 -306.850006
v -210.519989 6.850000 -308.940002
v -208.429993 6.850000 -310.459991
v -209.000000 6.850000 -311.600006
v -209.759995 6.850000 -312.739990
v -208.429993 6.850000 -313.690002
v -208.619995 7.150000 -314.829987
v -209.759995 10.750000 -312.929993
v -210.330002 10.849999 -313.119995
v -209.759995 10.849999 -313.690002
v -209.379990 10.849999 -313.690002
v -209.379990 10.849999 -313.309998
v -217.360001 5.750000 -312.549988
v -214.129990 5.750000 -312.549988
v -210.519989 6.850000 -312.929993
v -211.470001 6.850000 -312.929993
v -210.709991 6.850000 -313.690002
v -212.229996 5.750000 -315.589996
v -211.849991 5.750000 -314.259979
v -213.750000 5.750000 -313.309998
v -217.360001 5.450000 -316.160004
v -211.470001 5.750000 -316.160004
v -207.860001 10.849999 -308.179993
v -208.619995 10.849999 -310.459991
v -209.949997 10.849999 -310.839996
v -208.619995 10.849999 -311.220001
v -158.459991 8.650000 -375.630005
v -158.459991 7.950000 -381.709991
v -158.839996 7.350000 -383.419983
v -159.789993 7.350000 -383.799988
v -159.979996 7.450000 -382.089996
v -159.599991 7.850000 -380.569977
v -164.919998 7.350000 -378.289978
v -163.589996 7.450000 -379.049988
v -162.449997 7.450000 -380.759979
v -161.690002 7.550000 -380.190002
v -160.739990 7.750000 -380.380005
v -161.119995 7.450000 -381.709991
v -160.360001 7.450000 -381.899994
v -160.360001 7.350000 -382.850006
v -160.929993 7.350000 -383.039978
v -162.639999 7.450000 -381.329987
v -163.399994 7.450000 -381.329987
v -163.970001 7.450000 -380.759979
v -165.110001 7.750000 -381.899994
v -165.300003 7.450000 -383.229980
v -166.440002 7.450000 -383.419983
v -167.009995 7.450000 -384.179993
v -165.489990 7.450000 -385.130005
v -165.300003 7.450000 -384.179993
v -163.970001 7.450000 -382.850006
v -163.019989 7.450000 -382.279999
v -166.819992 7.450000 -378.100006
v -167.959991 7.450000 -379.429993
v -167.959991 7.450000 -383.229980
v -164.919998 7.450000 -379.809998
v -167.959991 12.550000 -375.819977
v -167.959991 13.349999 -379.049988
v -166.440002 13.349999 -377.529999
v -166.440002 13.349999 -376.959991
v -163.019989 11.450000 -381.139984
v -163.970001 11.450000 -383.609985
v -162.449997 11.450000 -382.089996
v -166.440002 11.450000 -378.289978
v -166.819992 11.450000 -378.289978
v -167.389999 11.450000 -379.239990
v -166.059998 11.450000 -379.049988
v -165.869995 11.450000 -380.190002
v -164.729996 11.550000 -380.190002
v -163.970001 11.450000 -380.949982
v -163.589996 11.450000 -380.759979
v -167.959991 11.450000 -383.039978
v -167.959991 11.450000 -384.940002
v -167.389999 11.450000 -384.179993
v -203.110001 6.350000 -326.609985
v -203.110001 6.350000 -328.509979
v -202.539993 6.450000 -329.459991
v -199.500000 6.450000 -331.929993
v -200.069992 6.450000 -333.070007
v -203.679993 6.350000 -330.029999
v -204.250000 6.350000 -329.079987
v -204.440002 6.450000 -334.209991
v -202.159988 6.450000 -334.399994
v -198.739990 6.450000 -335.919983
v -203.869995 6.450000 -335.160004
v -205.389999 6.450000 -335.160004
v -205.580002 6.450000 -334.779999
v -202.159988 6.450000 -335.919983
v -208.049988 5.750000 -319.009979
v -208.049988 5.750000 -318.250000
v -209.569992 5.750000 -317.489990
v -210.330002 5.750000 -316.539978
v -217.360001 5.650000 -319.579987
v -216.220001 5.650000 -318.630005
v -215.269989 5.650000 -318.630005
v -214.129990 5.750000 -320.149994
v -213.750000 5.750000 -319.389984
v -212.799988 5.750000 -319.769989
v -212.799988 5.750000 -318.630005
v -212.039993 5.750000 -318.440002
v -211.089996 5.750000 -319.959991
v -209.569992 5.750000 -319.769989
v -208.429993 5.850000 -320.149994
v -208.049988 5.850000 -321.100006
v -208.809998 5.950000 -323.380005
v -208.619995 6.050000 -324.709991
v -209.569992 6.050000 -324.899994
v -209.569992 6.050000 -325.279999
v -208.809998 6.150000 -325.470001
v -212.229996 5.950000 -323.000000
v -212.610001 5.950000 -322.809998
v -212.799988 5.950000 -323.190002
v -213.369995 5.950000 -323.190002
v -213.369995 6.350000 -322.239990
v -214.129990 6.350000 -321.859985
v -215.649994 6.350000 -319.769989
v -216.409988 6.250000 -319.959991
v -216.409988 6.250000 -320.339996
v -215.269989 6.250000 -321.479980
v -215.459991 6.150000 -322.429993
v -216.029999 5.850000 -322.429993
v -217.360001 5.650000 -320.720001
v -217.360001 5.850000 -323.190002
v -213.369995 6.050000 -325.470001
v -212.610001 6.050000 -325.470001
v -211.849991 6.050000 -324.899994
v -217.360001 5.950000 -324.709991
v -209.190002 9.250000 -324.329987
v -211.279999 9.250000 -324.329987
v -211.279999 9.250000 -326.039978
v -209.190002 9.250000 -326.039978
v -146.489990 16.449999 -395.579987
v -144.589996 16.650000 -397.100006
v -140.599991 16.750000 -399.380005
v -139.839996 14.750000 -402.419983
v -141.360001 15.450000 -400.709991
v -144.779999 17.250000 -402.609985
v -145.919998 17.549999 -405.079987
v -138.319992 14.450000 -405.079987
v -139.270004 13.650000 -399.569977
v -140.029999 14.150000 -399.759979
v -139.459991 13.950000 -400.519989
v -139.080002 13.750000 -400.519989
v -144.970001 15.849999 -398.049988
v -146.110001 16.250000 -398.239990
v -146.300003 15.549999 -397.289978
v -147.440002 15.650000 -396.339996
v -148.009995 15.750000 -395.199982
v -148.199997 17.750000 -405.079987
v -147.819992 17.750000 -405.079987
v -146.679993 17.750000 -402.229980
v -144.589996 16.650000 -400.139984
v -143.069992 15.950000 -399.380005
v -138.889999 12.650000 -398.049988
v -140.410004 21.549999 -401.470001
v -144.209991 20.449999 -403.179993
v -146.300003 19.650000 -405.079987
v -141.169998 13.450000 -396.720001
v -142.500000 14.650000 -397.479980
v -141.739990 14.650000 -398.429993
v -140.029999 13.650000 -398.429993
v -145.160004 14.750000 -395.769989
v -144.779999 14.750000 -395.959991
v -146.869995 9.250000 -398.809998
v -146.869995 9.150000 -398.429993
v -148.199997 8.849999 -398.239990
v -148.199997 8.849999 -405.079987
v -146.679993 9.250000 -405.079987
v -145.160004 9.750000 -402.039978
v -144.209991 10.050000 -401.089996
v -139.270004 12.450000 -403.750000
v -140.789993 11.750000 -403.940002
v -142.879990 10.650000 -402.229980
v -143.449997 10.450000 -402.229980
v -144.020004 10.250000 -402.799988
v -144.970001 9.849999 -405.079987
v -139.270004 12.450000 -405.079987
v -140.029999 11.950000 -399.949982
v -140.979996 11.550000 -400.139984
v -141.929993 11.150000 -400.899994
v -141.739990 11.250000 -401.470001
v -140.029999 12.050000 -402.039978
v -139.649994 12.150000 -401.850006
v -139.649994 12.150000 -401.089996
v -141.550003 11.150000 -396.529999
v -142.690002 10.750000 -395.959991
v -148.199997 8.849999 -396.720001
v -146.110001 9.450000 -397.100006
v -145.349991 9.650000 -398.239990
v -142.879990 10.550000 -400.139984
v -141.360001 11.349999 -398.809998
v -140.789993 11.550000 -398.809998
v -140.599991 11.650000 -398.049988
v -190.000000 6.450000 -346.559998
v -190.949997 6.450000 -346.559998
v -195.889999 6.450000 -347.889984
v -196.839996 6.450000 -348.079987
v -197.599991 6.450000 -349.410004
v -197.599991 6.450000 -355.679993
v -192.659988 6.450000 -355.679993
v -192.089996 6.450000 -353.970001
v -190.759995 6.450000 -354.539978
v -190.000000 6.450000 -355.679993
v -197.599991 7.950000 -346.940002
v -197.599991 7.950000 -347.130005
v -197.409988 7.950000 -346.750000
v -197.220001 10.250000 -346.940002
v -197.599991 10.250000 -346.940002
v -197.599991 10.250000 -347.320007
v -197.599991 9.950000 -349.220001
v -196.839996 9.849999 -348.649994
v -196.459991 9.950000 -347.699982
v -222.489990 4.950000 -287.089996
v -187.720001 6.450000 -372.019989
v -187.720001 6.450000 -375.440002
v -179.360001 6.750000 -368.789978
v -179.739990 6.750000 -368.410004
v -179.739990 6.550000 -365.940002
v -178.789993 6.850000 -366.699982
v -178.789993 6.850000 -367.839996
v -185.059998 11.650000 -366.509979
v -185.629990 11.349999 -367.079987
v -184.679993 11.650000 -367.269989
v -182.779999 11.550000 -365.750000
v -186.009995 7.550000 -365.559998
v -186.199997 7.550000 -365.559998
v -187.339996 7.550000 -365.940002
v -187.339996 7.550000 -366.509979
v -187.720001 7.550000 -366.699982
v -187.720001 7.550000 -367.459991
v -186.580002 7.550000 -367.269989
v -186.389999 7.550000 -366.319977
v -185.250000 7.550000 -366.319977
v -186.199997 10.250000 -367.649994
v -186.769989 9.849999 -367.839996
v -186.389999 9.849999 -368.410004
v -186.009995 10.050000 -368.220001
v -187.720001 11.550000 -366.130005
v -187.529999 8.550000 -368.600006
v -187.720001 8.550000 -368.789978
v -187.720001 8.150000 -369.359985
v -187.339996 8.349999 -369.359985
v -187.339996 8.349999 -368.979980
v -178.789993 10.750000 -366.699982
v -178.789993 10.750000 -367.839996
v -183.159988 7.550000 -366.699982
v -172.139999 11.550000 -376.009979
v -172.139999 11.650000 -376.579987
v -173.660004 11.550000 -377.720001
v -174.039993 11.750000 -379.049988
v -175.179993 11.550000 -379.429993
v -175.369995 11.750000 -380.380005
v -176.319992 11.550000 -380.759979
v -176.319992 11.750000 -381.519989
v -177.080002 11.750000 -382.279999
v -177.649994 11.650000 -382.279999
v -177.839996 11.650000 -383.039978
v -177.839996 12.250000 -385.319977
v -173.470001 13.349999 -385.319977
v -171.379990 7.450000 -383.039978
v -169.479996 7.450000 -384.750000
v -168.910004 7.450000 -384.559998
v -177.839996 7.350000 -382.279999
v -176.129990 7.350000 -380.759979
v -175.940002 7.350000 -380.000000
v -168.149994 11.450000 -381.139984
v -168.720001 11.450000 -380.380005
v -169.099991 11.450000 -380.949982
v -169.099991 11.450000 -383.039978
v -170.809998 11.450000 -384.369995
v -170.809998 11.450000 -384.750000
v -170.050003 11.450000 -384.750000
v -169.860001 11.450000 -385.319977
v -167.959991 11.450000 -385.319977
v -169.860001 7.450000 -376.959991
v -170.429993 7.450000 -376.959991
v -170.809998 7.450000 -378.100006
v -169.099991 7.450000 -377.910004
v -172.330002 7.450000 -380.759979
v -172.330002 7.450000 -380.000000
v -172.709991 7.450000 -380.000000
v -173.660004 7.450000 -381.139984
v -173.660004 7.450000 -381.519989
v -172.899994 7.450000 -381.519989
v -172.519989 7.450000 -382.089996
v -171.569992 7.450000 -381.519989
v -173.849991 7.450000 -382.470001
v -173.849991 7.450000 -381.899994
v -174.610001 7.450000 -381.899994
v -174.989990 7.450000 -381.329987
v -175.940002 7.450000 -382.089996
v -175.750000 7.450000 -383.419983
v -176.509995 7.750000 -383.609985
v -176.319992 7.450000 -384.559998
v -177.080002 7.450000 -385.319977
v -173.660004 7.450000 -385.319977
v -174.039993 7.450000 -384.179993
v -173.089996 7.450000 -383.799988
v -172.899994 7.450000 -384.369995
v -172.519989 7.450000 -384.369995
v -172.330002 7.450000 -383.799988
v -136.989990 14.049999 -406.600006
v -137.179993 14.250000 -409.069977
v -137.559998 14.049999 -410.209991
v -138.319992 14.650000 -410.019989
v -138.319992 14.150000 -412.299988
v -138.319992 13.950000 -413.630005
v -138.319992 14.049999 -414.959991
v -136.229996 15.650000 -414.959991
v -134.520004 17.049999 -413.059998
v -133.000000 18.549999 -413.059998
v -132.809998 18.949999 -414.389984
v -131.860001 19.850000 -414.009979
v -131.479996 19.850000 -413.059998
v -129.580002 21.350000 -413.250000
v -128.440002 20.949999 -409.069977
v -128.440002 20.750000 -408.309998
v -129.009995 20.250000 -407.929993
v -129.199997 19.650000 -406.789978
v -138.319992 14.849999 -406.789978
v -129.770004 23.650000 -405.079987
v -130.720001 23.750000 -405.649994
v -131.289993 24.250000 -406.789978
v -131.669998 24.150000 -408.119995
v -131.289993 23.750000 -409.259979
v -132.050003 23.350000 -409.449982
v -132.619995 23.350000 -409.069977
v -132.619995 23.150000 -407.739990
v -138.319992 23.350000 -414.959991
v -128.440002 23.549999 -414.959991
v -129.009995 23.049999 -409.829987
v -129.770004 23.549999 -409.639984
v -129.389999 24.049999 -408.119995
v -130.149994 24.150000 -407.739990
v -130.149994 24.150000 -407.169983
v -129.009995 23.449999 -407.169983
v -128.440002 23.350000 -406.600006
v -128.440002 23.350000 -405.839996
v -200.259995 6.450000 -336.489990
v -207.479996 6.450000 -343.899994
v -201.970001 6.450000 -337.250000
v -200.639999 6.450000 -337.630005
v -199.500000 11.450000 -340.289978
v -199.690002 11.450000 -340.859985
v -199.119995 11.450000 -340.859985
v -200.069992 11.450000 -342.570007
v -200.259995 11.450000 -341.239990
v -200.639999 11.450000 -341.239990
v -200.830002 11.450000 -342.190002
v -201.970001 11.450000 -342.190002
v -202.539993 11.450000 -341.049988
v -205.769989 8.050000 -345.419983
v -206.529999 7.450000 -345.609985
v -206.909988 7.450000 -345.229980
v -207.099991 7.450000 -345.799988
v -205.389999 7.950000 -345.799988
v -202.919998 11.550000 -342.759979
v -202.159988 11.450000 -342.759979
v -201.589996 11.450000 -343.329987
v -201.589996 11.450000 -343.899994
v -203.300003 11.450000 -345.799988
v -201.019989 11.450000 -345.799988
v -199.879990 11.450000 -344.660004
v -200.069992 11.450000 -343.329987
v -199.690002 11.450000 -342.759979
v -200.830002 11.450000 -339.149994
v -201.209991 11.450000 -339.149994
v -201.589996 11.450000 -339.910004
v -200.259995 11.450000 -339.720001
v -203.300003 7.450000 -344.660004
v -204.059998 7.450000 -345.799988
v -203.869995 7.450000 -345.799988
v -203.110001 7.450000 -345.229980
v -198.360001 7.450000 -342.759979
v -198.929993 7.450000 -343.709991
v -201.019989 7.450000 -345.419983
v -201.019989 7.450000 -345.799988
v -200.259995 7.450000 -345.799988
v -199.119995 7.450000 -345.039978
v -198.929993 7.450000 -344.470001
v -197.789993 7.450000 -344.660004
v -201.019989 7.450000 -341.809998
v -201.970001 7.450000 -342.570007
v -201.589996 7.450000 -342.949982
v -200.830002 7.450000 -342.380005
v -202.539993 7.450000 -342.759979
v -203.489990 7.450000 -342.190002
v -203.679993 7.450000 -341.619995
v -204.059998 7.450000 -341.619995
v -205.009995 7.450000 -343.139984
v -203.679993 7.450000 -344.470001
v -205.389999 11.349999 -344.470001
v -205.580002 11.450000 -344.850006
v -205.199997 11.450000 -344.850006
v -227.239990 3.850000 -306.279999
v -217.360001 4.850000 -306.279999
v -147.059998 19.150000 -405.649994
v -147.250000 19.449999 -407.549988
v -147.250000 20.049999 -410.209991
v -146.679993 20.350000 -410.589996
v -146.679993 20.750000 -411.539978
v -147.440002 21.150000 -411.729980
v -148.199997 21.250000 -411.349976
v -148.199997 21.949999 -414.959991
v -145.919998 21.250000 -414.959991
v -144.779999 20.549999 -414.579987
v -144.589996 20.549999 -414.959991
v -138.319992 23.250000 -414.959991
v -148.199997 17.750000 -405.839996
v -147.059998 17.549999 -407.929993
v -147.250000 17.449999 -410.019989
v -144.209991 17.049999 -410.970001
v -141.550003 15.650000 -413.440002
v -141.360001 15.450000 -414.009979
v -140.220001 15.049999 -413.819977
v -138.889999 14.549999 -412.299988
v -138.889999 13.650000 -414.959991
v -145.160004 17.150000 -411.729980
v -147.440002 17.350000 -410.970001
v -147.819992 17.350000 -411.539978
v -147.629990 16.850000 -414.959991
v -143.449997 16.150000 -414.959991
v -142.500000 15.849999 -414.769989
v -142.500000 15.849999 -414.199982
v -148.199997 8.849999 -409.259979
v -138.889999 12.750000 -405.839996
v -147.059998 9.250000 -410.209991
v -146.300003 9.450000 -410.209991
v -144.399994 10.250000 -411.349976
v -142.500000 11.250000 -413.059998
v -142.119995 11.450000 -414.009979
v -140.789993 12.150000 -414.579987
v -140.029999 12.550000 -413.630005
v -138.699997 13.049999 -408.500000
v -144.970001 9.950000 -412.489990
v -146.679993 9.349999 -411.729980
v -147.440002 9.150000 -411.729980
v -147.629990 9.250000 -414.959991
v -142.879990 11.050000 -414.959991
v -147.250000 19.350000 -413.630005
v -147.629990 18.949999 -414.959991
v -146.869995 19.250000 -414.959991
v -197.979996 7.950000 -346.940002
v -197.979996 7.950000 -347.699982
v -199.500000 7.950000 -349.600006
v -199.119995 7.950000 -349.600006
v -199.119995 7.950000 -349.220001
v -197.979996 7.950000 -348.269989
v -198.169998 6.450000 -349.789978
v -198.739990 6.450000 -353.779999
v -200.259995 6.450000 -353.970001
v -201.589996 6.450000 -353.589996
v -201.970001 6.450000 -353.970001
v -201.399994 6.450000 -354.539978
v -201.779999 6.450000 -355.679993
v -201.970001 7.450000 -347.509979
v -200.830002 7.450000 -347.130005
v -203.110001 11.450000 -347.130005
v -202.539993 11.849999 -347.320007
v -202.349991 11.450000 -346.559998
v -201.399994 11.450000 -346.559998
v -201.779999 8.250000 -352.259979
v -202.729996 8.250000 -352.829987
v -203.110001 8.250000 -353.779999
v -202.159988 7.450000 -348.079987
v -202.919998 7.450000 -348.079987
v -203.489990 7.450000 -348.839996
v -204.629990 7.450000 -348.649994
v -204.629990 7.450000 -347.889984
v -205.389999 7.450000 -347.509979
v -205.389999 7.850000 -345.799988
v -207.099991 7.450000 -347.130005
v -207.479996 7.450000 -347.320007
v -207.479996 7.450000 -351.500000
v -206.339996 7.450000 -351.500000
v -206.339996 7.450000 -350.929993
v -205.580002 7.450000 -350.549988
v -205.199997 7.450000 -349.600006
v -204.250000 7.450000 -349.979980
v -204.059998 7.450000 -349.600006
v -203.300003 7.450000 -349.600006
v -202.919998 7.450000 -349.979980
v -203.110001 7.450000 -350.929993
v -201.970001 7.450000 -349.789978
v -202.729996 7.350000 -354.919983
v -203.679993 7.350000 -354.919983
v -203.679993 7.350000 -355.299988
v -204.250000 7.450000 -346.179993
v -204.059998 11.450000 -347.130005
v -204.440002 11.450000 -347.130005
v -204.440002 11.450000 -347.699982
v -205.009995 7.450000 -352.829987
v -205.199997 7.450000 -353.209991
v -204.819992 7.450000 -353.209991
v -206.720001 11.450000 -353.019989
v -206.720001 11.650000 -352.449982
v -205.959991 12.150000 -352.070007
v -207.479996 11.450000 -352.070007
v -207.479996 11.450000 -353.019989
v -206.529999 11.450000 -353.970001
v -205.580002 11.450000 -353.399994
v -207.479996 6.450000 -354.539978
v -207.479996 6.450000 -355.679993
v -206.149994 6.450000 -355.679993
v -199.500000 10.250000 -349.600006
v -198.360001 9.849999 -350.359985
v -204.819992 11.450000 -348.839996
v -204.819992 11.450000 -348.079987
v -205.389999 11.450000 -348.649994
v -207.479996 11.450000 -349.029999
v -207.479996 11.450000 -349.979980
v -206.909988 11.450000 -351.119995
v -206.529999 11.450000 -351.119995
v -206.339996 11.450000 -350.739990
v -204.629990 11.450000 -350.549988
v -204.629990 11.450000 -349.979980
v -204.059998 11.450000 -349.410004
v -128.440002 22.949999 -419.899994
v -124.829994 23.049999 -420.849976
v -120.839996 23.049999 -422.750000
v -122.360001 23.049999 -423.699982
v -128.440002 22.949999 -421.419983
v -128.440002 22.949999 -424.839996
v -121.029999 23.650000 -424.839996
v -120.839996 20.449999 -418.190002
v -125.209999 21.150000 -420.089996
v -125.209999 21.049999 -420.470001
v -121.979996 21.150000 -421.609985
v -121.029999 20.449999 -422.369995
v -121.790001 20.650000 -423.130005
v -126.349998 20.850000 -421.419983
v -126.729996 21.049999 -422.369995
v -127.680000 20.949999 -422.940002
v -128.250000 21.150000 -424.459991
v -125.019997 21.449999 -423.889984
v -124.829994 21.150000 -424.839996
v -122.169998 20.350000 -424.839996
v -121.409996 20.350000 -423.889984
v -122.930000 26.549999 -424.459991
v -122.930000 26.150000 -423.889984
v -124.829994 26.650000 -423.509979
v -126.540001 27.650000 -423.699982
v -128.440002 27.949999 -422.750000
v -128.440002 28.349998 -424.839996
v -122.360001 26.549999 -424.839996
v -149.910004 8.450000 -396.720001
v -151.809998 8.150000 -395.959991
v -158.080002 7.750000 -405.079987
v -150.479996 15.650000 -395.769989
v -151.429993 15.349999 -395.389984
v -151.809998 15.750000 -395.959991
v -152.569992 16.049999 -395.769989
v -158.080002 15.250000 -397.100006
v -158.080002 15.450000 -401.470001
v -155.419998 15.750000 -400.519989
v -155.419998 15.650000 -399.949982
v -154.660004 15.650000 -399.380005
v -154.279999 15.750000 -398.429993
v -153.519989 15.750000 -398.239990
v -151.619995 15.950000 -396.339996
v -150.099991 15.950000 -396.529999
v -149.720001 16.549999 -397.289978
v -148.199997 16.250000 -397.289978
v -149.910004 16.750000 -397.669983
v -151.239990 16.949999 -397.669983
v -151.809998 16.850000 -398.049988
v -154.849991 16.549999 -400.709991
v -155.229996 16.850000 -401.660004
v -158.080002 16.350000 -402.989990
v -158.080002 16.750000 -405.079987
v -233.319992 4.650000 -277.779999
v -234.269989 4.650000 -280.630005
v -236.360001 4.650000 -282.910004
v -232.369995 4.450000 -286.519989
v -237.119995 4.650000 -284.429993
v -234.649994 4.650000 -277.779999
v -237.119995 4.650000 -277.779999
v -237.119995 4.650000 -282.149994
v -235.409988 4.650000 -280.250000
v -228.379990 16.650000 -277.779999
v -230.279999 16.650000 -277.779999
v -232.179993 16.650000 -277.779999
v -232.179993 16.650000 -277.970001
v -231.419998 16.650000 -278.160004
v -230.089996 16.650000 -279.489990
v -229.519989 16.549999 -280.630005
v -229.519989 16.150000 -281.959991
v -230.089996 16.650000 -282.149994
v -230.849991 16.449999 -283.479980
v -230.279999 16.150000 -283.669983
v -230.279999 15.650000 -284.239990
v -231.229996 15.650000 -284.429993
v -231.229996 15.549999 -285.759979
v -231.419998 17.650000 -280.440002
v -231.419998 17.650000 -279.489990
v -232.750000 17.049999 -278.729980
v -232.750000 16.650000 -278.160004
v -237.119995 15.049999 -277.779999
v -237.119995 15.750000 -283.100006
v -233.889999 15.849999 -285.380005
v -232.369995 15.650000 -284.239990
v -234.080002 15.750000 -282.149994
v -234.839996 15.950000 -279.869995
v -234.459991 16.250000 -278.919983
v -233.699997 16.750000 -279.109985
v -233.699997 17.150000 -280.440002
v -233.129990 17.350000 -281.579987
v -232.369995 17.350000 -281.769989
v -235.979996 11.150000 -277.779999
v -237.119995 11.349999 -277.779999
v -237.119995 11.050000 -281.199982
v -236.169998 11.050000 -280.250000
v -235.409988 10.950000 -278.350006
v -211.279999 9.250000 -326.989990
v -209.000000 9.250000 -326.989990
v -188.669998 6.450000 -357.199982
v -188.669998 6.450000 -358.149994
v -189.429993 6.450000 -358.720001
v -190.379990 6.450000 -358.720001
v -190.379990 6.450000 -359.289978
v -189.809998 6.450000 -359.669983
v -190.000000 6.450000 -360.619995
v -189.809998 6.450000 -360.809998
v -188.479996 6.450000 -360.809998
v -188.289993 6.450000 -358.149994
v -188.289993 6.450000 -357.199982
v -189.809998 7.950000 -363.279999
v -190.379990 7.550000 -364.989990
v -191.709991 7.550000 -364.799988
v -192.279999 7.550000 -365.369995
v -191.519989 7.950000 -365.559998
v -190.000000 7.550000 -365.559998
v -188.099991 7.550000 -365.179993
v -190.000000 7.250000 -357.009979
v -191.330002 7.250000 -355.679993
v -191.709991 7.250000 -355.679993
v -189.809998 7.250000 -357.769989
v -195.699997 6.450000 -365.559998
v -194.369995 6.450000 -365.559998
v -190.569992 6.450000 -362.519989
v -190.000000 6.450000 -361.949982
v -191.139999 6.450000 -360.429993
v -191.139999 6.450000 -359.479980
v -192.659988 6.450000 -356.250000
v -197.599991 6.450000 -365.559998
v -195.319992 6.450000 -364.989990
v -196.459991 6.450000 -365.369995
v -196.839996 6.450000 -364.229980
v -195.699997 6.450000 -363.850006
v -190.759995 10.349999 -359.289978
v -189.619995 10.349999 -361.000000
v -188.479996 11.550000 -364.989990
v -188.669998 11.550000 -365.559998
v -196.459991 9.849999 -364.419983
v -197.599991 9.950000 -365.369995
v -197.599991 9.950000 -365.559998
v -195.699997 10.250000 -365.559998
v -169.860001 11.849999 -385.889984
v -171.000000 11.450000 -386.079987
v -171.000000 11.450000 -386.649994
v -172.139999 11.450000 -387.600006
v -173.279999 11.750000 -387.220001
v -173.660004 11.650000 -387.789978
v -174.419998 11.450000 -387.789978
v -174.610001 11.450000 -387.220001
v -174.989990 11.450000 -388.169983
v -174.800003 11.450000 -389.119995
v -174.039993 11.450000 -389.309998
v -174.039993 11.450000 -390.449982
v -174.800003 11.450000 -390.829987
v -174.039993 11.650000 -391.589996
v -173.089996 11.550000 -391.209991
v -173.089996 11.650000 -390.449982
v -172.139999 11.550000 -389.309998
v -171.569992 11.450000 -389.309998
v -170.050003 11.450000 -390.639984
v -170.429993 11.450000 -390.069977
v -170.429993 11.450000 -388.549988
v -168.720001 11.450000 -388.359985
v -168.529999 11.450000 -387.410004
v -169.289993 11.849999 -386.839996
v -169.289993 11.849999 -386.079987
v -168.339996 11.450000 -385.889984
v -171.190002 7.350000 -395.009979
v -171.949997 7.350000 -395.009979
v -173.470001 7.350000 -393.299988
v -175.179993 7.350000 -392.160004
v -175.179993 7.350000 -391.779999
v -177.839996 7.350000 -389.880005
v -177.839996 7.450000 -395.199982
v -167.959991 7.450000 -395.199982
v -172.709991 7.450000 -390.829987
v -173.660004 7.450000 -391.779999
v -172.330002 7.450000 -391.589996
v -177.839996 12.550000 -386.839996
v -176.699997 12.849999 -386.649994
v -175.750000 13.349999 -387.979980
v -175.369995 7.450000 -388.169983
v -176.319992 7.450000 -388.929993
v -176.129990 7.450000 -389.500000
v -175.559998 7.450000 -388.739990
v -174.800003 7.450000 -388.739990
v -167.959991 7.450000 -387.220001
v -168.529999 7.450000 -387.220001
v -169.099991 7.450000 -386.649994
v -169.479996 7.450000 -387.410004
v -170.619995 7.450000 -387.029999
v -170.809998 7.450000 -387.410004
v -171.949997 7.450000 -387.220001
v -172.139999 7.450000 -387.789978
v -172.709991 7.450000 -387.789978
v -174.039993 7.450000 -386.649994
v -177.649994 7.450000 -385.889984
v -176.889999 7.450000 -385.889984
v -175.369995 7.450000 -387.220001
v -175.369995 7.450000 -387.600006
v -174.800003 7.450000 -386.839996
v -174.229996 7.450000 -386.839996
v -172.899994 7.450000 -387.979980
v -172.899994 7.450000 -388.739990
v -173.660004 7.450000 -389.309998
v -173.470001 7.450000 -389.690002
v -172.709991 7.450000 -389.880005
v -172.330002 7.450000 -388.929993
v -171.379990 7.450000 -388.929993
v -171.190002 7.450000 -389.500000
v -169.860001 7.450000 -389.690002
v -169.860001 7.950000 -390.259979
v -171.190002 9.349999 -391.399994
v -171.379990 9.650000 -392.160004
v -171.949997 10.150000 -392.160004
v -172.709991 10.849999 -391.399994
v -171.759995 9.750000 -392.539978
v -171.949997 9.450000 -393.299988
v -171.569992 9.450000 -393.489990
v -170.239990 9.050000 -391.589996
v -168.910004 7.450000 -390.449982
v -168.910004 7.450000 -390.069977
v -169.669998 7.450000 -389.880005
v -169.669998 7.450000 -388.929993
v -169.289993 7.450000 -388.169983
v -168.149994 7.450000 -387.789978
v -170.239990 7.450000 -385.509979
v -170.619995 7.450000 -385.699982
v -170.619995 7.450000 -386.269989
v -170.050003 7.450000 -386.079987
v -177.080002 13.349999 -389.309998
v -177.839996 13.150000 -389.119995
v -177.839996 13.349999 -389.690002
v -177.459991 13.349999 -390.069977
v -187.720001 6.450000 -379.619995
v -181.259995 7.350000 -379.619995
v -181.069992 7.350000 -378.669983
v -180.309998 7.350000 -378.669983
v -179.929993 7.450000 -379.429993
v -177.839996 7.350000 -379.429993
v -180.309998 7.450000 -380.000000
v -181.069992 7.450000 -380.000000
v -187.720001 6.550000 -385.319977
v -180.309998 7.350000 -385.319977
v -179.550003 11.650000 -384.559998
v -179.739990 11.750000 -385.319977
v -177.839996 12.150000 -385.319977
v -217.360001 6.550000 -343.519989
v -216.409988 6.550000 -345.799988
v -209.000000 6.450000 -345.799988
v -220.779999 5.350000 -316.160004
v -219.830002 5.450000 -318.440002
v -219.830002 5.550000 -320.149994
v -220.589996 5.550000 -320.910004
v -222.110001 5.550000 -321.479980
v -218.500000 5.850000 -323.949982
v -222.110001 5.650000 -323.000000
v -224.959991 5.250000 -320.910004
v -227.239990 4.950000 -319.769989
v -227.239990 5.350000 -326.039978
v -224.769989 5.650000 -326.039978
v -224.580002 5.550000 -325.279999
v -224.009995 5.650000 -325.279999
v -223.059998 5.750000 -326.039978
v -222.299988 5.850000 -326.039978
v -221.539993 6.950000 -317.489990
v -222.869995 6.650000 -316.160004
v -223.250000 6.650000 -316.160004
v -223.819992 7.050000 -318.820007
v -222.110001 6.950000 -320.149994
v -221.349991 7.050000 -319.769989
v -221.159988 7.150000 -318.630005
v -224.959991 5.150000 -318.440002
v -224.769989 5.150000 -316.160004
v -227.239990 4.950000 -316.160004
v -227.239990 4.950000 -318.250000
v -224.389999 5.250000 -319.959991
v -222.869995 5.250000 -317.299988
v -223.629990 5.250000 -317.869995
v -223.059998 5.350000 -319.389984
v -221.919998 5.450000 -319.389984
v -221.729996 5.350000 -319.009979
v -221.729996 5.350000 -318.059998
v -220.970001 5.950000 -327.179993
v -217.549988 6.250000 -329.459991
v -217.549988 6.350000 -331.929993
v -217.929993 6.350000 -332.309998
v -220.399994 6.250000 -332.309998
v -220.779999 6.250000 -331.739990
v -222.299988 6.250000 -332.690002
v -220.970001 6.450000 -335.919983
v -218.500000 6.150000 -329.079987
v -221.349991 6.050000 -328.509979
v -221.729996 5.950000 -327.940002
v -224.199997 5.750000 -326.799988
v -227.239990 5.550000 -327.559998
v -226.669998 5.550000 -327.559998
v -226.860001 5.450000 -326.419983
v -225.909988 5.550000 -326.229980
v -224.009995 6.050000 -330.410004
v -220.779999 6.150000 -329.459991
v -218.500000 6.250000 -330.220001
v -219.830002 6.250000 -330.220001
v -219.830002 6.250000 -331.169983
v -218.879990 6.250000 -331.359985
v -218.500000 6.250000 -331.359985
v -223.250000 6.250000 -333.449982
v -225.149994 6.050000 -330.979980
v -227.239990 6.350000 -335.919983
v -226.669998 6.350000 -335.919983
v -225.909988 6.350000 -335.919983
v -222.489990 6.450000 -335.919983
v -158.080002 7.750000 -411.349976
v -152.759995 8.050000 -410.589996
v -151.239990 8.250000 -410.589996
v -150.479996 8.349999 -411.160004
v -149.910004 8.550000 -410.399994
v -148.389999 8.849999 -410.209991
v -148.580002 8.849999 -411.539978
v -149.529999 8.650000 -411.539978
v -150.099991 8.550000 -412.489990
v -150.860001 8.349999 -412.489990
v -151.619995 8.250000 -411.919983
v -156.369995 7.850000 -412.299988
v -157.509995 7.750000 -412.869995
v -158.080002 7.750000 -414.199982
v -148.770004 8.849999 -414.959991
v -152.569992 17.650000 -405.079987
v -152.569992 17.350000 -409.259979
v -150.860001 17.449999 -410.019989
v -148.959991 17.449999 -409.639984
v -148.770004 17.350000 -410.779999
v -150.860001 17.350000 -411.349976
v -152.379990 17.350000 -410.589996
v -154.089996 17.049999 -410.399994
v -158.080002 16.250000 -411.539978
v -158.080002 16.049999 -414.959991
v -148.770004 16.850000 -414.959991
v -158.080002 16.350000 -410.019989
v -149.910004 21.549999 -412.109985
v -151.050003 20.949999 -411.919983
v -151.429993 21.150000 -413.059998
v -151.050003 22.049999 -414.199982
v -151.429993 21.949999 -414.579987
v -152.190002 21.750000 -414.389984
v -152.569992 22.049999 -414.959991
v -152.379990 21.549999 -411.160004
v -155.039993 22.150000 -412.299988
v -156.179993 22.049999 -413.630005
v -158.080002 20.949999 -414.009979
v -158.080002 21.449999 -414.959991
v -153.519989 22.350000 -414.959991
v -153.519989 22.449999 -413.250000
v -152.190002 21.850000 -412.299988
v -161.119995 7.650000 -398.429993
v -162.069992 7.650000 -403.369995
v -161.309998 7.650000 -405.079987
v -167.959991 7.650000 -405.079987
v -162.830002 7.650000 -405.079987
v -163.019989 7.650000 -402.609985
v -160.360001 14.950000 -400.329987
v -160.169998 15.650000 -403.559998
v -160.739990 15.950000 -405.079987
v -159.029999 15.849999 -402.799988
v -159.220001 15.250000 -402.039978
v -138.319992 22.250000 -421.039978
v -137.369995 22.650000 -420.470001
v -137.179993 22.850000 -419.899994
v -134.709991 23.449999 -419.519989
v -129.580002 23.250000 -419.329987
v -129.389999 23.049999 -419.709991
v -129.389999 22.750000 -421.039978
v -134.139999 23.049999 -420.660004
v -136.419998 22.449999 -421.229980
v -138.319992 21.549999 -422.750000
v -138.319992 21.250000 -423.509979
v -137.750000 21.549999 -423.130005
v -136.989990 21.650000 -423.319977
v -137.179993 20.650000 -424.459991
v -137.940002 20.350000 -424.839996
v -132.429993 21.549999 -424.839996
v -132.429993 22.250000 -423.889984
v -130.720001 22.549999 -423.889984
v -130.720001 21.949999 -424.839996
v -131.479996 27.549999 -421.799988
v -131.860001 27.449999 -421.799988
v -131.860001 28.049999 -422.750000
v -135.660004 26.349998 -421.799988
v -138.129990 26.949999 -424.839996
v -130.720001 21.549999 -415.910004
v -130.720001 21.949999 -417.809998
v -130.149994 21.750000 -415.529999
v -138.319992 14.450000 -419.899994
v -136.229996 16.049999 -419.519989
v -134.139999 19.250000 -424.459991
v -134.139999 19.250000 -424.839996
v -132.619995 20.250000 -423.699982
v -132.239990 20.449999 -422.750000
v -136.229996 16.150000 -420.849976
v -137.940002 14.849999 -421.419983
v -137.750000 15.650000 -424.269989
v -137.369995 15.750000 -424.079987
v -137.369995 15.450000 -421.989990
v -136.229996 16.250000 -421.799988
v -191.139999 7.550000 -369.739990
v -190.569992 7.550000 -370.309998
v -190.569992 7.550000 -370.880005
v -189.809998 7.550000 -370.880005
v -187.720001 8.349999 -368.789978
v -188.099991 7.950000 -369.169983
v -188.860001 7.550000 -368.979980
v -188.860001 7.550000 -368.410004
v -191.899994 6.450000 -375.440002
v -190.379990 11.550000 -367.079987
v -190.949997 11.550000 -367.079987
v -190.949997 11.550000 -368.029999
v -192.470001 11.550000 -368.979980
v -192.470001 11.550000 -369.739990
v -191.139999 11.550000 -369.169983
v -190.759995 11.550000 -368.410004
v -189.809998 11.550000 -367.839996
v -190.379990 7.950000 -366.889984
v -190.569992 7.550000 -365.940002
v -192.470001 7.550000 -371.259979
v -192.659988 7.550000 -370.500000
v -193.419998 7.550000 -370.690002
v -195.509995 7.550000 -367.839996
v -196.080002 7.650000 -367.839996
v -196.269989 7.550000 -368.410004
v -195.509995 7.550000 -369.169983
v -195.509995 7.950000 -370.119995
v -194.369995 7.550000 -369.929993
v -192.849991 7.550000 -372.779999
v -192.279999 7.550000 -372.779999
v -191.519989 7.550000 -371.639984
v -197.599991 6.450000 -370.309998
v -197.599991 6.450000 -375.440002
v -193.419998 6.450000 -375.440002
v -197.599991 10.349999 -367.459991
v -195.509995 10.349999 -365.940002
v -189.809998 11.550000 -365.940002
v -188.860001 11.550000 -366.509979
v -189.239990 11.550000 -367.649994
v -188.669998 11.950000 -368.029999
v -188.289993 11.550000 -367.839996
v -188.479996 11.550000 -366.889984
v -192.470001 11.550000 -369.929993
v -193.610001 11.950000 -370.119995
v -193.800003 11.650000 -371.639984
v -192.849991 11.750000 -370.690002
v -192.279999 11.550000 -370.690002
v -197.599991 6.750000 -366.699982
v -196.839996 7.550000 -367.459991
v -196.269989 7.550000 -367.459991
v -196.839996 6.750000 -365.940002
v -237.119995 3.450000 -296.589996
v -232.939987 3.450000 -297.919983
v -232.559998 3.450000 -298.869995
v -232.179993 3.450000 -299.059998
v -231.799988 3.450000 -298.489990
v -230.849991 3.450000 -298.489990
v -230.659988 3.450000 -299.250000
v -227.239990 3.450000 -299.250000
v -231.039993 3.450000 -299.820007
v -231.799988 3.450000 -299.820007
v -232.750000 3.450000 -299.250000
v -233.319992 3.450000 -299.250000
v -233.889999 3.450000 -301.149994
v -233.509995 3.450000 -302.479980
v -233.129990 3.450000 -302.669983
v -232.939987 3.450000 -302.100006
v -231.989990 3.450000 -302.100006
v -231.799988 3.550000 -303.429993
v -232.179993 3.550000 -303.619995
v -232.179993 3.750000 -306.279999
v -233.129990 3.450000 -303.429993
v -233.889999 3.450000 -303.239990
v -234.459991 3.450000 -303.239990
v -235.029999 3.450000 -304.759979
v -234.459991 3.550000 -306.279999
v -234.080002 3.550000 -306.279999
v -232.750000 3.750000 -306.279999
v -235.789993 4.450000 -299.250000
v -237.119995 4.450000 -299.250000
v -237.119995 4.450000 -299.630005
v -237.119995 4.450000 -300.769989
v -237.119995 4.450000 -300.959991
v -237.119995 4.450000 -301.910004
v -237.119995 4.450000 -304.190002
v -236.739990 4.450000 -303.239990
v -236.929993 4.450000 -302.289978
v -236.360001 4.450000 -301.339996
v -235.979996 4.450000 -301.339996
v -235.599991 4.450000 -299.630005
v -232.369995 7.250000 -299.059998
v -233.129990 7.450000 -299.059998
v -234.839996 7.450000 -304.570007
v -235.029999 7.450000 -306.089996
v -233.699997 7.150000 -306.279999
v -232.939987 6.950000 -306.279999
v -231.039993 6.950000 -299.630005
v -236.739990 8.750000 -301.339996
v -237.119995 8.750000 -300.959991
v -237.119995 8.750000 -301.720001
v -236.169998 8.550000 -301.720001
v -235.979996 8.550000 -301.149994
v -247.000000 4.450000 -286.519989
v -247.000000 3.550000 -293.549988
v -237.689987 3.450000 -296.399994
v -247.000000 4.450000 -295.070007
v -247.000000 4.450000 -296.399994
v -246.429993 4.450000 -296.399994
v -246.049988 4.450000 -295.259979
v -246.619995 8.450000 -295.449982
v -247.000000 8.450000 -295.449982
v -247.000000 8.450000 -296.399994
v -244.339996 8.450000 -296.399994
v -180.309998 11.750000 -386.079987
v -180.879990 11.650000 -386.079987
v -181.069992 11.750000 -387.029999
v -178.409988 12.750000 -388.359985
v -178.409988 12.550000 -387.410004
v -181.259995 7.350000 -386.839996
v -181.259995 7.350000 -386.079987
v -186.959991 6.650000 -385.699982
v -186.959991 7.050000 -386.269989
v -187.720001 7.350000 -386.459991
v -187.720001 7.550000 -387.789978
v -186.959991 7.150000 -386.649994
v -186.389999 6.650000 -386.649994
v -186.199997 6.650000 -387.600006
v -186.769989 6.650000 -388.359985
v -183.349991 6.950000 -390.829987
v -181.069992 7.350000 -390.639984
v -178.979996 7.350000 -391.779999
v -177.839996 7.350000 -391.779999
v -178.599991 7.350000 -392.160004
v -178.599991 7.450000 -393.869995
v -179.169998 7.450000 -394.630005
v -180.690002 7.350000 -394.819977
v -183.539993 7.150000 -394.440002
v -184.110001 7.050000 -393.869995
v -184.110001 6.950000 -391.779999
v -187.720001 6.650000 -388.929993
v -187.720001 6.850000 -395.199982
v -180.879990 8.750000 -391.779999
v -182.779999 8.550000 -391.970001
v -182.970001 8.450000 -393.109985
v -182.019989 8.650000 -393.489990
v -179.739990 8.450000 -393.299988
v -177.839996 7.450000 -385.889984
v -178.409988 7.850000 -385.699982
v -178.409988 7.850000 -385.319977
v -178.599991 7.850000 -385.319977
v -179.550003 7.450000 -386.459991
v -178.979996 7.450000 -387.029999
v -178.409988 7.450000 -387.029999
v -177.839996 7.450000 -386.079987
v -144.589996 20.449999 -415.339996
v -143.639999 20.949999 -415.910004
v -143.639999 21.350000 -416.669983
v -144.209991 21.750000 -417.049988
v -140.029999 21.949999 -420.660004
v -139.649994 22.250000 -420.279999
v -138.699997 22.449999 -420.279999
v -138.509995 22.150000 -421.229980
v -138.319992 21.449999 -422.750000
v -139.649994 20.850000 -423.509979
v -140.599991 21.650000 -424.839996
v -139.080002 20.850000 -424.839996
v -138.889999 20.750000 -423.889984
v -148.199997 24.049999 -424.839996
v -143.449997 23.150000 -424.839996
v -141.929993 21.949999 -423.319977
v -140.599991 21.250000 -423.130005
v -139.649994 21.549999 -421.799988
v -144.779999 21.850000 -416.859985
v -144.779999 21.549999 -416.479980
v -146.489990 22.449999 -417.239990
v -147.250000 22.549999 -417.049988
v -147.250000 22.150000 -416.479980
v -146.110001 21.350000 -415.720001
v -147.440002 24.049999 -422.369995
v -147.629990 24.150000 -421.229980
v -146.489990 23.750000 -421.039978
v -146.300003 23.850000 -421.989990
v -140.029999 12.849999 -416.099976
v -138.319992 14.349999 -419.899994
v -138.889999 13.950000 -421.609985
v -139.839996 13.450000 -421.799988
v -140.029999 13.349999 -422.179993
v -140.789993 12.849999 -421.989990
v -143.259995 11.450000 -422.559998
v -144.589996 10.950000 -423.889984
v -144.779999 10.849999 -424.459991
v -144.399994 11.150000 -424.839996
v -138.699997 14.950000 -424.839996
v -140.979996 12.150000 -416.669983
v -143.639999 10.849999 -418.000000
v -147.059998 9.550000 -418.190002
v -147.059998 9.550000 -418.949982
v -146.679993 9.650000 -419.139984
v -146.869995 9.650000 -419.899994
v -145.729996 10.250000 -422.559998
v -144.399994 10.750000 -421.419983
v -139.459991 13.450000 -420.470001
v -147.629990 9.250000 -416.479980
v -147.250000 9.349999 -417.239990
v -145.160004 10.050000 -416.859985
v -142.500000 11.250000 -415.720001
v -148.199997 9.250000 -419.329987
v -148.199997 9.550000 -424.839996
v -146.869995 9.950000 -424.839996
v -146.300003 10.050000 -423.699982
v -142.119995 19.150000 -424.269989
v -143.449997 18.549999 -424.269989
v -143.449997 18.350000 -424.839996
v -142.879990 18.650000 -424.839996
v -144.589996 20.049999 -417.619995
v -146.489990 19.250000 -416.289978
v -146.489990 19.350000 -415.149994
v -147.629990 18.549999 -417.049988
v -146.300003 19.049999 -418.569977
v -145.919998 18.250000 -421.609985
v -145.349991 18.150000 -422.940002
v -142.690002 19.949999 -422.559998
v -147.629990 16.650000 -415.910004
v -147.250000 16.650000 -415.910004
v -144.589996 16.350000 -415.529999
v -128.440002 28.250000 -424.839996
v -128.440002 29.049999 -434.720001
v -120.839996 29.849998 -434.720001
v -120.839996 25.949999 -425.029999
v -127.869995 28.250000 -427.690002
v -126.540001 28.049999 -427.500000
v -126.349998 28.150000 -428.639984
v -127.680000 28.449999 -428.829987
v -128.440002 25.350000 -430.919983
v -127.680000 25.949999 -431.109985
v -127.680000 26.549999 -432.059998
v -128.440002 26.349998 -432.250000
v -128.440002 27.049999 -433.959991
v -126.919998 26.750000 -432.250000
v -125.399994 26.349998 -431.489990
v -125.969994 26.150000 -431.109985
v -125.969994 25.650000 -430.539978
v -124.070000 24.250000 -428.639984
v -123.309998 24.449999 -428.639984
v -123.119995 23.350000 -426.739990
v -122.169998 24.049999 -426.739990
v -122.169998 24.650000 -427.880005
v -121.599998 24.650000 -427.690002
v -120.839996 24.150000 -426.169983
v -121.979996 27.150000 -434.720001
v -120.839996 26.750000 -434.720001
v -120.839996 26.849998 -433.389984
v -124.829994 21.250000 -424.839996
v -126.729996 21.549999 -427.119995
v -128.440002 21.650000 -427.309998
v -128.440002 20.850000 -429.970001
v -126.540001 21.049999 -429.019989
v -125.399994 21.049999 -427.500000
v -122.739998 19.449999 -426.929993
v -207.860001 7.450000 -347.320007
v -207.669998 7.450000 -348.079987
v -208.619995 7.450000 -349.029999
v -207.860001 7.450000 -349.789978
v -207.860001 7.450000 -350.359985
v -209.000000 7.450000 -351.309998
v -209.000000 7.450000 -351.690002
v -208.049988 7.450000 -352.070007
v -212.419998 6.450000 -350.359985
v -215.649994 6.450000 -350.739990
v -215.459991 6.450000 -353.970001
v -216.409988 6.550000 -354.160004
v -212.229996 6.450000 -349.600006
v -208.049988 11.450000 -349.410004
v -208.049988 11.450000 -349.789978
v -208.809998 11.450000 -351.880005
v -241.489990 4.650000 -277.779999
v -241.299988 4.650000 -279.679993
v -239.589996 4.650000 -281.199982
v -239.589996 4.650000 -281.579987
v -237.879990 4.650000 -282.720001
v -238.069992 4.650000 -284.049988
v -243.389999 4.650000 -285.380005
v -247.000000 4.650000 -282.910004
v -242.250000 4.650000 -280.630005
v -242.629990 4.750000 -277.779999
v -247.000000 4.950000 -277.779999
v -247.000000 4.850000 -280.250000
v -245.860001 4.650000 -282.339996
v -243.009995 4.650000 -284.049988
v -239.970001 4.650000 -283.479980
v -239.589996 11.550000 -277.779999
v -239.970001 11.650000 -278.350006
v -240.539993 11.650000 -278.350006
v -238.639999 11.050000 -282.910004
v -241.489990 11.550000 -281.389984
v -241.869995 11.950000 -278.729980
v -243.580002 12.250000 -278.919983
v -247.000000 13.250000 -278.160004
v -247.000000 12.150000 -280.630005
v -246.049988 11.250000 -282.149994
v -243.199997 11.250000 -283.100006
v -240.349991 11.250000 -283.100006
v -239.399994 14.450000 -277.779999
v -240.349991 14.250000 -278.540009
v -239.970001 14.349999 -279.679993
v -238.449997 15.250000 -281.389984
v -237.879990 15.650000 -282.720001
v -233.129990 3.850000 -307.419983
v -234.269989 3.650000 -307.039978
v -237.119995 3.750000 -310.079987
v -237.119995 3.550000 -312.929993
v -236.739990 3.650000 -313.690002
v -235.409988 4.050000 -313.880005
v -231.799988 4.450000 -316.160004
v -235.789993 3.850000 -315.209991
v -237.119995 3.650000 -315.019989
v -237.119995 3.550000 -316.160004
v -234.459991 3.950000 -316.160004
v -236.549988 3.450000 -306.470001
v -236.929993 3.450000 -306.470001
v -237.119995 3.450000 -307.229980
v -237.119995 3.450000 -307.609985
v -236.549988 3.450000 -307.039978
v -202.539993 6.450000 -356.250000
v -204.250000 6.450000 -356.250000
v -204.819992 6.450000 -355.679993
v -205.009995 6.450000 -355.679993
v -207.479996 6.450000 -359.100006
v -206.149994 6.450000 -359.100006
v -206.149994 6.450000 -359.669983
v -207.479996 6.450000 -361.000000
v -207.479996 6.450000 -365.559998
v -205.009995 6.450000 -365.559998
v -204.629990 6.450000 -364.989990
v -199.500000 6.450000 -364.989990
v -199.119995 6.450000 -365.559998
v -199.119995 6.450000 -366.319977
v -198.360001 6.450000 -366.509979
v -198.360001 6.450000 -367.459991
v -199.309998 6.450000 -368.029999
v -204.819992 6.450000 -368.029999
v -207.479996 6.450000 -373.539978
v -201.970001 6.450000 -375.440002
v -198.360001 6.450000 -369.359985
v -198.550003 6.450000 -368.029999
v -197.979996 6.450000 -367.649994
v -198.169998 6.450000 -366.889984
v -200.069992 6.450000 -365.940002
v -204.059998 6.450000 -365.940002
v -204.059998 6.450000 -367.079987
v -200.069992 6.450000 -367.079987
v -207.479996 6.450000 -374.869995
v -207.479996 6.450000 -375.440002
v -205.769989 6.450000 -375.440002
v -197.789993 9.950000 -365.559998
v -198.169998 9.849999 -365.559998
v -199.119995 9.950000 -366.699982
v -198.169998 10.349999 -367.839996
v -200.069992 10.349999 -365.940002
v -204.059998 10.349999 -365.940002
v -204.059998 10.349999 -367.079987
v -200.069992 10.349999 -367.079987
v -219.830002 6.550000 -338.199982
v -219.449997 6.550000 -340.479980
v -218.309998 6.650000 -344.279999
v -220.589996 6.550000 -341.049988
v -220.779999 6.550000 -339.149994
v -224.009995 6.450000 -339.529999
v -223.819992 6.550000 -341.619995
v -224.959991 6.450000 -342.000000
v -225.149994 6.450000 -340.100006
v -226.860001 6.450000 -336.869995
v -227.239990 6.450000 -339.529999
v -226.289993 6.450000 -339.529999
v -225.909988 6.450000 -339.910004
v -225.909988 6.450000 -344.660004
v -226.289993 6.450000 -345.039978
v -227.239990 6.450000 -345.039978
v -226.860001 6.950000 -340.669983
v -227.239990 6.950000 -340.669983
v -227.239990 6.950000 -343.899994
v -226.860001 6.950000 -343.899994
v -234.459991 4.050000 -316.160004
v -237.119995 4.150000 -326.039978
v -177.839996 7.550000 -398.049988
v -177.080002 7.550000 -398.239990
v -177.080002 7.650000 -399.190002
v -177.839996 7.650000 -399.569977
v -177.839996 7.650000 -405.079987
v -192.470001 6.450000 -375.819977
v -197.599991 6.450000 -377.720001
v -194.940002 6.450000 -380.569977
v -187.720001 6.450000 -380.569977
v -194.940002 6.450000 -381.329987
v -195.699997 6.450000 -381.519989
v -197.599991 6.450000 -379.429993
v -197.599991 6.450000 -385.319977
v -191.330002 6.450000 -385.319977
v -189.239990 6.450000 -384.940002
v -151.809998 22.049999 -414.959991
v -151.809998 22.150000 -415.339996
v -150.669998 22.449999 -415.720001
v -150.479996 22.949999 -416.479980
v -152.190002 23.250000 -416.669983
v -155.610001 22.850000 -419.519989
v -155.800003 23.150000 -420.470001
v -158.080002 22.949999 -421.609985
v -158.080002 23.250000 -424.839996
v -152.569992 22.150000 -414.959991
v -158.080002 21.850000 -420.089996
v -156.369995 22.150000 -419.519989
v -156.369995 22.049999 -418.949982
v -154.660004 22.150000 -417.049988
v -152.379990 22.250000 -415.339996
v -148.389999 9.050000 -418.380005
v -155.800003 7.850000 -418.380005
v -157.129990 7.750000 -416.859985
v -154.660004 7.950000 -417.429993
v -149.339996 8.849999 -417.239990
v -148.770004 8.950000 -416.859985
v -158.080002 16.049999 -415.149994
v -156.750000 16.150000 -416.289978
v -148.770004 16.750000 -415.910004
v -212.039993 6.450000 -355.679993
v -212.229996 6.450000 -358.529999
v -211.089996 6.450000 -358.529999
v -210.709991 6.450000 -358.910004
v -210.709991 6.450000 -361.569977
v -210.330002 6.450000 -361.949982
v -209.190002 6.450000 -362.329987
v -209.190002 6.450000 -362.709991
v -212.039993 6.450000 -365.559998
v -211.089996 6.450000 -361.949982
v -213.369995 6.550000 -361.949982
v -213.750000 6.550000 -361.569977
v -213.750000 6.450000 -358.910004
v -213.369995 6.450000 -358.529999
v -215.269989 6.550000 -355.679993
v -215.269989 6.550000 -356.819977
v -215.080002 6.650000 -363.279999
v -214.699997 6.650000 -364.039978
v -214.889999 6.750000 -365.369995
v -214.889999 6.750000 -365.559998
v -214.699997 6.750000 -365.559998
v -214.319992 6.650000 -364.989990
v -212.610001 6.550000 -364.419983
v -211.659988 6.450000 -359.669983
v -212.799988 6.450000 -359.669983
v -212.799988 6.450000 -361.000000
v -211.659988 6.450000 -361.000000
v -215.839996 6.750000 -365.179993
v -216.220001 6.750000 -363.660004
v -216.220001 6.550000 -356.819977
v -217.360001 6.850000 -365.559998
v -211.470001 17.650000 -359.479980
v -212.610001 18.049999 -359.479980
v -212.610001 18.650000 -360.619995
v -211.279999 18.250000 -360.619995
v -237.500000 8.450000 -300.579987
v -237.879990 8.450000 -300.959991
v -237.689987 8.849999 -301.910004
v -238.069992 4.450000 -304.190002
v -237.879990 4.450000 -305.139984
v -237.119995 4.450000 -304.949982
v -238.449997 4.350000 -306.279999
v -237.879990 4.350000 -306.279999
v -237.879990 4.450000 -305.709991
v -238.449997 4.450000 -298.489990
v -241.299988 4.850000 -297.540009
v -240.919998 4.450000 -298.679993
v -242.059998 4.450000 -298.869995
v -243.580002 4.450000 -297.919983
v -244.720001 4.450000 -298.109985
v -244.909988 4.450000 -297.350006
v -245.289993 4.450000 -297.350006
v -245.479996 4.450000 -298.299988
v -244.529999 4.450000 -298.489990
v -244.339996 4.450000 -299.059998
v -243.389999 4.450000 -298.869995
v -239.589996 4.450000 -300.199982
v -239.019989 4.450000 -300.199982
v -238.830002 4.450000 -299.250000
v -238.259995 4.450000 -299.059998
v -239.209991 9.250000 -302.669983
v -239.019989 9.250000 -303.049988
v -238.449997 9.150000 -302.859985
v -238.449997 9.150000 -302.479980
v -239.399994 8.450000 -300.389984
v -240.729996 8.550000 -300.199982
v -241.299988 8.550000 -300.199982
v -241.679993 8.450000 -300.769989
v -241.299988 8.450000 -301.529999
v -240.919998 8.450000 -301.149994
v -239.779999 8.450000 -301.149994
v -238.639999 8.450000 -301.529999
v -238.639999 8.550000 -300.959991
v -241.110001 4.450000 -303.429993
v -241.869995 4.450000 -303.619995
v -240.729996 4.450000 -304.000000
v -240.159988 4.450000 -303.809998
v -240.729996 8.450000 -303.049988
v -241.489990 8.450000 -303.049988
v -240.919998 8.450000 -303.429993
v -240.349991 8.450000 -303.429993
v -241.110001 8.450000 -298.109985
v -241.489990 8.849999 -298.489990
v -241.299988 9.250000 -298.869995
v -240.919998 8.849999 -298.489990
v -241.110001 6.250000 -304.949982
v -243.009995 6.250000 -304.759979
v -244.149994 6.250000 -304.000000
v -247.000000 6.250000 -303.239990
v -247.000000 6.250000 -305.519989
v -244.529999 6.250000 -306.279999
v -241.299988 6.250000 -306.279999
v -240.919998 6.250000 -305.519989
v -242.059998 4.850000 -301.529999
v -241.869995 4.850000 -301.720001
v -241.679993 4.850000 -300.769989
v -243.580002 4.450000 -301.339996
v -244.339996 4.450000 -300.579987
v -244.339996 4.450000 -299.440002
v -245.669998 4.450000 -299.630005
v -247.000000 4.450000 -299.250000
v -247.000000 4.450000 -300.579987
v -245.860001 4.450000 -301.149994
v -245.860001 4.850000 -302.289978
v -244.529999 4.850000 -302.669983
v -244.149994 4.450000 -302.100006
v -243.389999 4.450000 -302.100006
v -242.629990 4.450000 -303.429993
v -241.869995 4.450000 -303.429993
v -242.819992 6.350000 -297.540009
v -242.439987 6.150000 -297.540009
v -242.439987 6.350000 -296.970001
v -247.000000 4.450000 -297.729980
v -246.619995 4.450000 -297.729980
v -247.000000 3.450000 -305.899994
v -247.000000 3.450000 -306.279999
v -246.619995 3.450000 -306.279999
v -242.059998 8.849999 -299.059998
v -243.580002 8.550000 -299.440002
v -245.669998 8.450000 -298.489990
v -245.669998 8.550000 -297.540009
v -244.909988 8.550000 -296.589996
v -244.339996 8.450000 -296.589996
v -243.959991 7.850000 -297.160004
v -243.769989 7.650000 -296.589996
v -247.000000 8.450000 -297.729980
v -247.000000 8.450000 -298.869995
v -246.049988 8.550000 -299.250000
v -245.479996 8.450000 -300.199982
v -244.529999 8.450000 -300.199982
v -242.819992 8.450000 -300.959991
v -243.009995 8.550000 -299.820007
v -241.869995 8.550000 -299.630005
v -244.909988 3.450000 -303.809998
v -246.049988 3.450000 -303.429993
v -246.809998 3.450000 -304.000000
v -245.289993 3.450000 -304.380005
v -138.319992 26.949999 -425.029999
v -138.319992 29.549999 -434.720001
v -137.940002 19.350000 -429.779999
v -136.419998 19.850000 -430.160004
v -135.849991 19.949999 -431.109985
v -134.899994 20.750000 -430.919983
v -134.899994 21.250000 -432.250000
v -132.619995 23.049999 -432.250000
v -132.429993 23.150000 -431.869995
v -131.860001 23.750000 -431.869995
v -131.669998 23.949999 -432.250000
v -130.910004 24.549999 -432.059998
v -130.910004 25.049999 -433.199982
v -129.770004 26.049999 -433.199982
v -129.770004 26.750000 -434.720001
v -128.819992 27.150000 -434.720001
v -128.440002 27.150000 -434.529999
v -129.009995 25.849998 -432.059998
v -129.009995 25.449999 -431.489990
v -136.800003 19.250000 -431.299988
v -138.319992 18.049999 -431.489990
v -138.319992 19.250000 -434.720001
v -137.940002 19.449999 -434.720001
v -137.369995 19.650000 -434.149994
v -137.369995 19.350000 -432.819977
v -136.800003 19.449999 -432.440002
v -128.819992 21.549999 -427.309998
v -129.009995 21.549999 -428.069977
v -130.529999 20.750000 -429.209991
v -130.720001 20.650000 -430.349976
v -129.770004 20.350000 -430.919983
v -132.239990 19.750000 -429.209991
v -132.239990 19.650000 -429.779999
v -131.860001 19.549999 -429.779999
v -131.860001 19.750000 -429.019989
v -135.279999 18.750000 -426.549988
v -135.089996 19.049999 -427.119995
v -134.709991 19.150000 -426.169983
v -161.500000 7.650000 -405.839996
v -162.069992 7.650000 -406.220001
v -162.069992 7.650000 -408.309998
v -160.929993 7.650000 -412.109985
v -159.979996 7.650000 -413.630005
v -159.410004 7.650000 -413.440002
v -158.839996 7.650000 -411.919983
v -161.879990 7.650000 -412.869995
v -163.019989 7.650000 -409.069977
v -163.209991 7.650000 -405.649994
v -161.879990 15.450000 -406.220001
v -161.879990 15.349999 -407.359985
v -161.309998 15.650000 -407.929993
v -160.360001 15.549999 -410.970001
v -159.599991 15.950000 -410.209991
v -159.789993 15.750000 -412.869995
v -159.789993 15.750000 -413.630005
v -158.269989 16.049999 -414.959991
v -138.889999 27.150000 -425.789978
v -143.069992 26.349998 -427.309998
v -146.110001 27.449999 -430.349976
v -148.199997 27.150000 -431.299988
v -148.199997 27.949999 -434.720001
v -148.199997 23.850000 -428.259979
v -138.699997 17.750000 -431.679993
v -139.270004 18.049999 -433.769989
v -140.220001 17.549999 -434.720001
v -138.319992 19.150000 -434.720001
v -141.360001 14.349999 -428.639984
v -140.220001 15.549999 -429.589996
v -139.270004 16.250000 -429.589996
v -139.459991 15.950000 -428.829987
v -138.889999 15.849999 -427.880005
v -140.599991 15.849999 -430.919983
v -143.639999 12.550000 -428.069977
v -145.160004 10.849999 -425.599976
v -145.539993 10.750000 -425.599976
v -148.199997 10.650000 -430.160004
v -148.199997 11.849999 -434.720001
v -143.639999 14.750000 -434.720001
v -140.789993 16.250000 -433.009979
v -139.839996 16.449999 -431.109985
v -148.199997 9.849999 -426.929993
v -140.599991 21.750000 -424.839996
v -141.929993 22.750000 -426.169983
v -145.919998 23.449999 -428.639984
v -148.199997 23.650000 -430.539978
v -148.199997 23.049999 -434.720001
v -144.209991 22.350000 -434.149994
v -141.169998 21.449999 -432.819977
v -139.459991 20.650000 -431.109985
v -140.789993 18.549999 -426.929993
v -140.979996 18.350000 -428.829987
v -140.029999 18.650000 -429.209991
v -139.459991 18.850000 -429.209991
v -139.459991 19.250000 -426.359985
v -255.169998 4.750000 -277.779999
v -255.169998 4.750000 -278.160004
v -252.699997 4.950000 -278.919983
v -251.939987 5.050000 -279.869995
v -247.949997 4.950000 -279.489990
v -248.330002 4.850000 -280.630005
v -252.699997 4.750000 -281.009979
v -253.649994 4.650000 -279.869995
v -255.549988 4.350000 -279.299988
v -256.880005 4.950000 -277.779999
v -256.880005 3.950000 -286.519989
v -247.949997 13.349999 -277.779999
v -254.029999 12.849999 -277.779999
v -249.659988 12.650000 -279.679993
v -248.139999 12.650000 -279.869995
v -187.720001 7.550000 -405.079987
v -178.599991 7.550000 -399.380005
v -178.599991 7.550000 -398.239990
v -188.669998 7.350000 -386.079987
v -190.949997 7.650000 -386.459991
v -191.899994 7.250000 -387.410004
v -191.899994 7.150000 -387.979980
v -192.659988 6.450000 -388.169983
v -192.849991 6.450000 -386.459991
v -197.599991 6.450000 -389.119995
v -196.649994 6.450000 -388.929993
v -196.459991 6.450000 -389.880005
v -196.839996 6.450000 -390.259979
v -195.699997 6.450000 -390.639984
v -195.699997 6.450000 -391.399994
v -196.269989 6.450000 -391.779999
v -197.599991 6.450000 -394.819977
v -197.599991 6.450000 -395.199982
v -194.559998 6.450000 -395.199982
v -194.369995 6.450000 -392.919983
v -189.050003 6.750000 -392.539978
v -188.669998 6.850000 -395.199982
v -190.190002 6.650000 -389.880005
v -191.709991 6.550000 -389.880005
v -192.659988 6.450000 -389.119995
v -192.470001 6.550000 -388.359985
v -190.759995 7.650000 -388.739990
v -189.809998 10.550000 -393.489990
v -193.610001 10.550000 -393.869995
v -193.419998 10.550000 -395.009979
v -189.809998 10.550000 -394.819977
v -189.809998 6.750000 -393.679993
v -193.610001 6.550000 -393.869995
v -193.419998 6.550000 -395.009979
v -190.000000 6.750000 -394.819977
v -189.619995 6.750000 -394.630005
v -128.440002 30.250000 -444.599976
v -120.839996 30.650000 -444.599976
v -121.979996 27.250000 -434.720001
v -124.070000 27.849998 -436.429993
v -125.779999 28.449999 -439.089996
v -126.729996 28.849998 -441.940002
v -126.729996 28.949999 -444.029999
v -126.159996 28.949999 -444.599976
v -120.839996 28.150000 -444.599976
v -238.069992 3.650000 -307.229980
v -238.639999 3.850000 -306.850006
v -239.209991 3.650000 -306.850006
v -239.779999 3.450000 -306.279999
v -239.970001 3.450000 -307.039978
v -240.919998 3.450000 -307.419983
v -241.110001 3.450000 -307.989990
v -241.869995 3.450000 -307.989990
v -242.059998 3.450000 -307.039978
v -243.009995 3.450000 -306.470001
v -243.580002 3.450000 -306.470001
v -243.769989 3.450000 -307.039978
v -244.529999 3.450000 -307.039978
v -247.000000 1.850000 -313.500000
v -245.669998 2.050000 -314.070007
v -245.479996 2.150000 -314.639984
v -243.009995 2.550000 -316.160004
v -238.639999 3.450000 -313.119995
v -239.019989 3.450000 -310.459991
v -237.689987 3.650000 -310.649994
v -237.689987 3.650000 -312.169983
v -247.000000 1.850000 -315.019989
v -247.000000 1.850000 -316.160004
v -245.479996 2.050000 -316.160004
v -241.489990 6.250000 -307.229980
v -237.119995 6.450000 -335.919983
v -236.929993 6.450000 -335.919983
v -236.360001 6.450000 -335.919983
v -235.979996 6.450000 -335.919983
v -236.169998 6.450000 -334.970001
v -235.029999 6.450000 -334.589996
v -234.649994 6.450000 -334.970001
v -235.029999 6.450000 -335.919983
v -237.119995 9.849999 -333.259979
v -237.119995 10.349999 -335.919983
v -236.360001 10.250000 -335.919983
v -235.220001 9.750000 -334.779999
v -158.459991 21.350000 -414.959991
v -161.309998 21.250000 -419.329987
v -160.929993 21.949999 -422.369995
v -162.259995 22.049999 -424.839996
v -158.839996 22.750000 -421.989990
v -159.789993 22.250000 -421.799988
v -159.410004 21.750000 -420.660004
v -232.179993 6.450000 -335.919983
v -232.369995 6.450000 -337.059998
v -232.750000 6.450000 -338.009979
v -233.509995 6.450000 -338.009979
v -233.699997 6.450000 -338.199982
v -233.699997 6.450000 -339.149994
v -232.750000 6.450000 -340.100006
v -231.989990 6.450000 -340.669983
v -230.849991 6.450000 -340.669983
v -230.659988 6.450000 -340.479980
v -231.039993 6.450000 -339.529999
v -230.659988 6.450000 -339.149994
v -229.709991 6.450000 -339.149994
v -229.519989 6.450000 -339.910004
v -228.569992 6.450000 -340.100006
v -228.190002 6.450000 -339.529999
v -227.619995 6.950000 -340.479980
v -227.619995 6.950000 -344.089996
v -228.190002 6.450000 -345.039978
v -228.569992 6.450000 -344.660004
v -229.899994 6.450000 -340.479980
v -230.849991 6.450000 -342.380005
v -233.889999 6.450000 -345.799988
v -235.789993 6.450000 -337.630005
v -234.269989 6.450000 -337.250000
v -233.889999 6.450000 -337.059998
v -233.509995 6.450000 -336.679993
v -232.559998 6.450000 -336.679993
v -233.319992 6.550000 -341.049988
v -234.080002 6.550000 -340.859985
v -234.839996 6.550000 -341.809998
v -235.789993 6.550000 -341.809998
v -236.739990 6.550000 -340.669983
v -236.739990 6.550000 -341.619995
v -235.789993 6.550000 -342.190002
v -235.789993 6.550000 -342.759979
v -234.839996 6.550000 -342.949982
v -233.509995 6.550000 -341.809998
v -236.169998 6.550000 -338.199982
v -236.739990 6.550000 -338.199982
v -236.169998 6.550000 -338.769989
v -237.119995 10.349999 -336.109985
v -236.549988 10.349999 -336.489990
v -232.559998 9.750000 -337.059998
v -234.080002 10.349999 -338.959991
v -232.179993 10.650000 -341.239990
v -230.659988 10.050000 -340.100006
v -230.279999 9.849999 -339.149994
v -247.000000 4.350000 -286.519989
v -256.880005 3.050000 -295.070007
v -256.500000 2.750000 -296.399994
v -250.419998 3.450000 -296.399994
v -249.279999 3.550000 -292.979980
v -248.519989 4.450000 -294.500000
v -249.089996 4.450000 -296.399994
v -213.750000 6.650000 -366.319977
v -214.319992 6.650000 -366.319977
v -217.360001 6.750000 -375.440002
v -209.190002 6.450000 -374.489990
v -210.330002 6.450000 -372.779999
v -210.330002 6.450000 -371.829987
v -208.619995 6.450000 -368.220001
v -207.860001 6.450000 -368.220001
v -207.669998 6.450000 -369.169983
v -209.000000 6.450000 -372.399994
v -208.239990 6.450000 -373.539978
v -198.929993 6.450000 -378.289978
v -202.919998 6.450000 -376.579987
v -203.110001 6.450000 -379.619995
v -201.399994 6.450000 -380.000000
v -200.069992 6.450000 -381.329987
v -199.879990 6.450000 -382.470001
v -200.449997 6.450000 -382.660004
v -200.449997 6.450000 -385.319977
v -201.209991 6.450000 -382.279999
v -201.970001 6.450000 -381.139984
v -203.110001 6.450000 -380.759979
v -207.479996 6.450000 -380.380005
v -207.479996 6.450000 -384.750000
v -206.720001 6.450000 -384.750000
v -205.959991 6.450000 -385.319977
v -207.479996 6.450000 -379.239990
v -249.279999 4.450000 -297.160004
v -248.139999 8.450000 -298.489990
v -248.139999 8.450000 -298.869995
v -247.189987 4.450000 -299.059998
v -247.189987 4.450000 -299.820007
v -247.569992 4.450000 -300.009979
v -247.569992 4.450000 -300.579987
v -247.379990 8.450000 -300.769989
v -247.949997 8.450000 -300.959991
v -247.000000 8.550000 -301.339996
v -247.000000 8.550000 -301.149994
v -250.419998 6.250000 -302.100006
v -250.989990 6.250000 -303.619995
v -250.989990 6.250000 -304.380005
v -250.989990 3.350000 -305.519989
v -251.179993 3.350000 -304.759979
v -251.750000 3.150000 -304.570007
v -251.750000 3.350000 -303.809998
v -251.179993 3.450000 -303.619995
v -250.799988 3.450000 -302.669983
v -251.179993 3.450000 -302.479980
v -251.179993 3.450000 -301.910004
v -251.750000 3.450000 -301.910004
v -251.939987 3.450000 -301.529999
v -253.459991 3.350000 -301.720001
v -253.649994 3.150000 -302.289978
v -254.220001 2.750000 -302.289978
v -248.330002 4.450000 -300.769989
v -249.089996 4.450000 -301.149994
v -248.519989 4.450000 -301.529999
v -248.139999 4.450000 -301.529999
v -255.549988 2.550000 -298.489990
v -255.169998 2.650000 -296.779999
v -253.649994 3.450000 -296.970001
v -253.649994 3.450000 -298.109985
v -254.979996 2.750000 -299.250000
v -254.220001 3.050000 -300.009979
v -254.220001 2.950000 -300.769989
v -158.080002 8.349999 -434.149994
v -156.750000 8.650000 -434.720001
v -154.279999 9.250000 -434.720001
v -153.139999 9.550000 -434.720001
v -152.379990 9.650000 -433.009979
v -150.289993 10.349999 -432.819977
v -151.239990 10.349999 -434.720001
v -148.199997 11.750000 -434.720001
v -158.080002 22.549999 -434.720001
v -154.660004 23.049999 -434.720001
v -152.949997 23.449999 -432.250000
v -148.959991 23.750000 -429.589996
v -148.959991 23.750000 -429.019989
v -152.949997 23.150000 -434.720001
v -148.389999 23.049999 -434.720001
v -148.580002 26.949999 -431.299988
v -149.149994 27.250000 -432.440002
v -151.239990 27.150000 -434.720001
v -148.199997 27.849998 -434.720001
v -219.449997 6.650000 -356.630005
v -220.209991 6.550000 -356.819977
v -220.970001 6.550000 -361.000000
v -220.970001 6.550000 -361.569977
v -220.589996 6.550000 -361.759979
v -219.449997 6.750000 -361.759979
v -219.449997 6.850000 -365.559998
v -220.589996 6.550000 -356.630005
v -222.679993 6.450000 -356.630005
v -223.440002 6.450000 -357.389984
v -223.629990 6.450000 -358.339996
v -224.959991 6.450000 -358.720001
v -225.339996 6.450000 -357.959991
v -227.239990 7.450000 -358.149994
v -227.239990 7.450000 -358.339996
v -225.529999 6.550000 -358.910004
v -225.720001 6.450000 -359.669983
v -226.860001 6.450000 -360.049988
v -226.860001 6.450000 -360.619995
v -226.289993 6.450000 -360.619995
v -225.529999 6.450000 -361.380005
v -225.529999 6.450000 -364.039978
v -225.909988 6.450000 -364.419983
v -226.860001 6.450000 -364.419983
v -227.239990 6.450000 -363.850006
v -227.239990 6.450000 -365.559998
v -227.049988 6.450000 -365.559998
v -225.909988 6.450000 -365.559998
v -220.589996 6.650000 -365.559998
v -221.729996 6.450000 -362.329987
v -221.729996 6.550000 -364.419983
v -222.679993 6.450000 -364.419983
v -223.629990 6.450000 -363.660004
v -224.769989 6.450000 -363.850006
v -225.149994 6.450000 -363.470001
v -224.769989 6.450000 -362.329987
v -224.009995 6.450000 -362.329987
v -223.059998 6.450000 -361.569977
v -222.110001 6.650000 -361.569977
v -222.110001 6.450000 -360.429993
v -221.349991 6.450000 -360.429993
v -224.389999 7.150000 -355.869995
v -225.339996 7.150000 -355.679993
v -225.720001 7.150000 -355.679993
v -226.099991 7.150000 -356.440002
v -225.149994 7.150000 -356.630005
v -224.769989 7.150000 -357.199982
v -223.819992 7.150000 -356.440002
v -130.339996 29.549999 -434.720001
v -130.339996 29.449999 -437.000000
v -129.580002 29.250000 -437.000000
v -129.389999 29.049999 -437.759979
v -128.440002 28.949999 -437.759979
v -129.580002 29.150000 -438.329987
v -130.529999 29.250000 -438.329987
v -130.720001 29.449999 -437.190002
v -138.319992 29.549999 -444.599976
v -129.959991 26.849998 -435.289978
v -130.720001 26.349998 -435.289978
v -130.720001 26.949999 -437.190002
v -131.669998 26.250000 -437.380005
v -131.669998 26.750000 -439.089996
v -133.759995 25.449999 -440.989990
v -133.759995 25.849998 -442.319977
v -134.709991 25.150000 -443.079987
v -134.709991 25.350000 -444.220001
v -135.089996 25.150000 -444.599976
v -131.860001 27.650000 -444.599976
v -130.910004 27.250000 -439.089996
v -136.610001 23.449999 -444.220001
v -137.179993 23.150000 -444.599976
v -136.989990 23.350000 -444.599976
v -138.319992 19.549999 -435.859985
v -137.750000 19.750000 -435.479980
v -137.750000 21.650000 -441.369995
v -138.319992 21.250000 -441.179993
v -138.319992 21.650000 -442.889984
v -137.750000 21.949999 -442.509979
v -240.539993 2.950000 -318.250000
v -240.539993 2.950000 -318.820007
v -241.299988 2.850000 -319.199982
v -243.959991 3.050000 -324.139984
v -245.479996 3.150000 -326.039978
v -244.529999 2.250000 -316.539978
v -245.479996 2.150000 -316.160004
v -247.000000 1.850000 -320.529999
v -245.860001 1.850000 -322.619995
v -245.669998 1.950000 -323.949982
v -244.149994 2.950000 -323.759979
v -217.360001 6.550000 -383.419983
v -213.369995 6.450000 -380.000000
v -210.139999 6.450000 -379.239990
v -209.759995 6.450000 -380.380005
v -212.799988 6.450000 -381.139984
v -216.789993 6.550000 -384.369995
v -207.860001 6.450000 -385.319977
v -235.029999 6.450000 -347.130005
v -235.789993 6.450000 -347.130005
v -235.979996 6.450000 -346.559998
v -237.119995 6.350000 -355.679993
v -235.789993 6.450000 -355.679993
v -235.409988 6.450000 -354.919983
v -233.509995 6.450000 -354.919983
v -200.069992 6.450000 -388.549988
v -199.500000 6.450000 -388.549988
v -198.169998 6.450000 -389.690002
v -197.979996 6.450000 -395.199982
v -199.879990 6.950000 -390.259979
v -200.639999 6.950000 -391.779999
v -200.259995 6.550000 -393.109985
v -201.399994 6.550000 -393.109985
v -201.970001 6.550000 -394.250000
v -201.399994 6.550000 -395.199982
v -200.639999 6.550000 -395.199982
v -199.879990 6.550000 -393.109985
v -198.360001 6.550000 -391.019989
v -198.360001 6.550000 -390.259979
v -200.069992 10.550000 -394.250000
v -200.069992 10.550000 -394.819977
v -199.690002 10.550000 -394.059998
v -201.019989 6.550000 -389.309998
v -202.919998 6.550000 -388.359985
v -203.489990 6.550000 -388.549988
v -206.339996 6.550000 -394.059998
v -204.059998 6.550000 -395.199982
v -203.869995 6.550000 -395.199982
v -201.019989 6.550000 -389.880005
v -206.720001 10.950000 -385.319977
v -207.289993 10.849999 -385.319977
v -207.479996 10.849999 -385.509979
v -207.479996 12.450000 -395.199982
v -207.099991 12.550000 -395.199982
v -202.919998 12.450000 -387.410004
v -197.979996 10.550000 -390.639984
v -198.360001 10.550000 -390.449982
v -198.739990 10.550000 -390.449982
v -199.119995 10.550000 -393.109985
v -197.979996 10.550000 -391.209991
v -199.690002 10.550000 -389.880005
v -200.069992 10.550000 -389.880005
v -199.879990 10.550000 -390.259979
v -199.119995 10.550000 -390.259979
v -200.449997 10.650000 -389.500000
v -202.919998 10.550000 -388.169983
v -203.489990 10.550000 -389.500000
v -202.919998 10.550000 -388.929993
v -202.159988 10.550000 -388.929993
v -201.779999 10.550000 -390.069977
v -203.300003 10.550000 -392.919983
v -204.250000 10.550000 -390.829987
v -204.629990 10.550000 -391.209991
v -204.250000 10.550000 -393.869995
v -205.389999 10.550000 -395.199982
v -202.539993 10.550000 -395.199982
v -202.159988 10.550000 -394.250000
v -205.389999 6.550000 -388.359985
v -206.149994 6.550000 -387.979980
v -206.909988 6.550000 -387.979980
v -206.909988 6.550000 -389.119995
v -205.389999 6.550000 -388.739990
v -207.479996 6.550000 -392.350006
v -207.479996 6.550000 -393.299988
v -207.099991 6.550000 -392.539978
v -207.479996 6.550000 -395.009979
v -207.479996 6.550000 -395.199982
v -207.289993 6.550000 -395.199982
v -242.250000 3.550000 -326.039978
v -242.059998 4.550000 -329.649994
v -239.209991 5.250000 -329.649994
v -239.019989 5.850000 -330.410004
v -240.159988 6.350000 -331.359985
v -239.019989 6.450000 -332.690002
v -238.639999 6.450000 -332.119995
v -237.500000 6.350000 -332.500000
v -237.500000 6.450000 -333.070007
v -238.069992 6.450000 -333.639984
v -239.019989 6.450000 -333.259979
v -239.209991 6.450000 -333.449982
v -238.830002 6.450000 -333.829987
v -238.830002 6.450000 -334.779999
v -242.059998 6.250000 -331.359985
v -242.439987 6.450000 -331.929993
v -243.389999 6.250000 -331.739990
v -245.669998 6.250000 -334.209991
v -247.000000 5.450000 -334.019989
v -240.919998 6.450000 -333.449982
v -247.000000 3.450000 -327.559998
v -247.000000 5.050000 -333.449982
v -245.860001 5.050000 -332.500000
v -246.049988 4.450000 -331.549988
v -245.479996 4.350000 -330.979980
v -244.720001 4.450000 -330.979980
v -243.199997 4.350000 -329.649994
v -237.879990 9.750000 -332.690002
v -239.399994 10.450000 -334.399994
v -238.449997 10.550000 -335.729980
v -237.309998 10.349999 -335.919983
v -189.429993 6.850000 -395.769989
v -193.610001 6.450000 -395.959991
v -193.610001 6.650000 -401.279999
v -193.039993 6.950000 -401.660004
v -187.720001 7.350000 -401.660004
v -193.229996 6.950000 -402.419983
v -194.179993 6.650000 -402.419983
v -194.369995 6.550000 -401.470001
v -193.989990 6.650000 -401.279999
v -197.599991 6.450000 -401.089996
v -197.599991 6.450000 -405.079987
v -194.179993 6.450000 -395.959991
v -161.690002 7.650000 -427.500000
v -161.309998 7.750000 -427.690002
v -161.500000 7.750000 -428.829987
v -160.739990 7.850000 -432.059998
v -159.029999 8.150000 -433.579987
v -159.029999 8.150000 -433.959991
v -162.069992 7.750000 -432.440002
v -162.639999 7.650000 -429.589996
v -167.580002 7.650000 -429.589996
v -167.959991 7.650000 -429.589996
v -167.959991 7.650000 -434.720001
v -160.550003 7.950000 -434.720001
v -167.959991 7.650000 -428.259979
v -167.389999 7.650000 -428.449982
v -158.080002 23.150000 -424.839996
v -162.830002 21.750000 -425.220001
v -162.830002 21.750000 -425.979980
v -161.500000 21.850000 -429.399994
v -160.550003 22.250000 -429.779999
v -160.550003 22.150000 -430.729980
v -160.929993 21.949999 -430.919983
v -160.739990 22.049999 -432.440002
v -158.269989 22.549999 -434.720001
v -219.639999 6.850000 -370.119995
v -220.209991 6.850000 -371.829987
v -220.399994 6.950000 -375.440002
v -224.959991 6.450000 -366.319977
v -224.959991 6.450000 -367.269989
v -225.529999 6.450000 -367.839996
v -226.289993 6.450000 -367.839996
v -226.289993 6.450000 -370.309998
v -226.669998 6.550000 -371.829987
v -227.239990 6.550000 -372.019989
v -227.239990 6.650000 -375.059998
v -226.099991 6.750000 -375.440002
v -221.539993 6.950000 -375.440002
v -227.239990 6.650000 -366.319977
v -266.759979 4.650000 -277.779999
v -266.759979 4.550000 -286.519989
v -260.299988 4.550000 -286.519989
v -260.109985 4.750000 -285.759979
v -259.160004 4.450000 -285.759979
v -258.970001 4.150000 -286.519989
v -148.199997 28.449999 -444.599976
v -143.449997 15.549999 -436.619995
v -148.199997 12.349999 -436.809998
v -148.199997 12.950000 -439.660004
v -145.919998 14.549999 -439.660004
v -144.970001 15.349999 -440.229980
v -143.830002 16.250000 -440.229980
v -141.360001 18.850000 -442.319977
v -138.319992 21.549999 -442.319977
v -141.550003 18.850000 -442.889984
v -142.309998 18.949999 -442.889984
v -146.679993 18.850000 -441.940002
v -148.199997 18.850000 -442.130005
v -148.199997 19.150000 -444.599976
v -138.319992 21.949999 -444.599976
v -143.639999 14.650000 -434.720001
v -148.199997 11.950000 -435.479980
v -144.779999 14.049999 -435.479980
v -143.830002 16.549999 -442.319977
v -146.110001 14.549999 -440.989990
v -148.199997 13.150000 -440.609985
v -148.199997 13.750000 -444.599976
v -143.830002 17.049999 -444.599976
v -143.449997 16.949999 -442.699982
v -128.440002 30.549999 -454.479980
v -122.739998 30.650000 -454.479980
v -121.599998 30.650000 -453.339996
v -120.839996 30.650000 -451.819977
v -126.159996 29.049999 -445.929993
v -125.589996 29.049999 -447.069977
v -122.739998 29.049999 -447.449982
v -121.790001 29.049999 -448.209991
v -121.029999 29.049999 -449.919983
v -121.029999 28.949999 -451.250000
v -123.309998 28.949999 -454.479980
v -121.790001 28.750000 -454.479980
v -120.839996 28.750000 -453.339996
v -253.649994 1.450000 -309.509979
v -251.559998 1.450000 -310.649994
v -249.849991 1.550000 -311.029999
v -250.419998 1.350000 -312.169983
v -254.220001 1.250000 -310.649994
v -256.880005 1.650000 -308.179993
v -256.880005 1.250000 -313.309998
v -255.929993 1.250000 -314.639984
v -254.979996 1.250000 -315.209991
v -254.979996 1.250000 -316.160004
v -250.610001 1.450000 -316.160004
v -249.470001 1.550000 -315.779999
v -249.279999 1.650000 -316.160004
v -197.599991 7.650000 -414.959991
v -187.720001 7.650000 -414.959991
v -188.860001 7.650000 -407.549988
v -188.669998 7.650000 -408.880005
v -189.619995 7.650000 -409.069977
v -190.000000 7.650000 -408.690002
v -190.000000 7.550000 -407.739990
v -202.919998 6.450000 -405.079987
v -201.970001 6.550000 -397.100006
v -201.399994 6.550000 -396.720001
v -201.209991 6.550000 -395.769989
v -202.539993 10.550000 -397.669983
v -203.489990 10.950000 -397.289978
v -203.489990 10.950000 -396.339996
v -202.539993 10.550000 -395.959991
v -205.580002 10.550000 -395.579987
v -204.250000 10.550000 -395.769989
v -204.250000 10.650000 -396.720001
v -205.199997 10.550000 -396.910004
v -205.199997 10.550000 -397.859985
v -206.149994 10.550000 -398.809998
v -207.289993 10.849999 -398.619995
v -207.479996 10.849999 -399.190002
v -207.479996 10.550000 -400.709991
v -207.479996 10.550000 -402.229980
v -207.479996 10.550000 -402.609985
v -206.529999 10.750000 -402.989990
v -206.149994 10.650000 -401.279999
v -205.389999 10.650000 -400.329987
v -203.679993 10.550000 -400.899994
v -204.059998 10.550000 -399.000000
v -202.349991 10.550000 -398.809998
v -204.629990 6.550000 -396.339996
v -205.009995 6.550000 -396.910004
v -204.440002 6.550000 -396.720001
v -205.769989 6.550000 -402.039978
v -206.529999 6.550000 -403.179993
v -205.199997 6.550000 -402.609985
v -207.479996 6.450000 -403.940002
v -207.479996 6.450000 -405.079987
v -205.389999 6.450000 -405.079987
v -206.909988 6.550000 -395.199982
v -207.479996 6.550000 -395.389984
v -207.099991 6.550000 -395.769989
v -202.159988 6.550000 -397.479980
v -203.300003 6.550000 -397.100006
v -203.489990 6.550000 -398.049988
v -204.629990 6.550000 -397.859985
v -204.819992 6.550000 -398.239990
v -205.769989 6.550000 -398.239990
v -206.149994 6.550000 -399.000000
v -207.479996 6.550000 -398.429993
v -207.479996 6.550000 -398.809998
v -206.529999 6.550000 -399.380005
v -206.909988 6.550000 -400.899994
v -206.339996 6.550000 -401.279999
v -205.959991 6.550000 -401.089996
v -205.769989 6.550000 -399.949982
v -203.300003 6.550000 -400.329987
v -203.869995 8.750000 -402.799988
v -205.580002 9.849999 -402.799988
v -204.819992 9.250000 -403.179993
v -204.059998 8.650000 -404.319977
v -202.349991 6.550000 -400.899994
v -202.349991 6.550000 -400.329987
v -203.110001 6.550000 -400.329987
v -203.300003 6.550000 -399.569977
v -202.919998 6.550000 -398.619995
v -202.349991 6.550000 -398.619995
v -207.099991 12.450000 -395.199982
v -207.479996 12.450000 -395.959991
v -207.099991 12.550000 -395.769989
v -153.139999 26.250000 -435.669983
v -154.470001 25.650000 -439.470001
v -154.660004 25.750000 -440.609985
v -153.899994 26.750000 -442.319977
v -153.709991 26.650000 -444.599976
v -158.080002 22.549999 -434.910004
v -157.699997 22.549999 -435.289978
v -154.849991 22.949999 -435.099976
v -151.239990 10.450000 -435.099976
v -150.289993 10.849999 -434.910004
v -150.099991 10.950000 -435.289978
v -149.339996 11.349999 -435.099976
v -149.149994 11.450000 -435.479980
v -152.379990 10.250000 -436.429993
v -152.379990 10.650000 -439.279999
v -152.759995 10.450000 -439.849976
v -152.569992 10.650000 -440.799988
v -152.190002 10.750000 -440.799988
v -150.289993 11.650000 -439.660004
v -150.479996 11.849999 -441.369995
v -150.860001 11.750000 -441.940002
v -151.809998 11.250000 -442.130005
v -152.379990 11.050000 -442.699982
v -152.000000 11.349999 -444.599976
v -153.899994 9.550000 -436.239990
v -156.940002 8.750000 -436.239990
v -158.080002 8.450000 -435.669983
v -158.080002 8.750000 -444.599976
v -155.039993 9.849999 -444.599976
v -153.709991 10.250000 -442.699982
v -153.709991 16.750000 -442.699982
v -153.709991 17.250000 -444.410004
v -152.569992 17.949999 -443.839996
v -151.619995 18.650000 -443.839996
v -151.429993 18.949999 -444.599976
v -153.139999 23.150000 -434.910004
v -138.319992 29.349998 -454.479980
v -130.910004 29.750000 -454.479980
v -130.910004 29.650000 -451.059998
v -131.289993 29.650000 -450.869995
v -131.289993 29.650000 -450.109985
v -130.910004 29.650000 -449.729980
v -130.149994 29.849998 -449.729980
v -129.770004 30.049999 -450.299988
v -128.440002 30.449999 -450.299988
v -130.149994 29.949999 -451.059998
v -136.419998 24.150000 -445.739990
v -135.660004 24.949999 -446.119995
v -135.660004 25.350000 -448.019989
v -136.989990 24.150000 -448.209991
v -137.940002 23.449999 -448.970001
v -137.750000 24.750000 -454.479980
v -134.520004 27.449999 -454.479980
v -133.949997 27.549999 -453.339996
v -133.949997 27.549999 -452.199982
v -133.190002 27.750000 -450.489990
v -137.559998 22.949999 -444.979980
v -138.319992 22.150000 -444.789978
v -138.319992 22.350000 -445.929993
v -136.989990 23.150000 -444.599976
v -137.750000 23.049999 -447.259979
v -138.319992 22.650000 -447.069977
v -138.319992 22.750000 -447.829987
v -137.369995 18.949999 -448.970001
v -138.319992 18.949999 -447.639984
v -138.319992 19.650000 -454.479980
v -136.419998 19.049999 -454.479980
v -227.809998 7.450000 -358.149994
v -228.000000 7.450000 -357.579987
v -229.139999 7.450000 -357.579987
v -229.519989 7.850000 -356.630005
v -230.089996 7.450000 -357.769989
v -231.610001 7.450000 -357.769989
v -231.799988 7.450000 -357.199982
v -233.699997 7.450000 -357.389984
v -233.509995 7.450000 -358.910004
v -232.939987 7.450000 -358.339996
v -232.179993 7.450000 -358.339996
v -231.610001 7.850000 -359.289978
v -231.039993 7.850000 -359.479980
v -230.089996 7.850000 -359.479980
v -229.709991 7.450000 -358.529999
v -228.000000 7.450000 -358.720001
v -227.809998 7.450000 -358.339996
v -227.429993 6.450000 -365.559998
v -228.190002 7.450000 -360.809998
v -228.569992 7.450000 -360.809998
v -228.949997 7.450000 -362.899994
v -231.229996 7.750000 -362.709991
v -231.229996 7.750000 -363.089996
v -230.279999 7.750000 -363.279999
v -230.849991 7.450000 -365.559998
v -228.759995 7.750000 -365.559998
v -228.759995 7.750000 -365.179993
v -229.330002 7.450000 -364.989990
v -229.330002 7.450000 -363.850006
v -228.379990 7.450000 -363.279999
v -229.139999 11.450000 -361.000000
v -229.139999 11.450000 -362.139984
v -228.759995 11.450000 -361.759979
v -228.759995 11.450000 -360.809998
v -231.039993 11.450000 -361.949982
v -231.039993 11.349999 -359.859985
v -231.419998 11.450000 -359.669983
v -231.989990 11.450000 -360.619995
v -231.799988 11.450000 -362.519989
v -231.419998 11.450000 -362.709991
v -230.659988 11.450000 -362.139984
v -230.849991 11.349999 -364.039978
v -231.419998 11.450000 -364.419983
v -232.179993 11.450000 -364.229980
v -232.179993 11.450000 -365.559998
v -231.229996 11.450000 -365.559998
v -230.659988 11.450000 -364.419983
v -232.179993 7.450000 -360.429993
v -233.699997 7.450000 -360.049988
v -234.080002 7.450000 -360.239990
v -234.269989 7.750000 -363.089996
v -233.889999 7.550000 -362.709991
v -233.129990 7.450000 -362.899994
v -233.129990 7.450000 -364.799988
v -233.699997 7.450000 -365.369995
v -233.509995 7.450000 -365.559998
v -232.559998 7.450000 -365.559998
v -237.119995 6.450000 -365.559998
v -236.739990 6.450000 -365.559998
v -229.899994 12.050000 -359.289978
v -230.279999 12.050000 -359.289978
v -230.089996 12.050000 -359.669983
v -231.229996 11.750000 -358.529999
v -231.419998 11.450000 -357.199982
v -231.989990 11.450000 -357.199982
v -231.799988 11.650000 -358.529999
v -232.179993 11.450000 -359.100006
v -231.799988 11.450000 -359.289978
v -230.659988 11.849999 -358.910004
v -232.179993 11.450000 -363.470001
v -232.939987 11.750000 -363.470001
v -232.369995 11.450000 -364.229980
v -247.949997 4.850000 -320.910004
v -251.179993 4.850000 -322.429993
v -250.799988 4.850000 -323.190002
v -247.949997 4.850000 -321.859985
v -248.709991 3.850000 -319.389984
v -251.750000 3.850000 -320.720001
v -251.750000 4.250000 -321.479980
v -248.519989 4.250000 -320.149994
v -256.880005 1.250000 -318.059998
v -256.880005 1.550000 -322.049988
v -255.739990 1.850000 -323.000000
v -255.739990 2.350000 -325.279999
v -256.690002 2.450000 -326.039978
v -250.610001 1.850000 -326.039978
v -252.129990 1.850000 -323.380005
v -252.699997 1.850000 -321.479980
v -253.269989 1.850000 -321.100006
v -253.459991 1.650000 -319.769989
v -254.409988 1.350000 -318.820007
v -254.409988 1.250000 -318.250000
v -259.540009 3.950000 -287.089996
v -260.109985 4.050000 -287.089996
v -263.720001 4.350000 -286.519989
v -263.720001 3.850000 -291.459991
v -262.959991 3.750000 -292.220001
v -261.440002 3.650000 -296.399994
v -259.540009 3.650000 -291.839996
v -259.350006 3.750000 -290.889984
v -258.399994 3.750000 -291.079987
v -264.290009 4.050000 -292.790009
v -264.290009 3.850000 -291.649994
v -266.759979 4.850000 -294.690002
v -247.759995 3.550000 -328.320007
v -249.849991 3.250000 -328.320007
v -250.229996 2.350000 -327.369995
v -249.849991 2.050000 -326.989990
v -250.419998 1.850000 -326.799988
v -250.799988 1.850000 -326.799988
v -250.989990 3.150000 -328.320007
v -253.080002 3.050000 -328.130005
v -253.080002 2.850000 -327.559998
v -252.129990 2.050000 -326.609985
v -251.369995 1.850000 -326.609985
v -251.369995 1.850000 -326.039978
v -256.880005 2.450000 -326.039978
v -256.880005 4.150000 -335.919983
v -222.110001 6.850000 -380.949982
v -224.199997 6.950000 -384.559998
v -224.580002 6.950000 -384.940002
v -227.239990 6.950000 -384.940002
v -225.909988 6.750000 -377.149994
v -226.669998 6.750000 -377.910004
v -227.239990 6.850000 -380.949982
v -227.239990 6.950000 -383.989990
v -225.339996 6.950000 -383.799988
v -224.959991 6.950000 -383.419983
v -223.250000 6.850000 -380.569977
v -207.669998 10.950000 -386.459991
v -208.619995 10.750000 -387.410004
v -208.619995 10.950000 -388.169983
v -209.759995 10.750000 -389.500000
v -209.949997 10.950000 -391.019989
v -210.709991 10.750000 -391.399994
v -210.899994 10.849999 -392.539978
v -211.659988 10.750000 -393.109985
v -211.849991 10.950000 -394.630005
v -212.610001 10.750000 -395.199982
v -212.799988 6.450000 -395.199982
v -208.239990 6.550000 -391.399994
v -209.000000 6.550000 -392.729980
v -209.000000 6.550000 -393.299988
v -209.000000 6.550000 -394.059998
v -209.000000 6.550000 -393.489990
v -210.139999 6.550000 -393.679993
v -210.519989 6.550000 -393.299988
v -210.899994 6.550000 -394.059998
v -210.899994 6.550000 -395.009979
v -210.519989 6.550000 -395.199982
v -276.639984 4.050000 -277.779999
v -276.639984 4.350000 -285.190002
v -276.070007 4.350000 -285.190002
v -275.119995 4.550000 -286.519989
v -159.789993 8.150000 -435.289978
v -160.550003 8.050000 -434.720001
v -167.959991 7.750000 -444.599976
v -227.619995 6.450000 -366.509979
v -227.809998 9.150000 -371.069977
v -227.239990 9.150000 -369.929993
v -227.239990 9.150000 -368.600006
v -228.190002 6.550000 -372.019989
v -228.379990 6.550000 -372.779999
v -237.119995 6.550000 -372.019989
v -237.119995 6.550000 -374.489990
v -235.979996 6.550000 -375.440002
v -231.419998 6.650000 -375.440002
v -230.849991 6.550000 -374.109985
v -233.319992 7.450000 -366.509979
v -234.080002 7.450000 -367.079987
v -232.750000 7.450000 -367.269989
v -232.750000 7.450000 -366.130005
v -231.799988 7.450000 -365.940002
v -231.799988 7.450000 -368.600006
v -230.279999 7.450000 -368.600006
v -230.089996 7.450000 -367.079987
v -229.519989 7.450000 -366.509979
v -228.949997 7.750000 -366.509979
v -229.139999 7.450000 -369.169983
v -229.709991 7.450000 -369.169983
v -229.330002 7.450000 -369.929993
v -230.089996 11.349999 -368.600006
v -229.709991 11.450000 -368.979980
v -229.519989 11.450000 -367.459991
v -230.659988 11.450000 -370.309998
v -230.089996 11.450000 -370.690002
v -229.709991 11.450000 -370.690002
v -229.709991 11.349999 -370.119995
v -232.939987 7.450000 -368.410004
v -234.080002 7.450000 -368.220001
v -235.789993 7.450000 -368.220001
v -235.979996 7.450000 -370.880005
v -234.839996 7.450000 -371.069977
v -233.319992 7.450000 -371.069977
v -233.129990 7.450000 -370.690002
v -234.269989 10.349999 -365.559998
v -234.839996 10.349999 -365.559998
v -234.839996 10.550000 -365.940002
v -234.269989 10.550000 -365.940002
v -237.119995 6.450000 -368.600006
v -232.369995 11.450000 -367.079987
v -232.750000 11.450000 -367.459991
v -235.220001 11.450000 -366.889984
v -235.409988 11.450000 -369.169983
v -232.750000 11.450000 -368.789978
v -232.179993 11.450000 -369.359985
v -231.610001 11.450000 -367.079987
v -230.849991 11.349999 -366.699982
v -258.209991 2.150000 -307.229980
v -261.250000 2.950000 -306.279999
v -261.250000 2.750000 -308.750000
v -260.109985 2.450000 -308.940002
v -260.489990 1.950000 -309.889984
v -256.880005 1.750000 -308.179993
v -257.070007 3.050000 -315.019989
v -258.019989 3.050000 -316.160004
v -257.449982 2.650000 -316.160004
v -256.880005 2.650000 -315.589996
v -256.880005 3.050000 -315.209991
v -258.970001 4.850000 -312.739990
v -259.350006 4.850000 -312.739990
v -261.630005 4.850000 -315.019989
v -261.630005 4.850000 -315.399994
v -260.489990 4.350000 -316.160004
v -259.729980 4.350000 -315.589996
v -260.109985 4.850000 -314.639984
v -258.589996 4.850000 -313.309998
v -260.299988 3.850000 -311.600006
v -262.769989 3.850000 -313.690002
v -262.579987 4.250000 -314.449982
v -262.199982 4.250000 -314.449982
v -261.440002 4.250000 -313.309998
v -259.919983 4.250000 -312.169983
v -266.759979 4.550000 -308.179993
v -266.000000 4.850000 -310.459991
v -265.239990 4.350000 -309.699982
v -263.910004 3.350000 -309.699982
v -263.529999 3.250000 -309.130005
v -262.579987 2.850000 -309.320007
v -262.199982 2.950000 -308.750000
v -262.009979 2.350000 -310.079987
v -262.579987 2.250000 -309.889984
v -263.720001 2.450000 -311.029999
v -263.720001 2.350000 -311.979980
v -262.199982 2.350000 -310.649994
v -262.959991 1.750000 -315.399994
v -263.529999 2.250000 -315.970001
v -264.479980 2.850000 -315.779999
v -264.479980 2.850000 -316.160004
v -262.389984 1.650000 -316.160004
v -123.119995 30.849998 -457.519989
v -124.449997 31.049999 -460.559998
v -125.019997 30.949999 -460.940002
v -124.829994 31.449999 -462.459991
v -125.209999 31.349998 -462.649994
v -125.209999 31.549999 -463.410004
v -122.739998 33.049999 -463.410004
v -122.930000 32.549999 -462.459991
v -122.360001 32.549999 -462.079987
v -122.360001 32.049999 -460.940002
v -121.409996 32.250000 -459.989990
v -120.839996 32.450001 -459.989990
v -120.839996 30.849998 -454.669983
v -124.639999 28.949999 -455.809998
v -127.110001 29.049999 -456.000000
v -127.680000 28.949999 -456.949982
v -128.440002 28.949999 -457.139984
v -128.440002 27.849998 -460.940002
v -124.829994 27.150000 -460.179993
v -122.360001 26.549999 -459.419983
v -120.839996 26.650000 -458.849976
v -120.839996 27.549999 -457.139984
v -128.440002 30.750000 -463.410004
v -126.349998 30.949999 -463.410004
v -126.349998 30.650000 -460.179993
v -125.209999 30.650000 -457.899994
v -148.199997 28.150000 -445.549988
v -147.629990 28.250000 -445.929993
v -147.629990 28.250000 -446.880005
v -148.199997 28.049999 -447.259979
v -148.199997 27.949999 -454.479980
v -148.199997 20.150000 -454.479980
v -142.500000 20.150000 -454.479980
v -142.309998 19.750000 -451.819977
v -141.360001 20.350000 -451.059998
v -141.360001 20.350000 -449.919983
v -139.459991 21.750000 -448.019989
v -138.699997 22.549999 -448.209991
v -138.699997 22.650000 -449.160004
v -138.319992 23.049999 -448.970001
v -138.319992 23.049999 -448.779999
v -139.459991 18.949999 -445.929993
v -140.220001 20.049999 -454.479980
v -148.199997 14.849999 -454.479980
v -144.970001 17.750000 -454.479980
v -144.399994 18.049999 -454.099976
v -247.000000 6.150000 -355.679993
v -243.769989 6.250000 -355.679993
v -243.959991 6.250000 -351.309998
v -243.580002 6.250000 -350.929993
v -240.919998 6.350000 -350.929993
v -240.919998 6.750000 -351.880005
v -243.009995 6.750000 -351.880005
v -243.009995 6.750000 -352.829987
v -242.629990 6.750000 -353.399994
v -238.449997 6.350000 -353.399994
v -238.259995 6.350000 -355.679993
v -138.319992 27.150000 -462.839996
v -137.369995 27.150000 -462.839996
v -137.179993 27.250000 -463.410004
v -130.720001 28.349998 -460.369995
v -132.619995 27.650000 -461.889984
v -134.520004 27.349998 -454.479980
v -137.750000 25.049999 -456.190002
v -138.319992 24.650000 -456.569977
v -138.319992 24.850000 -457.709991
v -138.319992 25.250000 -459.799988
v -138.319992 25.549999 -460.750000
v -138.319992 25.549999 -461.130005
v -137.559998 26.150000 -461.319977
v -136.989990 26.549999 -460.940002
v -135.849991 27.150000 -459.419983
v -138.319992 20.850000 -463.410004
v -136.610001 20.549999 -463.410004
v -136.989990 20.449999 -460.940002
v -137.559998 20.449999 -459.989990
v -137.559998 20.049999 -458.089996
v -136.229996 19.049999 -455.429993
v -274.739990 4.650000 -287.279999
v -274.739990 5.250000 -289.750000
v -275.119995 5.350000 -290.130005
v -276.449982 5.750000 -289.940002
v -276.259979 6.350000 -288.989990
v -275.690002 6.250000 -288.609985
v -276.070007 6.450000 -288.229980
v -276.259979 6.450000 -286.709991
v -276.639984 6.450000 -286.519989
v -276.639984 5.050000 -295.829987
v -276.449982 4.950000 -296.399994
v -271.320007 5.050000 -296.399994
v -271.509979 5.250000 -294.309998
v -270.940002 5.350000 -293.549988
v -270.369995 5.750000 -293.549988
v -269.799988 6.750000 -296.399994
v -267.709991 6.550000 -296.399994
v -268.279999 6.050000 -293.359985
v -269.229980 5.850000 -292.790009
v -269.989990 5.750000 -292.979980
v -270.179993 5.250000 -292.220001
v -269.609985 5.150000 -291.839996
v -268.470001 4.950000 -291.839996
v -267.329987 4.850000 -292.790009
v -238.449997 6.450000 -362.519989
v -243.389999 6.750000 -362.519989
v -243.389999 6.650000 -363.089996
v -243.959991 6.650000 -363.279999
v -243.959991 6.350000 -365.559998
v -241.489990 8.650000 -356.250000
v -242.819992 8.650000 -356.250000
v -243.199997 8.650000 -356.630005
v -242.819992 7.850000 -360.809998
v -239.399994 7.850000 -360.619995
v -239.399994 8.650000 -356.630005
v -247.000000 6.250000 -365.559998
v -244.339996 6.250000 -363.089996
v -244.339996 6.250000 -359.100006
v -243.959991 6.250000 -358.339996
v -244.149994 6.250000 -356.059998
v -213.369995 10.750000 -397.100006
v -213.940002 10.750000 -397.479980
v -213.940002 10.849999 -398.429993
v -214.699997 10.750000 -399.190002
v -214.889999 10.750000 -400.139984
v -211.089996 12.450000 -402.229980
v -210.330002 12.450000 -401.850006
v -210.330002 12.450000 -401.470001
v -211.089996 12.349999 -401.660004
v -212.039993 11.750000 -400.899994
v -211.849991 11.650000 -399.380005
v -211.470001 11.750000 -399.000000
v -210.519989 12.050000 -399.000000
v -209.759995 12.450000 -399.569977
v -209.569992 12.450000 -400.329987
v -208.429993 10.550000 -399.000000
v -208.619995 10.550000 -399.759979
v -208.239990 10.550000 -400.709991
v -215.080002 6.450000 -400.139984
v -215.080002 6.450000 -399.190002
v -214.319992 6.450000 -398.429993
v -214.129990 6.450000 -397.479980
v -213.369995 6.450000 -396.529999
v -213.369995 6.450000 -395.769989
v -217.360001 6.550000 -405.079987
v -208.809998 6.550000 -400.139984
v -209.190002 6.550000 -400.139984
v -209.759995 6.550000 -401.089996
v -209.379990 6.550000 -401.660004
v -209.190002 6.550000 -400.899994
v -208.429993 6.550000 -400.519989
v -210.519989 6.550000 -395.769989
v -211.279999 6.850000 -395.959991
v -210.899994 6.550000 -397.100006
v -211.470001 6.550000 -397.479980
v -211.659988 6.550000 -398.239990
v -210.519989 6.550000 -398.429993
v -209.190002 6.550000 -399.380005
v -208.619995 6.550000 -398.619995
v -208.239990 6.550000 -398.049988
v -208.049988 6.550000 -396.720001
v -208.619995 6.550000 -396.529999
v -208.619995 6.550000 -395.579987
v -211.849991 6.550000 -398.619995
v -212.419998 6.550000 -399.000000
v -213.369995 6.550000 -398.809998
v -213.559998 6.550000 -399.380005
v -212.610001 6.550000 -399.949982
v -203.489990 6.450000 -405.839996
v -204.250000 6.450000 -405.839996
v -204.629990 6.450000 -405.269989
v -207.479996 6.450000 -414.959991
v -256.880005 5.350000 -345.799988
v -229.709991 7.250000 -375.440002
v -230.279999 7.250000 -375.440002
v -230.279999 7.250000 -376.009979
v -228.000000 7.250000 -376.579987
v -227.809998 7.350000 -376.959991
v -227.239990 7.250000 -376.769989
v -227.239990 7.250000 -376.199982
v -228.379990 6.950000 -382.850006
v -229.709991 6.950000 -382.850006
v -228.569992 6.950000 -383.989990
v -229.139999 6.950000 -385.130005
v -231.039993 6.950000 -383.419983
v -234.839996 6.650000 -377.339996
v -234.839996 6.550000 -376.389984
v -234.080002 6.650000 -376.199982
v -231.799988 6.750000 -379.809998
v -231.419998 6.750000 -379.809998
v -230.849991 6.750000 -378.100006
v -229.899994 6.750000 -377.149994
v -231.610001 6.650000 -376.389984
v -235.599991 6.550000 -375.819977
v -235.599991 6.550000 -376.769989
v -236.169998 6.550000 -377.339996
v -235.599991 6.550000 -377.529999
v -235.599991 6.650000 -378.100006
v -236.549988 7.150000 -378.289978
v -237.119995 7.450000 -377.910004
v -236.549988 6.950000 -378.669983
v -236.549988 6.650000 -379.429993
v -236.169998 7.050000 -383.799988
v -234.839996 7.050000 -384.179993
v -232.939987 7.250000 -385.319977
v -228.190002 8.050000 -378.100006
v -230.279999 8.450000 -379.239990
v -230.279999 8.349999 -381.329987
v -228.949997 8.450000 -381.329987
v -228.569992 8.450000 -380.949982
v -228.190002 8.349999 -380.000000
v -235.979996 7.050000 -385.319977
v -229.139999 6.750000 -379.049988
v -229.899994 6.750000 -379.239990
v -230.089996 6.750000 -379.809998
v -229.519989 6.850000 -380.759979
v -229.139999 6.850000 -380.569977
v -154.470001 18.949999 -446.119995
v -154.279999 19.350000 -449.729980
v -152.569992 20.049999 -454.479980
v -155.800003 18.850000 -448.019989
v -156.940002 18.949999 -449.349976
v -158.080002 19.350000 -451.819977
v -158.080002 20.049999 -454.479980
v -153.899994 20.049999 -454.479980
v -149.910004 28.250000 -444.599976
v -149.910004 28.150000 -445.169983
v -149.529999 28.150000 -445.359985
v -149.529999 27.849998 -446.309998
v -149.149994 27.849998 -446.309998
v -148.770004 28.150000 -445.549988
v -149.149994 27.849998 -446.880005
v -150.860001 27.549999 -446.309998
v -150.860001 27.849998 -445.359985
v -152.949997 25.150000 -451.630005
v -151.809998 25.650000 -454.479980
v -148.199997 27.849998 -454.479980
v -151.809998 11.849999 -450.109985
v -151.429993 12.050000 -450.299988
v -151.619995 11.950000 -451.440002
v -150.669998 12.849999 -454.479980
v -148.199997 14.750000 -454.479980
v -152.949997 11.150000 -451.059998
v -153.330002 10.550000 -444.599976
v -155.039993 9.950000 -446.690002
v -158.080002 8.750000 -448.589996
v -158.080002 8.750000 -454.479980
v -152.190002 11.550000 -454.479980
v -158.080002 8.750000 -446.880005
v -155.800003 9.550000 -445.739990
v -258.019989 1.350000 -319.389984
v -258.779999 1.350000 -319.389984
v -264.479980 2.950000 -316.160004
v -266.759979 3.650000 -318.250000
v -266.759979 3.350000 -326.039978
v -260.679993 2.650000 -326.039978
v -261.820007 2.650000 -324.709991
v -261.630005 2.350000 -323.190002
v -259.350006 1.850000 -322.239990
v -257.070007 3.650000 -323.759979
v -257.639984 3.850000 -323.759979
v -258.209991 3.550000 -323.190002
v -259.350006 3.550000 -323.380005
v -260.489990 3.550000 -324.139984
v -260.299988 3.650000 -324.899994
v -258.970001 3.950000 -325.279999
v -258.209991 3.950000 -325.279999
v -256.880005 3.550000 -324.519989
v -259.160004 3.050000 -317.109985
v -258.779999 2.550000 -317.679993
v -257.639984 1.950000 -323.759979
v -258.970001 2.150000 -324.329987
v -258.779999 2.250000 -324.899994
v -257.639984 2.050000 -324.519989
v -217.360001 7.250000 -412.109985
v -216.029999 7.150000 -412.679993
v -216.029999 7.250000 -413.630005
v -216.789993 7.250000 -414.959991
v -210.139999 6.450000 -414.959991
v -209.759995 6.450000 -414.009979
v -209.000000 6.450000 -414.009979
v -208.619995 6.450000 -414.959991
v -167.959991 7.750000 -454.479980
v -162.259995 7.850000 -454.479980
v -160.360001 8.150000 -448.970001
v -159.220001 8.450000 -449.729980
v -160.169998 8.250000 -452.199982
v -160.550003 8.150000 -454.479980
v -159.599991 20.049999 -454.479980
v -269.040009 4.850000 -306.279999
v -267.329987 4.850000 -309.320007
v -271.130005 4.850000 -306.279999
v -274.739990 4.850000 -306.279999
v -274.169983 4.850000 -307.039978
v -271.889984 4.850000 -308.559998
v -271.320007 4.850000 -308.559998
v -270.750000 4.850000 -309.320007
v -267.899994 4.850000 -311.029999
v -267.899994 4.850000 -311.789978
v -269.609985 4.850000 -314.070007
v -268.470001 4.850000 -315.019989
v -268.660004 4.850000 -316.160004
v -268.279999 4.850000 -316.160004
v -267.519989 4.850000 -315.399994
v -266.949982 4.850000 -313.880005
v -270.179993 6.650000 -316.160004
v -269.989990 6.650000 -316.160004
v -269.609985 6.650000 -315.399994
v -270.369995 8.849999 -311.410004
v -270.750000 8.849999 -311.410004
v -270.750000 8.849999 -311.979980
v -271.130005 4.850000 -310.269989
v -271.320007 4.850000 -310.839996
v -270.750000 4.850000 -310.839996
v -273.600006 4.850000 -313.500000
v -275.309998 4.850000 -315.589996
v -274.359985 4.850000 -316.160004
v -272.459991 4.850000 -316.160004
v -271.509979 4.850000 -314.829987
v -272.649994 8.750000 -309.889984
v -273.029999 8.849999 -310.079987
v -272.269989 8.750000 -311.029999
v -271.889984 8.849999 -310.459991
v -272.269989 4.850000 -311.029999
v -273.600006 4.850000 -310.269989
v -273.600006 5.250000 -308.940002
v -274.359985 5.250000 -308.179993
v -275.880005 4.850000 -308.369995
v -276.070007 4.850000 -307.039978
v -276.639984 4.850000 -306.850006
v -276.639984 4.850000 -308.750000
v -275.500000 4.850000 -309.889984
v -275.500000 4.850000 -311.029999
v -274.739990 4.850000 -311.029999
v -273.410004 4.850000 -312.169983
v -272.459991 4.850000 -311.600006
v -275.690002 4.850000 -311.979980
v -275.690002 4.850000 -311.410004
v -276.639984 4.850000 -311.410004
v -276.639984 4.850000 -312.549988
v -275.880005 4.850000 -312.549988
v -275.690002 4.850000 -313.500000
v -274.929993 4.850000 -312.929993
v -272.079987 8.849999 -312.739990
v -273.410004 8.849999 -312.549988
v -274.359985 8.849999 -311.410004
v -274.359985 8.849999 -310.839996
v -274.929993 8.849999 -310.839996
v -276.639984 8.849999 -309.320007
v -276.639984 8.849999 -309.509979
v -276.639984 8.849999 -310.079987
v -276.639984 8.849999 -310.839996
v -274.739990 8.849999 -312.359985
v -274.739990 8.849999 -313.119995
v -275.309998 8.849999 -313.690002
v -276.259979 8.650000 -313.690002
v -276.259979 8.950000 -314.449982
v -274.169983 8.849999 -315.779999
v -273.600006 8.849999 -313.690002
v -272.839996 8.849999 -313.119995
v -272.079987 8.849999 -313.119995
v -242.250000 6.350000 -365.559998
v -242.250000 6.550000 -370.690002
v -241.489990 6.550000 -370.880005
v -240.729996 6.550000 -371.829987
v -240.159988 11.450000 -373.729980
v -240.349991 11.450000 -374.299988
v -239.970001 11.450000 -374.299988
v -241.299988 11.450000 -372.589996
v -241.869995 11.450000 -372.589996
v -242.250000 11.450000 -372.970001
v -242.059998 11.450000 -373.350006
v -240.919998 11.450000 -373.160004
v -240.919998 11.450000 -374.679993
v -241.299988 11.450000 -374.679993
v -243.199997 6.550000 -371.069977
v -243.199997 11.450000 -374.489990
v -243.959991 11.450000 -375.440002
v -244.339996 7.450000 -375.059998
v -244.909988 7.450000 -375.440002
v -244.149994 7.450000 -375.440002
v -148.199997 27.849998 -458.470001
v -147.629990 27.549999 -460.750000
v -144.970001 27.250000 -463.029999
v -141.739990 26.750000 -463.410004
v -147.440002 21.750000 -463.220001
v -148.199997 21.750000 -462.839996
v -148.199997 21.750000 -463.410004
v -140.220001 21.150000 -460.750000
v -140.789993 21.350000 -463.410004
v -148.199997 21.750000 -460.750000
v -145.539993 21.750000 -463.220001
v -142.690002 21.750000 -463.410004
v -142.119995 21.650000 -460.940002
v -144.970001 17.549999 -454.479980
v -148.199997 15.349999 -459.799988
v -147.629990 15.650000 -459.419983
v -148.009995 15.349999 -458.470001
v -145.919998 16.949999 -456.569977
v -146.110001 16.850000 -455.619995
v -256.880005 5.850000 -355.679993
v -267.519989 4.850000 -299.059998
v -269.419983 4.850000 -298.869995
v -269.609985 4.850000 -299.630005
v -270.559998 4.850000 -299.630005
v -272.269989 4.850000 -298.489990
v -273.790009 4.950000 -298.109985
v -273.600006 4.950000 -297.160004
v -270.940002 4.950000 -297.729980
v -276.639984 4.950000 -296.970001
v -276.639984 4.850000 -305.139984
v -275.309998 4.850000 -306.279999
v -274.739990 4.850000 -303.239990
v -274.549988 4.750000 -302.289978
v -273.790009 4.750000 -302.289978
v -272.079987 4.750000 -302.859985
v -273.790009 4.750000 -302.100006
v -273.979980 4.750000 -301.149994
v -272.839996 4.750000 -300.959991
v -271.320007 4.750000 -301.720001
v -270.559998 4.750000 -301.529999
v -270.369995 4.750000 -301.910004
v -269.989990 6.750000 -296.970001
v -269.609985 6.450000 -297.729980
v -267.709991 5.850000 -297.919983
v -278.350006 6.650000 -286.519989
v -279.869995 6.150000 -286.709991
v -280.440002 6.350000 -287.279999
v -280.440002 6.350000 -287.850006
v -281.199982 6.050000 -288.229980
v -281.009979 6.050000 -289.559998
v -279.489990 6.250000 -289.940002
v -277.779999 6.550000 -288.609985
v -276.829987 6.350000 -288.989990
v -277.019989 5.850000 -289.750000
v -279.489990 5.550000 -291.079987
v -280.820007 5.550000 -290.889984
v -281.769989 5.450000 -293.549988
v -280.820007 5.350000 -294.119995
v -281.199982 5.150000 -296.399994
v -280.820007 5.150000 -296.399994
v -281.389984 5.550000 -290.320007
v -281.389984 5.750000 -289.750000
v -281.579987 5.750000 -288.040009
v -281.579987 5.650000 -286.899994
v -281.009979 5.450000 -286.519989
v -286.519989 6.250000 -286.519989
v -284.239990 5.350000 -296.399994
v -283.859985 5.550000 -293.549988
v -149.910004 13.650000 -457.709991
v -148.580002 14.950000 -459.799988
v -151.429993 12.450000 -458.279999
v -158.080002 8.450000 -463.410004
v -150.669998 12.950000 -463.410004
v -149.339996 14.150000 -462.079987
v -149.339996 14.150000 -460.940002
v -151.619995 20.549999 -456.949982
v -153.139999 20.449999 -456.759979
v -158.080002 20.850000 -463.410004
v -151.239990 26.150000 -456.190002
v -267.139984 3.750000 -318.440002
v -266.949982 3.450000 -319.389984
v -268.850006 3.650000 -321.289978
v -269.989990 4.250000 -321.100006
v -270.750000 3.850000 -322.239990
v -271.320007 3.950000 -322.239990
v -271.320007 3.650000 -326.039978
v -270.369995 4.850000 -318.250000
v -272.079987 4.850000 -317.679993
v -272.269989 4.850000 -318.440002
v -271.699982 4.850000 -318.820007
v -270.369995 4.850000 -318.630005
v -269.799988 4.850000 -319.769989
v -272.269989 4.850000 -319.959991
v -274.169983 4.850000 -318.630005
v -274.359985 4.850000 -317.679993
v -276.639984 4.850000 -316.350006
v -276.639984 3.950000 -326.039978
v -271.889984 4.150000 -322.049988
v -271.889984 4.650000 -321.479980
v -271.130005 4.850000 -320.720001
v -269.989990 4.550000 -320.910004
v -269.989990 4.750000 -320.529999
v -268.279999 4.650000 -319.009979
v -268.279999 4.850000 -318.250000
v -270.940002 6.650000 -317.109985
v -270.559998 6.650000 -317.109985
v -273.029999 4.850000 -317.109985
v -232.559998 7.250000 -385.699982
v -232.369995 7.150000 -388.169983
v -233.319992 7.350000 -389.880005
v -232.559998 7.350000 -391.779999
v -231.610001 7.350000 -391.779999
v -231.419998 7.350000 -392.729980
v -233.319992 7.550000 -393.489990
v -229.899994 7.350000 -392.729980
v -228.949997 7.250000 -392.539978
v -228.759995 7.350000 -393.489990
v -234.459991 7.350000 -389.880005
v -234.459991 7.350000 -389.119995
v -233.509995 7.350000 -387.600006
v -233.699997 7.350000 -386.269989
v -234.839996 7.150000 -385.509979
v -237.119995 7.950000 -395.199982
v -234.649994 7.550000 -392.919983
v -286.519989 4.750000 -277.779999
v -279.679993 4.850000 -285.190002
v -278.729980 4.650000 -285.190002
v -278.540009 4.550000 -284.809998
v -277.970001 6.350000 -285.949982
v -224.009995 7.150000 -399.949982
v -224.959991 7.250000 -399.190002
v -256.880005 5.950000 -365.559998
v -256.880005 6.450000 -375.440002
v -279.109985 5.050000 -297.160004
v -280.250000 5.050000 -297.729980
v -281.009979 5.050000 -297.729980
v -281.389984 5.150000 -297.160004
v -281.769989 5.150000 -297.729980
v -283.859985 5.250000 -297.540009
v -283.859985 5.250000 -297.729980
v -283.479980 5.150000 -297.919983
v -283.479980 5.050000 -298.869995
v -284.619995 4.950000 -300.579987
v -281.959991 4.850000 -301.910004
v -281.389984 4.850000 -301.910004
v -280.059998 4.850000 -303.049988
v -280.059998 4.850000 -303.429993
v -278.350006 4.850000 -302.859985
v -278.160004 4.850000 -303.809998
v -278.540009 4.850000 -304.190002
v -277.970001 4.850000 -304.190002
v -277.399994 4.850000 -304.949982
v -277.970001 4.850000 -305.709991
v -278.350006 4.850000 -305.709991
v -277.970001 4.850000 -306.279999
v -277.589996 4.850000 -306.089996
v -281.009979 4.850000 -304.000000
v -281.579987 4.850000 -304.949982
v -282.339996 5.250000 -304.949982
v -281.959991 4.850000 -306.279999
v -281.389984 4.850000 -306.279999
v -280.250000 4.850000 -304.759979
v -280.250000 4.850000 -303.809998
v -281.389984 5.150000 -296.779999
v -285.380005 4.950000 -302.289978
v -286.329987 4.950000 -302.100006
v -285.570007 5.050000 -299.440002
v -284.429993 5.250000 -297.729980
v -284.239990 5.250000 -297.350006
v -285.000000 4.850000 -306.279999
v -284.619995 4.850000 -305.329987
v -284.049988 4.850000 -305.139984
v -283.100006 4.850000 -303.239990
v -282.529999 4.850000 -302.859985
v -282.529999 4.850000 -302.289978
v -177.839996 7.650000 -444.599976
v -177.839996 7.650000 -454.479980
v -237.119995 7.450000 -376.199982
v -237.879990 7.450000 -375.819977
v -239.019989 7.450000 -376.199982
v -239.970001 7.450000 -377.529999
v -241.679993 7.450000 -378.859985
v -241.679993 7.450000 -379.619995
v -242.439987 7.450000 -380.569977
v -241.489990 7.450000 -380.569977
v -241.110001 7.450000 -379.429993
v -239.970001 7.450000 -378.669983
v -239.589996 7.450000 -377.910004
v -238.449997 7.450000 -378.100006
v -238.259995 7.450000 -377.720001
v -237.689987 7.450000 -377.720001
v -237.689987 7.450000 -376.959991
v -241.679993 7.450000 -375.440002
v -242.059998 7.450000 -375.440002
v -242.439987 7.450000 -376.199982
v -241.489990 7.450000 -375.819977
v -245.860001 7.450000 -376.769989
v -244.149994 7.450000 -377.910004
v -243.959991 7.450000 -376.959991
v -243.199997 7.450000 -376.199982
v -245.479996 11.450000 -382.279999
v -245.479996 11.450000 -381.519989
v -246.239990 11.450000 -382.089996
v -247.000000 11.750000 -382.089996
v -247.000000 11.450000 -384.179993
v -245.289993 11.450000 -383.989990
v -245.289993 11.450000 -383.419983
v -244.720001 11.450000 -382.850006
v -246.049988 11.450000 -377.910004
v -246.429993 11.450000 -378.289978
v -245.860001 11.450000 -378.289978
v -160.929993 8.050000 -455.809998
v -160.550003 8.050000 -459.229980
v -160.739990 7.950000 -463.029999
v -159.979996 8.050000 -463.410004
v -167.959991 7.750000 -456.759979
v -166.819992 7.750000 -456.759979
v -167.009995 7.750000 -457.899994
v -167.959991 7.750000 -457.709991
v -167.959991 7.750000 -461.699982
v -164.919998 7.750000 -461.509979
v -162.069992 7.850000 -462.459991
v -161.879990 7.850000 -459.609985
v -163.779999 7.750000 -463.220001
v -165.110001 7.750000 -462.839996
v -167.959991 7.750000 -462.839996
v -167.959991 7.750000 -463.410004
v -161.119995 20.650000 -457.329987
v -161.690002 20.850000 -463.410004
v -227.239990 7.550000 -405.459991
v -224.959991 7.350000 -405.649994
v -224.959991 7.350000 -408.309998
v -222.489990 7.250000 -410.209991
v -221.539993 7.250000 -410.209991
v -220.019989 7.350000 -413.440002
v -222.299988 7.350000 -412.679993
v -222.489990 7.350000 -413.440002
v -221.349991 7.350000 -413.819977
v -225.149994 7.350000 -408.690002
v -227.239990 7.550000 -408.690002
v -225.529999 7.250000 -414.579987
v -224.389999 7.250000 -414.769989
v -224.389999 7.250000 -414.009979
v -223.059998 7.250000 -411.539978
v -222.869995 7.250000 -410.399994
v -225.909988 7.450000 -406.410004
v -227.049988 7.450000 -406.410004
v -227.049988 7.550000 -407.739990
v -225.909988 7.450000 -407.739990
v -209.000000 6.450000 -415.529999
v -209.759995 6.450000 -415.529999
v -172.899994 7.750000 -454.479980
v -172.899994 7.750000 -460.369995
v -172.330002 7.750000 -460.559998
v -172.330002 7.750000 -461.699982
v -172.899994 7.750000 -461.889984
v -172.899994 7.750000 -463.410004
v -171.759995 7.750000 -463.220001
v -169.479996 7.750000 -461.699982
v -169.479996 7.750000 -463.220001
v -177.839996 7.750000 -463.410004
v -173.660004 7.750000 -461.509979
v -173.660004 7.750000 -460.750000
v -256.880005 7.350000 -385.319977
v -251.559998 6.850000 -385.319977
v -253.080002 6.850000 -383.989990
v -253.080002 6.750000 -383.229980
v -247.569992 7.450000 -378.479980
v -247.949997 7.450000 -379.239990
v -247.759995 7.450000 -380.569977
v -248.709991 7.450000 -380.759979
v -248.519989 7.450000 -381.709991
v -249.279999 7.450000 -382.279999
v -248.709991 7.450000 -383.039978
v -248.709991 7.450000 -383.989990
v -249.659988 7.450000 -384.750000
v -249.279999 7.450000 -385.319977
v -248.709991 7.450000 -385.319977
v -248.519989 7.450000 -384.940002
v -247.000000 7.450000 -384.940002
v -248.709991 11.450000 -382.850006
v -247.569992 11.450000 -384.559998
v -276.829987 4.850000 -316.160004
v -179.929993 7.650000 -444.599976
v -180.119995 7.650000 -445.739990
v -181.259995 7.650000 -445.549988
v -181.259995 7.650000 -444.599976
v -187.720001 7.650000 -444.599976
v -277.019989 4.850000 -306.660004
v -276.829987 5.250000 -307.609985
v -277.779999 5.250000 -309.130005
v -280.059998 4.850000 -309.130005
v -280.630005 4.850000 -309.130005
v -281.009979 4.850000 -309.889984
v -281.579987 4.850000 -309.889984
v -281.579987 4.850000 -310.459991
v -280.630005 4.850000 -310.839996
v -280.059998 4.850000 -311.600006
v -279.489990 4.850000 -311.789978
v -278.919983 4.850000 -310.839996
v -278.350006 4.850000 -310.839996
v -284.239990 4.950000 -311.029999
v -285.000000 5.050000 -310.839996
v -285.380005 5.050000 -310.269989
v -286.519989 5.750000 -312.359985
v -286.519989 5.850000 -312.929993
v -286.519989 6.050000 -314.829987
v -277.019989 7.550000 -312.929993
v -277.399994 7.350000 -312.929993
v -277.589996 7.350000 -313.500000
v -278.540009 5.650000 -311.979980
v -278.919983 5.850000 -312.739990
v -278.350006 5.850000 -312.359985
v -279.869995 9.550000 -306.279999
v -280.440002 9.550000 -306.660004
v -279.679993 9.550000 -306.660004
v -282.529999 4.850000 -307.039978
v -283.100006 4.850000 -307.039978
v -283.859985 4.850000 -308.179993
v -283.859985 4.850000 -308.940002
v -283.100006 4.850000 -308.940002
v -282.529999 4.850000 -309.509979
v -282.529999 4.850000 -308.369995
v -281.769989 4.850000 -307.989990
v -282.149994 4.850000 -307.039978
v -286.519989 5.150000 -308.559998
v -277.019989 8.849999 -310.459991
v -277.970001 8.849999 -310.269989
v -278.160004 9.150000 -311.220001
v -277.970001 8.849999 -308.369995
v -279.109985 8.849999 -308.559998
v -280.250000 8.849999 -307.609985
v -281.389984 8.849999 -307.799988
v -281.579987 9.250000 -306.660004
v -282.910004 8.849999 -306.850006
v -283.100006 8.950000 -307.229980
v -282.529999 9.050000 -307.229980
v -281.959991 9.050000 -307.799988
v -281.959991 8.849999 -308.369995
v -280.820007 8.849999 -307.989990
v -279.869995 8.849999 -309.130005
v -279.109985 8.849999 -309.130005
v -278.540009 8.849999 -309.699982
v -277.779999 8.849999 -309.130005
v -245.860001 7.350000 -389.309998
v -247.000000 7.250000 -388.929993
v -247.000000 8.349999 -394.440002
v -245.479996 8.349999 -394.630005
v -245.099991 8.250000 -393.679993
v -239.970001 7.750000 -391.209991
v -237.879990 7.650000 -391.019989
v -237.500000 7.650000 -391.399994
v -237.500000 7.650000 -391.970001
v -238.069992 7.750000 -392.350006
v -239.589996 7.850000 -392.350006
v -244.529999 8.250000 -395.009979
v -245.289993 8.349999 -394.819977
v -245.289993 8.349999 -395.199982
v -237.119995 8.050000 -395.199982
v -246.239990 11.450000 -386.459991
v -247.000000 11.450000 -386.649994
v -247.000000 11.450000 -387.410004
v -197.599991 7.650000 -444.599976
v -228.569992 7.650000 -405.839996
v -229.139999 7.650000 -407.359985
v -229.139999 7.650000 -408.119995
v -228.190002 7.650000 -409.449982
v -228.190002 7.650000 -410.399994
v -229.139999 7.750000 -410.589996
v -229.330002 7.750000 -410.209991
v -230.089996 8.050000 -413.630005
v -229.709991 7.950000 -413.819977
v -229.899994 8.150000 -414.769989
v -230.849991 8.450000 -414.769989
v -231.799988 8.349999 -414.009979
v -232.369995 8.349999 -414.009979
v -233.509995 8.349999 -414.389984
v -233.699997 8.349999 -414.959991
v -228.000000 7.650000 -408.309998
v -228.000000 7.550000 -405.839996
v -230.279999 7.850000 -408.690002
v -230.279999 7.850000 -406.979980
v -235.029999 8.250000 -405.649994
v -235.599991 8.250000 -405.649994
v -235.220001 8.550000 -414.959991
v -234.269989 8.349999 -413.440002
v -232.750000 8.250000 -412.869995
v -231.229996 8.150000 -412.869995
v -186.580002 7.650000 -459.609985
v -186.199997 7.650000 -459.989990
v -186.199997 7.650000 -460.940002
v -186.580002 7.650000 -461.319977
v -291.079987 5.950000 -307.989990
v -291.269989 6.050000 -309.889984
v -293.549988 6.050000 -310.079987
v -292.220001 6.050000 -311.220001
v -292.220001 6.050000 -311.789978
v -291.459991 6.050000 -311.220001
v -290.699982 6.050000 -311.220001
v -290.509979 6.050000 -312.169983
v -290.889984 6.050000 -312.549988
v -289.179993 6.050000 -313.690002
v -288.040009 6.050000 -315.019989
v -287.660004 6.050000 -314.829987
v -287.660004 6.050000 -312.929993
v -288.229980 6.050000 -312.549988
v -288.419983 5.950000 -310.839996
v -287.850006 5.850000 -310.649994
v -287.850006 5.650000 -309.509979
v -287.089996 5.350000 -309.320007
v -286.899994 5.950000 -312.549988
v -289.940002 6.050000 -314.829987
v -290.320007 6.050000 -314.829987
v -291.269989 6.050000 -315.970001
v -291.839996 6.050000 -315.970001
v -293.169983 6.050000 -314.829987
v -293.169983 6.050000 -315.399994
v -289.559998 6.050000 -315.399994
v -292.029999 6.850000 -307.229980
v -291.649994 6.850000 -307.229980
v -291.649994 6.850000 -306.850006
v -292.410004 6.050000 -312.169983
v -292.979980 6.050000 -312.169983
v -293.359985 6.050000 -313.309998
v -292.410004 6.050000 -312.739990
v -294.500000 6.050000 -313.690002
v -294.119995 6.050000 -314.449982
v -293.549988 6.050000 -314.449982
v -293.739990 6.050000 -306.470001
v -296.399994 6.050000 -307.419983
v -293.929993 6.050000 -309.699982
v -295.639984 6.350000 -311.789978
v -296.019989 6.050000 -311.789978
v -296.019989 6.050000 -312.359985
v -295.639984 6.250000 -312.359985
v -247.000000 11.849999 -385.509979
v -247.759995 11.450000 -385.319977
v -247.949997 11.450000 -385.319977
v -249.470001 11.450000 -385.509979
v -247.379990 11.450000 -386.459991
v -247.379990 11.650000 -385.889984
v -256.880005 8.650000 -395.199982
v -247.379990 8.349999 -395.199982
v -245.289993 8.349999 -395.959991
v -243.009995 8.250000 -396.529999
v -242.819992 8.250000 -397.100006
v -241.869995 8.250000 -396.339996
v -241.110001 8.250000 -396.339996
v -240.919998 8.250000 -397.479980
v -239.779999 8.349999 -397.669983
v -239.399994 8.250000 -397.100006
v -238.069992 8.550000 -397.100006
v -237.689987 8.349999 -397.479980
v -237.689987 8.349999 -398.619995
v -238.639999 8.349999 -400.329987
v -238.639999 8.349999 -401.279999
v -239.589996 8.349999 -403.179993
v -237.879990 8.550000 -396.529999
v -238.069992 8.150000 -395.769989
v -241.679993 8.450000 -399.949982
v -241.299988 8.450000 -398.429993
v -242.629990 8.450000 -398.049988
v -242.819992 8.450000 -397.479980
v -243.959991 8.450000 -397.669983
v -245.669998 8.450000 -396.910004
v -246.429993 8.450000 -399.380005
v -244.720001 8.450000 -399.759979
v -244.339996 8.450000 -399.000000
v -243.580002 8.450000 -399.000000
v -242.819992 8.450000 -399.380005
v -242.819992 8.450000 -400.329987
v -243.580002 8.450000 -401.470001
v -244.720001 8.450000 -401.470001
v -245.099991 8.450000 -402.799988
v -247.000000 8.450000 -402.419983
v -247.000000 8.450000 -403.369995
v -245.669998 8.450000 -403.940002
v -245.099991 8.450000 -404.319977
v -244.339996 8.450000 -404.509979
v -243.769989 8.450000 -404.319977
v -243.580002 8.450000 -403.559998
v -242.629990 8.450000 -403.559998
v -242.629990 8.450000 -405.079987
v -242.250000 8.450000 -405.079987
v -241.679993 8.450000 -402.989990
v -242.439987 8.450000 -402.799988
v -242.439987 8.450000 -401.660004
v -241.869995 8.450000 -400.519989
v -240.919998 8.450000 -400.329987
v -207.479996 7.450000 -454.479980
v -207.479996 7.250000 -444.599976
v -206.149994 7.550000 -450.679993
v -206.529999 7.450000 -450.299988
v -206.529999 7.450000 -449.349976
v -205.389999 7.550000 -448.970001
v -205.009995 7.550000 -449.349976
v -205.009995 7.550000 -450.299988
v -229.330002 7.950000 -414.959991
v -229.330002 7.950000 -416.859985
v -228.569992 7.850000 -417.049988
v -228.569992 7.850000 -417.809998
v -229.519989 8.050000 -418.000000
v -229.899994 8.050000 -419.519989
v -229.519989 8.050000 -419.709991
v -229.519989 8.050000 -420.470001
v -228.759995 7.950000 -420.660004
v -228.569992 7.850000 -420.279999
v -227.809998 7.250000 -420.279999
v -227.619995 7.250000 -421.419983
v -227.429993 7.250000 -421.419983
v -227.809998 7.750000 -418.569977
v -227.809998 7.750000 -418.000000
v -227.809998 12.150000 -423.699982
v -228.569992 7.850000 -421.609985
v -230.849991 8.250000 -420.470001
v -230.470001 8.150000 -419.519989
v -229.709991 8.050000 -417.049988
v -233.699997 8.450000 -414.959991
v -237.119995 9.050000 -419.899994
v -237.119995 9.150000 -423.889984
v -235.029999 8.849999 -424.839996
v -234.839996 9.150000 -423.130005
v -235.220001 8.849999 -422.179993
v -234.459991 8.650000 -421.989990
v -231.229996 8.450000 -424.079987
v -228.759995 7.850000 -424.459991
v -228.759995 7.950000 -423.319977
v -237.119995 8.849999 -417.429993
v -227.239990 11.050000 -418.380005
v -228.949997 11.050000 -417.619995
v -229.519989 11.050000 -418.190002
v -230.089996 11.050000 -420.089996
v -228.569992 11.050000 -420.849976
v -228.000000 11.050000 -420.660004
v -223.629990 7.550000 -426.549988
v -224.389999 7.650000 -426.549988
v -225.339996 8.450000 -429.209991
v -222.299988 8.550000 -432.250000
v -220.970001 8.550000 -434.720001
v -219.830002 8.550000 -434.720001
v -217.360001 8.550000 -433.199982
v -217.929993 8.450000 -433.009979
v -217.929993 8.150000 -432.440002
v -217.360001 7.750000 -431.869995
v -223.250000 8.550000 -433.009979
v -225.909988 8.550000 -430.349976
v -227.049988 8.550000 -434.720001
v -222.489990 8.550000 -434.720001
v -224.199997 12.150000 -425.410004
v -296.399994 4.450000 -277.779999
v -306.279999 4.550000 -277.779999
v -306.279999 4.550000 -281.199982
v -304.380005 4.550000 -282.910004
v -305.519989 4.550000 -283.479980
v -306.279999 4.550000 -282.910004
v -247.379990 8.450000 -402.229980
v -247.759995 8.450000 -402.799988
v -247.759995 8.450000 -403.179993
v -256.880005 9.050000 -403.369995
v -254.409988 8.950000 -403.179993
v -254.220001 8.950000 -402.229980
v -253.269989 8.650000 -402.229980
v -253.080002 8.349999 -403.179993
v -253.839996 8.550000 -403.559998
v -253.839996 8.349999 -405.079987
v -250.799988 8.349999 -405.079987
v -256.880005 9.050000 -405.079987
v -306.279999 6.150000 -306.279999
v -306.279999 5.350000 -312.359985
v -301.339996 5.850000 -312.359985
v -297.160004 6.050000 -307.419983
v -296.970001 6.550000 -311.600006
v -297.919983 6.050000 -312.549988
v -296.970001 6.050000 -312.929993
v -301.339996 5.750000 -312.929993
v -306.279999 5.050000 -316.160004
v -297.729980 5.950000 -316.160004
v -297.919983 8.150000 -310.839996
v -298.489990 8.250000 -311.029999
v -298.489990 8.250000 -311.600006
v -299.630005 8.150000 -312.359985
v -299.630005 8.250000 -312.739990
v -299.059998 8.250000 -312.549988
v -299.059998 8.250000 -312.169983
v -306.279999 5.450000 -296.779999
v -306.279999 5.750000 -297.729980
v -207.479996 8.250000 -463.410004
v -197.979996 7.750000 -459.799988
v -197.979996 7.650000 -458.849976
v -233.129990 8.550000 -433.959991
v -233.889999 8.550000 -433.959991
v -233.889999 8.550000 -434.720001
v -233.129990 8.550000 -434.720001
v -232.369995 8.550000 -434.529999
v -243.389999 8.550000 -415.149994
v -243.009995 9.550000 -418.759979
v -242.439987 9.450000 -418.759979
v -242.250000 9.450000 -419.519989
v -239.019989 9.150000 -420.279999
v -237.879990 9.050000 -420.660004
v -238.259995 9.150000 -421.799988
v -238.069992 9.250000 -422.940002
v -237.500000 9.150000 -423.889984
v -239.589996 9.349999 -422.750000
v -246.429993 10.150000 -424.839996
v -238.259995 9.250000 -424.839996
v -244.909988 8.450000 -415.339996
v -247.000000 10.050000 -423.509979
v -217.549988 10.250000 -435.479980
v -218.309998 10.150000 -435.479980
v -219.639999 10.050000 -436.239990
v -219.069992 10.150000 -437.569977
v -217.360001 10.050000 -437.380005
v -217.360001 10.250000 -435.859985
v -217.360001 8.550000 -438.709991
v -220.399994 8.550000 -438.519989
v -225.529999 8.550000 -435.669983
v -225.339996 8.550000 -436.239990
v -224.580002 8.550000 -435.479980
v -223.819992 8.550000 -435.479980
v -223.629990 8.550000 -436.429993
v -224.009995 8.550000 -436.809998
v -222.869995 8.550000 -437.190002
v -222.869995 8.550000 -437.759979
v -223.440002 8.550000 -438.139984
v -227.049988 8.550000 -444.599976
v -220.019989 8.550000 -444.599976
v -217.360001 8.550000 -441.940002
v -218.119995 7.350000 -444.599976
v -217.360001 7.150000 -444.599976
v -217.360001 7.350000 -443.839996
v -220.779999 8.550000 -435.289978
v -220.399994 8.550000 -435.289978
v -225.529999 8.550000 -436.809998
v -226.860001 8.550000 -436.429993
v -227.239990 8.950000 -437.190002
v -227.239990 8.550000 -439.660004
v -225.909988 8.550000 -438.139984
v -227.239990 12.650000 -436.049988
v -227.239990 12.650000 -436.239990
v -226.860001 12.650000 -436.429993
v -217.549988 8.550000 -435.859985
v -218.690002 8.550000 -435.859985
v -218.690002 8.550000 -437.000000
v -217.360001 8.550000 -436.429993
v -225.720001 12.650000 -436.809998
v -226.479996 12.650000 -439.279999
v -225.149994 12.650000 -437.380005
v -242.059998 9.849999 -424.839996
v -242.059998 10.050000 -426.549988
v -241.489990 9.950000 -426.739990
v -241.489990 10.050000 -427.500000
v -242.059998 10.250000 -428.069977
v -243.389999 10.450000 -428.449982
v -246.049988 11.450000 -431.299988
v -247.000000 11.250000 -433.009979
v -247.000000 11.050000 -434.149994
v -246.049988 10.950000 -433.389984
v -243.959991 10.050000 -433.579987
v -243.009995 9.650000 -434.720001
v -247.000000 10.349999 -425.410004
v -247.000000 11.050000 -430.349976
v -245.289993 10.650000 -429.019989
v -243.959991 10.450000 -427.309998
v -306.279999 3.850000 -326.039978
v -248.899994 8.450000 -406.220001
v -250.229996 8.450000 -410.779999
v -249.279999 8.450000 -411.160004
v -248.899994 8.450000 -410.209991
v -248.330002 8.450000 -410.209991
v -249.279999 8.450000 -409.639984
v -248.899994 8.450000 -408.119995
v -247.379990 8.450000 -410.209991
v -248.139999 8.450000 -410.209991
v -248.330002 10.250000 -411.349976
v -247.000000 10.250000 -411.919983
v -247.000000 10.250000 -411.729980
v -250.229996 8.349999 -411.919983
v -250.799988 8.349999 -411.919983
v -251.369995 8.349999 -412.869995
v -252.509995 8.450000 -412.869995
v -252.889999 8.450000 -412.489990
v -252.889999 8.349999 -411.349976
v -252.509995 8.349999 -410.209991
v -254.599991 8.349999 -409.449982
v -254.979996 8.349999 -410.019989
v -255.929993 8.550000 -410.019989
v -256.309998 9.050000 -409.069977
v -256.880005 9.050000 -409.069977
v -256.880005 9.050000 -414.959991
v -255.929993 8.950000 -408.309998
v -254.979996 8.450000 -408.309998
v -286.519989 3.150000 -355.679993
v -296.399994 4.750000 -355.679993
v -218.690002 7.450000 -444.979980
v -218.690002 7.350000 -446.119995
v -219.259995 7.550000 -446.500000
v -219.069992 7.350000 -447.449982
v -221.349991 7.750000 -449.349976
v -221.349991 7.550000 -449.919983
v -220.399994 7.550000 -450.109985
v -220.399994 7.550000 -451.250000
v -220.970001 7.550000 -451.440002
v -220.970001 7.650000 -454.479980
v -217.360001 7.450000 -454.479980
v -227.239990 8.550000 -444.979980
v -227.239990 8.250000 -449.539978
v -221.729996 7.950000 -449.349976
v -222.110001 8.349999 -449.160004
v -222.110001 8.550000 -448.589996
v -220.209991 8.450000 -446.880005
v -221.729996 7.650000 -451.059998
v -227.239990 8.050000 -454.479980
v -256.880005 9.950000 -424.839996
v -248.330002 10.450000 -424.839996
v -227.809998 8.950000 -437.949982
v -227.429993 8.550000 -439.470001
v -228.759995 8.550000 -439.470001
v -229.330002 8.550000 -440.419983
v -228.759995 8.550000 -440.989990
v -229.330002 8.550000 -443.079987
v -227.619995 8.550000 -440.989990
v -227.239990 12.650000 -440.609985
v -227.619995 12.550000 -440.609985
v -227.619995 12.650000 -441.369995
v -229.899994 8.550000 -434.720001
v -230.470001 8.550000 -434.720001
v -233.699997 8.550000 -440.039978
v -231.799988 8.550000 -441.369995
v -231.229996 8.550000 -441.369995
v -228.000000 8.550000 -435.859985
v -229.709991 8.550000 -443.649994
v -230.659988 8.550000 -443.269989
v -231.039993 8.550000 -444.029999
v -232.179993 8.550000 -443.839996
v -232.369995 8.550000 -444.220001
v -233.509995 8.550000 -444.220001
v -233.509995 8.550000 -444.599976
v -230.089996 8.550000 -444.599976
v -236.929993 12.750000 -435.289978
v -237.119995 12.950000 -436.619995
v -237.119995 14.450000 -444.599976
v -236.549988 14.549999 -444.599976
v -232.179993 8.550000 -442.319977
v -232.369995 8.550000 -442.889984
v -231.799988 8.550000 -442.699982
v -237.119995 8.550000 -435.289978
v -229.139999 12.650000 -434.720001
v -229.709991 12.650000 -434.720001
v -229.899994 12.650000 -434.720001
v -230.279999 12.650000 -435.289978
v -229.330002 12.650000 -435.099976
v -228.759995 12.650000 -435.669983
v -228.759995 12.650000 -436.239990
v -231.229996 12.550000 -437.190002
v -231.799988 12.550000 -437.759979
v -231.610001 12.650000 -439.279999
v -231.989990 12.650000 -440.229980
v -232.939987 12.650000 -441.179993
v -232.939987 12.650000 -441.559998
v -231.989990 12.650000 -441.559998
v -231.610001 12.950000 -442.509979
v -232.179993 12.650000 -443.269989
v -232.750000 12.550000 -443.269989
v -233.699997 12.650000 -444.599976
v -230.279999 12.650000 -444.599976
v -230.279999 12.650000 -443.839996
v -231.039993 12.950000 -443.649994
v -231.229996 12.950000 -442.699982
v -229.899994 12.550000 -441.940002
v -229.709991 12.650000 -440.419983
v -234.080002 8.550000 -435.099976
v -234.459991 8.550000 -436.049988
v -235.029999 8.550000 -436.239990
v -234.839996 8.550000 -436.619995
v -234.459991 8.550000 -436.619995
v -235.220001 8.550000 -437.759979
v -235.220001 8.550000 -437.190002
v -235.599991 8.550000 -437.190002
v -235.599991 8.550000 -437.759979
v -236.360001 8.550000 -438.709991
v -236.360001 8.550000 -439.089996
v -235.409988 8.550000 -438.899994
v -235.220001 8.550000 -439.279999
v -234.649994 8.550000 -439.279999
v -234.459991 8.550000 -438.329987
v -236.360001 8.550000 -439.849976
v -236.360001 8.550000 -439.279999
v -237.119995 8.550000 -439.470001
v -237.119995 8.550000 -444.599976
v -236.549988 8.550000 -444.599976
v -235.220001 8.550000 -444.599976
v -234.839996 8.550000 -444.599976
v -235.789993 8.550000 -444.029999
v -235.599991 8.550000 -442.699982
v -236.169998 8.550000 -442.319977
v -236.169998 8.550000 -441.559998
v -235.029999 8.550000 -441.179993
v -234.649994 8.550000 -441.559998
v -234.459991 8.550000 -441.179993
v -217.360001 8.650000 -463.410004
v -296.399994 3.650000 -335.919983
v -306.279999 3.050000 -335.919983
v -306.279999 4.150000 -345.799988
v -296.399994 4.150000 -345.799988
v -266.759979 9.750000 -405.079987
v -266.759979 11.450000 -414.959991
v -263.339996 10.550000 -414.959991
v -262.769989 10.150000 -414.199982
v -261.820007 9.349999 -414.009979
v -261.630005 9.250000 -414.959991
v -306.279999 6.550000 -355.679993
v -248.139999 10.450000 -425.789978
v -256.880005 11.849999 -434.720001
v -251.939987 11.450000 -434.720001
v -249.279999 11.250000 -433.389984
v -248.330002 11.150000 -432.059998
v -247.569992 11.250000 -431.679993
v -249.279999 11.250000 -434.720001
v -248.330002 11.250000 -434.720001
v -231.229996 8.550000 -451.630005
v -231.989990 8.550000 -451.819977
v -231.989990 8.250000 -454.479980
v -235.029999 12.849999 -444.599976
v -235.220001 12.849999 -445.169983
v -236.169998 12.650000 -444.979980
v -236.360001 12.650000 -445.549988
v -235.979996 12.650000 -446.500000
v -235.029999 12.650000 -446.880005
v -235.029999 12.650000 -447.829987
v -235.599991 12.650000 -448.399994
v -234.649994 12.750000 -448.779999
v -234.459991 12.750000 -448.779999
v -234.080002 12.750000 -448.399994
v -234.080002 12.650000 -447.449982
v -233.319992 12.650000 -446.500000
v -231.610001 12.650000 -446.880005
v -231.610001 12.650000 -445.169983
v -230.089996 12.650000 -444.979980
v -230.089996 8.550000 -446.500000
v -230.659988 8.550000 -446.309998
v -231.799988 10.250000 -448.019989
v -231.799988 10.750000 -448.970001
v -232.750000 11.349999 -449.160004
v -232.369995 10.650000 -450.299988
v -231.989990 10.650000 -450.299988
v -231.610001 10.750000 -449.160004
v -230.089996 8.550000 -447.069977
v -237.119995 8.550000 -448.970001
v -237.119995 8.550000 -454.479980
v -232.939987 11.550000 -448.779999
v -233.509995 11.849999 -448.779999
v -233.129990 11.450000 -449.160004
v -233.699997 8.550000 -448.019989
v -234.459991 8.550000 -448.970001
v -233.129990 8.550000 -448.589996
v -236.169998 8.550000 -446.119995
v -236.929993 8.550000 -445.929993
v -237.119995 8.550000 -446.309998
v -237.119995 8.550000 -447.259979
v -236.929993 8.550000 -447.449982
v -236.929993 8.550000 -446.500000
v -237.119995 8.550000 -444.789978
v -236.739990 8.550000 -445.169983
v -234.269989 8.550000 -445.169983
v -234.649994 8.550000 -446.880005
v -233.889999 8.550000 -447.259979
v -233.889999 8.550000 -446.309998
v -233.509995 8.550000 -445.929993
v -230.849991 8.550000 -446.309998
v -230.849991 8.550000 -444.979980
v -237.119995 14.549999 -445.549988
v -242.819992 9.550000 -435.479980
v -243.199997 9.450000 -436.809998
v -243.580002 9.450000 -437.000000
v -239.399994 8.550000 -439.279999
v -237.879990 12.750000 -437.000000
v -237.879990 12.849999 -437.759979
v -239.019989 12.750000 -438.899994
v -239.209991 12.950000 -440.229980
v -239.970001 12.750000 -440.609985
v -240.729996 12.950000 -442.509979
v -241.489990 12.750000 -442.889984
v -241.489990 12.849999 -443.839996
v -242.059998 12.849999 -444.599976
v -239.209991 13.750000 -444.599976
v -238.259995 14.049999 -444.599976
v -237.119995 14.349999 -444.599976
v -245.289993 9.550000 -438.519989
v -247.000000 9.650000 -439.279999
v -247.000000 8.750000 -444.599976
v -242.629990 8.550000 -444.599976
v -245.099991 10.050000 -435.479980
v -246.619995 10.450000 -435.289978
v -247.000000 10.550000 -435.859985
v -247.000000 10.050000 -437.759979
v -246.429993 9.950000 -437.759979
v -245.669998 9.950000 -437.000000
v -237.689987 8.550000 -439.089996
v -238.069992 8.550000 -439.279999
v -238.449997 8.550000 -440.229980
v -237.879990 8.550000 -440.799988
v -237.879990 8.550000 -441.369995
v -238.639999 8.550000 -441.750000
v -238.449997 8.550000 -442.699982
v -239.399994 8.550000 -443.839996
v -237.500000 8.550000 -444.599976
v -239.970001 8.550000 -444.599976
v -239.779999 8.550000 -444.599976
v -239.589996 8.550000 -444.220001
v -240.729996 8.550000 -444.220001
v -241.110001 8.550000 -444.599976
v -240.539993 8.550000 -444.599976
v -244.339996 11.450000 -435.479980
v -247.000000 12.550000 -435.479980
v -247.000000 12.349999 -437.380005
v -245.860001 11.950000 -437.190002
v -245.669998 12.250000 -436.239990
v -227.239990 9.150000 -463.410004
v -272.649994 12.550000 -413.059998
v -269.609985 12.250000 -414.959991
v -266.759979 11.550000 -414.959991
v -273.790009 13.150000 -414.199982
v -272.459991 13.049999 -414.959991
v -272.649994 17.449999 -414.199982
v -276.639984 17.949999 -414.009979
v -276.639984 18.650000 -414.959991
v -271.699982 17.949999 -414.959991
v -261.630005 9.750000 -416.669983
v -260.869995 9.250000 -416.669983
v -260.679993 9.750000 -417.809998
v -260.109985 9.450000 -418.000000
v -260.489990 9.250000 -418.949982
v -256.880005 9.150000 -418.949982
v -261.440002 9.250000 -419.709991
v -261.630005 9.349999 -421.039978
v -262.769989 10.250000 -421.989990
v -262.769989 10.550000 -424.269989
v -262.389984 10.450000 -424.269989
v -262.199982 10.550000 -424.839996
v -256.880005 9.849999 -424.839996
v -262.199982 10.349999 -417.239990
v -263.339996 10.950000 -417.049988
v -266.759979 12.950000 -420.470001
v -263.339996 10.849999 -420.470001
v -263.339996 11.250000 -418.949982
v -262.199982 10.750000 -418.000000
v -263.339996 10.650000 -421.799988
v -266.759979 13.650000 -424.839996
v -263.529999 11.250000 -424.839996
v -296.399994 5.850000 -385.319977
v -286.519989 5.250000 -385.319977
v -306.279999 7.650000 -365.559998
v -262.389984 11.150000 -425.789978
v -263.339996 11.349999 -425.599976
v -263.720001 12.150000 -426.739990
v -264.669983 12.550000 -426.739990
v -263.910004 13.349999 -428.449982
v -264.669983 13.849999 -429.209991
v -266.190002 14.349999 -429.209991
v -266.380005 14.150000 -426.929993
v -265.049988 12.750000 -425.979980
v -264.669983 12.250000 -425.029999
v -263.529999 11.349999 -425.220001
v -266.759979 14.549999 -434.720001
v -305.709991 7.250000 -366.319977
v -304.190002 7.150000 -366.889984
v -303.429993 7.150000 -372.589996
v -303.049988 6.950000 -372.970001
v -302.289978 6.850000 -372.589996
v -302.289978 7.050000 -371.829987
v -301.149994 6.950000 -370.690002
v -300.199982 6.350000 -370.690002
v -299.820007 6.250000 -369.929993
v -300.199982 6.650000 -369.739990
v -300.199982 6.750000 -368.789978
v -299.440002 6.050000 -368.029999
v -298.869995 5.650000 -368.029999
v -298.679993 5.450000 -368.789978
v -296.399994 4.750000 -368.789978
v -298.679993 5.450000 -369.169983
v -300.009979 5.750000 -371.449982
v -301.529999 6.050000 -372.970001
v -302.100006 6.450000 -372.970001
v -303.049988 5.750000 -375.440002
v -305.329987 7.050000 -368.029999
v -306.279999 7.050000 -367.459991
v -306.279999 7.250000 -375.440002
v -304.949982 6.750000 -375.440002
v -304.380005 6.750000 -374.679993
v -306.279999 13.150000 -370.690002
v -306.279999 13.549999 -375.440002
v -305.709991 13.450000 -375.440002
v -305.519989 13.150000 -373.350006
v -237.119995 9.250000 -463.410004
v -229.709991 8.849999 -461.889984
v -230.279999 8.950000 -462.459991
v -231.039993 9.050000 -462.459991
v -231.419998 8.849999 -462.079987
v -231.419998 8.650000 -460.940002
v -230.089996 8.650000 -460.750000
v -247.949997 12.450000 -435.669983
v -248.709991 12.050000 -436.429993
v -247.759995 12.250000 -437.569977
v -248.519989 9.849999 -439.279999
v -249.849991 10.849999 -437.380005
v -249.849991 11.250000 -436.049988
v -253.080002 11.250000 -437.190002
v -254.789993 11.250000 -437.759979
v -251.939987 10.750000 -438.899994
v -250.229996 10.050000 -440.609985
v -248.519989 8.950000 -444.599976
v -250.610001 9.750000 -442.509979
v -252.319992 10.550000 -440.039978
v -254.789993 11.150000 -438.899994
v -256.880005 11.650000 -438.899994
v -256.880005 10.950000 -444.599976
v -249.849991 9.750000 -444.599976
v -256.880005 11.750000 -437.380005
v -256.309998 11.650000 -437.569977
v -256.119995 11.650000 -436.809998
v -253.839996 11.450000 -436.239990
v -247.949997 10.450000 -436.809998
v -247.949997 10.349999 -437.190002
v -251.559998 14.750000 -443.079987
v -251.559998 14.650000 -441.559998
v -252.699997 14.349999 -439.849976
v -254.029999 14.049999 -439.279999
v -256.880005 14.450000 -439.089996
v -256.880005 15.450000 -444.599976
v -250.229996 13.849999 -444.599976
v -237.500000 14.450000 -445.169983
v -237.500000 14.549999 -446.119995
v -237.500000 8.550000 -446.690002
v -242.629990 8.550000 -445.739990
v -247.000000 8.650000 -444.599976
v -247.000000 8.950000 -454.479980
v -238.069992 14.549999 -447.069977
v -239.019989 14.150000 -447.069977
v -239.779999 13.849999 -446.500000
v -239.779999 13.750000 -445.549988
v -239.209991 13.650000 -444.599976
v -242.439987 12.750000 -444.599976
v -242.439987 12.950000 -445.739990
v -239.399994 14.250000 -447.639984
v -238.449997 14.450000 -447.829987
v -240.919998 8.550000 -445.169983
v -239.970001 8.550000 -445.359985
v -296.399994 5.950000 -385.319977
v -296.399994 8.950000 -395.199982
v -286.519989 8.250000 -395.199982
v -286.519989 17.350000 -414.009979
v -286.519989 17.650000 -414.389984
v -286.519989 18.049999 -414.959991
v -267.519989 12.550000 -418.380005
v -267.329987 13.950000 -424.839996
v -268.660004 13.150000 -419.329987
v -269.989990 12.750000 -416.289978
v -270.940002 12.750000 -415.339996
v -276.639984 15.650000 -424.839996
v -275.309998 15.450000 -424.839996
v -273.410004 15.150000 -424.079987
v -271.699982 14.849999 -424.079987
v -270.940002 14.950000 -424.839996
v -268.660004 14.549999 -424.839996
v -269.040009 17.150000 -419.329987
v -270.369995 18.049999 -418.000000
v -270.369995 18.049999 -416.669983
v -270.940002 17.949999 -415.529999
v -276.639984 18.949999 -423.509979
v -272.079987 18.250000 -423.509979
v -271.320007 18.049999 -423.699982
v -270.559998 17.949999 -424.839996
v -268.850006 16.949999 -424.839996
v -268.660004 16.650000 -421.989990
v -274.359985 19.750000 -424.459991
v -276.259979 20.049999 -424.459991
v -276.639984 20.150000 -424.839996
v -273.600006 19.650000 -424.839996
v -303.239990 4.350000 -380.000000
v -301.910004 4.350000 -380.000000
v -301.720001 4.250000 -379.429993
v -300.959991 4.350000 -379.429993
v -300.579987 4.450000 -380.190002
v -296.399994 4.350000 -380.190002
v -300.769989 4.650000 -380.759979
v -301.720001 4.650000 -380.759979
v -303.429993 4.450000 -380.949982
v -302.859985 4.950000 -381.519989
v -302.859985 5.250000 -382.279999
v -301.910004 5.750000 -383.609985
v -301.339996 5.850000 -383.799988
v -300.769989 6.350000 -385.319977
v -304.000000 5.850000 -382.850006
v -304.190002 5.250000 -381.899994
v -304.570007 5.350000 -381.899994
v -304.759979 6.250000 -383.229980
v -305.519989 7.150000 -383.989990
v -306.279999 7.550000 -383.799988
v -306.279999 7.750000 -385.319977
v -302.479980 6.650000 -385.319977
v -304.380005 5.850000 -376.199982
v -304.759979 6.150000 -376.199982
v -304.759979 5.750000 -376.769989
v -304.380005 5.550000 -376.769989
v -306.279999 7.050000 -376.769989
v -305.519989 6.750000 -376.009979
v -304.949982 6.450000 -376.009979
v -306.279999 14.650000 -380.949982
v -306.279999 15.750000 -385.319977
v -304.570007 15.750000 -385.319977
v -306.279999 13.750000 -376.959991
v -305.899994 13.650000 -376.769989
v -260.679993 12.550000 -438.899994
v -262.009979 12.950000 -439.279999
v -263.910004 13.349999 -441.179993
v -265.239990 13.650000 -441.940002
v -265.619995 13.650000 -442.889984
v -266.000000 13.750000 -442.889984
v -264.479980 12.950000 -444.599976
v -266.190002 15.549999 -444.029999
v -266.759979 15.450000 -443.839996
v -266.759979 15.450000 -444.599976
v -266.000000 15.549999 -444.599976
v -266.759979 14.450000 -438.519989
v -264.669983 13.950000 -438.519989
v -264.479980 13.849999 -437.949982
v -261.820007 13.049999 -437.000000
v -264.479980 14.349999 -438.899994
v -266.759979 15.349999 -442.130005
v -264.100006 15.650000 -444.599976
v -296.399994 12.250000 -405.079987
v -247.000000 8.849999 -454.479980
v -247.000000 8.750000 -458.470001
v -246.049988 8.849999 -459.419983
v -245.479996 8.950000 -461.319977
v -246.239990 9.550000 -461.509979
v -247.000000 9.849999 -460.369995
v -247.000000 9.450000 -463.410004
v -248.519989 8.849999 -444.599976
v -248.330002 9.050000 -450.679993
v -249.089996 8.950000 -454.479980
v -250.419998 9.050000 -454.479980
v -249.659988 9.250000 -451.250000
v -249.849991 9.450000 -449.729980
v -249.470001 9.349999 -449.349976
v -249.470001 9.450000 -446.119995
v -256.880005 15.349999 -454.479980
v -250.799988 13.750000 -454.479980
v -250.419998 13.650000 -454.099976
v -250.419998 14.150000 -451.819977
v -249.849991 13.450000 -449.539978
v -249.849991 13.250000 -446.119995
v -267.519989 14.549999 -427.690002
v -269.419983 15.250000 -432.250000
v -270.940002 15.450000 -433.579987
v -271.699982 15.650000 -433.579987
v -273.790009 16.049999 -434.720001
v -270.940002 15.150000 -425.979980
v -271.320007 15.250000 -426.359985
v -276.449982 16.150000 -429.019989
v -276.259979 16.449999 -431.109985
v -276.639984 16.549999 -431.489990
v -276.639984 16.549999 -431.869995
v -273.600006 15.950000 -432.440002
v -271.509979 15.650000 -431.489990
v -268.660004 14.849999 -427.119995
v -270.559998 17.850000 -424.839996
v -270.559998 18.049999 -426.169983
v -271.320007 18.250000 -427.500000
v -275.500000 18.650000 -429.209991
v -275.690002 18.549999 -430.160004
v -276.639984 18.449999 -431.489990
v -276.639984 17.750000 -433.959991
v -275.690002 17.850000 -433.389984
v -273.979980 17.650000 -433.199982
v -272.269989 17.750000 -431.679993
v -270.559998 17.250000 -431.109985
v -269.229980 17.049999 -428.829987
v -269.229980 17.449999 -426.169983
v -271.699982 18.850000 -424.839996
v -276.639984 20.250000 -426.169983
v -275.880005 20.350000 -426.929993
v -275.690002 20.049999 -428.069977
v -274.929993 20.150000 -427.880005
v -275.309998 20.250000 -427.500000
v -275.119995 20.250000 -426.169983
v -274.169983 19.549999 -426.549988
v -274.169983 19.650000 -427.500000
v -272.269989 19.150000 -426.929993
v -271.699982 18.850000 -426.169983
v -296.399994 16.250000 -414.959991
v -291.269989 15.849999 -414.959991
v -289.940002 15.049999 -413.440002
v -288.609985 15.250000 -414.199982
v -289.559998 15.650000 -414.959991
v -286.519989 15.349999 -414.959991
v -287.089996 17.350000 -414.009979
v -286.519989 17.549999 -414.389984
v -289.179993 17.449999 -414.389984
v -289.750000 17.549999 -414.959991
v -288.040009 17.850000 -414.959991
v -300.199982 7.150000 -387.789978
v -301.149994 7.450000 -388.359985
v -301.339996 8.650000 -392.350006
v -302.859985 9.550000 -395.199982
v -306.279999 9.950000 -395.199982
v -304.570007 9.750000 -395.199982
v -302.669983 8.550000 -391.589996
v -302.479980 7.650000 -388.359985
v -301.720001 7.150000 -387.410004
v -301.720001 6.950000 -386.649994
v -306.279999 16.350000 -392.919983
v -304.949982 16.350000 -390.639984
v -304.380005 15.950000 -387.220001
v -286.519989 16.250000 -417.429993
v -284.429993 16.350000 -418.380005
v -281.959991 16.350000 -421.229980
v -281.009979 16.549999 -424.839996
v -277.970001 15.950000 -424.839996
v -281.959991 18.949999 -423.699982
v -283.290009 18.949999 -421.419983
v -284.619995 18.750000 -421.419983
v -284.619995 18.949999 -420.470001
v -284.239990 18.949999 -420.089996
v -284.619995 18.949999 -419.519989
v -285.570007 18.850000 -418.569977
v -286.519989 18.750000 -418.380005
v -286.519989 18.150000 -424.839996
v -281.769989 18.949999 -424.839996
v -286.519989 18.449999 -416.669983
v -285.000000 18.850000 -417.429993
v -282.720001 19.049999 -419.709991
v -281.199982 19.049999 -422.179993
v -280.440002 19.049999 -424.839996
v -278.729980 19.049999 -424.839996
v -285.380005 22.650000 -419.519989
v -286.519989 23.250000 -419.519989
v -286.519989 24.049999 -424.459991
v -285.949982 24.049999 -424.839996
v -282.910004 23.350000 -424.839996
v -283.669983 16.850000 -421.609985
v -284.429993 16.949999 -421.609985
v -283.290009 16.949999 -423.509979
v -283.100006 17.049999 -424.839996
v -282.720001 17.049999 -424.839996
v -286.139984 16.949999 -419.139984
v -286.329987 16.949999 -419.519989
v -285.949982 17.049999 -420.089996
v -285.190002 16.949999 -420.279999
v -284.809998 16.949999 -421.039978
v -284.619995 16.850000 -420.279999
v -250.039993 8.950000 -457.139984
v -251.750000 8.849999 -458.470001
v -252.889999 8.849999 -458.849976
v -253.649994 9.050000 -463.410004
v -253.459991 8.950000 -462.839996
v -254.789993 8.950000 -462.649994
v -254.789993 8.849999 -461.509979
v -254.409988 8.849999 -461.130005
v -253.459991 8.849999 -461.130005
v -252.889999 8.950000 -461.889984
v -251.559998 9.250000 -460.179993
v -250.989990 9.450000 -460.179993
v -250.229996 9.950000 -460.940002
v -250.229996 10.050000 -461.509979
v -251.750000 10.150000 -462.269989
v -252.319992 10.550000 -463.410004
v -249.279999 10.450000 -463.410004
v -248.899994 10.150000 -462.459991
v -248.330002 9.750000 -462.459991
v -248.139999 9.550000 -463.410004
v -247.949997 9.849999 -458.849976
v -248.519989 9.750000 -458.470001
v -250.039993 9.349999 -458.470001
v -250.229996 8.950000 -457.709991
v -249.849991 8.950000 -457.329987
v -248.899994 8.849999 -457.329987
v -254.220001 8.950000 -458.279999
v -251.750000 8.950000 -457.139984
v -250.799988 8.950000 -456.000000
v -256.880005 14.450000 -458.660004
v -254.789993 14.250000 -458.089996
v -253.080002 14.250000 -456.569977
v -251.750000 13.849999 -456.380005
v -273.790009 16.150000 -434.720001
v -276.639984 16.850000 -435.099976
v -276.639984 16.949999 -441.369995
v -269.040009 14.849999 -441.179993
v -266.759979 15.250000 -442.130005
v -267.899994 19.350000 -442.319977
v -269.229980 19.350000 -441.940002
v -275.309998 19.350000 -442.319977
v -276.259979 19.049999 -442.889984
v -276.639984 18.850000 -444.029999
v -276.639984 19.049999 -444.599976
v -267.709991 19.850000 -444.599976
v -270.940002 15.250000 -442.130005
v -275.119995 16.449999 -442.130005
v -276.259979 16.750000 -442.889984
v -276.259979 16.750000 -444.599976
v -264.479980 12.849999 -444.599976
v -263.339996 11.849999 -447.639984
v -263.720001 10.349999 -452.389984
v -263.720001 9.650000 -454.289978
v -266.190002 13.450000 -444.789978
v -266.759979 13.650000 -444.789978
v -266.759979 11.650000 -451.630005
v -265.239990 10.750000 -452.579987
v -265.049988 12.250000 -448.019989
v -266.759979 10.950000 -453.149994
v -265.619995 10.150000 -454.099976
v -262.389984 15.650000 -447.069977
v -260.679993 15.750000 -454.479980
v -262.199982 15.750000 -452.579987
v -262.959991 15.549999 -451.250000
v -262.769989 15.549999 -450.109985
v -263.149994 15.549999 -448.589996
v -266.759979 15.150000 -454.479980
v -262.009979 15.849999 -454.479980
v -262.579987 19.750000 -453.720001
v -263.529999 20.449999 -453.529999
v -263.529999 20.549999 -452.959991
v -262.769989 20.449999 -452.579987
v -262.769989 20.549999 -451.630005
v -262.959991 20.750000 -449.160004
v -263.529999 21.049999 -448.589996
v -263.720001 20.750000 -447.639984
v -264.859985 20.650000 -446.880005
v -266.380005 20.350000 -446.880005
v -265.049988 21.049999 -447.639984
v -265.049988 21.350000 -448.399994
v -265.809998 21.850000 -448.589996
v -266.759979 22.049999 -448.019989
v -266.759979 22.150000 -450.869995
v -265.619995 21.549999 -450.869995
v -264.669983 21.049999 -452.009979
v -264.669983 20.949999 -452.579987
v -265.429993 20.650000 -452.769989
v -266.000000 20.650000 -452.009979
v -266.759979 20.750000 -452.009979
v -266.759979 20.750000 -454.479980
v -262.389984 19.750000 -454.479980
v -266.570007 19.250000 -444.599976
v -266.759979 19.250000 -444.599976
v -266.759979 19.650000 -445.359985
v -266.759979 19.750000 -445.929993
v -266.190002 19.350000 -445.739990
v -290.320007 17.549999 -416.099976
v -288.040009 18.150000 -416.099976
v -286.709991 22.750000 -417.239990
v -288.040009 22.750000 -416.859985
v -294.119995 22.750000 -417.239990
v -295.259979 22.449999 -417.809998
v -295.829987 22.150000 -419.329987
v -296.399994 21.850000 -419.329987
v -296.399994 23.549999 -424.839996
v -289.940002 24.250000 -424.839996
v -289.179993 24.350000 -424.079987
v -286.899994 24.150000 -424.079987
v -296.399994 16.750000 -416.289978
v -291.459991 16.250000 -416.099976
v -288.609985 16.150000 -416.669983
v -288.419983 18.350000 -417.809998
v -288.609985 18.150000 -417.429993
v -289.369995 18.049999 -417.619995
v -289.559998 17.949999 -417.239990
v -290.889984 17.650000 -417.239990
v -291.269989 17.650000 -418.190002
v -292.029999 17.250000 -418.000000
v -292.029999 16.949999 -417.239990
v -295.070007 17.250000 -417.239990
v -296.399994 17.549999 -417.619995
v -296.399994 20.850000 -423.699982
v -295.259979 20.850000 -423.699982
v -295.259979 21.750000 -424.839996
v -290.699982 17.150000 -422.750000
v -292.029999 17.150000 -422.369995
v -291.079987 16.850000 -423.319977
v -291.459991 16.250000 -424.269989
v -291.079987 16.549999 -424.269989
v -290.889984 16.650000 -424.839996
v -289.559998 17.250000 -424.839996
v -277.589996 20.049999 -425.220001
v -277.589996 20.150000 -425.789978
v -277.779999 20.750000 -426.549988
v -278.919983 20.549999 -426.739990
v -278.729980 20.549999 -429.209991
v -277.970001 20.049999 -430.539978
v -277.399994 20.250000 -430.349976
v -276.639984 20.750000 -429.019989
v -276.639984 20.850000 -428.069977
v -277.970001 18.549999 -431.869995
v -279.109985 18.750000 -431.489990
v -279.489990 17.750000 -434.720001
v -277.019989 17.150000 -434.720001
v -280.250000 16.949999 -428.259979
v -280.059998 16.549999 -425.979980
v -279.299988 16.250000 -425.220001
v -281.009979 19.150000 -428.069977
v -281.579987 18.949999 -425.789978
v -281.959991 18.949999 -425.599976
v -286.519989 19.350000 -431.489990
v -283.479980 18.850000 -431.489990
v -283.100006 19.049999 -430.919983
v -282.339996 19.150000 -430.919983
v -281.959991 19.049999 -431.679993
v -280.440002 18.949999 -431.679993
v -282.149994 18.850000 -432.440002
v -283.290009 18.650000 -432.440002
v -286.519989 19.750000 -434.720001
v -280.820007 18.049999 -434.720001
v -280.820007 18.250000 -434.149994
v -280.440002 18.250000 -433.959991
v -277.019989 16.650000 -431.679993
v -278.919983 16.750000 -428.449982
v -279.109985 16.750000 -428.829987
v -278.729980 16.850000 -429.589996
v -278.350006 16.850000 -429.589996
v -278.350006 16.750000 -429.019989
v -280.059998 19.049999 -426.549988
v -278.919983 19.049999 -425.599976
v -280.820007 23.049999 -430.919983
v -281.959991 23.750000 -431.489990
v -281.959991 23.750000 -432.250000
v -282.720001 23.949999 -432.630005
v -283.479980 24.049999 -432.440002
v -283.479980 24.049999 -431.489990
v -285.380005 24.150000 -430.729980
v -286.519989 24.150000 -430.919983
v -286.519989 23.750000 -434.720001
v -281.009979 23.350000 -434.720001
v -280.250000 22.949999 -433.389984
v -280.250000 22.750000 -432.250000
v -283.859985 23.949999 -427.119995
v -283.479980 24.049999 -428.259979
v -283.859985 24.049999 -429.399994
v -284.619995 24.750000 -429.209991
v -285.000000 25.449999 -427.500000
v -286.519989 25.650000 -425.979980
v -286.519989 25.650000 -429.399994
v -284.809998 24.449999 -429.779999
v -284.809998 24.150000 -430.349976
v -283.100006 24.049999 -430.919983
v -282.339996 23.850000 -430.919983
v -306.279999 11.050000 -399.569977
v -306.279999 12.150000 -403.369995
v -305.899994 12.650000 -405.079987
v -306.279999 10.450000 -397.289978
v -304.949982 9.950000 -396.149994
v -267.329987 19.949999 -445.549988
v -267.139984 20.150000 -446.690002
v -266.759979 19.850000 -445.929993
v -267.899994 21.650000 -447.259979
v -269.229980 21.549999 -447.259979
v -269.609985 21.449999 -447.449982
v -269.609985 21.350000 -449.160004
v -270.179993 20.949999 -449.160004
v -270.750000 20.850000 -448.209991
v -270.369995 20.650000 -446.690002
v -269.040009 20.350000 -446.119995
v -269.040009 20.250000 -445.359985
v -268.660004 20.150000 -444.979980
v -267.709991 19.949999 -444.979980
v -276.639984 20.449999 -450.869995
v -275.690002 20.650000 -452.389984
v -275.119995 20.850000 -454.479980
v -268.850006 20.850000 -451.250000
v -269.799988 20.949999 -450.109985
v -269.799988 20.949999 -449.539978
v -268.470001 21.750000 -449.539978
v -271.889984 15.349999 -444.599976
v -271.699982 14.450000 -450.489990
v -271.509979 14.349999 -450.489990
v -270.369995 13.950000 -450.869995
v -269.419983 14.250000 -450.679993
v -269.229980 14.349999 -451.059998
v -266.759979 15.049999 -451.059998
v -269.609985 14.650000 -451.819977
v -271.699982 14.650000 -451.630005
v -271.889984 14.450000 -450.869995
v -276.639984 16.650000 -450.489990
v -276.639984 16.150000 -453.149994
v -276.259979 15.549999 -454.479980
v -276.259979 16.850000 -444.599976
v -276.639984 16.949999 -445.169983
v -267.139984 13.650000 -445.169983
v -266.949982 13.150000 -446.880005
v -267.519989 13.049999 -447.829987
v -267.899994 12.650000 -449.919983
v -268.279999 12.650000 -450.109985
v -268.279999 12.450000 -450.869995
v -267.709991 12.250000 -450.869995
v -269.040009 12.349999 -452.009979
v -270.179993 11.950000 -454.479980
v -260.299988 15.450000 -456.000000
v -260.299988 14.750000 -459.039978
v -260.679993 14.250000 -459.989990
v -258.779999 13.950000 -459.799988
v -266.759979 19.049999 -463.410004
v -264.859985 18.949999 -463.220001
v -263.910004 19.949999 -461.130005
v -262.389984 19.850000 -460.559998
v -261.440002 19.650000 -459.039978
v -261.440002 19.350000 -457.139984
v -266.759979 14.650000 -460.940002
v -265.619995 14.549999 -461.319977
v -265.429993 14.750000 -460.940002
v -264.859985 14.650000 -460.940002
v -263.910004 14.049999 -461.699982
v -263.149994 13.849999 -461.699982
v -262.389984 14.049999 -461.130005
v -262.009979 14.650000 -459.799988
v -261.630005 14.650000 -459.609985
v -261.440002 15.349999 -457.519989
v -301.529999 12.550000 -405.079987
v -301.529999 14.950000 -411.160004
v -301.149994 15.049999 -411.349976
v -301.149994 15.349999 -411.919983
v -296.399994 15.150000 -412.299988
v -301.339996 15.750000 -412.299988
v -302.289978 15.950000 -412.299988
v -302.479980 15.650000 -411.539978
v -306.279999 15.750000 -411.539978
v -306.279999 16.750000 -414.959991
v -306.279999 12.950000 -406.029999
v -302.289978 15.349999 -411.160004
v -128.440002 22.150000 -296.399994
v -120.839996 23.650000 -296.399994
v -138.319992 19.350000 -296.399994
v -128.440002 20.750000 -306.279999
v -120.839996 22.650000 -306.279999
v -137.179993 21.549999 -281.389984
v -137.179993 21.449999 -282.339996
v -144.970001 18.449999 -287.470001
v -146.110001 18.049999 -287.470001
v -148.199997 16.250000 -296.399994
v -128.440002 22.049999 -296.399994
v -138.319992 18.949999 -303.239990
v -137.750000 18.850000 -303.239990
v -137.559998 18.549999 -303.809998
v -136.800003 18.750000 -304.190002
v -136.610001 18.850000 -303.619995
v -135.470001 19.250000 -303.619995
v -135.089996 19.250000 -304.000000
v -135.089996 19.150000 -304.949982
v -135.849991 18.850000 -305.329987
v -135.849991 18.750000 -306.279999
v -136.800003 18.650000 -304.949982
v -138.319992 18.150000 -305.329987
v -138.319992 18.049999 -306.279999
v -128.440002 20.350000 -310.079987
v -124.449997 21.449999 -309.889984
v -124.829994 21.350000 -309.699982
v -124.639999 21.549999 -308.750000
v -123.689995 21.750000 -308.750000
v -123.500000 21.750000 -309.320007
v -120.839996 22.449999 -309.320007
v -123.689995 21.650000 -309.889984
v -120.839996 21.949999 -316.160004
v -148.199997 15.150000 -306.279999
v -143.069992 16.650000 -306.279999
v -142.500000 16.750000 -306.089996
v -143.259995 16.850000 -304.380005
v -142.879990 17.150000 -302.669983
v -141.360001 17.850000 -300.769989
v -140.789993 18.150000 -300.769989
v -140.599991 18.549999 -301.149994
v -140.220001 18.549999 -300.959991
v -140.029999 18.250000 -300.389984
v -139.270004 18.750000 -300.389984
v -139.080002 18.850000 -300.769989
v -138.319992 18.850000 -300.769989
v -139.270004 18.949999 -301.339996
v -140.029999 18.850000 -301.339996
v -141.360001 18.549999 -302.100006
v -141.360001 18.750000 -302.859985
v -142.119995 18.350000 -303.619995
v -142.119995 18.150000 -304.759979
v -141.360001 17.549999 -306.279999
v -140.029999 17.949999 -306.279999
v -139.270004 19.049999 -304.190002
v -139.080002 17.850000 -306.279999
v -138.319992 15.849999 -315.779999
v -125.969994 20.549999 -316.160004
v -125.969994 20.350000 -318.059998
v -124.829994 20.650000 -318.820007
v -124.639999 20.549999 -321.100006
v -125.209999 20.250000 -323.380005
v -125.969994 20.049999 -323.949982
v -126.729996 19.650000 -325.089996
v -127.299995 19.449999 -325.850006
v -120.839996 21.350000 -326.039978
v -120.839996 21.449999 -324.709991
v -122.930000 20.850000 -324.709991
v -123.500000 20.650000 -324.139984
v -124.259995 20.549999 -322.239990
v -124.259995 20.650000 -321.100006
v -123.119995 21.150000 -319.389984
v -122.169998 21.350000 -319.009979
v -121.599998 21.650000 -318.250000
v -120.839996 21.850000 -318.250000
v -122.360001 23.049999 -320.339996
v -122.930000 22.549999 -321.100006
v -121.790001 22.850000 -323.380005
v -120.839996 23.150000 -323.190002
v -120.839996 23.049999 -319.579987
v -126.729996 21.049999 -318.820007
v -126.729996 20.549999 -318.250000
v -127.869995 19.949999 -317.679993
v -128.250000 20.250000 -324.519989
v -126.919998 20.150000 -324.709991
v -126.349998 20.549999 -323.759979
v -126.349998 21.750000 -320.720001
v -125.779999 21.650000 -320.339996
v -125.779999 21.449999 -319.579987
v -143.069992 17.750000 -307.799988
v -142.309998 17.949999 -308.940002
v -142.500000 17.650000 -310.649994
v -143.639999 16.750000 -311.029999
v -143.830002 16.549999 -310.079987
v -144.589996 16.449999 -309.320007
v -144.970001 15.950000 -310.839996
v -145.729996 15.349999 -311.029999
v -146.110001 15.250000 -310.459991
v -145.919998 15.450000 -309.320007
v -148.199997 14.549999 -311.410004
v -145.729996 15.049999 -311.979980
v -145.539993 15.450000 -311.600006
v -144.589996 15.950000 -311.789978
v -144.209991 16.449999 -311.410004
v -140.979996 17.949999 -310.839996
v -139.649994 18.150000 -308.559998
v -139.080002 17.750000 -308.559998
v -138.889999 17.549999 -309.320007
v -138.319992 17.750000 -309.320007
v -139.080002 17.449999 -310.079987
v -140.979996 16.549999 -312.169983
v -143.069992 15.549999 -312.929993
v -142.879990 13.849999 -315.779999
v -145.349991 14.950000 -312.739990
v -148.199997 13.549999 -314.639984
v -148.199997 12.349999 -315.970001
v -148.199997 17.449999 -286.519989
v -158.080002 13.049999 -296.399994
v -120.839996 20.850000 -335.919983
v -120.839996 20.549999 -345.799988
v -158.080002 12.349999 -303.239990
v -156.559998 12.750000 -303.239990
v -156.179993 13.049999 -302.479980
v -155.419998 13.250000 -302.479980
v -155.039993 13.349999 -302.859985
v -155.039993 13.250000 -303.809998
v -155.419998 13.049999 -304.000000
v -155.419998 12.849999 -306.279999
v -156.369995 12.750000 -304.000000
v -158.080002 12.150000 -306.279999
v -158.080002 12.950000 -296.399994
v -148.199997 15.049999 -306.279999
v -157.699997 10.750000 -313.309998
v -156.750000 11.450000 -313.309998
v -156.750000 10.950000 -315.209991
v -155.989990 11.550000 -315.019989
v -151.050003 13.150000 -315.589996
v -150.099991 13.650000 -314.639984
v -167.959991 10.650000 -286.519989
v -224.769989 5.150000 -315.589996
v -223.819992 5.150000 -314.829987
v -222.110001 5.250000 -314.639984
v -219.639999 5.450000 -316.160004
v -219.639999 5.350000 -314.639984
v -219.639999 5.350000 -313.500000
v -218.690002 5.450000 -313.500000
v -218.500000 5.450000 -314.070007
v -217.360001 5.750000 -314.070007
v -219.639999 4.550000 -307.039978
v -219.449997 5.250000 -308.369995
v -220.589996 4.950000 -308.559998
v -220.970001 4.550000 -307.419983
v -220.589996 4.450000 -307.039978
v -218.690002 5.450000 -314.829987
v -174.229996 7.650000 -405.079987
v -174.229996 7.650000 -407.549988
v -173.660004 7.650000 -407.739990
v -173.660004 7.650000 -408.690002
v -174.610001 7.650000 -409.069977
v -177.839996 7.650000 -409.259979
v -177.839996 7.650000 -414.959991
v -174.989990 7.650000 -408.880005
v -174.989990 7.650000 -407.739990
v -172.330002 7.650000 -414.959991
v -172.330002 7.650000 -421.229980
v -172.330002 7.650000 -421.989990
v -167.959991 7.650000 -422.179993
v -172.519989 7.650000 -422.369995
v -173.849991 7.650000 -422.179993
v -173.849991 7.650000 -421.229980
v -173.470001 7.650000 -420.849976
v -177.839996 7.650000 -420.849976
v -177.839996 7.650000 -424.839996
v -187.720001 7.650000 -424.839996
v -177.839996 7.650000 -434.720001
v -168.720001 7.650000 -429.399994
v -168.720001 7.650000 -428.449982
v -197.599991 7.050000 -424.839996
v -190.000000 7.650000 -424.839996
v -190.000000 7.650000 -422.559998
v -190.379990 7.650000 -422.369995
v -190.190002 7.650000 -421.229980
v -189.429993 7.650000 -421.229980
v -189.239990 7.650000 -421.799988
v -187.720001 7.650000 -421.799988
v -189.239990 7.650000 -422.369995
v -187.720001 7.650000 -434.720001
v -258.779999 2.550000 -326.419983
v -260.299988 2.650000 -326.419983
v -266.759979 3.850000 -335.919983
v -172.709991 7.650000 -444.599976
v -172.709991 7.650000 -443.079987
v -173.470001 7.650000 -442.699982
v -173.470001 7.650000 -441.559998
v -172.139999 7.650000 -441.369995
v -171.759995 7.650000 -441.940002
v -167.959991 7.650000 -441.940002
v -171.759995 7.650000 -442.699982
v -266.759979 4.650000 -345.799988
v -192.279999 7.650000 -424.839996
v -192.279999 7.650000 -429.589996
v -191.709991 7.650000 -429.589996
v -191.519989 7.650000 -430.349976
v -187.720001 7.650000 -430.349976
v -191.519989 7.650000 -430.919983
v -192.279999 7.650000 -431.109985
v -192.279999 7.650000 -434.720001
v -197.599991 7.350000 -430.349976
v -193.039993 7.650000 -430.349976
v -192.849991 7.650000 -429.589996
v -193.039993 7.650000 -430.919983
v -197.599991 7.550000 -434.720001
v -266.759979 4.750000 -355.679993
v -276.639984 3.850000 -335.919983
v -266.759979 3.750000 -335.919983
v -292.790009 5.750000 -286.519989
v -292.979980 5.850000 -289.750000
v -293.359985 5.750000 -290.889984
v -294.119995 5.750000 -290.889984
v -294.500000 5.650000 -290.130005
v -296.399994 5.350000 -290.130005
v -294.309998 5.650000 -289.369995
v -293.169983 5.750000 -289.369995
v -288.609985 6.450000 -286.519989
v -288.609985 6.250000 -285.000000
v -289.369995 6.250000 -284.619995
v -289.179993 6.150000 -283.669983
v -288.040009 6.150000 -283.669983
v -287.850006 6.250000 -284.239990
v -286.519989 6.150000 -284.239990
v -287.850006 6.250000 -284.619995
v -266.759979 4.950000 -365.559998
v -276.639984 3.550000 -345.799988
v -266.759979 5.850000 -375.440002
v -205.769989 6.650000 -434.720001
v -205.769989 6.650000 -435.099976
v -205.769989 6.750000 -436.429993
v -206.720001 6.750000 -436.429993
v -206.909988 6.650000 -435.479980
v -207.479996 6.650000 -435.479980
v -206.720001 6.650000 -435.099976
v -276.639984 2.850000 -355.679993
v -286.519989 4.350000 -335.919983
v -266.759979 7.450000 -385.319977
v -286.519989 3.750000 -345.799988
v -276.639984 2.550000 -365.559998
v -214.699997 7.450000 -437.190002
v -213.750000 6.850000 -437.190002
v -213.750000 6.850000 -438.139984
v -214.319992 7.150000 -438.519989
v -213.940002 6.950000 -439.279999
v -207.479996 6.950000 -439.279999
v -214.699997 7.250000 -440.039978
v -214.699997 7.050000 -441.369995
v -215.269989 8.150000 -438.519989
v -216.220001 8.450000 -440.989990
v -216.220001 8.550000 -439.660004
v -216.029999 9.750000 -437.000000
v -216.029999 9.750000 -436.619995
v -276.639984 4.350000 -375.440002
v -266.759979 8.349999 -389.500000
v -263.339996 8.349999 -389.500000
v -263.149994 8.349999 -389.309998
v -263.529999 8.349999 -389.119995
v -263.339996 8.150000 -387.789978
v -262.199982 8.150000 -387.789978
v -262.009979 8.150000 -388.169983
v -256.880005 8.050000 -388.169983
v -262.009979 8.250000 -389.119995
v -263.149994 8.849999 -395.199982
v -266.759979 9.050000 -395.199982
v -276.639984 6.050000 -385.319977
v -276.639984 8.450000 -395.199982
v -276.639984 10.849999 -405.079987
v -306.279999 19.549999 -422.940002
v -305.329987 18.850000 -422.750000
v -305.329987 18.449999 -421.989990
v -304.570007 17.850000 -421.799988
v -304.000000 17.250000 -420.660004
v -301.910004 17.049999 -418.949982
v -301.910004 16.949999 -417.619995
v -300.959991 17.150000 -417.619995
v -300.769989 17.250000 -418.190002
v -300.389984 17.350000 -418.190002
v -298.109985 17.150000 -416.669983
v -296.970001 17.049999 -416.669983
v -296.399994 16.850000 -416.289978
v -297.350006 17.750000 -418.000000
v -298.679993 18.549999 -419.519989
v -299.820007 18.250000 -419.709991
v -299.630005 18.850000 -420.660004
v -298.869995 19.350000 -420.849976
v -299.250000 20.750000 -422.940002
v -298.299988 20.949999 -423.130005
v -297.919983 21.150000 -423.699982
v -299.820007 23.449999 -424.649994
v -302.100006 22.850000 -423.889984
v -304.190002 22.549999 -424.079987
v -304.570007 22.549999 -424.839996
v -302.100006 23.049999 -424.839996
v -300.389984 17.949999 -419.899994
v -301.720001 17.350000 -420.089996
v -302.859985 17.049999 -421.229980
v -302.859985 17.250000 -421.799988
v -303.809998 17.449999 -422.369995
v -303.809998 18.150000 -423.699982
v -303.239990 17.949999 -423.509979
v -303.239990 17.549999 -422.750000
v -296.589996 21.650000 -419.139984
v -296.589996 21.949999 -419.519989
v -297.350006 21.850000 -419.899994
v -299.440002 21.049999 -420.089996
v -298.489990 22.150000 -420.849976
v -298.489990 22.350000 -421.419983
v -299.440002 22.350000 -421.989990
v -300.579987 22.350000 -421.989990
v -301.720001 21.549999 -421.229980
v -303.049988 22.049999 -422.369995
v -299.820007 22.949999 -423.130005
v -297.540009 23.449999 -424.839996
v -301.529999 27.750000 -424.269989
v -301.720001 28.049999 -424.839996
v -301.149994 27.849998 -424.839996
v -303.619995 27.849998 -422.559998
v -306.279999 28.049999 -423.130005
v -306.279999 28.549999 -424.839996
v -302.669983 28.449999 -424.839996
v -294.500000 22.250000 -427.690002
v -294.690002 22.549999 -429.779999
v -292.220001 21.949999 -434.720001
v -286.519989 19.850000 -434.720001
v -293.549988 24.250000 -433.389984
v -296.399994 24.449999 -428.829987
v -296.399994 24.049999 -434.720001
v -293.169983 24.250000 -434.720001
v -287.470001 25.250000 -425.029999
v -288.989990 25.049999 -425.029999
v -289.179993 25.049999 -425.599976
v -288.799988 25.250000 -427.309998
v -287.089996 25.849998 -428.829987
v -287.089996 25.750000 -429.399994
v -288.989990 24.250000 -429.209991
v -293.359985 24.350000 -431.299988
v -291.649994 24.049999 -434.720001
v -289.369995 24.350000 -429.019989
v -290.130005 24.350000 -426.739990
v -296.399994 23.850000 -426.169983
v -296.399994 28.549999 -430.160004
v -296.399994 29.150000 -434.339996
v -294.309998 28.650000 -434.149994
v -293.359985 28.150000 -434.720001
v -293.169983 28.049999 -434.720001
v -288.609985 17.850000 -429.589996
v -288.609985 17.449999 -427.309998
v -291.459991 15.849999 -427.119995
v -290.889984 16.449999 -426.739990
v -289.940002 17.049999 -426.929993
v -289.940002 17.150000 -428.639984
v -291.269989 16.350000 -429.589996
v -290.509979 16.949999 -432.819977
v -289.940002 17.250000 -433.009979
v -289.559998 17.150000 -433.769989
v -287.470001 17.850000 -434.720001
v -287.089996 17.949999 -434.720001
v -287.089996 17.949999 -433.769989
v -279.869995 17.750000 -436.239990
v -280.630005 18.049999 -437.380005
v -281.199982 18.250000 -437.380005
v -283.100006 19.049999 -439.470001
v -286.519989 20.350000 -441.179993
v -286.519989 20.549999 -444.599976
v -282.720001 19.150000 -444.599976
v -280.059998 18.150000 -444.599976
v -278.729980 17.949999 -444.599976
v -278.540009 17.650000 -443.839996
v -277.779999 17.750000 -444.029999
v -277.779999 17.350000 -442.130005
v -277.019989 18.750000 -444.410004
v -277.779999 18.150000 -444.220001
v -277.779999 18.449999 -444.599976
v -276.639984 18.949999 -444.599976
v -286.519989 20.250000 -438.899994
v -285.190002 19.750000 -438.899994
v -283.100006 18.949999 -437.949982
v -281.009979 18.049999 -435.669983
v -286.519989 22.049999 -439.470001
v -284.049988 22.250000 -438.329987
v -282.910004 23.350000 -436.239990
v -281.579987 23.250000 -435.669983
v -299.250000 28.049999 -426.549988
v -301.720001 28.150000 -424.839996
v -306.279999 29.449999 -434.720001
v -297.540009 29.250000 -434.720001
v -296.779999 24.150000 -427.690002
v -298.299988 24.049999 -425.979980
v -298.679993 24.350000 -426.359985
v -300.959991 25.449999 -426.359985
v -302.859985 26.650000 -428.259979
v -303.809998 26.549999 -428.259979
v -303.809998 26.650000 -429.209991
v -304.759979 26.349998 -429.970001
v -304.759979 26.549999 -431.299988
v -305.519989 26.449999 -432.059998
v -306.279999 25.949999 -431.869995
v -306.279999 26.549999 -434.720001
v -304.570007 22.949999 -426.359985
v -304.190002 22.949999 -426.359985
v -306.279999 22.250000 -426.169983
v -306.279999 23.150000 -427.500000
v -305.899994 22.949999 -427.309998
v -305.899994 22.350000 -426.359985
v -300.769989 23.549999 -433.199982
v -301.149994 23.549999 -433.009979
v -301.529999 23.750000 -431.679993
v -301.529999 23.850000 -430.349976
v -300.769989 23.850000 -428.639984
v -300.959991 23.650000 -426.739990
v -303.049988 23.350000 -427.309998
v -304.949982 23.350000 -429.209991
v -304.949982 23.250000 -430.349976
v -304.570007 23.250000 -430.539978
v -304.759979 22.549999 -432.250000
v -302.289978 23.049999 -433.579987
v -301.529999 22.949999 -434.720001
v -300.579987 23.250000 -434.720001
v -291.269989 23.850000 -437.000000
v -291.839996 22.850000 -440.419983
v -291.269989 22.650000 -440.989990
v -291.079987 22.150000 -441.750000
v -293.359985 23.150000 -442.699982
v -295.259979 23.850000 -444.599976
v -296.399994 24.350000 -443.649994
v -294.119995 23.350000 -441.750000
v -292.790009 23.350000 -439.089996
v -292.410004 23.949999 -436.809998
v -291.459991 21.850000 -436.619995
v -291.459991 21.949999 -437.759979
v -290.889984 21.750000 -438.519989
v -287.279999 20.449999 -439.089996
v -293.359985 28.049999 -434.720001
v -292.979980 28.049999 -435.099976
v -296.399994 31.049999 -435.859985
v -296.399994 30.650000 -438.899994
v -295.449982 30.650000 -438.899994
v -294.500000 30.449999 -438.139984
v -293.929993 30.250000 -438.139984
v -293.929993 30.049999 -435.669983
v -294.119995 28.449999 -439.660004
v -296.399994 28.349998 -440.419983
v -296.399994 27.150000 -443.459991
v -294.500000 27.449999 -441.750000
v -295.449982 29.150000 -435.859985
v -296.399994 29.250000 -436.049988
v -296.399994 29.250000 -436.619995
v -295.639984 29.150000 -436.429993
v -295.639984 28.849998 -438.519989
v -296.209991 28.949999 -438.519989
v -295.829987 28.849998 -438.899994
v -295.449982 28.849998 -438.899994
v -278.729980 18.049999 -444.599976
v -280.059998 18.049999 -444.599976
v -280.059998 18.150000 -445.169983
v -280.630005 18.350000 -445.549988
v -280.440002 18.250000 -445.929993
v -279.869995 18.750000 -446.119995
v -280.059998 18.949999 -446.880005
v -280.059998 19.850000 -449.160004
v -277.970001 20.150000 -449.919983
v -276.829987 20.750000 -452.959991
v -277.589996 20.650000 -452.389984
v -277.970001 20.449999 -451.440002
v -279.109985 20.350000 -451.059998
v -279.489990 20.250000 -450.489990
v -284.049988 19.750000 -448.589996
v -285.190002 20.150000 -448.589996
v -286.519989 20.750000 -450.109985
v -280.820007 18.850000 -446.690002
v -280.820007 18.449999 -446.119995
v -281.959991 18.750000 -445.739990
v -284.809998 19.949999 -447.449982
v -283.290009 19.350000 -447.639984
v -286.519989 20.650000 -446.500000
v -285.000000 20.049999 -446.119995
v -284.619995 19.850000 -445.549988
v -283.859985 19.549999 -445.549988
v -277.589996 23.650000 -451.250000
v -283.290009 23.650000 -448.970001
v -285.000000 23.350000 -448.970001
v -285.949982 23.049999 -449.919983
v -286.519989 22.750000 -449.919983
v -286.519989 24.350000 -454.289978
v -286.329987 24.449999 -454.479980
v -278.350006 24.350000 -454.479980
v -277.779999 24.150000 -454.099976
v -277.019989 23.549999 -452.009979
v -277.779999 17.250000 -446.119995
v -277.779999 17.350000 -446.690002
v -278.919983 17.650000 -448.399994
v -280.059998 18.049999 -449.160004
v -278.350006 17.350000 -450.489990
v -280.630005 18.250000 -450.299988
v -281.769989 18.549999 -452.769989
v -281.769989 18.549999 -454.479980
v -277.970001 16.650000 -454.479980
v -275.500000 15.549999 -458.089996
v -276.259979 16.350000 -463.410004
v -268.279999 14.849999 -463.410004
v -267.519989 14.849999 -461.699982
v -274.739990 20.850000 -454.859985
v -274.739990 20.949999 -456.949982
v -274.359985 20.850000 -457.139984
v -274.359985 20.750000 -460.750000
v -274.929993 20.049999 -463.410004
v -276.259979 19.949999 -463.410004
v -275.880005 20.250000 -462.459991
v -275.880005 20.850000 -459.609985
v -271.320007 11.550000 -457.139984
v -271.320007 11.349999 -458.089996
v -270.750000 10.950000 -458.470001
v -270.559998 10.950000 -458.089996
v -269.989990 10.550000 -458.089996
v -269.799988 9.849999 -459.039978
v -270.369995 10.050000 -459.229980
v -270.369995 9.950000 -459.609985
v -267.899994 8.550000 -462.839996
v -270.369995 9.650000 -461.319977
v -271.130005 10.450000 -460.369995
v -271.699982 10.950000 -460.369995
v -271.889984 11.250000 -459.609985
v -272.649994 11.950000 -459.039978
v -273.029999 12.849999 -457.139984
v -272.649994 12.950000 -456.190002
v -272.079987 13.250000 -456.190002
v -272.079987 13.150000 -454.669983
v -274.549988 13.549999 -457.709991
v -276.639984 14.250000 -462.079987
v -276.639984 14.150000 -463.410004
v -268.470001 8.550000 -463.410004
v -296.399994 23.949999 -434.720001
v -299.630005 25.049999 -434.720001
v -299.630005 25.150000 -437.000000
v -298.869995 24.850000 -437.000000
v -298.679993 24.949999 -438.329987
v -300.009979 25.449999 -438.899994
v -300.009979 25.750000 -444.599976
v -297.540009 24.850000 -444.599976
v -306.279999 27.349998 -442.699982
v -303.049988 26.750000 -444.599976
v -300.579987 25.549999 -438.709991
v -300.769989 25.549999 -437.569977
v -300.199982 25.350000 -437.000000
v -299.820007 30.349998 -437.000000
v -300.389984 29.849998 -438.519989
v -301.149994 29.250000 -438.519989
v -301.339996 29.349998 -438.139984
v -306.279999 29.449999 -438.139984
v -306.279999 28.750000 -444.599976
v -297.919983 27.349998 -444.599976
v -299.820007 29.049999 -440.039978
v -300.389984 29.150000 -439.660004
v -300.389984 29.650000 -438.899994
v -298.679993 30.349998 -438.519989
v -297.540009 30.250000 -439.089996
v -301.339996 29.349998 -437.190002
v -300.199982 29.349998 -435.669983
v -297.350006 29.250000 -436.239990
v -297.919983 29.250000 -437.000000
v -297.350006 29.150000 -437.380005
v -300.579987 23.350000 -434.720001
v -301.149994 22.650000 -435.669983
v -299.440002 23.049999 -437.000000
v -299.440002 23.150000 -436.429993
v -295.259979 23.949999 -444.599976
v -296.399994 24.449999 -445.549988
v -296.399994 24.750000 -450.299988
v -291.079987 23.049999 -450.299988
v -290.889984 22.650000 -449.919983
v -289.559998 22.549999 -449.919983
v -288.799988 22.049999 -449.349976
v -288.609985 21.650000 -448.779999
v -287.279999 21.150000 -448.399994
v -287.850006 21.250000 -447.829987
v -287.850006 21.250000 -447.259979
v -286.709991 22.049999 -449.160004
v -287.089996 22.750000 -449.919983
v -288.229980 22.650000 -449.919983
v -289.559998 23.150000 -450.869995
v -290.889984 23.250000 -450.869995
v -296.399994 25.150000 -454.479980
v -290.509979 24.549999 -454.479980
v -289.940002 24.250000 -454.099976
v -288.229980 21.549999 -451.250000
v -289.750000 22.449999 -454.099976
v -288.040009 21.750000 -454.099976
v -287.279999 21.350000 -454.479980
v -276.829987 23.650000 -455.239990
v -277.970001 24.350000 -455.619995
v -285.570007 24.750000 -455.619995
v -285.190002 25.049999 -457.709991
v -283.100006 25.250000 -457.899994
v -281.959991 25.250000 -458.279999
v -281.579987 25.250000 -458.849976
v -276.639984 24.150000 -458.849976
v -281.769989 25.750000 -459.419983
v -283.859985 26.449999 -459.039978
v -283.859985 26.549999 -459.799988
v -284.619995 26.549999 -459.989990
v -284.809998 25.849998 -458.660004
v -286.519989 26.150000 -458.279999
v -286.519989 26.150000 -461.509979
v -284.619995 26.549999 -462.269989
v -282.910004 26.349998 -462.269989
v -281.389984 25.549999 -460.940002
v -280.820007 25.250000 -460.940002
v -280.820007 25.049999 -462.079987
v -282.339996 25.150000 -463.410004
v -276.829987 24.150000 -463.410004
v -282.910004 25.150000 -463.220001
v -286.519989 25.150000 -462.839996
v -286.519989 25.150000 -463.410004
v -277.209991 14.450000 -463.029999
v -277.209991 14.450000 -463.410004
v -277.589996 16.250000 -455.429993
v -282.149994 18.650000 -456.190002
v -281.579987 18.449999 -457.329987
v -281.579987 18.250000 -458.660004
v -280.630005 17.350000 -461.889984
v -279.679993 17.049999 -463.410004
v -278.160004 16.750000 -463.410004
v -277.970001 16.350000 -461.319977
v -277.399994 15.950000 -459.989990
v -284.809998 16.650000 -460.179993
v -285.570007 16.549999 -459.989990
v -286.139984 16.350000 -459.039978
v -286.519989 16.350000 -459.039978
v -286.519989 16.850000 -463.410004
v -282.910004 17.150000 -463.410004
v -282.910004 17.150000 -462.459991
v -279.109985 15.150000 -454.479980
v -279.679993 15.250000 -454.479980
v -280.059998 15.450000 -455.049988
v -286.519989 16.250000 -456.190002
v -286.329987 16.150000 -457.329987
v -282.529999 16.850000 -460.179993
v -281.009979 15.950000 -456.949982
v -287.660004 16.049999 -457.519989
v -292.029999 15.950000 -463.029999
v -292.029999 15.950000 -463.410004
v -290.130005 26.750000 -458.849976
v -291.079987 26.549999 -458.470001
v -292.600006 26.549999 -458.660004
v -291.269989 26.750000 -460.369995
v -289.750000 26.549999 -460.179993
v -296.399994 24.350000 -462.459991
v -296.399994 24.250000 -463.410004
v -295.639984 24.449999 -463.220001
v -286.709991 26.250000 -456.380005
v -287.279999 25.949999 -455.429993
v -288.609985 25.650000 -455.239990
v -288.799988 26.150000 -455.809998
v -289.559998 26.150000 -455.809998
v -289.369995 26.549999 -458.660004
v -288.799988 26.349998 -460.369995
v -288.229980 26.150000 -460.940002
v -287.279999 25.250000 -462.079987
v -288.419983 25.250000 -462.079987
v -289.179993 25.250000 -461.509979
v -291.079987 25.350000 -461.509979
v -292.790009 25.350000 -460.750000
v -293.549988 25.250000 -460.179993
v -293.929993 25.350000 -458.849976
v -296.399994 25.849998 -458.849976
v -296.399994 26.650000 -463.410004
v -290.509979 23.449999 -458.849976
v -290.889984 23.549999 -458.849976
v -290.889984 23.549999 -459.229980
v -290.320007 23.449999 -459.229980
v -296.399994 25.250000 -454.479980
v -293.929993 25.150000 -458.089996
v -293.169983 25.150000 -457.139984
v -291.839996 25.150000 -456.949982
v -290.699982 25.150000 -457.519989
v -290.889984 24.750000 -455.239990
v -287.279999 22.350000 -462.079987
v -288.419983 23.049999 -462.079987
v -289.559998 23.449999 -461.319977
v -288.609985 23.350000 -463.410004
v -301.720001 27.049999 -454.479980
v -303.429993 27.949999 -459.039978
v -303.619995 28.349998 -461.130005
v -304.949982 28.849998 -463.410004
v -303.239990 27.449999 -454.479980
v -305.329987 28.049999 -454.479980
v -306.279999 28.449999 -455.809998
v -306.279999 28.650000 -459.229980
v -305.519989 28.750000 -461.699982
v -304.759979 28.449999 -460.369995
v -304.759979 28.349998 -459.229980
v -298.869995 24.250000 -455.809998
v -299.250000 23.850000 -456.190002
v -298.869995 24.049999 -457.139984
v -299.630005 23.449999 -458.279999
v -297.919983 23.949999 -460.559998
v -297.540009 23.549999 -463.410004
v -299.440002 25.750000 -447.639984
v -301.339996 26.449999 -448.209991
v -301.339996 26.449999 -448.779999
v -300.199982 26.049999 -448.970001
v -300.389984 26.250000 -450.109985
v -300.959991 26.449999 -450.299988
v -301.149994 26.549999 -451.059998
v -300.579987 26.349998 -451.250000
v -300.579987 26.449999 -452.009979
v -301.720001 26.949999 -454.479980
v -306.279999 28.049999 -447.829987
v -302.859985 27.250000 -447.829987
v -302.669983 27.650000 -447.259979
v -301.339996 27.549999 -447.069977
v -300.769989 27.949999 -446.309998
v -301.529999 26.549999 -449.729980
v -302.100006 26.750000 -448.399994
v -306.279999 28.150000 -451.059998
v -305.139984 27.949999 -452.579987
v -304.949982 27.949999 -454.099976
v -302.479980 27.049999 -452.199982
v -301.529999 26.650000 -451.059998
v -302.479980 26.549999 -445.359985
v -300.389984 25.949999 -446.119995
f 6 9 8 7
f 16 15 14 13 12
f 2 1 19 18 11 4
f 11 10 5 4
f 4 3 2
f 10 9 6
f 10 6 5
f 16 12 11
f 18 17 16 11
f 20 23 22 21
f 24 27 26 25
f 29 32 31 30
f 28 34 33
f 33 32 29 28
f 35 38 37 36
f 39 38 35
f 50 53 52 51
f 30 46 49
f 54 53 50
f 63 62 44 43 42 41
f 44 62 61
f 41 40 65 64 63
f 58 57 56 55
f 44 61 60 45
f 59 58 55 54
f 47 29 30 49 48
f 60 59 54
f 49 46 45 60 54 50
f 66 70 69 68 67
f 72 71 75
f 75 74 73 72
f 77 81 80 79 78
f 86 85 84 83
f 76 82 81 77
f 76 86 83 82
f 88 87 92
f 28 90 88 92 91
f 90 89 88
f 94 93 97 96 95
f 104 103 102
f 104 102 101
f 100 99 98
f 100 105 104 101
f 109 106 100 98
f 106 105 100
f 109 108 107 106
f 113 112 111
f 113 111 110
f 117 116 115 114
f 121 124 123 122
f 120 102 103 119
f 118 107 108 126 125
f 125 124 121 120 119 118
f 108 127 126
f 136 139 138 137
f 132 135 134 133
f 136 135 132
f 128 131 130 129
f 132 131 128 140 139 136
f 143 137 138 142
f 144 146 145 133
f 133 134 144
f 155 143 142 141
f 152 151 150 149 148 147
f 147 146 153 152
f 153 146 144 143 155 154
f 158 129 130 157
f 159 148 149
f 145 156 132 133
f 159 149 158 157 156
f 156 145 159
f 161 160 169 168 167 166
f 165 164 162 161 166
f 164 163 162
f 171 170 193
f 179 178 182 181 180
f 185 184 183
f 187 186 174 173
f 173 172 189 188 187
f 172 171 193
f 176 183 182 178 177
f 172 193 192 191 190 189
f 176 175 174
f 185 183 176 174 186
f 194 197 196 195
f 204 203 202 201
f 199 198 184
f 200 205 204 201
f 185 205 200 199 184
f 196 207 206 195
f 210 209 208 213 212 211
f 223 222 221
f 218 217 216
f 214 229 228 218 216 215
f 223 221 220 219 227 226
f 223 226 225 224
f 218 228 227 219
f 235 234 233
f 231 230 235 233 232
f 257 256 255
f 241 244 243 242
f 244 253 251 246 245
f 236 257 255
f 236 255 254
f 249 248 247
f 240 239 238 237
f 249 247 246 251 250
f 244 241 236 254 253
f 236 241 240 237
f 253 252 251
f 260 259 258
f 265 264 263 262
f 266 265 262 261
f 270 269 268
f 271 270 268 267
f 273 272 271 267
f 273 267 275 274
f 278 277 276
f 282 281 280 279
f 283 288 286 285 284
f 288 287 286
f 290 289 298
f 292 296 295 294 293
f 297 291 290 298
f 296 292 291 297
f 304 307 306 305
f 300 299 312 303 302
f 311 310 309 308
f 302 301 300
f 311 308 307
f 311 307 304
f 312 311 304 303
f 300 301 305 306 314
f 314 313 155 300
f 155 313 309 310
f 318 317 316 315
f 323 322 321 320 319
f 328 331 330 329
f 335 334 339
f 328 327 326 333 332 331
f 339 338 337 336 335
f 340 325 324 341
f 339 334 333 326 325 340
f 342 350 349
f 346 345 344 343
f 346 343 342
f 342 349 348 347 346
f 352 351 37 38
f 353 357 356
f 356 355 354 353
f 363 362 361
f 358 64 65
f 365 359 358 65 366
f 365 364 363 361 360
f 360 359 365
f 369 368 367
f 370 373 372 371
f 57 376 375 56
f 56 374 373 370
f 57 379 378 377 376
f 375 374 56
f 315 316 381 380
f 408 407 406
f 391 394 393 392
f 382 409 408 406
f 404 403 398 397 405
f 385 388 387 386
f 391 390 389
f 389 388 385 384
f 402 401 329 330 400
f 400 399 398 403 402
f 384 382 406 405
f 389 384 405 397 394 391
f 384 383 382
f 394 397 396 395
f 413 412 411 410
f 415 419 416 392 393
f 395 396 425
f 420 419 415
f 424 423 422 414 395 425
f 419 418 417 416
f 422 421 420 415 414
f 429 428 427 426
f 432 431 430
f 433 439 438
f 438 437 436
f 436 435 434
f 438 436 434 433
f 443 442 441 440
f 450 446 445 444
f 449 448 447 446 450
f 451 460 459 458
f 455 454 453
f 451 458 457
f 456 455 453 452
f 451 457 456 452
f 474 473 472
f 463 471 470 469
f 462 461 474 472
f 468 467 466
f 462 472 471
f 463 462 471
f 466 465 464 469 468
f 464 463 469
f 478 477 476 475
f 481 480 479
f 487 486 485
f 487 485 484 483 482 488
f 494 493 492
f 489 497 496 495
f 494 492 491 490 489
f 489 495 494
f 506 505 504 503
f 498 509 508 507
f 499 498 506 503 502
f 499 502 501 500
f 498 507 506
f 128 516 515 514
f 128 513 512 510 508 509
f 512 511 510
f 128 514 513
f 158 519 515 516
f 511 517 504 505
f 520 519 158 500 501 518
f 512 520 518 517 511
f 522 526 525 524 523
f 527 521 530 529 528
f 522 521 527 526
f 539 538 537 536
f 554 548 547
f 86 552 551 85
f 552 86 550 549
f 533 532 545 544 543
f 531 556 555
f 548 553 552 549
f 547 546 545
f 554 553 548
f 547 75 71 546
f 541 540 539 536 535
f 532 531 555 554 547 545
f 543 542 533
f 542 541 535
f 542 535 534 533
f 558 70 66 557
f 356 561 560 559
f 356 566 565 564 563 562
f 562 561 356
f 566 498 569 568 567
f 567 565 566
f 355 559 560 574
f 499 571 570 569
f 572 499 355 574 573
f 570 568 569
f 572 573 563 564
f 572 571 499
f 23 577 576 575 22
f 606 605 604 603
f 612 582 581 580 579
f 582 612 611 610
f 615 614 613
f 582 610 609 583
f 588 587 586
f 598 597 596
f 595 599 598 596
f 593 592 591 17
f 600 599 595
f 17 18 590 586 594 593
f 602 607 606 603
f 586 585 594
f 608 607 602 601
f 586 590 589 588
f 609 608 601 600
f 584 583 609
f 594 585 584 609 600 595
f 579 578 615 613 612
f 619 618 617 616
f 624 623 622
f 625 624 622 621 620 626
f 631 630 629
f 628 627 633
f 632 631 629
f 633 632 629 628
f 636 635 634 84 85 637
f 639 638 642
f 34 640 639 642
f 28 91 641
f 640 34 28 641
f 643 644 38 39
f 651 479 480 650 649 648
f 648 647 652 651
f 645 434 435 652 647 646
f 653 466 467 655
f 475 476 654 653 655
f 657 658 649 650
f 645 659 657 656
f 659 658 657
f 645 646 659
f 660 269 270
f 662 661 660
f 270 662 660
f 272 666 665
f 663 272 665 664
f 271 272 663
f 669 668 667
f 671 670 674 673 672
f 677 676 675
f 683 685 684 160
f 690 689 688
f 679 678 693 692
f 679 692 691
f 691 690 688 687 686
f 681 680 679
f 686 685 683 681 679 691
f 683 682 681
f 696 695 694
f 700 699 698 697
f 657 555 707 706 705
f 555 556 708
f 555 708 707
f 702 701 656
f 703 702 656
f 656 657 705 703
f 705 704 703
f 709 713 712 711 710
f 713 709 719 718
f 714 718 717 716 715
f 718 714 713
f 729 728 727
f 726 720 729 727
f 725 724 721
f 720 726 725
f 721 724 723 722
f 725 721 720
f 733 731 730 734
f 733 523 524 732
f 732 731 733
f 735 737 529 530 736
f 747 746 745
f 742 741 740
f 749 739 738 348
f 747 740 739 749 748
f 747 745 744 743 742 740
f 759 262 761 760
f 762 753 752 750
f 261 262 759 758
f 240 261 756 755 754
f 261 758 757 756
f 754 753 762 239 240
f 752 751 750
f 770 769 768
f 768 767 766 765 764
f 768 764 763 771 770
f 775 778 777 776
f 778 299 780 779
f 775 312 299 778
f 773 772 781 231
f 775 774 312
f 312 774 773 231
f 783 782 794
f 787 786 785
f 794 793 792 791
f 789 788 787
f 784 783 794 791 790
f 784 789 787 785
f 784 790 789
f 795 798 797 796
f 799 809 299
f 801 804 803 802
f 805 807 140 806
f 801 800 799
f 808 807 805 804
f 804 799 299 155 141 808
f 804 801 799
f 810 815 814
f 810 814 813
f 806 128 811 810 813
f 813 805 806
f 128 812 811
f 819 822 821 820
f 817 825 824 823 818
f 823 822 819 818
f 825 817 816 695 696 827
f 827 826 825
f 698 699 828
f 833 162 163 832
f 833 830 829 834
f 830 833 832 831
f 829 683 160 834
f 160 161 834
f 835 840 839
f 837 836 835
f 835 839 838 837
f 294 295 845
f 841 294 845 844
f 844 843 842 841
f 846 614 615
f 851 850 849
f 853 847 846 615 854
f 853 852 851 849 848
f 848 847 853
f 856 855 860 859 858 857
f 855 605 861 860
f 606 862 861 605
f 862 606 865 864 863
f 869 214 215 868
f 866 837 838 869 868 867
f 838 870 869
f 819 820 872 871
f 876 875 874 873
f 231 781 876 878 877 230
f 876 873 878
f 881 880 879 883 882
f 892 891 890
f 890 894 893 892
f 896 895 886 885
f 888 895 894 890 889
f 896 902 901 900 899 898
f 337 338 903 902 896 885
f 895 888 887 886
f 898 897 896
f 885 884 337
f 347 348 738 907
f 347 906 905 904
f 347 907 906
f 763 764 910
f 763 910 909 908
f 911 914 913 912
f 917 916 915
f 925 924 923 922
f 926 925 920 431 927
f 918 591 592 929 928
f 925 922 480 481 921
f 927 431 432 919 928
f 919 918 928
f 925 921 920
f 598 931 930 597
f 932 931 598 934 933
f 938 937 936 935
f 448 449 939
f 939 477 478
f 939 478 448
f 940 352 38 644
f 941 942 356 357
f 949 948 947
f 947 946 642 945 944 943
f 642 638 945
f 555 950 949
f 555 949 947 943 554
f 951 954 953 952
f 957 956 955
f 959 958 965 964
f 962 961 644
f 959 964 963
f 644 643 960 959 963 962
f 966 637 85 551
f 969 968 967
f 970 983 879
f 977 976 842
f 971 880 982 981
f 971 970 879 880
f 975 979 978 843
f 979 975 974 973 972 980
f 972 971 981
f 843 978 977 842
f 972 981 980
f 992 991 990
f 986 989 988 987
f 992 990 989 986 985 984
f 995 994 993
f 1009 998 997 996
f 128 1008 1007 1006
f 999 1002 1001 1000
f 999 998 1009
f 1003 128 1006 1005 1004
f 1009 812 128 1003 1002 999
f 498 1011 1007 1008
f 1015 1013 1012 1010 1017 1016
f 1014 1004 1005 1013
f 1015 1014 1013
f 1010 1012 1011 498
f 1016 1000 1001 1015
f 1019 1018 1022
f 1019 1022 1021 1020
f 1030 1031 1026 1027
f 942 1029 1028 356
f 1025 1024 498
f 1023 1010 1032 1031 1030
f 1010 498 1024 1033
f 1028 1027 1026
f 1026 1025 498
f 1030 1029 942 1023
f 1010 1033 1032
f 1028 1026 498 356
f 1045 1046 675 676
f 1038 1037 1036
f 667 668 1047
f 1042 1045 1044 1043
f 744 1049 1035 1034 743
f 1047 1046 1045
f 1041 1040 1039
f 1049 1048 1038 1036 1035
f 1042 1041 1039
f 1048 667 1047 1045 1042 1039
f 1039 1038 1048
f 1053 1052 1051 1050
f 1062 1061 1060 1059
f 1054 1058 1057 1055
f 1054 1062 1059 1058
f 1057 1056 1055
f 1063 1066 1065 1064
f 1070 1073 1072 1071
f 1067 1074 1073 1069
f 1069 1068 1067
f 1073 1070 1069
f 1075 694 695
f 1076 1067 1043 1044
f 1074 1067 1076 1075 695
f 1080 1079 1078 1077
f 1086 1085 1084
f 1110 1109 1108 1107
f 1092 1091 1090
f 1098 1097 1101 1100 1099
f 1086 1084 1083
f 1094 1093 1092 1090 1089
f 1083 1082 1106
f 1086 1083 1106 1105
f 1094 1089 1088
f 1097 1096 1095 1094
f 785 1104 1103 784
f 1094 1088 1087 1102 1101 1097
f 1106 1082 1081 1110 1107
f 1086 1105 1104 785 1102 1087
f 780 299 809
f 480 922 1116
f 1111 657 480 1116 1115
f 1114 1113 1112
f 1115 1114 1112 1111
f 1117 936 937 1120 1119 1118
f 937 1121 1120
f 950 1132 1131 1130 1129
f 950 1133 1132
f 1135 1134 1133
f 657 1111 1136
f 1126 1125 1124
f 657 1136 1135
f 1126 1122 950 1129 1128 1127
f 1126 1124 1123
f 950 555 657 1135 1133
f 1126 1123 1122
f 1140 1139 1138 1137
f 1137 1118 1119 1140
f 1144 1143 1142 1141
f 1147 1146 1145
f 850 851 1151 1150
f 933 934 1148
f 933 1148 850 1150 1149
f 1152 841 842
f 1154 1153 1152
f 842 1155 1154 1152
f 938 1157 1156 937
f 1161 1160 1159 1056 1170 1169
f 1056 1159 1158 1055
f 1166 1165 1162 1161 1169 1168
f 1168 1167 1166
f 1165 1164 1163 1162
f 1074 695 816 1171
f 1178 1177 1176
f 1176 836 837
f 1175 1174 1173
f 1175 1173 1179 1178 1176 837
f 1173 1172 1163
f 1173 1163 1164 1179
f 1181 1184 1183 1182
f 1187 1186 1185 1180
f 1184 1181 1180
f 1185 1184 1180
f 1191 1190 1189 1188
f 837 866 1197 1196
f 1194 1193 1192 1175
f 837 1196 1195
f 837 1195 1194
f 1175 837 1194
f 1200 1199 1198
f 1110 1204 1207 1206 1205 1109
f 1204 1203 1202
f 1204 1201 1192 1193 1209 1207
f 1204 1202 1201
f 1209 1208 1207
f 1212 1211 1210
f 1210 873 874 1212
f 1218 1217 1216 1215 1214 1213
f 1219 1220 1080 1077
f 1223 1222 1221
f 954 1229 1228 1227
f 1226 1225 1224
f 1227 1226 1224 953 954
f 1235 1234 1233 1232 1231
f 1237 1236 1235 1230
f 1235 1231 1230
f 1239 1238 1246 1245
f 940 644 1241 1243 1242
f 1239 1245 1244 1243 1241 1240
f 644 961 1241
f 1249 1248 1247
f 1253 1252 1251 1250
f 1256 1261 1260 1259 1258
f 1258 1257 1256
f 900 901 1265 1262 1255 1254
f 1265 1264 1263 1262
f 1261 1256 1255
f 1262 1261 1255
f 1266 1050 1051
f 1270 1269 1268 1267
f 1280 1279 1278 1277 1276
f 1275 1272 1259 1260 1271
f 1263 1264 1054
f 1275 1274 1273 1272
f 1054 1055 1280 1276 1271 1263
f 1276 1275 1271
f 1289 1288 1287
f 1282 1281 1295
f 1294 1293 1292
f 1292 1291 1290
f 1294 1292 1290 1289
f 1283 1282 1295
f 1286 1285 1284
f 1289 1287 1286
f 1295 1294 1289 1286 1284 1283
f 1304 1297 1296 1305
f 1303 1300 1297 1304
f 1299 1298 1297
f 1300 1299 1297
f 1303 1077 1078 1302 1301 1300
f 1309 1308 1307 1306
f 1315 1314 1313 1312
f 1315 1310 1301 1302
f 996 1311 1310 1315 1312 1009
f 1319 1318 1317 1316
f 1323 1322 1321
f 842 976 1323 1321 1320
f 1335 1267 1268
f 1340 993 994 1339 1338
f 1335 1329 1328 1327 1337 1336
f 1340 1324 987 988
f 1333 1332 1331 1330
f 1327 1326 1325 1324
f 1334 1333 1330
f 1281 1282 1334
f 1335 1268 1281 1334 1330 1329
f 1327 1324 1340 1338 1337
f 1345 1344 1155
f 1349 1353 1352 1351
f 1320 1321 1343
f 1351 1350 1349
f 1343 1342 1348 1347
f 1354 1353 1349 1348
f 1347 1346 1343
f 1355 1354 1348
f 1346 1345 1155
f 1341 1322 1323
f 1343 1346 1155 1320
f 1342 1341 1323 1356 1355 1348
f 1351 1352 1357
f 1357 1355 1356
f 1356 1358 1351 1357
f 1284 1361 1360 1359
f 1283 1284 1359
f 1364 1363 1362
f 1365 1364 1362
f 1367 1366 1365
f 1367 1365 1362
f 1383 1382 1381
f 1375 1374 1373
f 1384 1383 1381
f 1373 1372 1371
f 1371 1376 1375 1373
f 1394 1393 1380 1379 1378
f 1369 1368 1398 1397 1396
f 1380 1393 1390 1388 1387 1386
f 1377 1395 1394 1378
f 1371 1370 1369
f 1390 1393 1392 1391
f 1390 1389 1388
f 1386 1385 1384
f 1369 1396 1395 1377 1376 1371
f 1386 1384 1381 1380
f 1237 1400 1399 1236
f 1306 1307 1402 1401
f 1406 1407 1389 1390
f 1405 1316 1317 1410 1406
f 1406 1410 1409 1408 1407
f 1405 1391 1404 1412 1411 1316
f 1404 1403 1412
f 1391 1392 1404
f 937 1156 1416 1415 1414 1413
f 1413 1121 937
f 1417 1154 1155 1418
f 1422 1421 1420 1419
f 1414 1415 1422 1419
f 1433 1222 1223
f 1418 1425 1424 1423
f 1423 1417 1418
f 1429 1427 1435 1433 1432 1430
f 1437 1426 1425 1418 1438
f 1435 1434 1433
f 1433 1223 1432
f 1427 1426 1437 1436
f 1429 1428 1427
f 1427 1436 1435
f 1432 1431 1430
f 1439 1442 1441 1440
f 1443 1442 1439 1143 1144 1444
f 1448 1447 1446 1445
f 1430 1450 1449
f 1451 1429 1430 1449 1126 1127
f 1280 1055 1158 1452
f 1461 1464 1463 1462
f 1469 1468 1467 1466
f 1459 1458 1457
f 1453 1456 1455 1454
f 1457 1456 1453
f 1461 1460 1453 1471 1470 1469
f 1453 1460 1459 1457
f 1469 1466 1465 1464 1461
f 1475 1478 1477 1476
f 1465 1466 1473
f 1475 1480 1479 1478
f 1482 1474 1465 1473 1472 1483
f 1472 1484 1483
f 1474 1482 1481 1480 1475
f 1493 1492 1486 1485 1494
f 1488 1491 1490 1489
f 1491 1488 1487 1486 1492
f 1174 1175 1495
f 1499 1498 1497 1496
f 1455 1500 1454
f 1498 1502 1501 1497
f 1488 1489 1503
f 1507 1506 1510 1509 1508
f 1201 1504 1495 1175
f 1505 1504 1201 1510 1506
f 1512 1511 1522 1521
f 1506 1519 1514 1520 1505
f 1514 1513 1512 1521 1520
f 1515 1514 1519 1518 1517
f 1517 1516 1515
f 1219 1077 1303
f 1454 1530 1529
f 1418 1525 1524 1523
f 1531 1453 1454 1529 1528
f 1526 1344 1350
f 1344 1526 1525 1418 1155
f 1531 1528 1527
f 1526 1350 1358 1531 1527
f 1534 1533 1532
f 1539 1538 1537
f 1535 1539 1537 1536
f 1438 1418 1523 1539 1535
f 1543 1542 1548 1547 1546
f 1540 1533 1534 1552
f 1542 1550 1515 1516 1549 1548
f 1540 1552 1551 1550
f 1546 1545 1543
f 1544 1366 1367
f 1516 1398 1368 1549
f 1435 1543 1545 1544 1367 1434
f 1550 1542 1541 1540
f 1530 1454 1500 1553
f 1556 1555 1554
f 1556 1554 1561 1560 1559 1558
f 1558 1557 1556
f 1564 1565 1559 1560
f 1557 1568 1567
f 1563 1566 1565 1564
f 1567 1566 1563 1562 1557
f 1557 1558 1568
f 1576 1575 1574 1573
f 1569 1576 1573 1572
f 1569 1572 1571 1570
f 1577 1582 1581
f 1578 1577 1581 1580 1579
f 1585 1584 1583 1586
f 1585 1579 1580 1584
f 1588 1592 1591 1590 1589
f 1587 1595 1594 1593 1592 1588
f 1602 1598 1597 1596
f 1602 1601 1600 1599
f 1599 1598 1602
f 1603 1606 1605 1604
f 1610 1609 1608 1607
f 1612 1611 1605 1614 1613
f 1628 1627 1626
f 1629 1628 1626
f 1629 1615 1631 1630
f 1620 1623 1622 1621
f 1626 1625 1624
f 1617 1616 1615
f 1620 1619 1618 1617
f 1624 1623 1620
f 1624 1620 1617 1615 1629 1626
f 1632 1639 1638 1637
f 1633 1636 1635 1634
f 1637 1636 1633 1632
f 1563 1642 1641 1640
f 1648 1643 1611 1612
f 1646 1645 1644 1648 1647
f 1644 1643 1648
f 1664 1663 1662 1661
f 1665 1649 1600 1601
f 1655 1660 1659 1658
f 1658 1657 1656 1655
f 1653 1652 1651
f 1665 1664 1653 1651 1650 1649
f 1660 1655 1654
f 1661 1660 1654
f 1664 1661 1654 1653
f 1669 1652 1653
f 1667 1666 1669 1653 1668
f 1670 1674 1673 1672 1671
f 1681 1680 1679
f 1683 1677 1676 1675
f 1682 1681 1679 1678
f 1677 1683 1682 1678
f 1687 1686 1685 1684
f 1689 1688 1692 1691 1690
f 1695 1698 1697 1696
f 1693 1699 1695 1694
f 1693 1700 1699
f 1699 1698 1695
f 1704 1703 1702 1701
f 1706 1705 1704 1701
f 1710 1709 1722 1721 1720 1719
f 1722 1709 1708 1707
f 1707 1723 1722
f 1710 1719 1718 1711
f 1718 1717 1716
f 1716 1715 1714
f 1713 1712 1711 1718 1716 1714
f 1725 1728 1727 1726
f 1729 1728 1725 1724 1730
f 1714 1734 1733
f 1735 1713 1714 1733 1732 1731
f 1743 1742 1741 1740
f 1736 1743 1740 1739
f 1736 1739 1738 1737
f 1746 1745 1744
f 1749 1748 1747
f 1751 1750 1754 1753 1752
f 1757 1756 1755 1758
f 1757 1752 1753 1756
f 1764 1759 1766 1765
f 1763 1762 1761
f 1761 1760 1759 1764 1763
f 1769 1768 1767
f 1773 1772 1771
f 1774 1773 1771 1770
f 1777 1776 1775
f 1781 1780 1779
f 1787 1786 1785
f 1794 1793 1785 1784 1783
f 1788 1787 1785
f 1782 1781 1778 1795 1794
f 1791 1790 1789
f 1781 1779 1778
f 1783 1782 1794
f 1792 1791 1789 1788 1785 1793
f 1798 1797 1796
f 1722 1811 1810
f 1807 1806 1805 1804
f 1799 1721 1722 1808 1802 1800
f 1808 1807 1804
f 1802 1801 1800
f 1808 1804 1803 1802
f 1810 1809 1808
f 1800 1778 1779 1799
f 1722 1810 1808
f 1817 1820 1819 1818
f 1822 1821 1820
f 1822 1820 1817 1816 1815
f 1826 1825 1824 1814 1813 1812
f 1830 1829 1828 1827
f 1824 1823 1815 1814
f 1823 1822 1815
f 1812 1830 1827 1826
f 1832 1835 1834 1833
f 1831 1838 1837 1836
f 1831 1836 1835 1832
f 1840 1843 1842 1841
f 1840 1839 1846 1845 1844
f 1844 1843 1840
f 1848 1849 1841 1842
f 1846 1850 1847 1845
f 1847 1850 1849 1848
f 1856 1855 1854 1853
f 1576 1856 1853 1852
f 1576 1852 1851 1575
f 1586 1864 1863 1585
f 1585 1863 1866
f 1860 1859 1858
f 1865 1861 1860 1866
f 1862 1861 1865 1864 1586
f 1585 1866 1860 1858 1857
f 1867 1870 1869 1868
f 1817 1871 1870 1867
f 1817 1 1872 1871
f 1875 1874 1873
f 1880 1879 1878
f 1881 1880 1878 1877
f 1882 1881 1877 1876
f 1882 1876 1875 1873
f 1886 1885 1884 1683
f 1886 1683 1883
f 1736 1737 1892 1891
f 1887 1736 1891 1890
f 1887 1890 1889 1888
f 1895 1894 1893
f 1896 1746 1744
f 1898 1897 1901 1900 1899
f 1751 1903 1902 1750
f 1751 1899 1900 1903
f 1907 1906 1905 1904
f 1908 1911 1910 1909
f 1914 1913 1912
f 1915 1914 1912
f 1933 1932 1931
f 1920 1919 1918
f 1918 1917 1916
f 1926 1924 1923 1922
f 1935 1934 1933
f 1920 1918 1916
f 1921 1920 1916 1935
f 1929 1928 1927
f 1922 1921 1935
f 1935 1933 1931
f 1935 1931 1930
f 1926 1925 1924
f 1927 1926 1922 1935 1930 1929
f 1936 1941 1940 1939
f 1936 1939 1938 1937
f 1946 1945 1944
f 1944 1943 1942
f 1942 47 1946 1944
f 1569 1949 1947 1951 1950
f 1949 1948 1947
f 1957 1956 1955 1953 1952 1681
f 1955 1954 1953
f 1963 1962 1961 1960
f 1958 1956 1957
f 1959 1958 1957 1682
f 1682 1963 1960 1959
f 1964 1954 1955 1968
f 1966 1965 1964
f 1967 1966 1964 1968 1961 1962
f 1887 1888 1972 1971
f 1856 1887 1971 1970
f 1856 1970 1969 1855
f 1857 1858 1975 1974 1973
f 1898 1977 1976 1897
f 1898 1973 1974 1977
f 94 1936 1978 1695
f 1979 1984 1983 1982
f 1979 1982 1981 1980
f 1992 1991 1985 1994 1993
f 1688 1987 1986 1989 1988 1692
f 1985 1991 1990 1986
f 1990 1989 1986
f 1996 1995 1999 1998 1997
f 1684 1980 1981 2000 1687
f 2008 2007 2011 2010 2009
f 2014 2013 2012 2019 2017 2016
f 2006 2023 2022
f 2006 2022 2021 2020
f 2025 2024 2023
f 2006 2020 2019 2012 2011 2007
f 2019 2018 2017
f 2001 2004 2003 2002
f 2025 2023 2006 2005
f 2016 2015 2014
f 2027 2026 2025 2005 2004 2001
f 2030 2029 2028
f 2033 2032 2031
f 2036 2035 2034 2038 2037
f 2042 2041 2040
f 2042 2040 2039
f 2048 2047 2046 2045
f 2053 2052 2043 2051 2050
f 2055 2044 2043 2052
f 2049 2054 2053 1554
f 2053 2050 1554
f 2049 2048 2045 2044 2055
f 2055 2054 2049
f 1561 2050 2051 2046 2047
f 2059 2058 2057
f 2059 2057 2056
f 2061 2060 2059
f 2067 2064 2063 2062
f 2069 2061 2059 2056
f 2067 2066 249 2065 2064
f 2068 2067 2062 2061 2069
f 2074 2073 2072
f 2072 2071 2070
f 2074 2072 2070 150
f 1632 2077 2076 2075
f 2077 1632 1633 2078
f 1633 2080 2079 2078
f 2083 2082 1743 2081
f 2099 2098 2097 2096
f 2102 2094 2093
f 2095 2101 2100 2099 2096
f 1967 2087 2086 2084
f 1963 2102 2093 2088 2087 1967
f 2093 2091 2090 2089 2088
f 2093 2092 2091
f 2102 2101 2095 2094
f 1963 2103 2102
f 2086 2085 2084
f 2092 2109 2108 2106 2105 2104
f 2108 2107 2106
f 2092 2093 2109
f 2122 2121 2120
f 2119 2097 2098 2122 2120
f 2117 2116 2115 2114 2113
f 2117 2113 2112 2111 2110 2118
f 2118 2110 2097 2119
f 2124 1994 1985
f 2123 2125 2124 1985
f 2125 2123 2127 2126
f 2130 2129 1984
f 1979 2128 2131 2130 1984
f 1554 1555 2134
f 2134 2133 2132
f 1554 2134 2132 311
f 2138 2137 2136 2135
f 1632 2139 2141 2140 1639
f 2139 2142 2141
f 1562 1563 1640 2143
f 2145 2144 1829 1830
f 2149 2148 2147 2146
f 2150 2153 2152 2151
f 2155 2154 2162 2161
f 2159 2158 283
f 2155 2161 2160
f 283 2157 2156 2155 2160 2159
f 2165 2164 2163
f 1837 1838 2165 2163
f 2166 2169 2168 2167
f 2171 2170 1849 1850
f 2173 2172 2176 2175 2174
f 2191 2190 2189
f 2194 2193 2189 2188 2187
f 2189 2193 2192 2191
f 2180 2183 2182 2181
f 2185 2184 2180
f 1927 2179 2178 2177 1926
f 2180 2187 2186 2185
f 2184 2183 2180
f 1927 2194 2187 2180 2179
f 2195 2198 2197 2196
f 2203 2200 2199 2204
f 2200 2203 2202 2201
f 2207 2206 2205
f 2210 2209 2208
f 2229 2228 2227
f 2225 2224 2223 2222
f 2235 2212 2211 2236
f 2233 2232 2231 2230 2229
f 2225 2222 2221
f 2235 2219 2215 2214 2213 2212
f 2218 2217 2216 2215
f 2221 2234 2233
f 2219 2218 2215
f 2221 2233 2229 2227 2226 2225
f 2219 2235 2234 2221 2220
f 2237 2240 2048
f 2238 2237 2048
f 2048 2049 2239 2238
f 2242 2241 1789
f 2244 2248 2247 2246 2245
f 2252 2251 2255 2254 2253
f 2255 2251 2250 2249 2243
f 2243 2249 2248 2244
f 2261 2260 2259 2258 2257 2256
f 2264 2263 2262
f 2267 2266 2265
f 2002 2276 2275 2274
f 2001 2002 2270 2269
f 2273 2272 2271
f 2002 2274 2273 2271 2270
f 2269 2267 2265 2001
f 2269 2268 2267
f 2280 2279 2278 2277
f 2284 2283 2282 2281
f 2285 2288 2287 2286
f 2291 2290 2289
f 2295 2294 2293 2292
f 2298 2297 2296
f 2301 2300 349 2299
f 1682 2304 2303 2302
f 2308 1872 1
f 1683 1884 2311
f 2310 2306 2305
f 2308 1 2 2307
f 2311 2310 2305
f 2309 2308 2307
f 2310 2309 2307 2306
f 1683 2311 2305 2304 1682
f 2314 2317 2316 2315
f 2318 2317 2314 2313
f 2313 2312 2319 2318
f 2332 2331 2330
f 2324 2323 2322 2321
f 2332 2330 2328 2327
f 2324 2321 2320
f 2325 2324 2320
f 2327 2326 2325 2320 2332
f 2328 2330 27 24 2329
f 2335 2338 2337 2336
f 2339 2333 2342 2340
f 2339 2338 2335 2334
f 2339 2334 2333
f 2342 2341 2340
f 47 48 2345 2344
f 47 2344 2343 1946
f 52 2347 2346 51
f 2350 2349 2348 2347 52
f 1569 1950 2353 2352
f 1569 2352 2351 1576
f 2201 2202 2354
f 2206 2207 2355
f 2357 2356 2358 1607 1608
f 190 191 2359
f 2358 2356 190 2359
f 2368 2367 2366
f 2360 2391 2390
f 2369 2368 2366 2365
f 2376 2375 2370 2369 2377
f 2381 2378 2377 2369 2365 2364
f 2361 2360 2390 2389
f 2382 2381 2364 2363 2362
f 2385 2382 2362 2361 2389 2388
f 197 2371 2374 2373 196
f 2385 2388 1618 2387 2386
f 2385 2384 2383 2382
f 197 2372 2371
f 2381 2380 2379 2378
f 2374 2371 2370 2375
f 2394 2393 2392 2396 2395
f 2397 1690 1691
f 2400 2399 2398
f 94 2402 2401 93
f 1696 2403 94 1695
f 1696 2404 2403
f 2403 2402 94
f 2410 2409 2414 2413 2412 2411
f 2417 2421 2420 2419 2418
f 2408 2407 2405
f 2421 2417 2416
f 2415 2408 2405
f 2415 2414 2409
f 2415 2409 2408
f 2422 2421 2416 2415 2405
f 2407 2406 2405
f 2425 2424 2423
f 196 2373 2426 207
f 2379 2380 2427
f 2431 2430 2429 2428
f 1645 1646 2433 2432
f 2435 2434 202 203
f 2439 2438 2437 2436
f 225 2441 2440 224
f 2444 2443 2442
f 2441 225 2445 2444 2442
f 2447 2209 2210 2446
f 1666 1667 2447 2444 2445
f 2447 2446 2444
f 2450 2449 2448
f 2451 1670 1671 2452
f 1818 2457 2456
f 1817 1818 2456
f 1817 2456 2455
f 1 1817 2455 2454 2453
f 2453 19 1
f 2461 2460 2459 2458
f 2462 2464 23 20 2463
f 2468 2467 2466 2465 2469
f 2471 2470 2474
f 2471 2474 2473 2472
f 150 2070 2479 2478
f 158 150 2478 2477
f 158 2477 2476 2475
f 1736 2480 2483 2482 2481
f 1743 2485 2484 2081
f 1743 2481 2482 2485
f 1720 1721 2486
f 2153 2491 2490 2489
f 2489 2488 2487 2152 2153
f 2493 2492 2503
f 2493 2503 2502
f 2494 2493 2502
f 2501 2495 2494 2502
f 2496 2497 298 289
f 2499 2498 2497
f 2497 2496 2495 2501 2500 2499
f 2507 2506 2505 2504
f 2509 2508 2515 2514
f 283 2158 2511
f 2510 2509 2514
f 2514 2513 2512
f 2512 288 283 2511 2510 2514
f 94 95 2517 2516
f 94 2516 1941 1936
f 28 2519 2518 90
f 2519 28 47 2520
f 47 1942 2521 2520
f 2522 2525 2524 2523
f 1787 2525 2522 1786
f 350 2538 2299 349
f 2541 2245 2246
f 1789 2241 2542 2527 2526 1788
f 2539 2538 350 2537 2536
f 2529 2528 2542 2541
f 2528 2527 2542
f 2535 341 324 2534
f 2531 2530 2529
f 2540 2539 2536 2535 2246
f 2541 2246 2535 2534 2531 2529
f 2531 2534 2533 2532
f 2545 2544 2543
f 2547 318 315
f 2546 2550 2549
f 2549 2548 2547
f 2549 2547 315 2546
f 2551 2553 322 323 2552
f 2554 248 249
f 2066 2555 2554 249
f 2066 2559 2557 2556 2555
f 2559 2558 2557
f 2558 2563 2562
f 2562 2561 1925
f 1926 2560 2557 2558 2562 1925
f 2568 2567 2566
f 277 278 2570
f 2566 2565 2564
f 2568 2566 2564 277 2570 2569
f 2486 1721 1799 2571
f 2546 2590 2589 2588
f 2582 2498 2499 2581
f 2546 2588 2587 2585 2574
f 2580 2583 2582 2581
f 2546 2574 2573 2544
f 2584 2583 2580
f 2584 2580 2579
f 2575 2578 2577 2576
f 2584 2579 2575 2574 2585
f 2579 2578 2575
f 2587 2586 2585
f 2573 2572 2543 2544
f 2546 315 380 2590
f 2594 2593 2592 2591
f 2595 362 363 2598 2597
f 2349 2350 2595 2597 2596
f 354 355 2600 2599
f 1576 2351 2603 2602
f 1576 2602 2601 1856
f 2605 2610 2609 2608 2607 2606
f 2041 2042 2616
f 2611 2613 2612 256 257
f 2041 2616 2615
f 2615 2614 2613 2611 2604 2041
f 2604 2611 2610 2605
f 2058 2618 2617
f 2057 2058 2617
f 2621 2624 2623 2622
f 2619 2629 2628 2620
f 2620 2628 2625 2624 2621
f 2628 2065 2626 2625
f 250 2627 2626
f 2065 249 250 2626
f 2633 2632 2631 2630
f 311 312 2641 2640
f 1554 2635 2634 2049
f 2639 2638 2637 2636
f 311 2640 2639
f 1554 311 2639 2636 2635
f 158 2475 2646 2645
f 499 158 2645 2644
f 499 2644 2643 2642
f 1887 2647 2650 2649 2648
f 1736 2652 2651 2480
f 1736 2648 2649 2652
f 434 2654 2653 433
f 1682 2302 2660 2659
f 2657 2656 2655
f 1963 1682 2657 2655 434
f 1682 2659 2658
f 2655 2654 434
f 1682 2658 2657
f 2668 2667 2666
f 2662 2661 2321 2322
f 2669 2668 2664
f 2668 2666 2665 2664
f 2669 2664 2663 2662 2322 2670
f 2334 2335 2671
f 2688 2687 2686 2685
f 2680 2679 2678
f 2674 2673 2672 2700 2699
f 2692 2691 2684
f 2680 2694 2693 2692 2684 2683
f 2688 2685 2684 2691 2690 2689
f 2676 2698 2697 2696 2677
f 2680 2683 2682 2681
f 2676 2675 2674 2699 2698
f 2678 534 2695 2694 2680
f 2678 2677 2696 534
f 1993 2702 2701 1992
f 2707 2706 2705 2710 2709 2708
f 2710 2705 2704 2703 2711
f 2714 2713 2712
f 536 537 2715
f 2716 2395 2396
f 2717 2720 2719 2718
f 2725 2724 2723
f 2727 2726 2721 2720 2717
f 2726 2725 2723 2722 2721
f 2730 2733 2732 2731
f 2736 2735 2734
f 2734 2733 2730
f 2728 2738 2737
f 2728 2737 2736 2734 2730 2729
f 2745 2746 2731 2732
f 2740 2739 2750 2749
f 2744 2743 2742 2741 2747 2745
f 2740 2749 2748
f 2748 2724 2725 2747
f 2747 2741 2740 2748
f 2747 2746 2745
f 2751 2173 2174 2758
f 2758 2757 2753 2751
f 2753 2752 2751
f 2753 2757 2756 2755 2754
f 2157 283 284 2761 2760
f 2760 2759 2157
f 2765 2764 2763 2762 577
f 577 23 2464 2766 2765
f 2767 2771 2770
f 2770 2769 2768 2767
f 2776 2775 2774 2773
f 2778 2777 2772
f 2777 2776 2773 2772
f 2781 2780 2779
f 2783 2782 666
f 2783 666 272
f 2566 2567 2784
f 687 688 2793
f 2789 2788 2787
f 2801 2800 2799
f 2801 2799 2798 2797
f 2794 2792 2791 2790
f 2805 2804 2803
f 2785 2802 2797 2796 2789 2787
f 2787 2786 2785
f 1926 2177 2805
f 2785 2560 1926 2805 2803 2802
f 2789 2796 2795 2794 2790
f 2794 687 2793
f 2794 2793 2792
f 2802 2801 2797
f 2809 2808 2807 2806
f 2813 2812 2811
f 2814 2813 2811 2810
f 2818 2817 2816 2815
f 2820 2199 2200 2819
f 192 193 2822
f 192 2822 2821
f 684 2823 169 160
f 311 2132 2828 2827
f 155 2826 2825 2824
f 155 311 2827 2826
f 2832 2831 2830 2829
f 150 151 2834 2833 2074
f 154 2824 2825 2834
f 151 154 2834
f 1632 2075 2836 2835 2139
f 2075 2837 2836
f 2843 2842 2838 2641 312
f 2239 2049 2634 2841
f 2839 2840 2637 2638
f 2839 2838 2842
f 312 2844 2843
f 2839 2842 2239 2841 2840
f 312 231 232 2844
f 2855 2859 2858 2857 2856
f 2849 2852 2851 2850
f 2854 2853 2849 2848 2860 2859
f 2853 2852 2849
f 2845 2863 2862
f 2845 2861 2848 2847 2846
f 2861 2860 2848
f 2859 2855 2854
f 2853 2854 2213 2214
f 2845 2862 2861
f 499 2642 2867 2866
f 355 499 2866 2865
f 355 2865 2864 2600
f 1856 2601 2870 2869 2868
f 1887 2872 2871 2647
f 1887 2868 2869 2872
f 2608 2609 2883 2882
f 349 2876 2875 348
f 2881 2884 2608 2882
f 2879 2878 2886 2885
f 2298 2884 2881 2880
f 2885 2297 2298 2880 2879
f 349 2300 2887
f 349 2887 2886 2878 2877 2876
f 348 2875 2874 2873 749
f 2293 2294 2888
f 2892 2891 2890 2889 2893
f 2894 2899 2898 2897
f 750 2895 2894
f 2897 2630 2631 2896
f 750 2894 2897 2896 762
f 1963 2906 2905 2904
f 2900 2903 2902 2901
f 2903 2900 2103 1963
f 1963 2904 2903
f 434 2907 2905 2906
f 2909 2901 2902 2908
f 2911 2910 2907 434
f 656 2913 2912
f 434 656 2912 2911
f 2910 2909 2908 2907
f 2921 2920 2919 2918
f 2922 2921 2918 2917
f 2916 2915 2914
f 2916 2914 2923
f 2917 2916 2923
f 2917 2923 2922
f 2925 2928 2927 2926
f 2928 2925 2924 2930 2929
f 2932 2935 2934 2933
f 2935 2932 2931 2936
f 2936 2931 2939 2937
f 2939 2938 2937
f 2941 2940 2946
f 2941 2946 2945
f 2942 2941 2945
f 2945 2944 2943 2942
f 2949 2948 2947
f 2948 2949 2951 2950
f 2943 2944 2952
f 2958 2126 2127
f 2959 2958 2127 2957
f 2964 2960 2953 2913 656 701
f 2956 2955 2954
f 2954 2953 2960 2959 2957 2956
f 2963 2696 2697
f 2960 2964 2963 2961
f 2963 2697 2962 2961
f 2968 2967 2966 2965
f 2122 2970 2969 2121
f 2973 2951 2972
f 2973 2972 2971
f 2974 2973 2971
f 2975 2974 2971
f 2976 2978 737 735 2977
f 2979 2978 2976
f 2976 710 711 2979
f 2983 2982 2981 2980
f 2986 2985 2984
f 2700 2672 2987
f 2991 2990 2989 2988 1634
f 2992 2995 2994 2993
f 2998 2997 2996
f 3001 3029 3028 3027
f 2999 3033 3032
f 3021 3020 3019
f 3014 3013 3012 3017 3016 3015
f 3022 3025 3024 3023
f 3009 3006 3005
f 3000 2999 3032
f 3029 3001 3000 3032 3031 3030
f 3011 3010 3009
f 3009 3008 3007 3006
f 3026 3004 3003 3002
f 3005 3018 3017 3012 3011 3009
f 3005 3004 3026 3021 3019 3018
f 3026 3025 3022 3021
f 3026 3002 3001 3027
f 3036 3035 3034
f 3039 3038 3037
f 3052 3051 3050 3049
f 3041 3044 3043 3042
f 3054 3053 3052
f 3045 3044 3041
f 3040 3055 3054
f 3049 3048 3047
f 3052 3049 3047 3046
f 3040 3054 3052
f 3040 3052 3046 3045 3041
f 3071 3056 3050 3051
f 3064 3063 3062 3061
f 3063 3042 3043 3062
f 3061 3060 3067 3066 3065 3064
f 3069 3068 3058 3057 3070
f 3059 3047 3048
f 3068 3067 3060 3059 3048 3058
f 3070 3057 3056 3071
f 3072 3075 3074 3073
f 3085 3084 3083
f 3082 3081 3080
f 3086 3063 3088 3087
f 3041 3063 3086 3082 3080 3079
f 3086 3085 3082
f 3085 3083 3082
f 3041 3078 3077 3076
f 3079 3078 3041
f 3091 3090 3089
f 3076 3077 3094
f 3094 3093 3092 3091
f 3076 3094 3091 3089
f 3098 3097 3096 3095
f 3099 3102 3101 3100
f 3099 3104 3103 3102
f 3108 3107 3106 3105
f 3109 3114 3113 3112
f 3109 3112 3111 3110
f 1578 3117 3116 3115
f 3117 1578 3121 3118
f 3121 3120 3119 3118
f 3129 3128 3127
f 3131 3126 3125 3123 3122 3132
f 3129 3127 3126
f 3125 3124 3123
f 3131 3130 3129 3126
f 3135 3134 3133
f 3136 3139 3138 3137
f 3141 3140 3139
f 3124 3125 3142
f 3136 3124 3142 3141 3139
f 3146 3149 3148 3147
f 3143 3154 3153 3152
f 3143 3152 3151
f 3145 3150 3149 3146
f 3143 3151 3145 3144
f 3151 3150 3145
f 3174 3173 3172
f 3178 3177 3176
f 3160 3159 3158
f 3164 3163 3162 1675
f 3174 3169 3168 3175
f 3179 3157 3156 3155
f 3166 3158 3157 3179 3178 3176
f 3176 3175 3168 3167
f 3165 3164 1675 3161
f 3176 3167 3166
f 3165 3161 3160
f 3174 3172 3171 3170 3169
f 3158 3166 3165 3160
f 3180 3185 3184
f 3180 3183 3182 3181
f 3184 3183 3180
f 3193 3188 3187 3186 3194
f 3192 3191 3190 3189
f 3193 3192 3189 3188
f 3198 3197 3196 3195 3199
f 3203 3202 3201 3200
f 3207 3206 3205
f 3204 1694 3207 3205
f 3208 3211 3210 3209
f 3215 3212 3217 3216
f 3215 3214 3213 3212
f 3222 3221 3220
f 3220 3219 3218
f 3222 3220 3218 1757
f 3227 3226 3225
f 3225 3224 3223
f 3223 3228 3227 3225
f 3236 3235 3234
f 3236 3240 3239 3238 3237
f 3231 3230 3229
f 3229 3218 3219 3241 3231
f 3233 3240 3236 3234
f 3241 3232 3231
f 3232 3241 3240 3233
f 3242 3245 3244 3243
f 3249 3248 3247 3246
f 3250 3254 3253 3252 3251
f 3259 3258 3257 3256 3255
f 3263 3261 3260 3264
f 3263 3262 3261
f 3289 3288 3287 3286
f 3293 3292 3282
f 3276 3279 3278 3277
f 3274 3273 3268 3267 3266 3275
f 3268 3273 3272 3271
f 3281 3280 3279 3276
f 3281 3276 3296 3295 3294 3293
f 3266 3265 3296 3276 3275
f 3292 3284 3283 3282
f 3285 3290 3289 3286
f 3293 3282 3281
f 3269 3268 3271 3270 1602
f 3292 3291 3290 3285 3284
f 3297 3300 3299 3298
f 3310 3309 3308 3307
f 1812 3305 3304 3303
f 3302 3301 3311 3310
f 3306 3305 1812
f 3310 3307 3306
f 3310 3306 1812 3302
f 3313 3312 3308 3309
f 3313 3303 3304 3312
f 3317 3316 3315
f 3318 3317 3315
f 3321 3320 3319
f 3318 3315 3314 3324
f 3322 3321 3319 3323
f 3319 3318 3324 3323
f 3323 2998 2996 3322
f 3334 3337 3336 3335
f 3343 3342 3341
f 3338 3337 3334 3333
f 3341 3340 3332
f 3339 3338 3333
f 3340 3339 3333 3332
f 3326 3343 3341 3332 3331 3327
f 3326 3325 3343
f 3327 3331 3330 3329 3328
f 3347 3346 3345 3344
f 3353 3356 3355 3354
f 3357 3350 3349 3358
f 3350 3353 3352 3351
f 3348 3360 3359
f 3349 3348 3359 3358
f 3357 3356 3353 3350
f 3362 3361 3367 3365 3364 3363
f 3367 3366 3365
f 3374 3373 3372 3371
f 3375 3374 3371 3370
f 3375 3370 3369 3368
f 3379 3378 3377 3376
f 1867 3172 3382
f 1867 3382 3381
f 3380 3302 1867 3381
f 1937 3384 3383 3388
f 3387 3386 3385
f 1937 3109 3387 3385
f 3385 3384 1937
f 3402 3401 3400 3399
f 1602 3395 3393
f 3297 3298 3402
f 3270 3297 3402 3399 3398 3397
f 1602 3396 3395
f 3395 3394 3393
f 3389 3392 3391 3390
f 1602 3393 3392 3389
f 1602 3270 3397 3396
f 3289 3403 3288
f 3410 3409 3390 3391 3408
f 3415 3414 3413
f 3405 3404 3400 3401 3417
f 3406 3405 3417 3415 3413 3412
f 3417 3416 3415
f 3407 3411 3410 3408
f 3406 3412 3411 3407
f 3421 3420 3419 3418 3422
f 3423 3426 3425 3424
f 3430 3427 3432 3431
f 3430 3429 3428 3427
f 3434 3433 3441 3440 3439 3438
f 3438 3437 3436 3435 3434
f 3446 3445 3444 3443
f 3442 3439 3440
f 3447 3449 3448 3133 3134
f 3446 3443 3442
f 3446 3442 3440 3450 3449 3447
f 3452 3444 3445
f 1765 3436 3452 3445 3451
f 3436 3437 3452
f 3136 3137 3454 3453
f 3465 3464 3463
f 3467 3466 3465
f 3462 3461 3460
f 3460 3459 3467 3465 3463 3462
f 3468 3467 3459
f 3455 3469 3468
f 3456 3455 3468 3459 3458 3457
f 3471 3470 3477 3474 3473 3472
f 3477 3476 3475 3474
f 3478 3484 3483 3482
f 3482 3481 3480
f 3478 3482 3480 3479
f 3490 3489 3488
f 3493 3492 3491
f 3458 3493 3491 3486 3485 3457
f 3486 3490 3488 3487
f 3491 3490 3486
f 3496 3495 3494
f 3500 3499 3498 3497
f 3513 3512 3511
f 3505 3504 3506 3324 3314
f 3409 3513 3511
f 3509 3429 3430
f 3511 3510 3507 3504 3503
f 3507 3510 3509 3430 3508
f 3511 3503 3502
f 3502 1665 1601 3409 3511
f 3502 3501 1665
f 3507 3506 3504
f 1978 3388 3514 3207
f 1585 3515 3121 1578
f 3525 3524 3523 3522
f 3517 3528 3527 3526
f 3520 3519 3518
f 3516 3532 3531 3530 3529
f 3528 3517 3516 3529
f 3525 3522 3521
f 3521 3520 3518 3517 3526 3525
f 3534 3533 3542 3541
f 3538 3537 3536
f 3538 3536 3535
f 3539 3538 3535
f 3539 3535 3534
f 3541 3540 3539 3534
f 3546 3549 3548 3547
f 3543 3552 3551 3550 3545 3544
f 3550 3549 3546 3545
f 3555 3554 3553
f 3556 3559 3558 3557
f 3563 3562 3561 3560
f 1561 3567 3565 3564 1560
f 3567 3566 3565
f 3571 3570 3569 3568
f 3571 3566 3567 3577 3576 3573
f 3571 3568 3566
f 3573 3576 3575 3574
f 3573 3572 3571
f 3579 3580 3569 3570
f 3578 3584 3583 3582
f 3582 1564 3581 3580 3579
f 1564 1560 3564 3581
f 3578 3571 3572 3584
f 3579 3578 3582
f 3588 3592 3591 3590 3589
f 3595 3585 3197 3198
f 3593 3592 3588
f 3586 3585 3595
f 3595 3594 3593 3588 3587 3586
f 3600 3599 3598
f 3603 1681 3605 3604
f 3602 3601 3597
f 1680 1681 3603
f 1676 1680 3603 3602
f 3597 3593 3594 3596
f 3597 3601 3600 3598
f 3596 3161 1675 1676 3602 3597
f 3611 3610 3607 3606 3613 3612
f 3610 3609 3608 3607
f 3367 3616 3615 1705 1706 3614
f 3614 3366 3367
f 3617 3621 3620
f 3618 3617 3620
f 1723 3619 3618
f 3620 1722 1723 3618
f 3624 3623 1757
f 1757 3623 3629
f 1751 1757 3629 3628
f 3229 3625 3624 1757
f 3628 3627 3622 1751
f 3626 3625 3229
f 3622 3627 3626 3229
f 3632 3631 3630
f 1685 3633 3632
f 3630 1684 1685 3632
f 3637 3636 3635 3634
f 3641 3640 3639 3638
f 3648 3645 3644 3643 3642
f 3646 3645 3648 3647
f 1693 1694 3204 3649
f 3651 3203 3200 3650
f 3655 3658 3657 3656
f 3660 3659 3671 3670
f 3669 3668 3667
f 3673 3672 3671
f 3653 3652 3675
f 3667 3666 3665
f 3662 3661 3660
f 3653 3675 3674
f 3654 3653 3674
f 3655 3654 3674
f 3659 3658 3655 3674 3673 3671
f 3662 3660 3670 3669
f 2069 3663 3662
f 2069 3662 3669 3667 3664 3455
f 3667 3665 3664
f 3678 3677 3676 3680 3679
f 3682 3681 3686
f 3682 3686 3685
f 3682 3685 3684 3683
f 3687 3688 3435
f 3435 1765 1766 3687
f 3701 3700 3699
f 3709 3708 3707 3706
f 3710 3709 3696 3693
f 3704 3703 3702
f 3692 3691 3690
f 3696 3695 3694 3693
f 3705 3697 3696 3709 3706
f 3701 3698 3705 3704 3702
f 3701 3699 3698
f 3711 3692 3690 3689
f 3698 3697 3705
f 3693 3692 3711 3710
f 3228 3714 3713 3712
f 1633 1634 2988 3715
f 3715 3714 3228 1633
f 3620 3716 1811 1722
f 3620 3681 3682 3716
f 3690 3730 3729
f 3722 3721 3720
f 3724 3723 3722
f 3690 3729 3728
f 3734 3718 3717 3735
f 3733 3732 3728 3727
f 3732 3731 3689
f 3734 3726 3720 3719 3718
f 3726 3725 3724 3722 3720
f 3727 3726 3734 3733
f 3728 3732 3689 3690
f 1806 3737 3736 1805
f 1564 3740 3738 1642 1563
f 1564 3741 3740
f 3740 3739 3738
f 3743 2991 1634 1635 3742
f 1857 3744 3515 1585
f 1751 3622 3745 1898
f 1830 3752 3751 3746
f 3747 3750 3749 3748
f 3313 3753 1830 1812
f 3754 3747 3746 3751
f 3753 3752 1830
f 3313 3750 3747 3754 3753
f 1898 3745 3744 1857
f 3608 3609 3756 3755
f 3770 3773 3772 3771
f 3763 3762 3761 3760
f 3765 3757 3599 3600 3778 3766
f 3763 3760 3759
f 3769 3768 3767
f 3777 3769 3767 3766 3778
f 3759 3758 3757 3765 3764 3763
f 3775 3776 3605 1681 1952
f 1965 3773 3770 3774 1964
f 3770 3769 3777 3776 3775 3774
f 3781 3780 3779
f 3786 3785 3784 3783
f 3791 3790 3789 3788 3782
f 3786 3783 3782
f 3787 3786 3782
f 3788 3787 3782
f 3797 3796 3794 3793 3792
f 3488 3802 3801
f 3488 3801 3800 3799 3798 3797
f 3796 3795 3794
f 3797 3792 3487 3488
f 3805 3804 3246
f 3807 3246 1927 1928 3803 3795
f 3807 3806 3805
f 3807 3805 3246
f 3795 3796 3807
f 3810 3809 3808
f 1979 1684 3815 3814 3813 3812
f 3812 3811 1979
f 1684 3630 3815
f 1883 1683 1675 3162
f 1867 1868 3171 3172
f 1868 1883 3162 3171
f 2048 3818 3817 3816
f 3820 3819 3823 3822 3821
f 3824 3823 3819 3818 2048
f 1561 3816 3817 3827
f 3826 3820 3821
f 1561 3827 3826
f 1561 3826 3821 3825 3577
f 1937 1938 3829 3828
f 1937 3828 3114 3109
f 1949 1569 1570 3832 3831
f 3831 3830 1949
f 3834 3833 1577
f 3115 3835 3834
f 1577 1578 3115 3834
f 3138 3836 3137
f 3847 3846 3845
f 3842 3841 3840 3839 3838
f 3543 3544 3850 3849
f 3847 3845 3844
f 3144 3843 3842 3838 3837
f 3145 3543 3849 3848
f 3144 3145 3848 3847 3844
f 3844 3843 3144
f 3544 3851 3850
f 3852 3855 3854 3853
f 3864 2030 2028 3863
f 3858 3857 3861 3860 3859
f 3865 3862 2026
f 3862 3865 3864 3863
f 3865 2026 2027 3861 3857 3856
f 3856 3867 3866 3865
f 3882 3771 3772 3881
f 3883 3874 3873 3871
f 3868 3761 3762 3884
f 3883 3882 3875 3874
f 3868 3884 3883
f 3870 3869 3069 3070 3868 3883
f 3882 3878 3875
f 3882 3881 2085 2086 3880 3879
f 3871 3870 3883
f 3878 3877 3876 3875
f 3882 3879 3878
f 3873 3872 3871
f 3889 3892 3891 3890
f 3302 3888 3887
f 1812 1813 3894 3893
f 1867 3885 1816 1817
f 3302 1812 3893 3892 3889
f 3302 3887 3886 1867
f 3886 3885 1867
f 3302 3889 3888
f 3902 3896 3895 3899
f 3900 3898 3897 3901
f 3898 3900 3899 3895
f 3896 3902 3901 3897
f 3904 3903 3907 3906 3905
f 3903 3909 3908 3907
f 3913 3910 3908 3909
f 3912 3905 3906 3911
f 3911 3910 3913 3912
f 1695 1978 3207 1694
f 3916 3915 3914
f 1979 3811 3919
f 2128 1979 3919 3918
f 2128 3918 3916 3914
f 3918 3917 3916
f 2082 3922 3921
f 3921 3920 1742
f 2082 3921 1742 1743
f 1633 3924 3923 2080
f 3924 1633 3228 3925
f 3228 3223 3926 3925
f 1748 3927 1747
f 3929 3928 3222
f 1757 1758 3930 3929 3222
f 1936 1937 3388 1978
f 3931 3932 1594 1595
f 3935 3934 3933
f 3936 3935 3933 3932 3931
f 3246 3247 3936
f 3933 3934 3269 1602 1596
f 3246 3936 3931 2194 1927
f 3940 3939 3938 3937
f 3937 3363 3364 3940
f 2145 3949 3948 3947 3946
f 2145 3950 3949
f 1732 3944 3943
f 2145 1830 3746 3951 3950
f 1732 3941 2145 3946 3945 1731
f 1732 3943 3942
f 1732 3942 3941
f 1724 1725 3953 3952
f 3956 3955 3954
f 3964 3963 3962 3961
f 3959 3958 2069
f 3964 3961 3960
f 3959 2069 3455 3456 3964 3960
f 2069 3958 3957 2068
f 3968 3967 1906
f 1906 1907 3966 3965 3969 3968
f 3972 1657 1658
f 2240 1672 1673 3974
f 3971 3970 2240 3974 3973
f 3971 3973 3972 1658
f 1663 3975 1662
f 3978 3977 3328 3329 3976
f 2048 3970 3971 3978 3976 3824
f 3451 3979 1764 1765
f 3137 3836 3983
f 3981 3980 3454 3137 3983 3982
f 3986 2242 1789
f 3988 3987 3986
f 1776 1777 3985
f 3988 3986 1789
f 3981 3989 3988
f 3984 1790 1776 3985
f 3984 3980 3981 3988 1789 1790
f 3990 3839 3840 3996 3995
f 2254 2255 3991
f 3990 3995 3994 3993
f 3990 3993 3992 2254 3991
f 3859 3860 3998 3997
f 4003 4002 4001
f 4003 4001 3663
f 4005 3999 3520 3521
f 2015 2016 4000
f 4000 3999 4005
f 4005 4004 4003
f 4003 3663 2069
f 2069 2056 2015 4000 4005 4003
f 4008 4007 4006 2032 2033
f 4011 4010 4009 4016 4019
f 4015 4014 4017 4016 4009
f 4013 4018 4017 4014
f 4012 4011 4019 4018 4013
f 4029 4028 4027 4026 4025 4024
f 4023 4030 4029 4024
f 4021 4020 4031 4030 4023
f 4023 4022 4021
f 3209 4033 4032
f 4040 4038 4034 4025 4026
f 4040 4039 4038
f 4022 4034 4038 4037
f 4035 4021 4022 4037 4036
f 4043 4042 4041
f 4051 4014 4015
f 4050 4049 4048
f 4046 4045 4044
f 4012 4013 4052 4047 4046 4044
f 4052 4048 4047
f 4051 4015 4050
f 4052 4051 4050 4048
f 4057 3301 4056 4055
f 4057 4055 4054 4053
f 4061 4063 4062 4058
f 4064 4060 4059 4065
f 4065 4059 4058 4062
f 4060 4064 4063 4061
f 4066 4072 4071 4070
f 4067 4066 4070 4069 4068
f 4076 4073 4071 4072
f 4076 4075 4074 4073
f 4075 4068 4069 4074
f 3040 4088 4087
f 4091 4090 4089
f 4094 4078 4077 4096 4095
f 4080 4079 4093 4092
f 4083 4082 3040 4087
f 4083 4086 4085 4084
f 4089 3040 4081
f 4087 4086 4083
f 3040 4082 4081
f 4081 4080 4092 4091 4089
f 4079 4078 4094 4093
f 4099 4098 4097
f 4103 4107 4106 4105 4104
f 4107 4103 4102 4101 4100
f 4108 4111 4110 4109
f 4113 4084 4085
f 4112 4114 4113 4085
f 4112 4111 4108
f 4108 4114 4112
f 4125 4124 4117 4116 4115
f 4122 4121 4118 4124 4123
f 4118 4121 4120 4119
f 4118 4117 4124
f 4126 4131 4130 4129 4128 4127
f 4129 4130 4119 4120
f 4135 4134 4133
f 4132 4121 4122
f 4133 4132 4122
f 4122 3380 4135 4133
f 4137 4134 4135
f 4127 4128 4137
f 4127 4137 4135 4136
f 4158 4157 4156 4138 4160 4159
f 4144 4147 4146 4145
f 4155 4154 4153
f 4141 4152 4151 4142
f 4140 4139 4138 4156
f 4140 4156 4155
f 4143 4142 4151 4150 4149 4148
f 4153 4152 4141 4140 4155
f 4143 4148 4147 4144
f 4165 4149 4150 4164
f 4167 4145 4146 4166
f 4169 4168 3089
f 4171 4170 4161 4157 4158
f 4162 4163 4153 4154
f 4162 4161 4170 4169
f 4167 4165 4162 4169 3089
f 4167 4166 4165
f 4162 4165 4164 4163
f 4175 4174 4173 4172
f 3387 4180 4179
f 4179 4178 4177
f 3387 4179 4177 4176
f 4183 4182 4181
f 4188 4187 4186
f 4184 4189 4188
f 4184 4188 4186 4185
f 4199 4202 4201 4200
f 4198 4197 4193 4192
f 4204 4203 4198 4192 4191 4190
f 4197 4196 3348 4195 4194 4193
f 4198 4203 4202 4199
f 4206 4209 4208 4207
f 4210 4209 4206 4205
f 4205 4212 4211 4210
f 4217 4216 4215
f 4213 4218 4217
f 4213 4217 4215 4214
f 3514 4220 4219 4042
f 4176 4223 4222 4221
f 4220 3514 4176 4221
f 4240 4239 4238 4237
f 4241 4240 4237 4236
f 4224 4109 4110 4241
f 4235 4234 4233 4232
f 4235 4232 4231 4226
f 4227 4230 4229 4228
f 4235 4226 4225
f 4226 4231 4230 4227
f 4236 4235 4225 4224 4241
f 3041 4228 4229 4245
f 4243 4238 4239
f 4243 4239 4242
f 4243 4244 4233 4234
f 3041 4242 4088 3040
f 3041 4245 4244 4243 4242
f 4249 4248 4247 4246
f 4254 4253 4252 4251 4250
f 4256 4255 4259 4258 4257
f 4262 4261 4260
f 4273 4270 4269 4268 4267
f 4270 4273 4272 4271
f 4275 4274 4280 4278 4277
f 4280 4279 4278
f 4267 4266 4265 4264
f 4264 4282 4281
f 4264 4263 4284 4283 4282
f 4264 4281 4280 4274 4273 4267
f 4277 4276 4275
f 4288 4287 4286 4285 4289
f 4293 4292 4291
f 3041 4294 4293 4291
f 3041 4291 4290 4227
f 3041 3089 4168 4294
f 4296 4295 4300
f 4298 4297 4296
f 4300 4299 4298 4296
f 4307 4306 4305 4304
f 4307 4304 4303 4302 4301
f 4313 4312 4311 4310
f 4313 4310 4309 4308
f 4317 4316 4315 4314
f 4320 3030 3031 4319
f 4328 4327 4323 4322
f 4334 4333 4318 2997 2998
f 4327 4326 4325 4324 4323
f 4330 4329 4328
f 4322 4321 4320 4331 4330 4328
f 4320 4319 4318 4333 4332 4331
f 4339 4335 4342 4341 4340
f 4338 4337 4336
f 4339 4338 4336 4335
f 4343 4346 4345 4344
f 4355 4358 4357 4356
f 4360 4350 4349
f 4352 4351 4359 4358 4355
f 4352 4355 4354 4353
f 4364 4363 4361 4348 4347
f 4360 4349 4348 4361
f 4363 4362 4361
f 4350 4360 4359 4351
f 4368 4367 4366 4365
f 4372 4371 4370 4369
f 4375 4374 4373
f 4381 4380 4379 4378 4377 4376
f 4383 4382 4386 4385 4384
f 4389 4388 4387
f 4400 4399 4398
f 4402 4401 4400
f 4403 4398 4396 4391 4390 3582
f 4396 4395 4394 4393 4392
f 4396 4392 4391
f 4403 4402 4400
f 4398 4397 4396
f 4403 4400 4398
f 4412 4411 4410 4409
f 4407 4406 4405
f 4414 4413 4412
f 4412 4409 4408
f 4405 4404 4414 4412 4408 4407
f 4415 4418 4417 4416
f 4425 4420 4419 4426
f 4421 4420 4424 4423 4422
f 4420 4425 4424
f 4430 4429 4428 4427
f 4433 4439 4438 4437
f 4440 4439 4433 4432 4431
f 4437 4436 4435 4434 4433
f 4441 4440 4431 4443 4442
f 4446 4445 4444
f 4448 4447 4446 4444
f 4444 4450 4449 4448
f 4451 4454 4453 4452
f 4451 4440 4441
f 4441 3131 3132 4454 4451
f 4455 3110 3111 4457 4456
f 4459 4462 4461 4460
f 3120 3121 4462 4459
f 4459 4458 3120
f 4469 4468 4467
f 4469 4467 4466
f 4464 4463 4469 4466 4465
f 4463 4470 4469
f 4481 4480 4479 4478
f 4473 4472 4477 4476
f 4472 4471 4481 4478 4477
f 4476 4475 4474 4473
f 4385 4484 4483 4482
f 4487 4486 4485
f 4489 4488 4494
f 4493 4492 4491 4490 4489 4494
f 4508 4507 4506
f 4505 4510 4509 4508 4506
f 4523 4526 4525 4524
f 4504 4528 4527 4505
f 4527 4526 4523
f 4503 4502 4501
f 4516 4515 4514 4513
f 4504 4503 4501
f 4497 4496 4528 4504 4501 4500
f 4528 4496 4495 4529
f 4521 4520 4512
f 4520 4519 4518
f 4510 4505 4527 4523 4522
f 4512 4511 4510 4522 4521
f 4520 4518 4517 4516 4513 4512
f 4500 4499 4498 4497
f 4537 3195 3196 4536
f 4535 4538 4537 4536
f 4530 4541 4540 4533 4532 4531
f 4540 4539 4538 4535 4534
f 4534 4533 4540
f 4543 4542 4545 4544
f 4543 3186 3187 4542
f 4546 3155 3156
f 4556 4555 4554
f 4531 4532 4556
f 4551 4550 4549
f 4556 4554 4553
f 4548 4552 4551 4549
f 4548 4547 4531 4556 4553
f 4553 4552 4548
f 4557 2993 4561 4560 4559
f 4559 4558 4557
f 2994 4578 4577 4562 4560 4561
f 4576 4572 4571
f 4570 4569 4568
f 4576 4575 4574 4573 4572
f 4566 4557 4558 4565
f 4571 4570 4568 4567
f 4563 4577 4576 4571 4567 4564
f 4564 4567 4566 4565
f 4563 4562 4577
f 4581 4580 4579 4584 4583
f 4583 4582 4581
f 4587 4586 4585
f 4592 4591 4590 4589 4588
f 4599 4598 4597
f 4594 4599 4597 4596 4595
f 4593 4600 4599 4594
f 4609 4612 4611 4610
f 4607 4606 4614 4613
f 4608 4607 4613 4612 4609
f 4614 4606 4605 4602 4601 4615
f 3264 4602 4605 4604 4603 3263
f 3291 4603 4604 4621
f 4621 4607 4608
f 4616 3290 3291
f 4619 4618 4617
f 4619 4617 4616
f 4619 4616 3291 4621 4608 4620
f 4624 4623 4622
f 4627 4626 4625
f 4628 4631 4630 4629
f 4634 4633 4632
f 4643 4642 4641 4640
f 4643 4639 4636 4635
f 4643 4640 4639
f 4638 4637 4636
f 4639 4638 4636
f 4646 4645 4644
f 4027 4649 4647 4641 4642
f 4027 4028 4649
f 4637 4647 4649 4648
f 4020 4636 4637 4648 4031
f 3208 3209 4032
f 4405 4654 4652 4651 4650
f 4654 4653 4652
f 4658 4661 4660 4659
f 4662 4658 4656 2994 4655 4663
f 4662 4661 4658
f 4658 4657 4656
f 2994 2995 4655
f 4664 4673 4667 4666 4665
f 4671 4670 4669
f 4672 4671 4669 4668
f 4673 4672 4668 4667
f 4677 4676 4675
f 4678 4677 4675 4674
f 4681 4680 4679 4674
f 4679 4678 4674
f 4682 4701 4700
f 4689 4688 4687
f 4692 4691 4690
f 4700 4699 4698
f 4694 4689 4687 4686 4695
f 4694 4693 4692 4690
f 4334 2998 3323 4683 4697
f 4694 4690 4689
f 4697 4696 4684 4334
f 4683 4700 4698 4697
f 4684 4696 4695 4686 4685
f 4683 4682 4700
f 4702 4341 4342
f 3229 4706 4705 4704 4703
f 3229 4709 4708 4707 4706
f 3229 3230 4711 4710 4709
f 4713 4712 4716
f 4713 4716 4715 4714
f 4722 4726 4725 4724 4723
f 4727 4730 4729 4728
f 4730 4727 4726
f 4717 4737 4736 4735 4732 4731
f 4718 4717 4721 4720 4719
f 4735 4734 4733 4732
f 4730 4726 4722 4721 4717 4731
f 4739 4738 4199 4200
f 4743 4742 4741 4740
f 4745 3367 3361 4744
f 4748 4747 4746 4749
f 4748 4215 4216 4747
f 3348 4196 4751 4750 3360
f 4752 4633 4634 4753
f 4761 4754 4629 4630 4762
f 3425 3426 4758
f 4759 3431 3432
f 4757 4760 4759 3432 3425 4758
f 4754 4761 4756 4755
f 4756 4761 4760 4757
f 4767 4766 4765 4764
f 4622 4623 4768 4767 4764 4763
f 4769 4772 4771 4770
f 4774 4777 4775 4673 4664
f 4777 4776 4775
f 4780 4779 4778
f 4773 4765 4766 4781
f 3508 4773 4781 4780 4778 3507
f 4778 4777 4774
f 4778 4774 3507
f 4771 4783 4782 4770
f 4785 4789 4788 4787 4786
f 4789 4785 4784 4791 4790
f 4798 4797 4796
f 4798 4796 4795 4794 4793
f 4801 4800 4799 4792
f 4799 4798 4793 4792
f 4805 4804 4803 4802
f 4809 4808 4807
f 4810 4681 4806 4811
f 4681 4810 4809 4807
f 4814 4813 4812
f 4057 4815 3311 3301
f 4057 4195 4817 4816
f 4816 4815 4057
f 4821 4823 4822 4818
f 4819 4825 4824 4820
f 4820 4824 4823 4821
f 4818 4822 4825 4819
f 4827 4830 4829 4828
f 4827 4826 4832 4831 4830
f 4836 4828 4829 4835
f 4837 4833 4831 4832
f 4834 4833 4837
f 4837 4836 4835 4834
f 4844 4843 4842
f 4840 4845 4844 4842 4841
f 4845 4839 4864 4853 4850 4847
f 4847 4846 4845
f 4847 4850 4849 4848
f 4845 4840 4839
f 4858 4428 4856
f 4850 4853 4852 4851
f 4865 4864 4839 4838 4866
f 4856 4860 4859 4858
f 4860 4855 4434 4435 4854 4861
f 4860 4856 4855
f 4853 4862 4861 4854
f 4853 4864 4863 4862
f 4428 4858 4857 4427
f 4868 4872 4869 4848 4849
f 4877 4876 4875 4867 4851 4878
f 4851 4852 4878
f 4872 4871 4870 4869
f 4868 4867 4875 4874 4873 4872
f 4882 4881 4880 4879
f 4883 4886 4885 4884
f 4883 4445 4446 4886
f 4889 4888 4887
f 4901 4900 4899
f 4895 4894 4893 4892
f 4899 4898 4890
f 4898 4897 4895 4892 4891 4890
f 4897 4896 4895
f 4890 4462 3121 4901 4899
f 3515 4902 4900 4901
f 4904 4896 4897
f 4905 4904 4897 4903
f 3515 4906 4905 4903 4902
f 4907 4908 4893 4894
f 4907 4905 4906
f 4906 4910 4909 4908 4907
f 4912 4911 4479 4480 4913
f 4929 4928 4927
f 4923 4926 4925 4924
f 4921 4920 4919
f 3155 4917 4916 4921 4919 4918
f 4915 4922 4921 4916
f 4918 3179 3155
f 4927 4926 4923
f 4923 4922 4915
f 4136 4929 4927 4923 4915 4914
f 3380 4935 4930 4928 4929
f 3380 4938 4937 4936
f 4931 4930 4935 4934
f 3380 4936 4935
f 4924 4925 4931
f 4924 4931 4934 4933 4932
f 4939 4932 4933 4937 4938
f 4938 3381 4940 4939
f 3182 3183 4946
f 4945 4944 4943
f 4943 4942 4941
f 4946 4945 4943
f 4946 4943 4941 4947
f 4947 3182 4946
f 3382 3172 3173
f 4951 4954 4953 4952
f 4951 4957 4956 4955 4954
f 4948 4287 4288
f 4951 4950 4949
f 4957 4951 4949 4948 4288 4958
f 4960 4959 4275
f 4275 4276 4961 4960
f 4964 4963 4962
f 4966 4965 4962
f 4967 3480 3481 4973 4972
f 3495 3496 4968 4970 4969
f 4967 4972 4971 4970 4968
f 4976 4975 4974
f 4980 4979 4978 4977
f 4983 4982 4981
f 4985 4984 4742 4743
f 4987 4986 4989
f 3621 4988 4987
f 4989 3620 3621 4987
f 3616 3367 4745 4991 4990
f 3109 4992 4180 3387
f 3110 4186 4187 4993
f 4992 3109 3110 4993
f 5000 3586 3587 4999
f 4994 4548 4549
f 4999 4998 4997
f 4999 4997 4996
f 4996 4995 4994 4549 5000 4999
f 5004 5003 5002 5001 5006 5005
f 5009 5012 5011 5010
f 5007 4995 4996 5013
f 4089 5008 5007 5013 5012 5009
f 5014 5017 5016 5015
f 3589 3590 5019 5018
f 5023 5022 5021 5020
f 5026 5025 5024
f 5027 5028 3686 3681
f 5030 3684 3685 5029
f 5027 5032 5031 5029 5028
f 5031 5030 5029
f 4842 4843 5034 5033
f 5038 5037 5036 5035
f 5039 4889 4887
f 3380 4123 5044 5043
f 5047 5046 5040
f 5045 4056 3301
f 5047 5040 5045
f 5050 5041 5040 5046
f 5048 5047 3302 3380
f 5049 5042 5041 5050
f 3302 5047 5045 3301
f 3380 5043 5042 5049 5048
f 3229 4703 4011 3622
f 5058 5057 5056
f 5053 5056 5055 5054
f 5056 5053 5052 3023 5058
f 3023 5052 5051 3022
f 3039 5060 5059 3038
f 5064 5063 5062 5061
f 4403 5066 5065 5067
f 4403 3582 3583 5066
f 5071 4349 4350
f 5072 5071 4350 5070
f 5072 5070 5069
f 5075 5074 5073 5072
f 3130 3131 5075 5072 5069 5068
f 3130 5068 3531 3532
f 5077 4347 4348 5076
f 5081 5082 3542 3533
f 5078 5081 5080 5079
f 5078 4373 4374 5082 5081
f 4033 3209 3210
f 3214 5083 4033 3210
f 3206 3207 3514 4042 5084
f 4042 4043 5084
f 5083 3214 3215
f 5084 5083 3215 3206
f 5087 5086 5085
f 4989 5088 5087 5085
f 4989 5090 5089 5088
f 5091 5089 5090
f 5094 5093 3681
f 5027 3681 5093 5096
f 5091 5095 5094 5092
f 5091 5090 5027 5096 5095
f 3620 5085 5086
f 5094 3681 3620 5086 5092
f 5110 5109 5108
f 5108 5107 5106
f 5112 5111 5110
f 5099 5098 5097 4643
f 4167 5112 5110 5108 5106
f 4167 5104 5101 4635
f 5099 4643 4635
f 5100 5099 4635
f 5101 5100 4635
f 5104 5103 5102 5101
f 4167 5105 5104
f 4167 5106 5105
f 5118 5117 5116
f 5114 5113 5118 5116 5115
f 5119 5118 5113
f 3744 4044 4910 3515
f 3514 3388 3383 5121
f 5120 3386 3387
f 3514 5120 3387 4176
f 3514 5121 5120
f 5125 5124 5123 5122
f 3712 5128 5127
f 3227 3228 3712 5127 5126
f 5132 5131 5130 5129
f 5140 5139 5138 5137
f 5136 5135 5134
f 5134 5133 5140 5137 5136
f 5141 5140 5133 3237 3238
f 4579 4580 5142
f 3622 5149 5148 5147
f 4012 5145 5144 5143
f 5146 5145 4012
f 3622 5147 5146
f 3622 5146 4012 3745
f 5150 5148 5149
f 4011 5143 5144 5150 5149
f 3744 5152 5151 4044
f 4012 4044 5151 5155
f 4012 5153 3744 3745
f 4012 5155 5154
f 4012 5154 5153
f 5153 5152 3744
f 5159 5158 5157 5156
f 5165 5164 5163
f 5166 4285 4286
f 5166 4286 5165
f 5167 5166 5165
f 5162 4260 4261 5167 5165 5163
f 4260 5162 5161 5160
f 5171 5170 5169
f 5171 5169 5168 5173 5172
f 5176 5175 5174
f 3678 5178 5177 3677
f 5183 5182 5181
f 5185 5184 5183 5181
f 5189 5187 5186
f 5185 5181 5180
f 5180 5179 5191
f 5190 5189 5186 5185 5180 5191
f 5189 5188 5187
f 5192 3665 3666
f 3477 5194 5193 3476
f 3664 3469 3455
f 5204 5203 5202 5201
f 3675 5207 5206 5205
f 5204 5201 3674
f 5207 3675 5200 3562 3563 5199
f 3675 5205 5204 3674
f 5196 3539 3540 5195
f 5208 5207 5196 5195 4388 4389
f 5207 5199 5198
f 5207 5198 5197 5196
f 4384 4385 4482
f 5212 5215 5214 5213
f 5220 4498 4499 5219
f 5220 5210 5209 5221
f 5220 5219 5212 5211 5210
f 5212 5219 5218 5217 5216 5215
f 5223 5222 3558 3559
f 5225 3679 3680 5224 5226
f 4089 5009 5236
f 5231 5230 5233 5018 5019 5232
f 4089 5235 5229 5228 5227
f 4089 5236 5235
f 5229 5234 5233 5230
f 5235 5234 5229
f 5024 5025 5237
f 5241 5240 5239 5238
f 5242 3755 3756
f 5247 5246 5245 5244
f 3756 5247 5243 5242
f 5247 5244 5243
f 5252 3055 3040
f 5227 5251 5250 5253 5252 3040
f 5227 5228 5251
f 5253 5250 5249
f 5248 3758 3759
f 3759 5253 5249 5248
f 4167 5256 5255 5254
f 5267 5266 5265 5264 5263
f 5257 5256 4167
f 5257 4167 3089 5268 5262
f 5262 5268 5267 5263
f 5262 5261 5260 5259 5258 5257
f 3089 3090 5268
f 5269 5264 5265 5283 5282 5281
f 5258 5259 5274
f 5254 5255 5275
f 5270 5271 5260 5261
f 5269 5281 5280 5279
f 5275 5258 5274 5273 5277 5276
f 5278 5272 5271 5270 5269 5279
f 5278 5277 5273 5272
f 5276 5112 5254 5275
f 5287 5286 5285 5284
f 5292 5291 5290
f 5292 5290 5289 5288 4817 4195
f 5288 5289 3748 3749
f 5292 3348 3349 5291
f 5294 5295 3372 3373
f 5293 3368 3369 5296
f 5293 5296 5295 5294
f 5300 5299 3377
f 5304 3376 3377 5299
f 5303 5302 5297
f 5298 5301 5300 3377
f 5304 5303 5297 3376
f 5297 5302 5301 5298
f 5306 5305 1564 3582 4390 5310
f 5308 5309 4393 4394
f 5305 3741 1564
f 5310 5309 5308
f 5306 5310 5308 5307
f 4404 4405 4650 5313 5312
f 5312 5311 4404
f 5317 5320 5319 5318
f 3800 4981 5316 5315
f 4981 4982 5320 5317
f 3800 5315 5314 3799
f 4981 5317 5316
f 4978 4979 5324 5323 5322
f 5322 5321 4978
f 5327 5326 5325
f 5331 5330 5329
f 5328 5332 5331 5329
f 5333 5344 5343
f 5337 5336 5335
f 5338 5341 5340 5339
f 5333 5343 5342 5341
f 5333 5341 5338 5337 5335 5334
f 5347 3249 3246 3804 5346
f 5348 5347 5346 5345
f 5349 5353 5352 5351 5350
f 5354 3254 3250
f 5365 5368 5367 5366
f 5360 5359 5358 5357
f 5364 5369 5368 5365
f 5360 5357 5356
f 5360 5356 5355
f 5364 5372 5371 5370 5369
f 4015 5361 5360 5355
f 5372 5364 5363
f 5373 5376 5375 5374
f 5376 5373 5372 5363 5377
f 4009 5362 5361 4015
f 4009 5377 5363 5362
f 5378 5381 5380 5379
f 5383 5382 5393 5392
f 5384 5388 5387 5386
f 5386 5385 5384
f 5391 5390 5389 5388
f 5383 5392 5391
f 5391 5388 5384 5383
f 5396 5395 5399 5398 5397
f 5395 5394 4050 5402 5401 5400
f 5400 5399 5395
f 5397 5398 5404
f 5405 5356 5357
f 4015 5406 5403 5401 5402
f 4015 5355 5406
f 5404 5405 5357 5397
f 5404 5403 5406 5405
f 5410 5409 5408 5407
f 5382 5383 5412 5411
f 5413 4464 5419 5418
f 5414 5413 5417 5416 5415
f 5413 5418 5417
f 5430 5433 5432 5431
f 5438 5437 5428
f 5424 5423 5422
f 5430 5429 5435 5434 5433
f 5439 5442 5441 5440
f 5444 5443 5442
f 5454 5453 5452 5451
f 5448 5447 4442
f 5451 5450 4442
f 5439 5425 5424
f 4442 5450 5449 5448
f 5444 5442 5439 5424 5422 5421
f 5437 5436 5435 5429
f 5447 5446 4442
f 5438 5428 5427 5426
f 4442 5446 5444 5421
f 5446 5445 5444
f 5451 4442 5420 5455 5454
f 5425 5439 5438 5426
f 5437 5429 5428
f 5456 5461 5460
f 5456 5460 5459
f 5456 5459 5458 5457
f 5465 5464 5463 5462
f 5476 5475 5467 5466 5477
f 5469 5468 5472 5471 5470
f 5472 5468 5467 5475 5474 5473
f 5482 5481 5480 5479
f 5482 5479 5473 5474 5478
f 5478 5483 5482
f 5484 5470 5471 5492
f 4530 5491 5480 5481
f 5492 5486 5485 5484
f 5491 4530 5490 5489
f 5486 5492 5491 5487
f 5491 5488 5487
f 5491 5489 5488
f 5494 5493 5497 5496 5495
f 5500 5499 5498
f 5506 5505 5504
f 5498 5503 5502 5501 5500
f 5506 5504 5503 5498
f 5507 5510 5509 5508
f 5516 5515 5514
f 5517 5516 5514 5513
f 5511 5517 5513 5512
f 5511 5518 5517
f 5521 5520 5519
f 5522 5521 5519
f 5525 5524 5523
f 5526 5530 5529
f 5526 5529 5528 5527
f 5539 5542 5541 5540
f 5534 5533 5539
f 5535 5534 5539 5538 5537 5536
f 5539 5533 5532 5531 5543 5542
f 5547 5546 5545 5544
f 5549 5550 5540 5541
f 4108 4109 5555 5553
f 4109 5556 5555
f 5555 5554 5553
f 5551 5550 5549
f 5548 5557 4108 5552 5551 5549
f 4108 5553 5552
f 4101 5559 5558 4100
f 5561 5564 5563 5562
f 5561 5566 5565 5564
f 5567 5566 5561 5560
f 5568 5575 5574 5573
f 5573 5572 5569 5568
f 5572 5571 5570 5569
f 5576 5586 5585 5579 5578 5577
f 5580 5579 5585 5584
f 5580 5584 5583
f 5583 4020 5582 5581 5580
f 5589 5588 5587 5577 5578 5593
f 5582 4035 5591 5590 5592 5581
f 5592 5590 5589 5593
f 5595 5594 5600 5599 5598 5597
f 5594 5601 5600
f 5597 5596 5595
f 5609 5608 5607
f 5615 5614 5613 5612
f 5618 5605 5604 5619
f 5604 5603 5602 5621 5620 5619
f 5615 5612 5611
f 5617 5616 5610 5609 5606
f 5617 5606 5605 5618
f 5616 5615 5611 5610
f 5609 5607 5606
f 5625 5624 5623 5622
f 5642 5626 5537 5538
f 5627 5630 5629 5628
f 5636 5635 5634 5633
f 5641 5640 5639 5638 5637
f 5641 5637 5636
f 5642 5633 5632
f 5627 5626 5642 5632 5631 5630
f 4224 5640 5641 5556 4109
f 5633 5642 5641 5636
f 5644 5643 5628 5629 5645
f 5648 5647 5646
f 5650 5601 5594
f 5651 5650 5594
f 4301 4302 5651
f 4301 5651 5594 5649
f 5660 5653 5652 5661
f 5657 5654 5659 5658
f 5654 5653 5660 5659
f 5657 5656 5655 5654
f 5669 5668 5667
f 5670 5669 5667 5666
f 5662 5670 5666 5665
f 5662 5665 5664 5663
f 4057 5671 5655 5656
f 4057 4053 5672 5671
f 5673 5682 5676 5675 5674
f 5681 5680 5679 5678
f 5681 5678 5677
f 5676 5682 5681 5677
f 5705 5704 5703
f 5692 5691 5690 5689
f 5683 5700 5697 5696 5684
f 5703 5702 5701
f 5689 5688 5687 5694 5693 5692
f 5695 5685 5684 5696
f 5683 5701 5700
f 5700 5699 5698 5697
f 5695 5694 5687 5686
f 5683 5705 5703 5701
f 5695 5686 5685
f 5709 4200 4201 5708
f 5706 5713 5712 5711
f 4190 5706 5711 5710 5707 4204
f 5707 5710 5709 5708
f 5722 5717 5714 4340 4341
f 5717 5716 5715 5714
f 5719 5718 5722
f 5718 5717 5722
f 5722 5721 5720 5719
f 5738 5735 5734 5733 5732
f 5727 5726 5724 5731 5730 5728
f 5726 5725 5724
f 5730 5729 5728
f 5738 5737 5736 5735
f 5732 5731 5724 5723 5739 5738
f 5746 5740 5733 5734
f 5743 5741 5746 5745 5744
f 5741 5729 5730 5740 5746
f 5743 5742 5741
f 5741 5742 4325 4326
f 5748 5747 5754 5753
f 5753 4126 5752 5751 5750 5748
f 5750 5749 5748
f 5482 5758 5757 5756
f 5755 5763 5762
f 5761 5760 5759
f 5755 5762 5761 5759 5482
f 5759 5758 5482
f 5762 5749 5750 5761
f 5756 5757 5767
f 5767 5766 5765
f 5764 5751 5752
f 5752 4136 5756 5767 5765
f 5765 5764 5752
f 5774 5773 5772
f 5783 5782 5781 5780
f 5770 5786 5785 5771
f 5790 5789 5788
f 5776 5775 5774
f 5774 5772 5771
f 5785 5784 5783
f 5786 5770 5768 5795 5794 5793
f 5777 5783 5780 5779
f 5771 5785 5783 5777 5776 5774
f 4278 4279 5778
f 5777 5779 4278 5778
f 5770 5769 5768
f 5791 5790 5788 5787
f 5793 5792 5786
f 5792 5791 5787 5786
f 5796 5795 5768
f 5800 5799 5798 5797
f 4277 5802 5801 4276
f 4186 5806 5805
f 5805 5804 5803
f 4186 5805 5803 4185
f 5413 5811 5810 5809
f 5808 5812 5811 5413
f 5808 5807 5813 5812
f 5817 5816 5815 5814
f 4053 4054 5819 5818 5816 5817
f 5818 5819 4125 4115
f 5826 5825 5824 5823
f 5827 5822 5821 5820
f 5827 5826 5823 5822
f 5829 5828 5832 5836
f 5835 5834 5830 5829
f 5829 5836 5835
f 5833 5832 5828
f 5833 5828 5831
f 5830 5834 5833 5831
f 5852 5851 5850 5849
f 5854 5853 5845
f 5853 5852 5849 5848
f 5840 5838 5837
f 5837 5842 5841 5840
f 5844 5843 5842
f 5837 5857 5856
f 5837 5838 4430 4427
f 5840 5839 5838
f 5844 5842 5837 5856 5855
f 5853 5848 5847 5846 5845
f 5844 5855 5854 5845
f 5420 5860 5858 5850 5851
f 5860 5859 5858
f 5420 5863 5861 5860
f 5863 5862 5861
f 5866 5865 5864
f 5870 5869 5868
f 5863 4442 5870 5868 5867 5862
f 4442 4443 5870
f 5873 5872 5871
f 5876 5875 5874
f 5878 5877 5882 5881 5880
f 5880 5879 5878
f 5889 4039 4040 5888 5887 5886
f 5885 5890 5889 5886
f 4036 5890 5885
f 5883 4035 4036 5885 5884
f 4042 4219 4041
f 5894 5897 5887 5888
f 5888 5896 5895 5894
f 5892 5891 5883 5884 5898
f 5898 5893 5892
f 5898 5897 5894 5893
f 4222 4223 5899
f 4465 5900 5419 4464
f 5904 5903 5902 5415 5416 5901
f 5904 5901 5900 4465
f 5905 5915 5914 5913 5912
f 5906 5910 5909 5908 5907
f 5912 5911 5910 5906 5905
f 5925 5924 5923
f 4347 5925 5923
f 5921 5920 5919
f 5922 4364 4347 5923
f 5922 5921 5919 4368 4364
f 5918 5926 4367 4368 5919
f 5926 5918 5917 5916
f 5927 5930 5929 5928
f 5931 4402 4403
f 5934 5933 5932 5943 5942 5941
f 5934 5941 5940
f 5940 5939 5938
f 5940 5938 5937 5936 5935 5934
f 5944 5947 5946 5945
f 5937 5951 5950 5949 5948
f 5948 5936 5937
f 5954 5953 5952
f 5957 5956 5955 5953 5958
f 5963 5962 5961
f 5966 5973 5972 5971 5970
f 5964 5963 5961
f 5975 5974 5965 5964
f 5966 5970 5969 5968 5967
f 5959 5975 5964 5961 4623 4624
f 5959 5680 5681 5975
f 5961 5960 4623
f 5974 5973 5966 5965
f 5690 5691 5979 5978
f 5690 5978 5977 5976
f 5982 5981 5980
f 5984 5987 5986 5985
f 5983 5988 5987 5984
f 5991 5990 5989
f 5994 5993 5992
f 5997 5996 5995
f 5485 5998 5484
f 5999 5494 5495 6002
f 5999 6002 6001 6000
f 4531 6014 6013
f 6003 5490 4530 4531 6013
f 6009 6008 6007 6006 6010
f 6011 6010 6006 6005
f 6003 6013 6012
f 6011 6005 6004 6003 6012
f 6015 6018 6017 6016
f 6022 6021 6020
f 6019 6014 4531
f 6019 6023 6022 6020
f 6025 6024 6023
f 6019 4531 4547 6025 6023
f 6029 6028 6027 6026
f 6033 6032 6031 6030
f 6036 6035 6034
f 6049 6048 6047 6046
f 4341 6043 6045 6044 5722
f 6038 6037 6053 6052 6051 6050
f 6043 6042 6038 6049 6046 6045
f 6042 6041 6040
f 6037 6054 6053
f 4341 4702 6043
f 6040 6039 6038 6042
f 6038 6050 6049
f 6040 6041 4692 4693
f 6055 6061 6060
f 6055 6060 6059 6058 6057
f 6057 6056 6055
f 6062 4677 4678
f 4176 4177 6069 6068
f 6064 6063 4223
f 4223 4176 6068 6067
f 6066 6065 6064
f 4223 6067 6066 6064
f 6070 4183 4181
f 6075 6072 6071 6076
f 6075 6074 6073 6072
f 6078 6077 6082 6081
f 4185 6080 6079 4184
f 6081 6080 4185 6078
f 6086 6085 6084 6083
f 6089 6088 6087
f 6091 6090 6089
f 6087 4635 6091 6089
f 6093 6094 5586 5576
f 6090 6091 4020 5583 6095
f 6095 6094 6093 6092
f 6095 6092 6090
f 5575 5568 6098 6097
f 6096 6099 5575 6097
f 4704 6100 4703
f 6104 6103 6102 6101
f 6110 6109 6108
f 6112 6111 6110 6108 6107
f 6114 6113 6112 6107 6106
f 4726 6114 6106 6105 4725
f 5603 6117 6116
f 5602 6115 4727 4728
f 5602 5603 6116 6115
f 6121 6120 6119 6118
f 6127 6126 6125 6124 6123 6122
f 5615 6132 6131 6130
f 6130 5614 5615
f 6133 6129 6128
f 6129 6133 6132 5615
f 6134 5712 5713 6144 6143 6142
f 6140 6139 6138 6137
f 6141 6135 6134 6142
f 6141 6140 6137
f 6137 6136 4739
f 6137 4739 4200 5709 6135 6141
f 6148 6147 6146 6145
f 6150 6149 6170 6169 6168
f 6163 6162 6161 6160
f 6155 6157 6156 4743 4740
f 6159 6164 6163 6160
f 6152 6165 6159 6153 6138 6139
f 6165 6164 6159
f 6151 6150 6166 6165 6152
f 6155 6154 6153 6158 6157
f 6166 6150 6168 6167
f 6153 6159 6158
f 4581 6172 6171 4580
f 4573 4574 6174 6173
f 6175 6178 6177 6176
f 6181 6180 6179
f 6179 6178 6175
f 6181 6179 6175 6183 6182
f 6188 6187 6186
f 6186 6185 6184 6194
f 6189 6192 5617 6191 6190
f 6192 6188 6186 6194 6193
f 6189 6188 6192
f 6197 6196 6200 6199 6198
f 4768 6210 6209 6208
f 4623 6212 6211
f 6195 6201 6200 6196
f 6212 4623 5960 6214 6213
f 6206 6205 6202 6201 6195
f 6202 6205 6204 6203
f 4768 6208 6207 6206 6195
f 4768 4623 6211 6210
f 6217 6216 6221 6220 6219 6218
f 6227 6215 5992 5993 6228
f 6215 6227 6226 6223 6222 6216
f 6226 6225 6223
f 6225 6224 6223
f 6222 6221 6216
f 6223 6224 5985 5986
f 6231 6232 6219 6220
f 6236 6235 6230 6229
f 6235 6234 6233 6232 6231 6230
f 6239 6238 6237 6236
f 6223 6239 6236 6229 6222
f 6198 6240 6197
f 6255 4803 4804 6254
f 6251 6247 6269 6268 6264 6252
f 6274 6273 6272
f 6278 6277 6276 6275
f 6242 6241 6281
f 6255 6254 6253
f 6259 6262 6261 6260
f 6270 6269 6247 6246 6245
f 6263 6262 6259
f 6244 6243 6242 6281 6280
f 6275 6274 6272 6271
f 6259 6258 6256 6255 6253 6263
f 6275 6271 6270
f 6280 6279 6278
f 6251 6248 6247
f 6256 6258 6257 4680 4808
f 6264 6263 6253 6252
f 6251 6250 6249 6248
f 6265 6268 6267 6266
f 6275 6270 6245 6244 6280 6278
f 6268 6265 6264
f 6283 6053 6054
f 6054 6282 6285 6284 6283
f 6290 6286 4485 4486
f 6290 6288 6287 6286
f 6290 6289 6288
f 6297 6296 6295
f 6301 6298 6297 6295 6294
f 6293 6292 6291 6303 6302
f 6300 4253 4254 6299
f 6293 6302 6301 6294
f 6301 6300 6299 6298
f 6304 4517 4518
f 6307 6306 6305
f 6310 6309 6308
f 6308 6307 6305
f 6308 6305 4366 4367 6311 6310
f 6331 6330 6329
f 6315 6314 6313
f 6327 6326 6325 6324
f 6319 6318 6316 6315 6323 6322
f 6329 6333 6332 6331
f 6315 6313 6323
f 6312 6333 6329 6328
f 6316 6317 4353 4354
f 6312 6328 6327
f 6313 6312 6327 6324 6323
f 6322 6321 4486 4487 6320 6319
f 6318 6317 6316
f 6334 6338 6337 6336 6335
f 6339 4484 4385 4386
f 6348 6347 6346
f 6340 6343 6342 6341
f 6346 6345 6344
f 6343 6340 6348 6346 6344
f 5837 6349 6347 6348
f 6357 6356 6355
f 6354 6353 6352
f 6351 6352 6344 6345
f 4427 6357 6350 6349 5837
f 6350 6355 6354 6352 6351
f 4427 4857 6357
f 6357 6355 6350
f 6361 6360 6359 6358
f 6364 6363 6362
f 4866 6364 6362 4865
f 6369 6368 6367 6366
f 4405 4406 6371
f 6370 6369 6366
f 6365 4654 4405 6371 6370 6366
f 6375 6374 6373 6372
f 6375 6372 4422 4423
f 6379 6378 6377 6376
f 5506 6384 6387 6386 6385 5505
f 6381 6380 4659 4660 6388
f 6388 6387 6382
f 6387 6384 6383 6382
f 6388 6382 6381
f 6389 4909 4910
f 4910 6390 5902 5903 6389
f 6394 6393 6392 6391
f 6396 4989 4986
f 6395 6398 6397
f 6395 6397 6396 4986
f 6401 6400 6399
f 4985 4743 6156 6408
f 6412 6411 6405 6404
f 6409 4985 6408 6407
f 6412 6403 6402 6413
f 6406 6410 6409 6407
f 6404 6403 6412
f 6413 6402 6169 6170
f 6411 6410 6406 6405
f 6416 6415 6414
f 6417 6416 6414 6161
f 6162 6418 6417 6161
f 6418 6162 6421 6420 6419
f 5657 6424 6423 6422
f 5657 4190 4191 6425
f 6425 6424 5657
f 6433 6427 6426 6430
f 6428 6432 6431 6429
f 6429 6431 6430 6426
f 6427 6433 6432 6428
f 6434 6440 6439 6438
f 6435 6434 6438 6437 6436
f 6445 6441 6439 6440
f 6436 6437 6443
f 6441 6445 6444 6442
f 6444 6436 6443 6442
f 6422 6423 6447
f 4057 6422 6447 6446
f 4057 6446 4194 4195
f 4656 6448 4578 2994
f 6455 6454 6453
f 6464 6450 6449 6466 6465
f 6452 6456 6455 6453
f 5523 5524 6463
f 6463 6462 6460 6459
f 6459 5512 5523 6463
f 5511 6451 6450 6464
f 5512 6459 6456 6452 6451 5511
f 6459 6458 6457 6456
f 6462 5526 5527 6461 6460
f 6469 6468 6467
f 6470 6482 6481
f 6471 6480 6454 6455 6479
f 6476 6475 6474 6477 6457 6458
f 6478 6477 6474
f 6471 6470 6481 6480
f 6474 6473 6472 6471 6479 6478
f 4575 6485 6484 6483 4574
f 6492 6495 6494 6493
f 6487 6486 6340 6492 6491
f 6487 6491 6490 6489 6488
f 6340 6341 6495 6492
f 5032 5027 6496 6493 6494
f 5027 6489 6490 6496
f 6500 4011 4703 6100 6501
f 6497 4010 4011 6500 6499
f 6498 6128 6129
f 6497 6499 6498 6129
f 6008 6009 6512
f 6510 6034 6035
f 6502 6503 4095 4096
f 6505 6504 6512 6511
f 6510 6035 6024
f 6507 6506 6505
f 6024 6025 6509
f 6504 6503 6502
f 6510 6024 6509 6508 6507 6505
f 6512 6504 6502 6008
f 6505 6511 6510
f 6031 6032 6513
f 5002 6515 6514 6516 5001
f 6519 5008 4089 4090 6518 6517
f 6508 6519 6517 6507
f 6522 6521 6520
f 6524 6523 6522
f 6531 6530 6529
f 6529 6528 6527 6526
f 5801 6525 4961 4276
f 6526 6525 5801 6531 6529
f 5789 5790 6533 6532
f 6549 6536 6535 6534
f 6538 6546 6545
f 6541 6540 6539
f 6548 6547 6546
f 6548 6537 6536 6549
f 6538 6545 6544
f 6538 6537 6548 6546
f 6538 6544 6543 6542 6541 6539
f 6550 6553 6552 6551
f 6555 6554 4975
f 6560 6556 6547 6548
f 6543 6544 6557
f 6543 6557 6556 6560 6559 6558
f 6562 5673 6561
f 6576 6575 6574 6573
f 6398 6577 6576
f 4989 6568 6567 5027
f 6563 6397 6398 6576 6573 6572
f 6564 6563 6572 6571 6570 6569
f 4989 6396 6564 6569 6568
f 5027 6567 6566 6565
f 6579 6580 6574 6575
f 6579 6578 6583 6582
f 6565 6566 6581
f 6579 6488 6565 6581 6570 6571
f 6579 6582 6488
f 6571 6580 6579
f 6598 6597 6596
f 6585 6584 4144
f 6589 6588 6587
f 6087 6599 6598
f 6587 6586 6585
f 6087 6598 6596 6595
f 6589 6587 6585 4144 4167
f 4167 4635 6594 6592
f 6594 6593 6592
f 6590 6589 4167
f 6591 6590 4167
f 6592 6591 4167
f 4635 6595 6594
f 4635 6087 6595
f 6603 6602 6601 6600
f 6607 6606 6605 6604
f 6611 6610 6609 6608
f 6615 6614 6613 6612
f 6617 6616 6086 6083
f 5482 6625 6624 6623
f 6619 6618 5481
f 6619 6622 6621 6620
f 6623 6622 6619 5481 5482
f 6633 6632 6631 6626 6624 6625
f 6626 6631 6630 6627
f 6629 6628 4914
f 6630 4914 6620 6621 6627
f 6630 6629 4914
f 4136 6634 6632 6633
f 4136 6628 6629 6634
f 6638 6637 6636 6635
f 5481 6618 6642
f 5481 6642 6639 4541 4530
f 6641 4917 3155 4546
f 6640 6642 4917 6641
f 6640 6639 6642
f 6645 4544 4545 6644 6643
f 4321 4322 6647 6646
f 6651 6650 6649 6648
f 6646 6647 6653
f 5943 5932 6652 6646 6653
f 5067 6655 6654
f 5067 6654 5931 4403
f 5947 5944 6656 6658 6657
f 3110 4455 6664 6663
f 6659 5806 4186
f 6659 4186 3110 6663 6662
f 6659 6662 6661 6660
f 4464 6666 6665 4463
f 5809 6667 4464 5413
f 5809 6668 6667
f 6667 6666 4464
f 6390 6669 4049 4050
f 6390 4910 4044 4045 6670
f 6670 6669 6390
f 6558 6672 6671 6542
f 6677 6676 6675
f 6678 6674 6673 6561 5673
f 6674 6678 6677 6675
f 5674 6683 6680 6679
f 6679 6678 5674
f 6680 6683 6682 6681
f 6678 5673 5674
f 6689 5339 5340 6690
f 4586 4587 6688 6687 6686
f 6684 5339 6689
f 6684 6689 6688
f 4587 6685 6684 6688
f 4592 4588 6691 6693 6692
f 6698 6697 6696
f 5421 6701 6700
f 4442 5421 6700
f 4442 6700 6699
f 4442 6699 6698
f 3131 4442 6698 6696 6695 6694
f 6694 5075 3131
f 6702 5907 5908 6703
f 6708 6707 6705 6704 6709
f 6707 6706 6705
f 6712 5925 4347 5077
f 6710 6713 6712 6711
f 6712 5077 6711
f 6717 6716 6715 6714
f 4715 6719 6718 4714
f 6723 6722 6721
f 6720 5134 6724 6723 6721
f 6721 6722 6726
f 6730 6731 6176 6177
f 6731 6730 6726 6725 6732
f 6725 6723 6724
f 6730 6729 6728 6727 6721 6726
f 6724 5135 6732 6725
f 5142 4580 6171 6733
f 6736 6735 6734
f 6739 6738 6737
f 4734 6741 6740 4733
f 6744 6743 6742
f 6746 6745 6744 6742
f 6747 6752 6751
f 6751 6750 6749 6748 6747
f 6755 6754 6753
f 5617 6757 6756 6191
f 5617 6759 6758
f 5618 6760 6759
f 6758 6757 5617
f 5617 5618 6759
f 5621 6762 6761 5620
f 6764 6763 5957
f 6771 6770 6769 6768
f 6766 6765 6774
f 6771 6768 6767
f 6774 6773 6772 6771 6767 6766
f 6778 6777 6776
f 6778 6776 6781 6780 6779
f 6781 6776 6775 6787
f 6785 6784 6783
f 6782 6781 6787 6786 6785 6783
f 6074 6792 6791
f 6794 6793 6074 6791
f 6789 6795 6794 6790
f 6794 6791 6790
f 6789 6788 6796 6795
f 6801 6800 6799
f 6797 6802 6801
f 6797 6801 6799 6798
f 6805 6804 6803 6806
f 6805 6799 6800 6804
f 5531 6812 6809 6808 6807
f 6813 6816 6815 6814
f 5531 6813 6812
f 6813 5531 5532 6816
f 6812 6811 6810 6809
f 6817 6814 6815 6821
f 6819 6818 6817
f 5536 6820 6819 6817 6821 5535
f 6824 6827 6826 6825
f 6824 6823 6822
f 6810 6811 6818
f 6819 6827 6824 6822 6810 6818
f 6829 6828 6833 6832
f 6829 6832 6831 6830
f 6837 6836 6835 6834
f 6841 6840 6839 6838 6837 6834
f 6849 6848 6847
f 6843 6846 6845 6844
f 6847 6846 6843
f 6849 6847 6843 6842 6850
f 6853 6852 6851
f 6839 6854 6853 6851 6838
f 6855 6866 6865 6862 6861 6860
f 6855 6860 6859 6858
f 6864 6863 5461 5456 6862 6865
f 6857 6856 6855 6858
f 6856 6857 5455 5420
f 5415 6868 6867 5414
f 5415 6870 6869 6868
f 6873 6871 6875 6874
f 6873 6872 6871
f 6884 6883 6882
f 6886 6885 6884
f 6880 6879 6878
f 6878 6877 6876
f 6882 6881 6880
f 6880 6878 6876 6886 6884 6882
f 6890 6889 6888 6887
f 5594 6893 6892 6891
f 6893 5594 5595 6894
f 5595 6896 6895 6894
f 6901 6900 6899 6898
f 6905 6904 6903 6902
f 6907 6910 6909 6908
f 6901 6907 6906
f 6907 6901 6898 6897 6911 6910
f 6905 6902 6901 6906
f 6913 6912 5477 5466 6924
f 6922 6921 6920
f 6918 6917 6916
f 6923 5469 6914 6908 6909 6913
f 5484 6919 6918 6916
f 6915 6914 5469
f 6915 5469 5484 6916
f 6913 6924 6923
f 5484 6922 6920
f 5484 6920 6919
f 6929 6932 6931 6930
f 6929 6928 6925 6934 6933 6932
f 6925 6928 6927 6926
f 6937 6930 6931 6936
f 6938 6935 6933 6934
f 6938 6937 6936 6935
f 6942 6941 6940
f 6192 6943 6942 6940 6939
f 6947 6950 6949 6948
f 6946 6945 6944 6951 6950 6947
f 6944 6952 6951
f 6957 6955 6954 6953
f 6962 6961 6960
f 6959 6957 6963 6962 6960
f 6959 6958 6957
f 6957 6956 6955
f 6957 6953 6964 6963
f 6971 6970 6969
f 6968 6967 6290
f 6973 6972 6971
f 6975 6974 6973
f 6969 6968 6290
f 6977 6976 6975
f 6966 6971 6969 6290
f 6965 6977 6975 6973 6971 6966
f 6981 6985 6984 6983 6982
f 6978 6976 6977
f 6986 6985 6981 6980
f 6986 6980 6979 6978 6977
f 6988 6987 6991 6990 6989
f 7000 6999 6998
f 6998 6997 6996
f 6993 6992 6827
f 6993 6827 7000 6998 6996
f 6993 6996 6995 6994
f 7004 7003 7002
f 7010 7001 6999 7000 6820
f 7002 5628 7009 7004
f 7010 5627 5628 7002 7001
f 7007 7006 7005
f 7005 7004 7009 7008 7007
f 7013 7016 7015 7014
f 7020 7019 7018
f 7012 7011 6994
f 7012 7017 7016 7013
f 7020 7012 6994 6995 7005 7006
f 7012 7020 7018 7017
f 7015 7016 7027
f 6887 7015 7027 7026
f 7024 7023 7022
f 7022 7021 6890
f 7024 7022 6890 6887
f 7026 7025 6887
f 7025 7024 6887
f 7035 7038 7037 7036
f 7040 7034 7033 7030 7029 7028
f 7034 7040 7039 7038 7035
f 7030 7033 7032 7031
f 7009 5628 5643 7041
f 7042 5648 5646
f 5594 6891 7044 7043 5649
f 6891 7045 7044
f 5568 5569 7047 7046
f 7051 7050 7049
f 7056 7055 7054 7053
f 7057 7056 7053 7051 7049 7048
f 7053 7052 7051
f 7060 7059 7058
f 7062 7061 7070 7069
f 7064 7063 7067 7065 6332
f 7062 7069 7068
f 7063 7062 7068
f 7067 7066 7065
f 7063 7068 7067
f 7073 7072 7071
f 7083 7082 7081 7080
f 7077 7076 7075
f 5616 7080 7079
f 7086 7085 7084
f 7086 7084 7083
f 5616 7078 7077 7075
f 7080 5616 7087 7086 7083
f 5616 7079 7078
f 7074 5615 5616 7075
f 7091 7090 7089 7088
f 7093 7096 7095 7094
f 7099 7098 7097
f 7099 7097 7093 7092
f 7097 7096 7093
f 7102 7101 7100
f 7104 7103 7110 7109
f 7105 7108 7107 7106
f 7109 7108 7105 7104
f 7114 7113 7112 7111
f 7123 7122 7121
f 7117 7116 7115 7129
f 7119 7118 7126
f 7117 7129 7128 7127
f 7120 7119 7126
f 7123 7121 7120
f 7126 7118 7117 7127
f 7123 7120 7126 7125 7124
f 7130 7133 7132 7131
f 5693 7136 7135 5692
f 7134 7137 7136 5693
f 7134 7131 7132
f 7137 7134 7132 7138
f 7142 7141 7140 7139
f 7144 5713 5706 7143
f 7148 7147 7146 7145 7149
f 7150 7152 6779 7151
f 7156 7155 7154 7153 7157
f 7164 7163 7162
f 7159 7165 7164 7162 7161 7160
f 5521 5522 7146 7147 7166 7158
f 7158 7166 7165 7159
f 7168 7167 5721 5722
f 7170 7169 5527 5528 7178
f 7172 7175 7174 7173
f 7178 5520 7171 7170
f 7175 7172 7171
f 5521 7177 7176
f 7171 5520 5521 7176 7175
f 7195 7194 7193
f 7196 7180 7179 7197
f 7184 7183 7182 7192 7191 7190
f 7188 7187 7186 7185
f 7196 7195 7193 7182 7181 7180
f 7188 7185 7184
f 7184 7190 7189 7188
f 7193 7192 7182
f 7200 7199 7198 7202 7201
f 7207 7206 7205
f 7204 7203 7210
f 7210 7209 7208
f 7207 7205 7204 7210 7208
f 7213 7212 7211
f 7215 7214 7226
f 5661 5652 7223 7222 7221 7224
f 7225 7224 7221 7220
f 7217 7216 7215
f 7225 7220 7219 7218
f 7217 7215 7226
f 5657 5658 7225 7218 7217 7226
f 7230 7229 7228
f 7231 7230 7228 7227
f 7235 7234 7233 7232
f 7242 7241 7236 7244 7243
f 7237 7240 7239 7238
f 7236 7241 7240 7237
f 7246 7249 7248 7247
f 7246 6828 6829 7251 7250 7249
f 7246 7245 6828
f 7258 7257 7256 7255
f 7259 7258 7255 7254 7253 7252
f 7261 7260 7269 7268
f 5420 5852 7266 7265
f 7267 7262 7261 7268
f 5420 7265 7264
f 7263 7262 7267 7266
f 5420 7264 7250 7251 6856
f 5852 7263 7266
f 7271 5857 5837 7270
f 7272 7275 7274 7273
f 5415 7280 7279 7278
f 6870 5415 7278 7277 7276
f 5902 7281 7279 7280
f 5902 7284 7276 7282
f 7282 7281 5902
f 7276 7277 7283
f 7276 7283 7282
f 7288 7287 7286 7285
f 7288 7285 6885 6886
f 7292 7291 7290 7289 7294 7293
f 7305 5987 5988
f 7319 7318 7317
f 7323 7322 7296 7295 7324
f 7298 7321 7319 7317 7316
f 7300 7299 7308 7307
f 7302 7301 7300
f 7306 7305 5988 5968
f 7315 7312 7311 7298 7316
f 7298 7311 7310 7309
f 7297 7296 7322
f 5969 7302 7300 7307 7306 5968
f 7321 7320 7319
f 5969 7304 7303 7302
f 7298 7309 7308 7299
f 7312 7315 7314 7313
f 7298 7297 7322 7321
f 7325 5794 5795
f 7342 7328 7327 7326 7344 7343
f 7337 7336 7335 7334
f 7329 7341 7333 7332 7331 7330
f 7338 7337 7334
f 7338 7334 7333
f 7340 7339 7338 7333
f 7341 7329 7328 7342
f 7341 7340 7333
f 7348 7347 7346 7345
f 5791 7353 7352
f 5790 7351 7350 7349
f 7352 5790 5791
f 7352 7351 5790
f 7358 7357 7356 7355 7354
f 7371 7370 7362 7361 7360
f 7360 7359 7372 7371
f 7368 7367 7362 7370 7369
f 7363 7362 7367
f 7364 7363 7367 7366 7365
f 7373 7376 5755
f 7375 7374 7368 7369 7373 5755
f 5477 7365 7366 7378
f 5483 5476 7377
f 7377 5476 5477 7378
f 7377 7374 7375 5482 5483
f 7388 7381 7380 7379
f 7382 7381 7388 7387 7386 7385
f 7382 7385 7384 7383
f 6048 7390 7389 6047
f 7168 7392 7386 7387
f 5722 6044 7391 7395 7394
f 7391 7383 7384 7395
f 5722 7393 7392 7168
f 7394 7393 5722
f 7396 7399 7398 7397
f 5413 7404 7403 7402
f 5413 7402 7401
f 5808 5413 7401 7400 7396
f 7400 7399 7396
f 7397 7398 7405
f 5414 7397 7405 7403 7404
f 6905 7423 7407 7406 6904
f 7419 7414 7413 7412
f 7411 7410 7409 7408 7420
f 7414 7419 7418 7415
f 7415 7418 7417 7416
f 7419 7412 7411
f 7408 7407 7423
f 7408 7423 7422 7421 7420
f 7420 7419 7411
f 7424 7416 7417
f 5484 5998 7425 7421 7422 6922
f 7425 7424 7417 7421
f 7427 7430 7429 7428
f 7430 7427 7426 6000 6001
f 7434 7433 7432 7431
f 6007 6008 7436 7435
f 7438 7437 5946
f 7440 7439 7438
f 7438 5946 5947
f 7444 7443 7442
f 7440 7438 5947 7444 7442 7441
f 7449 7448 7447 7446
f 6774 6765 7451
f 7449 7446 7445
f 7451 7450 7449
f 7452 6774 7451 7449 7445 7453
f 5958 7454 6764 5957
f 7455 7465 7464 7463 7462
f 7462 7461 7458 7457 7456 7455
f 5926 5916 7459 7458 7461 7460
f 7468 7467 7466
f 5431 7470 7469 5430
f 5914 7473 7472 7471
f 7477 7476 7475
f 5429 7478 7477
f 5429 7477 7474 5915 5428
f 5915 7474 7473 5914
f 7477 7475 7474
f 7481 7480 7479
f 7483 7482 7141 7142
f 7488 7487 7486 7485
f 7484 7489 7488 7485
f 7492 7491 7490 6144
f 7144 7496 7491 7495
f 7493 7492 6144 5713
f 7144 7495 7494 5713
f 7494 7493 5713
f 7500 7499 7498 7497
f 7507 7506 7505 7504
f 7313 7508 7507
f 7504 7503 7502 7501
f 7501 7312 7313 7507 7504
f 7521 7512 7511 7510
f 7515 7514 7513
f 7517 6237 6238 7519 7518
f 7510 7522 7521
f 7510 7509 7522
f 6237 7517 7516
f 7515 7521 7520 6237 7516
f 7521 7515 7513 7512
f 7523 7526 7525 7524
f 6129 7531 7530 7529
f 6129 7529 7528 7527
f 6129 5615 7074 7531
f 7535 7534 7533 7532
f 7092 7538 7537 7536
f 7092 7093 7539 7538
f 7543 7542 7541 7540
f 5569 5570 7551 7550
f 7548 7545 7544 7549
f 7548 7547 7546 7545
f 5569 7550 7549 7544
f 7552 5587 5588 7556
f 4035 7554 7553 7555 5591
f 7555 7553 7552 7556
f 7564 7563 7560 7559 7558
f 7560 7563 7562 7561
f 7554 5891 7565 7564 7558
f 7558 7557 7554
f 7557 7553 7554
f 7571 7570 7569
f 7566 7520 7575 7574 7573
f 7567 7568 6284 6285
f 7566 7573 7572
f 7571 7568 7567 7566 7572
f 7571 7569 7388 7379 7568
f 7569 7570 7576
f 7575 7521 7569 7576 7574
f 7046 7580 7579 7578
f 7581 7580 7046 7577
f 6098 5568 7578 7579 7583
f 7582 7584 6098 7583
f 7587 5652 5653 7590
f 7587 7590 7589 7588
f 5652 7587 7586 7585
f 7594 7593 7592
f 7594 7592 7591
f 7595 7594 7591
f 7599 7598 7597 7596
f 7599 7596 7595 7591
f 7600 7602 5672 4053
f 7600 7588 7589 7602
f 4053 5814 7601 7600
f 7237 7606 7605 7604
f 7603 7236 7237 7604
f 7270 5837 6340 7607
f 5814 5815 7613
f 7610 7608 5814 7613 7612
f 7612 5754 5747 7611
f 7610 7609 7608
f 7612 7611 7610
f 7620 7619 7618 7617
f 7621 7620 7617 7616
f 7621 7616 7615 7614
f 7623 7624 5824 5825
f 7622 7625 7624 7623
f 7622 5820 5821 7625
f 7628 7627 7626
f 7632 7631 7630
f 7633 7632 7630 7629
f 7635 7634 7633 7629
f 5828 5829 7637 7636
f 7642 6192 6939 7645
f 7642 7645 7644 7643
f 5616 5617 7641 7640 7639
f 7639 7638 5616
f 5617 6192 7642 7641
f 7647 7651 7650 7649 7648
f 7651 7647 7646 7653 7652
f 7656 6958 6959 7655 7654
f 7659 7658 7657
f 7662 7661 7660
f 5902 6390 7665 7664
f 5902 7664 7663 7284
f 7669 7668 7667 7666
f 7674 7673 7672
f 7288 7676 7675 7674
f 7674 7672 7670 7287 7288
f 7672 7671 7670
f 7680 7679 7678 7677
f 7488 7683 7682 7681
f 7684 7683 7488 7489
f 7688 7687 7686 7685
f 7692 6398 6395 7691
f 7692 7691 7690 7689
f 7694 7693 7498 7499
f 6074 6075 7695 6792
f 6078 7698 7697 7696
f 4185 5803 7700 7699
f 4185 7699 7698 6078
f 7703 7702 7701
f 7706 7705 7704
f 6806 7707 7706
f 6806 7706 7704 6805
f 5808 7709 7708 5807
f 5808 7704 7705 7709
f 7713 7716 7715 7714
f 7713 7712 7710
f 7710 5891 5892 7716 7713
f 7712 7711 7710
f 7722 7718 7717 5895 5896
f 7718 7714 7715 7717
f 7719 7722 7721 7720
f 7719 7718 7722
f 7721 7722 6073 6074
f 4223 6063 5899
f 6793 7711 7720 7721
f 7711 6796 6788 7710
f 7711 6793 6796
f 7723 7726 7725 7724
f 7723 7730 7729 7727
f 7727 7726 7723
f 7729 7728 7727
f 7737 7736 7735 7734
f 7737 7734 7732 7731
f 7731 7738 7737
f 7734 7733 7732
f 7741 7740 7739
f 7746 7745 7744 7743
f 7742 7741 7739
f 7746 7743 7742 7739
f 7751 7747 7741 7742
f 6486 7751 7750
f 6486 7750 7749 7607 6340
f 7751 6486 7748 7747
f 7750 7744 7745 7749
f 6988 7767 7766
f 7765 7768 6988 7766
f 5795 7756 7755 7754
f 7753 7752 6289
f 7765 7764 7763
f 5796 7753 7763 7762 7757
f 7758 7761 7760 7759
f 5796 7757 7756 5795
f 7753 6289 6290 7768 7765 7763
f 7757 7762 7761 7758
f 7773 7772 7771
f 7775 7774 7773
f 7770 7769 6983
f 6983 6984 7775 7773 7771 7770
f 7781 7780 7779 7778
f 7778 7777 7688
f 7688 7777 7776 7687
f 7723 7724 7783 7782
f 7723 7782 7781
f 7723 7781 7778 7688
f 7692 7784 6577 6398
f 7788 7787 7786
f 7785 7784 7692
f 7788 6583 6578 7787
f 7788 7786 7785 7692
f 7731 7732 7790 7789
f 7791 7794 7793 7792
f 7797 5374 5375 7796
f 7795 6497 7801 7800 7799
f 7796 7795 7799 7798 7797
f 7797 7798 7805
f 7802 7800 7801
f 7804 7527 7797 7805
f 6129 7527 7804 7803
f 7803 7802 7801 6129
f 7807 7806 5380 5381
f 7540 7541 5384 5385 7808
f 5706 4190 5657 7226
f 7814 7813 7812
f 5926 7809 6311 4367
f 7818 7048 7049 7819
f 5926 7815 7814
f 7812 7811 7810
f 7809 5926 7814 7812 7810
f 7048 7818 7817
f 7816 5926 7048 7817
f 5926 7816 7815
f 7820 7823 7822 7821
f 7826 7825 7824
f 7836 7835 7834 7833
f 7827 7842 7841
f 7827 7841 7840 7839
f 7837 7836 7833 7832 7831
f 7828 7838 7837 7831 7830 7829
f 7828 7827 7839 7838
f 7064 6332 7844 7843 7839 7840
f 7843 7844 7836 7837
f 6332 6333 7844
f 5543 5531 7848 7847
f 7853 7852 7850
f 6502 7854 7855 7436 6008
f 7846 7849 5543 7847
f 7846 7845 7414 7415 7857 7849
f 7857 7856 7853 7850 7849
f 7850 7851 5557 5548
f 7853 7856 7855 7854
f 7852 7851 7850
f 7428 7429 7859 7858
f 7863 7862 7861 7860 7864
f 7861 7862 5558 5559
f 7866 5547 5544 7865
f 7877 7876 7875 7874
f 5683 7872 7877 7873 5705
f 7887 7891 7890 7889 7888
f 7891 7887 7886 7885
f 7891 7892 7331 7332
f 7877 7874 7873
f 7883 7882 7881 7880 7879
f 7879 7871 7870 7884 7883
f 7878 7872 7871 7879
f 6533 5790 7349
f 6553 7869 7868 7867
f 7870 7893 7892 7891 7885 7884
f 7878 7877 7872
f 7870 7869 6553 6533 7349 7893
f 7897 7896 7895 7894 7898
f 7868 7900 7899 6552 7867
f 7900 5682 5673 6562 7899
f 5596 7905 7904
f 7903 7902 7901
f 7904 7903 7901
f 5596 7904 7901 5595
f 6608 6609 7909
f 7909 7908 7907
f 7907 7581 7577
f 7577 7906 6608 7909 7907
f 5950 7912 7911 7910
f 7912 5950 5951 7916 7148 7915
f 7914 7913 7912
f 7915 7914 7912
f 7148 7149 7915
f 7919 7918 7917 5956 5957 6763
f 6779 7152 7921
f 7920 6778 6779 7921
f 7922 6385 6386
f 7926 7925 7924
f 7927 6174 4574 6483
f 7923 7927 7926 7924
f 7923 6174 7927
f 7929 7928 7932 7931 7930
f 7939 7942 7941 7940
f 7943 7937 6192 6193 7936 7935
f 7933 6461 5527
f 7935 7945 7944 7943
f 7169 7947 7946
f 7169 7934 7933 5527
f 7943 7942 7939
f 7937 6943 6192
f 7943 7939 7938 7937
f 7935 7934 7169 7946 7945
f 7949 7948 7952
f 7951 7950 7949
f 7952 7951 7949
f 7953 6331 6332
f 7065 7957 7956 7955
f 7065 7955 7954
f 7065 7954 7953 6332
f 7962 7961 7960 7959 7958
f 7974 7973 7972
f 7974 7972 7971 7970 7969
f 7978 7977 6290
f 7964 7963 7977 7976 7965
f 7975 7974 7969 7968
f 7979 4486 6321 7980
f 7976 7975 7968 7967
f 6290 4486 7979 7978
f 7965 7976 7967 7966
f 7977 7963 6966 6290
f 4050 5394 7665 6390
f 7981 7668 7669
f 7983 7982 7981
f 7669 5407 5408 7984 7983 7981
f 7990 7989 7988
f 7994 7997 7996 7995
f 5744 7998 7993
f 7987 7991 7990 7988
f 7986 5744 7993 7991 7987
f 5744 7986 7985 5743
f 7993 7992 7991
f 7998 7997 7994
f 7998 7994 7993
f 5721 7999 5720
f 8000 8007 8006
f 7444 8003 8002 8001
f 5947 8006 8005
f 8004 8003 7444
f 8006 5947 6657 8000
f 5947 8005 8004 7444
f 8008 8011 8010 8009
f 8021 8014 8013 8012
f 8016 8019 8018 8017
f 8015 8014 8021
f 8015 8021 7585 8020 8019 8016
f 8024 8023 8022
f 7015 8025 8024 8022
f 6887 8029 8028 8027
f 7015 6887 8027 8026
f 8026 8025 7015
f 8034 8033 8032 8031
f 8048 6900 6903
f 8034 8031 8030
f 8049 8048 8035 8034 8030
f 8037 8042 8041 8040
f 8037 8036 8035
f 6903 6904 8047 8046
f 8048 6899 6900
f 8040 8039 8038 8037
f 8048 6903 8045 8042 8037 8035
f 8045 8044 8043 8042
f 6903 8046 8045
f 8055 8058 8057 8056
f 8055 8054 8053 8052
f 8052 8051 8050 8059 8058 8055
f 8063 8062 8061 8060
f 8069 8068 8067
f 8067 8066 8065
f 8069 8067 8065 8064
f 8074 8070 8053 8054
f 8070 8074 7608 8072
f 8072 8071 8070
f 8074 8073 7608
f 8088 8075 8086 8085 8084
f 7133 8080 8079
f 8077 8076 8075 8087 8090
f 8088 8087 8075
f 8083 8082 8081
f 8088 8084 8083 8089
f 8090 8089 8083
f 8078 8077 8090
f 8079 8078 8090
f 7133 8079 8090 8083 8081 7138
f 7046 7047 8092 8091
f 7093 7094 8096 8095
f 7093 8095 8094 8093
f 7105 8098 8097 7104
f 8103 8102 8101 8100
f 8099 8104 8103 8100
f 8104 8099 7112 7113
f 8106 8105 7167 7168
f 6805 8108 8107 6798
f 8110 7142 7139 8109
f 6959 6960 8114
f 8113 8112 8111
f 8114 8113 8111 6959
f 8115 8120 8119 8118
f 8115 8118 8117 8116
f 8123 8122 8121
f 8126 8125 8124
f 6789 8130 8129 6788
f 8132 8131 8128 8127
f 8128 8131 8130 6789
f 8132 8127 8126 8124
f 8137 8136 8135
f 8133 8138 8137
f 8133 8137 8135 8134
f 6798 8140 8139 6797
f 6798 8135 8136 8140
f 6985 6986 8155 8154
f 8147 8146 8145
f 8144 8148 8147 8145
f 8144 8143 8142 8141
f 8153 8152 8148 8144 8141 6985
f 6985 8154 8153
f 8151 8150 8149
f 8148 8152 8151 8149
f 8171 8170 8169 8168 8167
f 8171 8165 8164
f 8158 8157 8162 8161 7048
f 8171 8167 8166 8165
f 8157 8172 8171 8164 8163 8162
f 7048 8161 8160 8159
f 8157 8156 8173 8172
f 7057 8159 8160 8175
f 8174 8163 8164 8178
f 8174 8178 8177 8176 7057 8175
f 7236 8179 8182 8181 8180
f 8180 7244 7236
f 8186 8185 8184 8183
f 8190 8189 8188 8187
f 8190 6828 7245 8189
f 8196 8197 8085 8086
f 8194 8193 8192
f 8194 8192 8191
f 8195 8194 8191 8198 8197 8196
f 8191 8081 8082 8198
f 8194 8195 8202
f 8194 8202 8201
f 8194 8201 8200 8199
f 8207 8206 8210 8209 8208
f 8210 8206 8205
f 8203 8211 8210 8205 8204
f 8215 8214 8213 8212
f 7214 8219 8218 8217
f 8216 8220 7226 7214 8217
f 8221 8224 8223 8222
f 7210 8226 8225 7209
f 8230 8229 8228
f 8227 8232 8231
f 8227 8231 8230 8228
f 8234 8233 8240 8239
f 8239 8238 8237 8236 8235 8234
f 7168 7388 8245 8244
f 8243 8242 8241
f 7168 8243 8241 8106
f 7168 8244 8243
f 6780 8246 7151 6779
f 6782 6783 8247
f 8249 8248 7156 7157
f 8265 8264 8263
f 7161 7162 8257
f 8268 8267 8255 8254 8253
f 8251 8250 8270
f 8268 8251 8270 8269
f 8262 8261 8256 8267 8265 8263
f 8256 8258 7161 8257
f 8253 8252 8251 8268
f 8256 8255 8267
f 8267 8266 8265
f 8261 8260 8256
f 8256 8260 8259 8258
f 8273 8272 8271
f 8283 8282 8281 8280
f 6965 7072 7073
f 6965 8278 8277 8276
f 6965 7073 7054
f 8279 8278 6965 7054 7055 8275
f 8275 8274 8283 8280 8279
f 8284 8281 8282
f 6986 8276 8277 8284 8282
f 8295 8286 8285 8296
f 8290 8289 8288
f 7336 7337 8290
f 8291 8294 8293 8292
f 8288 8291 7336 8290
f 8294 8291 8287 8286 8295
f 8291 8288 8287
f 8298 8297 7357 7358
f 8300 8299 7521 7522 8199 8200
f 8301 7199 7200 8312
f 8301 8302 6948 6949
f 8306 8305 8311 8310 7189
f 8302 8305 8304 8303
f 8306 7189 7190 8307
f 8302 8301 8312 8311 8305
f 7190 8309 8308 8307
f 8313 7194 7195 8314
f 8321 8320 8319 8318
f 8322 8317 8316 8315
f 8322 8321 8318 8317
f 6960 8323 8319 8320
f 6961 8315 8316 8324
f 8324 8323 6960 6961
f 7521 8331 8330 8329
f 7521 8329 8328 8325 8245 7388
f 8328 8327 8326 8325
f 8299 8332 8330 8331
f 8326 8327 8333
f 8333 8332 8299
f 8333 8299 8241 8242 8326
f 8335 8334 7489 7484
f 8336 7483 7142 8110
f 8047 6904 7406 8345
f 8342 8341 8340 8339
f 8347 7410 7413
f 8347 8337 8043 8044
f 8344 8346 8047 8345
f 7413 7414 8343 8339 8337 8347
f 8346 8344 7409
f 8343 8342 8339
f 8339 8338 8337
f 7410 8347 8346 7409
f 7542 8349 8348 7541
f 8093 8351 8350
f 7539 7093 8093 8350
f 8354 8353 8352
f 8359 8358 8357
f 8355 8359 8357 8356
f 7158 8360 8355 7177 5521
f 8360 8359 8355
f 8361 8363 8358 8362
f 8361 8366 8365 8364 8363
f 8367 8372 8371
f 8357 8367 8371
f 8371 8370 8369 8368 8356 8357
f 7196 8376 8374 8373 7195
f 7196 8377 8376
f 8376 8375 8374
f 8381 8380 8379
f 8387 8386 8389 6911 8388
f 8379 8378 8392
f 8381 8379 8392 8391
f 5477 6912 8390
f 7364 5477 8390 8385 8381 8391
f 8385 8390 8389 8386
f 8381 8384 8383 8382
f 8385 8384 8381
f 8394 8393 8383 8384 8395
f 8395 8387 8388 6897 8394
f 8407 8406 8405 8404
f 8398 8397 8408 8407 8404
f 8400 8399 8403 8402 8401
f 8396 7443 7444
f 8409 8408 8397 8396 7444
f 8404 8403 8399 8398
f 6774 8412 8411 8410
f 6774 7452 8414 8413 8412
f 7452 8415 8414
f 7577 7046 8091 8416
f 5414 6867 8417 7396
f 8426 8425 8424
f 8424 8423 8422
f 8422 8421 8420
f 8428 8427 8426 8420 8419 8418
f 8420 8426 8424 8422
f 8428 6871 6872 8430 8429
f 8429 8427 8428
f 8431 8179 7236 7603
f 6854 8434 8433 8432
f 8435 8434 6854 6840
f 8438 8437 8436
f 8442 8441 8440 8439
f 7464 7465 8445 8444
f 8443 8446 7464 8444
f 8447 6863 6864
f 7544 8449 8448
f 5569 7544 8448 7047
f 8450 7684 7489 8334
f 8452 7688 7685 8451
f 8454 7730 7723 8453
f 8453 7723 7688 8452
f 5652 8456 8455 7223
f 8460 8459 8458
f 8460 8458 8457
f 8461 8460 8457 8456
f 5652 7585 8021 8461 8456
f 7227 7228 8464 8463 8462
f 7113 7114 8467 8466 8465
f 8468 8467 7114 7087
f 7638 8468 7087 5616
f 7661 7662 8475
f 8111 8472 7655 6959
f 8475 8474 8471
f 8473 8472 8111
f 8474 8473 8111 8471
f 8470 8469 7661 8475 8471
f 8116 8481 8480 8479
f 8476 8115 8116 8478
f 8116 8479 8478
f 8478 8477 8476
f 8486 8485 8484 8483
f 8482 8488 8487 8486 8483
f 7541 8348 8489 5384
f 8491 8354 8352 8490
f 8500 8499 8498
f 7845 8504 8507 8506 8505
f 8511 8510 8509
f 8511 8509 8493 8492 8343
f 8503 7848 5531
f 8502 8501 8500
f 8494 8497 8496 8495
f 8503 8498 8494 8508 8507 8504
f 8498 8503 5531 6807 8502 8500
f 8498 8497 8494
f 8494 8493 8509 8508
f 8511 7414 8505 8506 8510
f 7608 7609 8515
f 7608 8515 8513 8512 8072
f 8513 8514 7372 7359
f 8515 8514 8513
f 8522 8521 8520 8519
f 8523 8522 8519 8518
f 8523 8518 8517 8516
f 8525 8526 7618 7619
f 8524 8527 8526 8525
f 8524 7614 7615 8527
f 8530 8529 8528
f 8532 8531 8530 8528
f 8533 8532 8528
f 8534 7626 7627
f 7631 7632 8535
f 7627 7631 8535 8534
f 8536 7984 5408
f 5408 8538 8537 8536
f 6889 8542 8541
f 8541 8540 8539
f 6889 8541 8539 6888
f 6896 5595 7901 8543
f 7906 7577 8416 8544
f 7139 7140 8214 8215
f 7143 5706 7226 8220
f 8546 8056 8057 8545
f 8549 8548 8547 8546
f 7585 7586 8549 8546 8545 8020
f 8550 8068 8069
f 8552 8551 8550
f 8069 8553 8552 8550
f 7591 7592 8555 8554
f 8556 8547 8548 8559
f 7608 8073 8557
f 8557 8556 8559 8558
f 8558 5814 7608 8557
f 8558 7601 5814
f 7396 8562 8561 8560
f 6805 8566 8565 8564
f 6805 8564 8563
f 8563 8562 7396
f 6805 8563 7396 8108
f 8560 8561 8567
f 8567 8565 8566
f 8566 5808 8560 8567
f 5383 5384 8489 8568
f 8570 8491 8490 8569
f 8292 8293 8571
f 8292 8571 7133 7130
f 8572 8597 8596
f 8591 8594 8593 8592
f 8586 8585 8579 8575 8574 8589
f 8594 8591 8590
f 8582 8581 7128
f 8578 8577 8576 8575
f 8589 8574 8573 8590
f 8579 8578 8575
f 8582 7128 7129
f 8583 8582 7129 8580
f 8595 8594 8590 8573 8572 8596
f 8579 8585 8584 8583 8580
f 8589 8588 8587 8586
f 8573 7897 7898 8572
f 8613 8610 8609 8608 8607
f 8602 8601 8599 8605 8604 8603
f 8601 8600 8599
f 8613 8612 8611 8610
f 8599 8598 8614 8606 8605
f 8607 8606 8614 8613
f 8615 7774 7775
f 8631 8630 8629
f 8618 8621 8620 8619
f 8616 8608 8609 8634
f 8625 8617 8616 8633 8632 8628
f 8631 8629 8628
f 8632 8631 8628
f 8625 8628 8626 7348 7345
f 8628 8627 8626
f 8617 8603 8604 8616
f 8617 8625 8624 8623
f 8616 8634 8633
f 8622 8621 8618
f 8623 8622 8618 8617
f 8618 8619 7325 5795 7754
f 8638 8637 8636 8635 8639
f 8642 8641 8640
f 8643 7343 7344
f 5408 5409 8644 8538
f 5383 8568 8645 5412
f 8646 8570 8569
f 7547 8648 8647 7546
f 7561 7562 8656 8651 8650 8649
f 8652 8651 8656 8655
f 8652 8655 7565
f 7565 5891 8654 8653 8652
f 8659 8658 8657
f 8660 8649 8650 8664
f 8132 8124 8661 8660
f 8129 8132 8660 8664 8663
f 6788 8129 8663 8653 8654
f 8124 8662 8661
f 5721 8673 8672 8671
f 8667 8665 8670 8669 8668
f 8667 8666 8665
f 8671 8670 8665 7999 5721
f 7167 8674 8672 8673
f 8676 8668 8669 8675
f 8676 7167 8401 8677
f 8678 8677 8401 8402 8680
f 8680 8679 8678
f 7167 8676 8675 8674
f 8684 8685 8678 8679 8405 8406
f 8682 8681 8666 8685 8684 8683
f 8683 8409 7444 8001 8682
f 8665 8666 8681
f 8689 8688 7460 8687
f 8692 8691 8690
f 8692 8690 8686 7463 7464
f 8690 8689 8687 8686
f 5926 8688 8689 8695
f 8697 8696 8693 8691 8692
f 8158 7048 5926 8694 8693 8696
f 5926 8695 8694
f 8299 8705 8703 8699 8698 8241
f 8702 8701 8700 8699
f 8705 8704 8703
f 8703 8702 8699
f 8705 8710 8708 8707 8706 8704
f 8710 8709 8708
f 8715 8714 8713 8712
f 8710 8716 8715 8711
f 8711 8709 8710
f 8715 8712 8711
f 8717 8706 8707 8719
f 8713 8714 8718 8700 8701 8717
f 8717 8719 8713
f 8727 8726 8725 8724
f 8720 8727 8724 8723
f 8720 8723 8722 8721
f 8730 8729 8728
f 8735 8734 8733
f 8731 8736 8735
f 8731 8735 8733 8732
f 8134 8738 8737 8133
f 8134 8733 8734 8738
f 8739 8745 8744
f 8743 8742 8741 8740 8739 8744
f 8749 8748 8747 8746
f 8753 8752 8751 8750 8754
f 8756 8211 8203 8755
f 8758 8215 8212 8757
f 8769 8768 8767 8766
f 8759 8769 8765 8763 8762 8761
f 8765 8764 8763
f 8761 8760 8759
f 8769 8766 8765
f 8776 8779 8778 8777
f 8775 8783 8782 8781 8780
f 8774 8772 8770 8784 8783 8775
f 8772 8771 8770
f 8773 8774 8173 8156
f 8780 8779 8776 8775
f 8773 8772 8774
f 8169 8170 8788 8787
f 8790 8789 8786 8785
f 8169 8787 8786
f 8789 8169 8786
f 8794 8793 8792 8791
f 8798 8797 8796
f 8800 8799 8798 8796 8801
f 8800 8340 8341 8799
f 8802 8801 8796 8795
f 8805 8808 8807 8806
f 8810 8809 8804 8803
f 8804 8809 8808 8805
f 8811 8817 8816 8815 8814
f 8811 8814 8813 8812
f 8820 8812 8813 8819
f 8821 8818 8815 8816
f 8818 8821 8820 8819
f 8827 8826 8825
f 8824 8823 8822
f 8822 8827 8825 8824
f 6798 8107 8828 8134
f 8836 8835 8834
f 8830 8829 8833 8832 8831
f 8834 8833 8829
f 8836 8834 8829 8294 8295
f 8416 8091 8838 8837
f 8839 8400 8401
f 8841 8840 8839
f 8401 8842 8841 8839
f 8846 8845 8844 8843
f 8868 8867 8866
f 8852 8857 8856 8855 8854 8853
f 8410 8860 8859 8851
f 8848 8847 8864 8863
f 8847 8869 8865 8864
f 8858 8857 8852
f 8859 8858 8852 8851
f 8860 8410 8411 8850
f 8865 8869 8868 8866
f 8849 8848 8861 8860 8850
f 8848 8863 8862 8861
f 8871 8435 6840 8870
f 8873 8442 8439 8872
f 8878 8877 8876
f 8876 8875 8874
f 8878 8876 8874 8882 8881 8880
f 8030 8878 8880 8382 8393 8049
f 8880 8879 8382
f 8884 8883 6986
f 8886 8149 8150 8885
f 8886 8885 8884
f 8884 6986 8283 8887 8886
f 8888 8114 6960
f 8112 8113 8891
f 8890 8892 8112 8891
f 8890 8897 8896
f 8899 8889 8888 6960
f 8896 8895 8894
f 8890 8889 8899 8898 8897
f 8894 8893 8892 8890 8896
f 8907 8906 8905
f 8907 8905 8900 8898 8899
f 8904 8894 8895 8901
f 8894 8904 8903 8902
f 8899 8321 8909 8908
f 8908 8907 8899
f 8900 8905 8904 8901
f 8917 8912 8911 8910
f 8917 8916 8915 8913
f 8915 8914 8913
f 8913 8912 8917
f 8922 8921 8920
f 8918 8923 8922
f 8918 8922 8920 8919
f 8925 8924 8928 8927 8926
f 8931 8930 8929
f 8283 8938 8937 8936
f 8934 8933 8932
f 8939 8283 8936 8935
f 8939 8935 8934 8932 8941 8940
f 8942 8937 8938
f 8274 8176 8177 8945 8944
f 8942 8938 8274 8944 8943
f 8943 8932 8933 8942
f 7047 8448 8946 8092
f 8957 8956 8955 8954 8953
f 8953 8952 8951 8950
f 8950 8949 8948 8947
f 8261 8262 8957 8953 8950 8947
f 8970 8963 8962 8961
f 8369 8370 8969 8968
f 8970 8369 8966
f 8369 8968 8967
f 8966 8965 8964
f 8960 8959 8958
f 8958 8271 8272
f 8970 8966 8964 8963
f 8369 8967 8966
f 8272 8970 8961 8960 8958
f 8971 8974 8973 8972
f 8797 8976 8975 8796
f 8978 8979 8825 8826
f 8824 8980 8977 8823
f 8977 8980 8979 8978
f 8988 8987 8986 8985
f 8981 8984 8983 8982
f 8981 8988 8985 8984
f 8990 8991 8986 8987
f 8989 8982 8983 8992
f 8989 8992 8991 8990
f 8975 8997 8996 8995 8994 8993
f 8975 8976 8997
f 8995 8996 8501 8502
f 7195 8373 8998 8314
f 9006 9005 9004
f 9007 9006 9004 9003
f 8369 9008 9007 9002 9000 8999
f 9002 9001 9000
f 8999 8368 8369
f 9007 9003 9002
f 8321 9009 9004 9005
f 9000 9001 9010 8322
f 8322 9010 9009 8321
f 7113 8465 9018 9017
f 9011 9014 9013 9012
f 9016 9015 8104 7113
f 8104 9015 9014 9011
f 7113 9017 9016
f 8486 8487 9020 9019
f 9026 9025 9024 9023
f 8116 9022 9021 8481
f 8116 9026 9023 9022
f 9027 9030 9029 9028
f 9027 6888 8539 9030
f 9034 9033 9032
f 9031 9035 9034
f 9031 9034 9032 8837
f 9037 9036 8544
f 9032 9033 9037
f 8544 8416 9032 9037
f 9041 9040 9039 9038
f 9044 9043 9042
f 9047 9046 9050 9049 9048
f 9051 9050 9046
f 9045 8203 8204 9051 9046
f 9053 8461 8021
f 9054 9056 9055 8459 8460
f 9054 9053 9057 9056
f 9057 9053 8021 9052
f 8221 8222 9058
f 8109 7139 8215 8758
f 8076 9061 9060 8075
f 9062 8080 7133 9059 8830 8831
f 8080 9062 9061 8076
f 7133 8571 9059
f 8831 9063 9062
f 7167 8105 9065
f 7167 9065 9064
f 7167 9064 8842 8401
f 8072 9070 9068 9067 9066
f 9068 9069 8392 8378
f 8072 8512 9070
f 9070 9069 9068
f 9077 9076 9075 9074
f 9078 9077 9074 9073
f 9078 9073 9072 9071
f 9080 9081 8520 8521
f 9079 9082 9081 9080
f 9079 8516 8517 9082
f 9086 9085 9084 9083
f 9088 9089 8529 8530
f 9088 9087 9091 9090
f 9090 9089 9088
f 9093 9094 6825 6826
f 8994 9095 9092 8993
f 9092 9095 9094 9093
f 9099 9101 9100 9096
f 9098 9097 9103 9102
f 9097 9096 9100 9103
f 9098 9102 9101 9099
f 9104 9107 9106 9105
f 9112 9111 9110 9109
f 9104 9112 9109 9108
f 9108 9107 9104
f 9113 9105 9106 9115
f 9114 9113 9115 9110 9111
f 9118 9117 9116
f 8296 9121 9120 9119
f 9118 9116 9125 9124 9123 9122
f 9125 9116 9129 9126
f 9129 9128 9127
f 9122 9121 8296 9118
f 9129 9127 9126
f 8295 9119 9120 9133
f 9131 9132 9123 9124
f 8295 9133 9132
f 9134 8295 9132 9131 9130
f 9130 9135 9134
f 9138 8629 9137
f 9136 9139 9138 9137
f 6887 6888 9027 8029
f 8108 7396 8417 9142
f 8108 9142 9141 9140
f 8418 8419 9144 9143
f 9148 9147 9146 9145
f 9149 6833 6828 8190
f 9154 9153 9152
f 9154 9152 9151 9150
f 9157 9156 9155
f 6840 6841 9157
f 9155 8870 6840 9157
f 8022 9160 7014 7015
f 9159 9158 9092 9093 9161
f 9159 9161 9160 8022
f 9163 9162 9166 9170
f 9165 9164 9169 9168
f 9165 9167 9166 9162
f 9170 9169 9164 9163
f 9168 9167 9165
f 9172 9175 9174 9173
f 9177 9171 9180 9178
f 9176 9175 9172
f 9171 9177 9176 9172
f 9180 9179 9178
f 8760 9185 9184
f 8759 8760 9184 9183
f 8759 9182 8441 8442
f 8759 9183 9182
f 9182 9181 8441
f 8446 8770 8771 9187
f 8446 9186 8697 7464
f 8446 9187 9186
f 8792 9192 9191 9190
f 9189 9188 8791
f 9189 8791 8792 9190
f 6774 8410 9197 9196
f 6773 6774 9196 9195 9194
f 9194 9193 6773
f 9201 9200 9199
f 6783 6784 9198
f 9201 9199 6783 9198 9203
f 9203 9202 9201
f 8449 9209 9208 9207
f 8448 9206 9205 9204
f 8448 8449 9207 9206
f 8727 9213 9212 9211
f 8720 9210 9215 9214
f 8720 9214 9213 8727
f 9222 9221 9220 9219
f 9218 9217 9216
f 9222 9219 9218 9216
f 9230 9223 9220 9221
f 9229 9228 9227
f 9227 9226 9225 9216 9217 9224
f 9229 9227 9224 9223 9230
f 9233 9232 9231
f 9236 9237 9228 9229
f 9225 9226 9239
f 9235 9238 9237 9236
f 9239 9238 9235 9234 9225
f 9241 8769 8759 9240
f 9244 9243 9242 9199
f 8134 8828 9245 8732
f 8920 9247 9246 8919
f 9250 9249 9248
f 9252 9256 9255 9254 9253
f 9258 9261 9260 9259
f 9256 9252 9251 9262 9257
f 9257 9262 9261 9258
f 9265 9264 9263
f 9028 9266 9265
f 9263 9027 9028 9265
f 9268 9267 9274
f 9268 9274 9273 9272
f 9269 9268 9272 9271 9270
f 8837 9277 9276 9275 9031
f 9279 9282 9281 9280
f 9278 8768 8769 9283 9282 9279
f 9284 9286 8931 8929 9285
f 8789 9289 9288 9287
f 9289 8789 9294 9293 9292
f 9292 9290 9289
f 9292 9291 9290
f 9295 8169 9287 9288 9296
f 9295 9296 9290 9291
f 9299 9298 9297
f 8928 9301 9300 8927
f 8930 8931 9304 9303 9302
f 9305 8887 8283 9308 9307 9306
f 8283 8939 9309 9308
f 9313 9312 9311 9310
f 9316 9319 9318 9317
f 9314 8993 9092 9315
f 9092 9319 9316 9315
f 9323 9325 9324 9320
f 9322 9321 9327 9326
f 9321 9320 9324 9327
f 9322 9326 9325 9323
f 9334 9333 9332 9331
f 9335 9334 9331 9330
f 9335 9330 9329 9328
f 9341 9338 9337 9336
f 9341 9340 9339 9338
f 9342 9065 8105
f 9346 9343 9342 8105
f 8842 9064 9344
f 9346 9345 8842 9344 9343
f 9354 9353 9352
f 9348 9351 9350 9349
f 9348 9347 8029 9027 9354 9352
f 9027 9263 9354
f 9352 9351 9348
f 9355 9261 9262
f 9356 9355 9262
f 9357 8755 8203 9045
f 9359 9041 9038 9358
f 9006 9360 8909 8321
f 9366 9367 9007 9008
f 8916 8917 9363 9362
f 9365 9369 9368 9366
f 9361 9364 8916 9362
f 9368 9367 9366
f 9370 9369 9365 9364 9361
f 9361 9360 9006 9370
f 9371 9374 9373 9372
f 9382 9381 9380 9379
f 9383 9382 8920
f 9375 9378 9377 9376
f 8920 8921 9384 9383
f 8920 9382 9379 9375
f 9379 9378 9375
f 9385 9319 9092
f 9387 9386 9385
f 9092 9158 9387 9385
f 9390 9389 9388
f 9393 9392 9391
f 9394 9393 9391
f 9398 9397 9396 9395
f 9406 9401 9400 9399
f 9405 9404 9403 9402
f 9406 9405 9402 9401
f 9410 9409 9408 9407
f 9411 9414 9413 9412
f 9415 9420 9419
f 9417 9416 9415 9419 9418
f 9424 9423 9422 9421
f 9428 9427 9426 9425
f 9436 9431 9430 9429
f 9435 9434 9433
f 9436 9435 9433 9432 9431
f 9437 9440 9439 9438
f 9435 9442 9441 9434
f 9422 9423 9444 9443
f 9454 9453 9452
f 9456 9455 9454 9452 9451
f 9449 9448 9447
f 9447 8028 8029
f 9456 9451 9450
f 9449 9445 9457 9456 9450
f 9447 8029 9347 9446 9445 9449
f 9445 9426 9427 9457
f 9460 9459 9458
f 9461 9482 9481 9480
f 9468 9467 9471 9470 9469
f 9465 9464 9463
f 9467 9466 9474 9473 9472 9471
f 9479 9478 9477 9476
f 9462 9461 9480 9479
f 9465 9475 9474 9466
f 9465 9463 9462 9479 9476 9475
f 9483 9481 9482
f 9472 9473 9485
f 9488 9469 9470 9487
f 9483 9484 9477 9478
f 9482 9488 9487 9486
f 9483 9482 9486 9472 9485 9484
f 9491 9490 9489
f 9492 9491 9489
f 9489 8836 8295 9134 9492
f 9496 9495 9494 9493
f 9499 9498 9497
f 9503 9502 9501 9500 9499 9497
f 9500 9501 8881 8882
f 9503 9066 9067 9502
f 9505 9506 9075 9076
f 9504 9507 9506 9505
f 9504 9071 9072 9507
f 9508 9515 9514 9513
f 9509 9512 9511 9510
f 9513 9512 9509 9508
f 9517 9084 9510 9511
f 9516 9514 9515 9083
f 9516 9083 9084 9517
f 9519 8802 8795
f 9518 9522 9520 9519 8795
f 9518 9523 9522
f 9521 8038 8039 9520
f 9522 9521 9520
f 9526 9529 9528 9527
f 9525 9530 9529 9526
f 9525 9524 9531 9530
f 9536 9535 9534
f 9532 9536 9534 9533
f 9537 9538 8810 8803
f 9537 9540 9539 9538
f 9540 8806 8807 9539
f 9542 8075 9544 9543
f 8075 9542 9541 8086
f 9547 9546 9545
f 9551 9550 9549 9548 9553 9552
f 9557 9556 9555 9554
f 9561 9560 9559 9558
f 9565 9564 9563 9562
f 9586 9590 9589 9588 9587
f 9581 9566 9197 8410
f 8410 8851 9582 9581
f 9585 9591 9590 9586
f 9578 9570 9567 9566 9580
f 9583 9592 9591 9585 9584
f 9571 9577 9576 9572
f 9566 9581 9580
f 9582 8851 9592 9583
f 9576 9575 9573 9572
f 9575 9574 9573
f 9570 9569 9568 9567
f 9570 9578 9577 9571
f 9580 9579 9578
f 9200 9598 9597 9596
f 9595 9594 9593
f 9596 9595 9200
f 9200 9595 9593 9199
f 9593 9603 9602 9601
f 9599 9597 9598
f 9604 9603 9593 9594 9600
f 9599 9598 9606 9605 9604
f 9604 9600 9599
f 9244 9601 9602 9608
f 9609 9244 9607 9605 9606
f 9244 9608 9607
f 9240 8759 8442 8873
f 8105 9612 9611 9610
f 9617 9616 9615 9614
f 9617 9613 8105 8106
f 9613 9612 8105
f 9617 9614 9613
f 9610 9611 9618
f 9346 9610 9618 9615 9616
f 8946 9625 9624 9623
f 9623 9622 9619 8946
f 9619 9622 9621 9620
f 9626 9624 9625
f 9204 9627 9626
f 9625 8448 9204 9626
f 9630 9629 9628
f 9620 9621 9632
f 9632 9631 9210
f 9210 8720 9620 9632
f 8091 8092 9633 8838
f 8273 9637 9636
f 9199 9242 8272 8273 9636 9635
f 9199 9634 8247 6783
f 9635 9634 9199
f 8300 9638 9641 9640 9639
f 9645 9644 9643
f 9643 9642 9648 9647 9646
f 9646 8716 9645 9643
f 9648 9642 9641 9638
f 9639 9640 9649
f 9645 8299 9639 9649 9644
f 9650 9653 9652 9651
f 9128 9655 9654
f 9653 9135 9128 9654
f 9650 9656 9134 9135 9653
f 9658 8146 9659 9651 9652
f 8146 8147 9659
f 9657 9654 9655
f 9658 9657 9655 9129 8146
f 9038 9039 9661 9660
f 8012 9665 9664 9663
f 9668 9667 9666
f 9668 9666 8012 9662
f 9666 9665 8012
f 8021 9663 9664 9670
f 9669 9667 9668
f 9668 9052 8021 9669
f 8021 9670 9669
f 9672 9671 9026
f 8117 9672 9026 8116
f 8050 9679 9675 9674 9673
f 8050 8051 9679
f 9675 9679 9678
f 9675 9678 9677 9676
f 9685 9684 9683 9682
f 9686 9685 9682 9681
f 9686 9681 9680 9687
f 9689 9692 9691 9690
f 9693 9692 9689 9688
f 9688 9695 9694 9693
f 9699 9698 9697 9696
f 9703 9702 8061
f 9703 8061 9701
f 9704 9703 9701
f 8060 8061 9702 9707
f 9706 9705 9700
f 8060 9707 9706
f 9705 9704 9701 9700
f 9706 9700 8060
f 9710 9708 9676 9677
f 9708 9710 8072 9066
f 9066 9709 9708
f 9710 8071 8072
f 9541 9711 8196 8086
f 9564 9713 9712 9563
f 9716 9715 9714 9550 9551
f 9720 9719 9718 9717
f 9723 9722 9721
f 9724 9647 9648
f 8106 8241 8698 9728
f 9727 8718 8715
f 8106 9727 8715 9726
f 8106 9728 9727
f 9725 9617 8106
f 9726 9725 8106
f 9729 9734 9733
f 9732 9731 9730
f 9733 9732 9730 9729
f 8050 9740 9739 9738
f 9735 9744 8012 8013 9743
f 9742 8017 8018 9741
f 8050 9738 9737 9742 9741 8059
f 9737 9736 9735 9743 9742
f 8108 9140 9745 8107
f 8732 9245 9747 9746
f 8828 9749 9748 9245
f 9763 9762 9761
f 9754 9757 9756 9755
f 9761 9760 9759
f 9765 9763 9759 9752 9751 9750
f 9752 9759 9758 9757 9754 9753
f 9765 9764 9763
f 9763 9761 9759
f 9243 9771 9770 9769
f 9242 9768 9767 9766
f 9242 9243 9769 9768
f 9776 9775 9774
f 9772 9777 9776
f 9772 9776 9774 9773
f 9779 9778 9551 9552
f 9786 9782 9781 9780
f 9786 9785 9783 9782
f 9785 9784 9783
f 9789 9813 9792 9791 9790
f 9798 9809 9808 9807
f 9820 9819 9818 9817
f 9824 9823 9822 9820 9816 9815
f 9811 9810 9809
f 9788 9787 9825 9824
f 9801 9800 9799
f 9796 9812 9811
f 9805 9804 9803 9802 9801 9799
f 9820 9817 9816
f 9794 9793 9792
f 9812 9795 9794 9792 9813
f 9822 9821 9820
f 9798 9797 9796 9811 9809
f 9824 9815 9814 9789 9788
f 9789 9814 9813
f 9798 9806 9805 9799
f 9796 9795 9812
f 9807 9806 9798
f 9828 9827 9826
f 9831 9830 9829
f 9834 9833 9832
f 8931 9286 9840 9839
f 8931 9838 9837 9836
f 8931 9836 9835 9304
f 9839 9838 8931
f 9375 9841 9247 8920
f 9249 9843 9842 9248
f 9844 9497 9498 9847
f 9844 9847 9846 9845
f 9855 9854 9853 9852
f 9848 9851 9850 9849
f 9848 9855 9852 9851
f 9863 9862 9861 9860
f 9864 9858 9857 9856
f 9863 9860 9859
f 9864 9863 9859 9858
f 9865 9867 9866 9573 9574
f 9870 9244 9609 9869
f 9868 9871 9870 9869
f 9872 9877 9876 9875
f 9872 9875 9874 9873
f 8838 9880 9879 9878
f 8838 9633 9881 9880
f 9884 9882 9873 9874 9886
f 9886 9885 9884
f 9884 9883 9882
f 9551 9778 9888 9887 9716
f 8946 9619 9890 9889
f 9008 9895 9894
f 9008 9894 9893
f 9008 9893 9892 9891 9366
f 9898 9897 9896
f 9900 9899 9375 9376
f 9903 9902 9901
f 9726 8715 9905 9904 9903 9901
f 9909 9908 9907
f 9905 9910 9909 9907 9906
f 9906 9904 9905
f 9617 9725 9911
f 9902 9903 9914
f 9913 9911 9902 9914
f 9913 9908 9909
f 9617 9911 9913 9909 9912
f 9915 9887 9888 9917 9916
f 9924 9923 9922
f 9925 9924 9922 9921
f 9919 9918 8716
f 9646 9926 9920 9919 8716
f 9920 9926 9925 9921
f 9930 9929 9928 9927
f 9923 9924 9932
f 9918 9923 9932
f 9910 8715 8716 9918 9932
f 9932 9931 9910
f 9929 9934 9933 9928
f 9358 9038 9660 9935
f 9269 9270 9939 9938
f 9269 9938 9937 9936
f 8837 9941 9940 9277
f 8837 8838 9878 9941
f 9877 9872 9936 9937 9943
f 9943 9942 9877
f 8092 8946 9889 9633
f 9944 9950 9949
f 9948 9947 9946
f 9946 9945 9944 9949 9948
f 9953 9952 9951
f 9961 9955 9954 9953 9951 9962
f 9958 9957 9946 9956 9955 9960
f 9946 9947 9956
f 9960 9959 9958
f 9955 9961 9960
f 9963 9966 9965 9964
f 9975 9974 9973 9972
f 9975 9972 9970 9968 9967 9976
f 9970 9969 9968
f 9972 9971 9970
f 9977 9970 9971
f 9656 9980 9973 9974
f 9981 9656 9650 9979 9978
f 9978 9977 9971 9981
f 9981 9980 9656
f 9982 9492 9134
f 9490 9491 9983
f 9984 9490 9983
f 9984 9983 9982
f 9984 9982 9134 9656
f 9495 9496 9985 9987 9986
f 9989 8831 9994 9992 9991 9990
f 9988 9063 8831
f 9989 9988 8831
f 9994 9993 9992
f 9997 9996 9995
f 9998 10001 10000 9999 9546 9547
f 10004 10003 10002
f 10005 9552 9553
f 9544 8075 9060
f 9660 9661 10007 10006
f 10008 10012 10011
f 10011 10010 10009 10008
f 10015 10014 10013
f 8012 9744 10015
f 10013 10016 9662
f 10013 9662 8012 10015
f 10017 10021 10020
f 10018 9731 9732 10019
f 10017 10020 9731 10018
f 10023 10022 9619
f 8721 10024 10023
f 9619 8720 8721 10023
f 10026 9746 10025 10028 10027
f 8732 10030 10029 8731
f 8732 10026 10027 10030
f 9242 9766 8970 8272
f 9345 10031 8841 8842
f 9345 9871 9868 10031
f 9867 9865 8867 8868 10032
f 10043 10042 10036 10035 10034
f 10041 10040 8795 8796 10038 10037
f 10040 10039 8795
f 10042 10041 10037 10036
f 10034 10033 10044 10043
f 10047 10050 10049 10048
f 10052 10051 10046 10045
f 10046 10051 10050 10047
f 10054 10053 10057 10060
f 10060 10059 10055 10054
f 10058 10057 10053
f 10058 10053 10056
f 10055 10059 10058 10056
f 10066 10065 10064
f 10063 10062 10061
f 10061 10066 10064 10063
f 10070 10069 10068 10067 10071
f 10072 10093 10092 10075 10074 10073
f 10072 10096 10095 10094 10093
f 8050 9673 10083 10076 10088 10087
f 10076 10075 10092
f 10082 10081 10080 10079
f 10076 10092 10091 10088
f 10082 10079 10078
f 10083 10082 10078 10077
f 10088 10091 10090 10089
f 10085 9740 8050
f 10083 10077 10076
f 9673 10084 10083
f 8050 10087 10086 10085
f 10097 10094 10100
f 10100 10099 10098 10097
f 10113 10112 10109 10103 10102 10101
f 10108 9709 9066 9497 10107 10106
f 9674 10111 10110 9673
f 10104 10103 10109
f 10109 10112 10111 9674
f 10109 10108 10105 10104
f 10108 10106 10105
f 10115 10116 9683 9684
f 10117 10116 10115 10114
f 10114 9687 9680 10117
f 10121 10120 9697
f 10126 9696 9697 10120
f 10119 10122 10121 9697
f 10118 9696 10126 10125
f 10119 10123 10122
f 10118 10125 10124
f 10123 10119 10118 10124
f 9845 9846 10131
f 10127 10130 10129 10128
f 10127 9523 9518
f 10127 9518 9845 10131 10130
f 9853 9854 10133
f 10132 9849 9850
f 10132 9850 9853 10133
f 8874 8875 10128 10129
f 10134 10135 9531 9524
f 10134 10137 10136 10135
f 10137 9527 9528 10136
f 10139 9536 9532
f 10138 10142 10141 10140
f 10138 10140 10139 9532
f 10146 10145 10144 10143
f 10143 9749 8828
f 8828 10147 10146 10143
f 10147 8107 9745 10149 10148
f 10148 10146 10147
f 10151 10150 9764 9765
f 8369 10154 10153 10152
f 10158 10157 10156 10155
f 8970 10159 10158 8369
f 8970 10164 10163 10160 10159
f 10158 10155 10154 8369
f 10163 10162 10161 10160
f 10170 10169 10152 10153 10167
f 10166 10156 10157 10165
f 9008 10168 10173
f 9895 10172 10171
f 9895 9008 10173 10172
f 10162 9895 10171 10166 10165 10161
f 10169 10168 9008
f 10167 10166 10171 10170
f 10169 9008 10152
f 10175 9897 9898 10174
f 10176 10181 10177 9313 9310
f 10179 8993 9314 10178
f 10177 10181 10180
f 10181 10176 10034 10035
f 10179 10178 10177 10180
f 8993 10179 10038 8796
f 10183 10184 10064 10065
f 10063 10185 10182 10062
f 10182 10185 10184 10183
f 10192 10191 10190 10189
f 10193 10192 10189 10188
f 10193 10188 10187 10186
f 10195 10194 8835 8836
f 10195 9994 8831 8832 10194
f 9997 9995 10196 10198 10197
f 10202 10201 10200
f 10203 10202 10200
f 9778 10204 10203
f 9888 9778 10203 10200 10199
f 10208 10207 10206
f 10205 10209 10208 10206
f 10205 10211 10210 10209
f 9844 10212 10210 10211
f 9844 9845 10213 10212
f 10221 10220 10219 10218
f 10214 10217 10216 10215
f 10214 10221 10218 10217
f 10222 10225 10224 10223
f 10222 10228 10227 10226 10225
f 10232 10223 10224 10231
f 10229 10226 10227
f 10233 10232 10231 10230
f 10233 10230 10229 10227
f 9929 10235 10234 9934
f 10236 10240 10239
f 9910 9931 10236
f 10237 9910 10236 10239 10238
f 10243 10242 10241
f 10244 10248 10247
f 10247 10246 10245 10244
f 10254 10253 10252 10251
f 10254 10250 10249 10255
f 10254 10251 10250
f 9966 10256 10259 10258 10257
f 10256 10260 10259
f 10262 10261 10267 10266 10265
f 10265 10264 10263 10262
f 9889 10270 10269 10268
f 9889 9890 10271 10270
f 10273 10272 10263 10264 10275
f 10275 10274 10273
f 10284 10283 10282 10281 10280
f 10276 10285 10279 10278 10277
f 10279 10285 10284 10280
f 10291 10290 10294 10293 10292
f 10286 10289 10288 10287
f 10286 10296 10295 10294 10290
f 10290 10289 10286
f 10300 10291 10292 10299
f 10297 10301 10300 10299 10298
f 10297 10287 10288 10301
f 10302 10306 10305
f 10305 10304 10303 10302
f 9767 10308 10307 9766
f 10309 10312 10311 10310
f 10309 9773 9774 10315 10314 10313
f 10313 10312 10309
f 9771 10316 9770
f 10319 10318 10317
f 10320 10323 10322 10321
f 10325 10324 10329 10328 10327 10326
f 10333 10332 10331 10330
f 10033 10034 10335 10334
f 9899 10336 9841 9375
f 9843 10337 9842
f 10344 10343 10342 10341
f 10338 10345 10341 10340 10339
f 10345 10344 10341
f 10346 9997 10197
f 10348 10347 9896 9897
f 10350 10349 10354
f 10354 10325 10353 10352 10351 10350
f 10355 9345 10359 10358 10357
f 10357 10356 10355
f 10360 10378 10377 10376
f 10375 10374 10373
f 10367 10366 10370 10369 10368
f 10364 10361 10375 10373 10372
f 10359 10379 10378 10360 10358
f 10361 10360 10376 10375
f 10365 10371 10370 10366
f 10361 10364 10363 10362
f 10364 10372 10371 10365
f 10382 10381 10380
f 10362 10363 10367 10368 10384
f 9871 10355 10356 10362 10384 10383
f 9844 10386 10107 9497
f 10388 10387 9844 10385
f 10387 10386 9844
f 10385 10101 10102 10388
f 10392 10394 10393 10389
f 10396 10395 10391 10390
f 10390 10389 10393 10396
f 10395 10394 10392 10391
f 10404 10403 10402 10401
f 10397 10400 10399 10398
f 10397 10404 10401 10400
f 10408 10398 10399 10407
f 10405 10409 10408 10406
f 10408 10407 10406
f 10409 10405 10402 10403
f 10414 10413 10412 10411 10410
f 9495 9986 10417 10416 10415
f 10332 10419 10418 10331
f 10335 10034 10176 10420
f 10424 10423 10422 10421
f 10427 10426 10425
f 10428 10427 10425
f 10425 9243 9244 9870 10428
f 10429 10432 10431 10430
f 10437 10433 10439 10438
f 9347 10434 10437 10436 10435
f 10437 10434 10433
f 10435 9446 9347
f 9422 9443 10441 10440
f 10207 10208 10448
f 10207 10448 10444 10443 10442
f 10444 10448 10447
f 10447 10446 10445 10444
f 10219 10220 10450
f 10449 10215 10216
f 10449 10216 10219 10450
f 9518 10452 10451 10213 9845
f 10452 10445 10446 10451
f 9518 10453 10452
f 10461 10460 10459 10458
f 10454 10461 10458 10457
f 10454 10457 10456 10455
f 10469 10468 10467 10466
f 10462 10469 10466 10465
f 10462 10465 10464 10463
f 9241 10470 9283 8769
f 10477 10476 10475 10474 10473
f 10472 10471 10478 10477 10473
f 9268 9269 10480 10479
f 10484 10483 10482 10481
f 9935 9660 10006 10485
f 10415 9494 9495
f 10411 10486 10410
f 10198 10196 10488 10487 10489
f 10195 8836 9489
f 9883 9884 10493 10492
f 9883 10492 10491 10490
f 9633 10495 10494 9881
f 9633 9889 10268 10495
f 10267 10261 10490 10491 10497
f 10497 10496 10267
f 9346 10500 10499 10498
f 10503 10501 9346 9617
f 10501 10500 9346
f 10503 10502 10501
f 10506 10498 10499 10505
f 10503 9912 10506 10504
f 10506 10505 10504
f 10504 10502 10503
f 10512 10507 10442 10443
f 10507 10512 10508 10044 10033
f 10512 10511 10508
f 10508 10511 10510 10509
f 10514 10515 10459 10460
f 10513 10516 10515 10514
f 10513 10455 10456 10516
f 10467 10468 10518
f 10517 10463 10464
f 10517 10464 10467 10518
f 10521 10509 10510 10520
f 10519 10453 9518 8795 10039 10521
f 10521 10520 10519
f 10525 10048 10049 10524
f 10522 10525 10524 10523
f 10522 10523 10052 10045
f 10084 9673 10110 10536
f 10527 10530 10529 10528
f 10537 10084 10536 10535 10532
f 10540 10531 10530 10527 10526
f 10539 10080 10081 10538
f 10533 10532 10535 10113 10534
f 10531 10538 10537 10532
f 10531 10540 10539 10538
f 10528 10529 10542
f 10534 10101 10541 10528 10542
f 10542 10533 10534
f 9997 10346 10545 10544 10543 9996
f 10346 10546 10545
f 10339 10340 10548 10547
f 10551 10550 10549
f 10552 10554 9779 9552 10005 10553
f 10423 10558 10557 10556
f 10423 10556 10555 10422
f 10562 10561 10560 10559
f 10564 10563 10567 9336 9337 10566
f 10566 10565 10564
f 10574 10573 10572
f 10568 10571 10570 10569
f 10574 10572 10571
f 10578 10577 10576
f 10578 10576 10575
f 10568 10578 10575 10574 10571
f 10581 10580 10579
f 10584 10583 10582
f 10586 10070 10071 10585
f 10587 10586 10585
f 10589 10099 10100 10588
f 10592 10591 10590
f 10600 10599 10598 10597
f 10595 10594 10593
f 10602 10601 10600
f 10593 10602 10600 10597 10596 10595
f 10606 10605 10604
f 10606 10604 10603
f 10613 10612 10609 10608 10607
f 10609 10612 10611 10610
f 10431 10615 10614 10430
f 10434 9347 9348 10616
f 10618 10478 10471 10617
f 8970 10621 10620 10619
f 10622 8970 9766 10307 10625
f 10622 10621 8970
f 10622 10625 10624 10623
f 10164 10619 10620 10628
f 10624 10626 10164 10627 10623
f 10164 10628 10627
f 10324 10325 10354 10629
f 10175 10630 10348 9897
f 10506 10379 9345 9346
f 9619 10022 10637
f 10637 10636 10635 10634
f 9890 10633 10632 10631
f 10633 9890 9619 10637 10634
f 10640 10639 10638 10642 10641
f 9746 10644 10643 10025
f 9746 10640 10641 10644
f 10561 10432 10429 10560
f 10645 10564 10565 9390 9388
f 9396 10647 10646 10648 9395
f 10649 10650 10439 10433
f 10649 9407 9408 10651
f 10651 10650 10649
f 9421 9422 10440 10652
f 10653 9987 9985 9965 9966 10257
f 10254 10654 10253
f 9984 9656 9975
f 9747 10657 10656 10655
f 10665 10664 10663
f 10663 10662 10661
f 10665 10663 10661 10660 10659 10658
f 10658 10667 10666 10665
f 10669 10297 10668
f 10670 10673 10672 10671
f 10678 10677 10676
f 10678 10676 10675 10674
f 10682 10681 10680 10679
f 10686 10685 10684 10683
f 10675 10689 10688 10687
f 10693 10692 10691 10690
f 10696 10695 10694 10698 10697
f 10701 10700 10699
f 10702 10711 10710
f 10704 10703 10702
f 10709 10708 10707
f 10710 10709 10707
f 10710 10707 10706
f 10704 10702 10710 10706 10705
f 10712 10715 10714 10713
f 10718 10717 10716
f 10720 10723 10722 10721
f 10732 10731 10726 10725
f 10727 10731 10730 10729 10728
f 10732 10720 10719 10733
f 10732 10725 10724 10723 10720
f 10731 10727 10726
f 10737 10736 10735 10734
f 10738 10745 10744 10743
f 10738 10741 10740 10739
f 10741 10738 10743 10742
f 10749 10746 10744 10745
f 10749 10748 10741 10747
f 10747 10746 10749
f 10741 10742 10747
f 10421 10422 10751 10750
f 10760 10759 10758 10757
f 10760 10754 10753 10752
f 10760 10757 10756 10755 10754
f 10764 10763 10762 10761 10765
f 10768 10767 10766
f 10755 10756 10770 10769 10768 10766
f 10772 10775 10774 10773
f 10776 10775 10772 10771
f 10472 10779 10778
f 10471 10472 10778 10777
f 10783 10782 10781 10780
f 10205 10788 10787
f 10787 10786 10785
f 10785 9844 10205 10787
f 10784 10385 9844 10785
f 10789 10795 10794
f 10793 10792 10791
f 10793 10791 10790
f 10789 10794 10793 10790
f 10798 10797 10796
f 10803 10802 10801 10800
f 10804 10803 10800 10799
f 10804 10799 10798 10796
f 10808 10807 10806 10805
f 10812 10811 10810 10809
f 10816 10815 10814 10813
f 10817 10820 10819 10818
f 10326 10821 10353 10325
f 10827 10826 10825 10824
f 10827 10824 10823 10822
f 10831 10830 10829 10828
f 10832 10428 9870
f 10836 10835 10834 10833 10839
f 10839 10838 10837 10836
f 10840 10426 10427
f 10844 10843 10842 10841
f 10841 10847 10846 10845 10844
f 10852 10851 10850
f 10850 10849 10848 10853 10852
f 10352 10353 10855 10854
f 10859 10858 10857 10856
f 10860 10863 10862 10861
f 10740 10863 10860 10739
f 10555 10865 10864
f 10422 10555 10864 10751
f 10877 10880 10879 10878
f 10883 10882 10866
f 10881 10880 10877
f 10869 10868 10881 10877 10876
f 10874 10873 10872 10871
f 10272 10273 10885 10883 10866
f 10869 10875 10874 10871 10870
f 10273 10886 10885
f 10882 10867 10866
f 10876 10875 10869
f 10882 10881 10868 10867
f 10885 10884 10883
f 9890 10631 10888 10887 10271
f 10890 10893 10892 10891
f 10638 10639 10895 10894 10890
f 10894 10893 10890
f 10890 10889 10638
f 10896 10901 10900 10899
f 10771 10898 10897 10776
f 10896 10903 10902 10901
f 10896 10899 10898 10771
f 10617 10471 10777 10904
f 10908 10907 10906 10905
f 10910 10909 10913
f 10913 10912 10911 10910
f 10915 10914 9779
f 10915 10920 10919 10918 10917 10916
f 10920 10915 9779 10554
f 10925 10922 10921 10926
f 10925 10924 10923 10922
f 10928 10931 10930 10929
f 10932 10506 10935 10933
f 10931 10928 10927
f 10506 10932 10931 10927 10379
f 10935 10934 10933
f 10938 10941 10940 10939
f 10935 10943 10942 10936 10934
f 10942 10941 10938
f 10942 10938 10937
f 10942 10937 10936
f 10950 10949 10948
f 10944 10952 10951 10950
f 10950 10948 10947 10946 10945 10944
f 10955 10954 10953
f 10861 10957 10956 10860
f 10896 10962 10961
f 10903 10896 10961
f 10903 10961 10960
f 10959 10958 10956
f 10960 10959 10956
f 10956 10957 10903 10960
f 10486 10963 10345 10338
f 10967 10965 10964
f 10964 10963 10486
f 10965 10967 10966 10343 10344
f 10964 10486 10411 10968 10967
f 10507 10033 10334 10969
f 10971 10333 10330 10970
f 10425 10972 9771 9243
f 10976 10975 10974
f 10973 10980 10979 10978 10977
f 10973 10977 10976 10974
f 10984 10983 10982 10981
f 10985 9872 9882 10986
f 10483 10984 10981 10482
f 9269 9872 10985 10480
f 10383 10832 9870 9871
f 10369 10370 10988 10987
f 10992 10991 10990
f 10838 10839 10992 10990 10989
f 10998 10997 10996 10995
f 10993 11001 11000 10999
f 10101 10385 10994 10993 10998
f 10993 10999 10998
f 10101 10998 10995 10541
f 11005 11004 11003
f 11006 11005 11003
f 9779 10914 11009
f 11008 11007 11006
f 11003 11002 10204
f 11009 11008 11006 11003
f 9779 11009 11003 10204 9778
f 10917 11014 11013 11012
f 10917 11012 11011 11010
f 11010 10916 10917
f 10917 11015 11014
f 11016 9910 11020 11019 11018
f 11018 11017 11016
f 11024 11023 11022
f 10237 11021 11019 11020
f 11021 10237 11025 11024 11022
f 9912 11016 11026 11023 11024
f 11016 11017 11026
f 9245 9748 11028
f 11028 11027 10657
f 9245 11028 10657 9747
f 9750 9751 11030 11029
f 11032 10667 11035 11034 11033
f 11032 11031 10666 10667
f 11036 11039 11038 11037
f 11040 10254 11051 11050
f 11042 11041 11040
f 11049 11048 11047 11046
f 11045 11042 11040 11050 11049 11046
f 11045 11044 11043 11042
f 10413 11052 11043 11044
f 11054 10654 11040 11041
f 10413 11053 11052
f 11053 10413 10414 10654 11054
f 10199 11057 11056 11055 9917 9888
f 11059 10242 10243 11058
f 10239 10240 11060 11062 11061
f 11063 10235 9929 9930
f 11065 10578 10568 11064
f 9912 11068 11067 11066
f 11069 11072 11071 11070
f 11069 11068 9912
f 9912 11074 11073 11072 11069
f 11075 11073 11074
f 11074 11025 11077 11076 11075
f 10506 11066 11067 11079
f 11070 11071 11082
f 11081 11080 11078 11070 11082
f 11080 10506 11079 11078
f 10943 11080 11083 11076 11077
f 11080 11081 11083
f 9746 9747 10655 10639
f 11091 11090 11089 11088
f 11084 11087 11086 11085
f 11084 11091 11088 11087
f 10569 11095 11094 11093
f 11092 10568 10569 11093
f 11096 11099 11098 11097
f 10526 11104 11103
f 11102 11109 11108 11107
f 11109 11102 11101 11100
f 11103 11106 11105 10540 10526
f 11107 11106 11103 11102
f 11112 11111 10912 11110
f 11115 11114 11113 10954
f 11119 11118 11117 11116
f 11124 11123 11122
f 11125 11124 11122
f 11132 11128 11127 11126
f 11125 11122 11121
f 11132 11125 11121 11120
f 11128 11132 11131 11130 11129
f 11126 11125 11132
f 11135 11134 11133
f 11136 11139 11138 11137
f 11142 11084 11141 11140
f 11143 11146 11145 11144
f 11143 11148 11147 11146
f 10655 10656 11151 11150 11149
f 11149 11152 10655
f 11155 11154 11153
f 11156 11160 11159 11158 11157
f 11163 11162 11161
f 10658 10659 11166
f 10658 11166 11165 11164
f 11168 11171 11170 11169
f 11174 11173 11172
f 11174 11172 11168 11167
f 11172 11171 11168
f 11177 11176 11175 11173 11174
f 11176 11180 11169 11170 11179
f 11178 11175 11176
f 11179 11178 11176
f 11184 11183 11182 11181
f 11193 11192 10822
f 11187 11186 11185 11195 11194
f 11189 11188 10823 11191 11190
f 10823 11188 11193 10822
f 11187 11194 11193
f 11188 11187 11193
f 10912 11111 11196 10911
f 10918 11198 11197 10917
f 10837 11201 11200 11199
f 11207 11206 11205
f 10837 11203 11202 11201
f 11205 11204 11203
f 10838 11207 11205 11203 10837
f 11209 11208 11213
f 11212 11211 11210 11209 11213
f 10852 10853 11216 11215 11214
f 11219 11218 11217
f 11223 11222 11221
f 11227 11220 11219 11217 11228
f 11225 11224 11223
f 11226 11225 11223 11221 11227
f 11221 11220 11227
f 10780 10781 11230 11229
f 11232 11233 10788 10205
f 11231 11236 11235
f 11234 11233 11232
f 11231 10805 10806 11236
f 11231 11235 11234 11232
f 10813 10814 11238 11237
f 11240 11239 10942 10943
f 11241 11115 10954 10955
f 11248 11247 11246 11245
f 11248 11245 11244
f 11248 11244 11243 11242
f 11249 11251 10923
f 11249 10923 10924 11250
f 11253 11254 11246 11247
f 11255 11252 11243 11256
f 11252 11255 11254 11253
f 11243 11244 11256
f 11260 11259 11258 11257
f 11264 11263 11262
f 11265 11264 11262
f 11261 10272 10866 11265 11262
f 11274 11272 11271 11270 11269
f 11274 11273 11272
f 9462 11283 11282 11281
f 11275 11268 11280 11279 11276
f 11266 9462 11280 11268 11267
f 11268 11275 11274 11269
f 9462 11281 11280
f 11276 11279 11278 11277
f 11290 11289 11288
f 11277 11278 11285
f 11284 11287 11286 11277 11285
f 11290 11288 11284 11282 11283
f 11288 11287 11284
f 11294 11293 11292
f 11298 11297 11296
f 11295 11294 11292
f 11298 11296 11295
f 10821 10326 11298 11295 11292
f 11292 11291 10821
f 11300 11299 11015
f 10917 11197 11300 11015
f 10821 11301 10855 10353
f 11304 11025 11306 11305
f 11303 11302 11240 10943
f 10943 11025 11304 11303
f 11307 11182 11183 11310
f 11307 11310 11309 11308
f 11311 11341 11340
f 11321 11320 11319 11318
f 11329 11328 11327 11326
f 11317 11316 11315 11314
f 11333 11332 11339 11338
f 11326 11325 11321 11317 11314 11329
f 11335 11334 11333
f 11314 11313 11331 11330 11329
f 11312 11311 11340 11339
f 11321 11318 11317
f 11322 11321 11325 11324 11323
f 11332 11331 11313 11312 11339
f 11338 11337 11336 11335 11333
f 11344 11327 11328 11343
f 11344 11342 11350 11347 10994 11345
f 11349 11348 11347
f 11347 11346 10994
f 11344 11343 11342
f 11350 11349 11347
f 11350 11342 11335 11336
f 11355 11354 11353
f 11353 11323 11324
f 11355 11353 11324 11352
f 11352 11351 11345 10385 10784 11355
f 11351 11344 11345
f 11356 11357 10783 10780
f 11356 11359 11358 11357
f 11360 11367 11366 11365 11364
f 11363 11362 11361
f 11364 11363 11361 11360
f 11110 11369 11365 11366
f 11370 10343 10966 11368
f 10343 11370 11369 11110
f 11368 11361 11362 11370
f 10343 11372 11371 10342
f 11375 11374 11373
f 11373 11371 11372
f 11372 11110 11375 11373
f 11375 10912 10913 11374
f 11377 10908 10905 11376
f 10972 11378 10316 9771
f 11380 11383 11382 11381
f 11380 11379 10973 10974 11385
f 11380 11385 11384 11383
f 11386 11390 11389 11388 11387
f 11392 11391 10326 10327 11393
f 11399 10381 10382
f 11394 10929 10930
f 11401 11400 11399
f 11404 11403 11402 11401 11396 11395
f 11394 10930 10940
f 11395 11394 10940 10941 11405 11404
f 11401 11399 10382 11398 11397 11396
f 11406 10953 10954
f 11407 11406 10954
f 11113 11413 11412
f 11412 11411 11410 11409
f 11407 10954 11113 11412 11409 11408
f 11415 11414 11416
f 11415 11416 10370 10371
f 11116 11117 11417
f 11418 11306 11025 10237
f 11420 11419 11423 11422 11421
f 11419 11428 11427 11426 11425 11424
f 11424 11423 11419
f 11421 11422 11430
f 11248 11242 11421 11430
f 11426 11432 11431 11429 11425
f 11431 11248 11430 11429
f 11433 11411 11412 11434
f 11417 11437 11436 11435
f 11212 11213 11438
f 11417 11117 11212 11438 11437
f 11207 11441 11440 11439
f 10989 11442 11207 10838
f 11442 11441 11207
f 11444 11443 10242 11059
f 10655 11152 11449
f 10655 11449 11448
f 11447 11446 11445
f 11445 10895 10639 10655 11448 11447
f 11455 11445 11454 11453 11452
f 11445 11446 11454
f 11455 11452 11451 11450
f 11457 11456 11460 11459 11458
f 11148 11462 11461 11147
f 10242 11443 11463 10241
f 10238 11464 11418 10237
f 11468 11467 11466
f 10844 11469 11468
f 10980 11466 11465 10979
f 10980 10843 10844 11468 11466
f 11472 11471 11470
f 11474 10849 10850 11475
f 11470 10849 11474 11472
f 11474 11473 11472
f 11226 11477 11476 11225
f 11232 10205 10206 11478
f 11482 11481 11480 11479
f 10827 11484 11483 11486
f 10827 10822 11485 11484
f 11494 11493 11492 11491
f 11084 11495 11494
f 11084 11085 11496 11495
f 11487 11141 11490 11489 11488
f 11084 11494 11491
f 11084 11491 11490 11141
f 11502 11501 11498 11497 11506
f 11000 11001 11500
f 11500 11499 11498
f 11498 11501 11000 11500
f 11505 11504 11503
f 11505 10996 10997 11504
f 11506 11505 11503 11502
f 11507 11510 11509 11508
f 11511 11064 10568 11092
f 11512 11091 11084 11142
f 11515 11514 11513
f 10925 11519 11518 11517
f 10925 11517 11516 10924
f 10262 10272 11261 11520
f 11522 11260 11257 11521
f 11308 10749 10738 11307
f 10201 11299 11300
f 11300 11523 10200 10201
f 11524 11539 11538
f 11525 11524 11538 11537 11536 11535
f 11525 11535 11534
f 11527 11526 11525
f 11121 11531 11533 11532 11120
f 11051 10254 10255
f 11527 11528 11051 10255
f 11529 11047 11528
f 11530 11534 11533 11531
f 11525 11534 11530 11529 11528 11527
f 11541 11540 10247 10248
f 10772 10773 11427 11428 11543
f 11543 11542 10772
f 11548 11547 11546 11545
f 11548 11545 11544 2472
f 11551 11550 11549
f 11552 11555 11554 11553
f 11555 11552 11558 11557 11556
f 11561 11560 10712 11566 11565 11564
f 11568 11559 11556 11557
f 11560 11559 11568 11567 10712
f 11561 11564 11563 11562
f 11569 11572 11571 11570
f 11576 11575 11574 11573
f 11580 11579 11578
f 11582 11581 11580
f 11577 11583 11582 11580 11578
f 11584 11587 11586 11585
f 11590 11589 11588
f 11596 11595 11594 11593 11592 11591
f 11599 11598 11597
f 11607 11602 11601 11600
f 11606 11605 11604 11603
f 11607 11606 11603 11602
f 11611 11610 11609 11608
f 11612 11616 11615 11614 11613
f 11617 11619 11311 11618
f 11134 11621 11620 11133
f 11628 11627 11626
f 11624 11629 11628 11626 11625
f 11631 11630 11629 11624 11623 11622
f 11622 11130 11131 11631
f 11636 11635 11634
f 11638 11637 11636
f 11641 11640 11639 11156
f 11638 11636 11634
f 11156 11157 11638
f 11633 11632 11641 11156 11638 11634
f 11632 11642 11641
f 11645 11644 11596 11643
f 11649 11648 11647 11646
f 11651 11650 11211 11212
f 11666 11665 11664
f 11666 11664 11663 11662
f 11658 11657 11654 11653
f 11652 11666 11662 11661
f 11660 11653 11652
f 11652 11661 11660
f 11653 11660 11659 11658
f 11656 11655 11654
f 11657 11656 11654
f 11669 11668 11667
f 11675 11674 11673
f 11671 11670 11676
f 11671 11676 11675 11673 11672
f 11682 11681 11680
f 11682 11680 11679
f 11682 11679 11678
f 11688 11687 11686 11685 11684
f 11682 11672 11688 11683
f 11671 11672 11682 11678 11677
f 11688 11684 11683
f 11577 11692 11691 11690
f 11697 11696 11695 11694
f 11689 11697 11694 11693 11577
f 11693 11692 11577
f 11698 11583 11690 11691
f 11695 11696 11583 11698
f 11703 11702 11701
f 11575 11708 11707
f 11701 11700 11699 11574
f 11703 11706 11705 11134 11135 11704
f 11574 11575 11707 11703 11701
f 11707 11706 11703
f 11711 11710 11709 11716 11715
f 11132 11120 11712 11715 11714
f 11120 11713 11712
f 11712 11711 11715
f 11653 11717 11184 11181
f 11653 11654 11718 11717
f 11485 10822 11192
f 11722 11485 11192 11721
f 11719 11722 11721 11720
f 11719 11720 11195 11185
f 11259 11724 11723 11258
f 11262 11263 11450 11451 11726 11725
f 11689 11252 11253 11728
f 11689 11728 11727 11697
f 11516 11730 11729
f 10924 11516 11729 11250
f 11595 11733 11732 11731
f 11644 11733 11595 11596
f 11647 11648 11736 11735 11734
f 11740 11739 11738 11737
f 11487 11488 11741
f 11744 11743 11742
f 11751 11750 11749
f 11747 11746 11745
f 11748 11747 11745
f 11751 11749 11748 11745
f 11752 11756 11755 11754 11753
f 11758 11757 11609 11610
f 11341 11311 11619
f 11337 11341 11619 11759
f 11759 11760 11350 11337
f 11761 11764 11763 11762
f 11766 11573 11574 11765
f 11777 11776 11775
f 11772 11538 11539
f 11709 11710 11783 11782
f 11782 11781 11762 11709
f 11784 11762 11779 11774 11770 11769
f 11779 11778 11777
f 11769 11768 11767 11784
f 11779 11777 11775
f 11762 11781 11780
f 11773 11772 11539
f 11779 11775 11774
f 11770 11774 11773 11539 11771
f 11762 11780 11779
f 11574 11699 11765
f 11788 11787 11786 11785
f 11120 11532 11789 11791 11790
f 11790 11713 11120
f 11792 11112 11110 11367
f 11118 11651 11212 11117
f 11795 11794 11793
f 11793 11796 11569
f 11793 11569 11570 11795
f 11227 11806 11805 11804
f 11799 11798 11797 11612
f 11227 11803 11800 11612 11613
f 11802 11801 11800
f 11227 11228 11806
f 11803 11802 11800
f 11227 11804 11803
f 11800 11799 11612
f 11807 11808 11319 11320
f 11807 11810 11315 11316 11809
f 11811 11810 11807
f 11311 11312 11811
f 11809 11808 11807
f 11311 11811 11807 11618
f 11356 10780 11229 11812
f 10821 11291 11817 11816
f 11301 10821 11816 11815 11814
f 11814 11813 11301
f 11820 11819 11818 11822 11821
f 11823 11826 11825 11824
f 11828 11831 11830 11829
f 11828 11833 11832 11831
f 11834 11833 11828 11827 11835
f 11823 11824 11840
f 11836 11823 11840 11839
f 11836 11839 11838 11837
f 11844 11843 11842 11841
f 11852 11846 11845 11854 11853
f 11850 11849 11848 11847
f 11847 11846 11852 11851 11850
f 11857 11855 11846 11860 11859 11858
f 11857 11856 11855
f 11846 11847 11861
f 11846 11861 11860
f 11600 11601 11862
f 11867 11866 11865 11864 11863
f 11870 11869 11868
f 11588 11589 11870 11868
f 11871 11632 11633 11874 11873 11872
f 11877 11876 11875
f 11881 11880 11879 11878
f 11885 11884 11883 11882
f 11886 11643 11596 11591
f 11887 11708 11575 11891 11890
f 11889 11888 11887 11890
f 11705 11888 11889 11621 11134
f 11894 11893 11892
f 11634 11894 11892 11633
f 11633 11892 11896 11895 11874
f 11901 11900 11899
f 11855 11901 11899 11898 11897
f 11855 11903 11902 11901
f 11855 11856 11903
f 11910 11906 11905 11904
f 11909 11908 11907 11906 11910
f 11911 11914 11913 11912
f 11915 11920 11918 11917 11916
f 11920 11919 11918
f 11652 11922 11921
f 11923 11652 11921
f 11924 11923 11921
f 11925 11891 11575 11576
f 11928 11927 11926
f 11930 11933 11932 11931
f 11937 11936 11935 11934
f 11929 11938 11934 11933 11930
f 11938 11937 11934
f 11931 11940 11939 11930
f 11946 11945 11944
f 11944 11943 11942
f 11947 11946 11944
f 11947 11944 11942 11941 11951 11950
f 11947 11950 11949 11948
f 11955 11954 11953 11952
f 11960 11959 11948 11958 11957 11956
f 11961 11960 11956 11963 11962
f 11948 11949 11958
f 11970 11969 11973 11972 11971
f 11980 11979 11978
f 11966 11965 11964
f 11981 11978 11977 11967 11966 11964
f 11977 11976 11975 11974 11968 11967
f 11981 11980 11978
f 11968 11974 11973 11969
f 11989 11992 11991 11990
f 11987 11986 11985
f 11983 11982 11993 11992 11989
f 11988 11987 11985 11983 11989
f 11985 11984 11983
f 11996 11995 11994
f 11999 11998 11997
f 12002 12001 12000
f 12006 12005 12004 12003
f 12007 12011 12010 12009
f 12009 12008 12007
f 11962 11964 11965 12013 12012 11961
f 12015 11971 12014 12013
f 11965 12015 12013
f 12016 11939 12020 12019 12018
f 12018 12017 12016
f 12021 12019 12020
f 12020 11940 12023 12022 12021
f 12025 12024 12016 12017 12026
f 12028 12025 12027 12022 12023
f 12025 12026 12027
f 12034 12033 12032
f 12029 12036 11988
f 12030 12034 12032 12031
f 12029 11988 12035 12030
f 12035 12034 12030
f 12037 12042 12041
f 12040 12039 12038 12037 12041
f 12043 12046 12045 12044
f 12048 12046 12043 12032 12033
f 12048 12047 12046
f 12055 12054 12053
f 12028 12055 12053 12052
f 12051 12050 12049
f 12028 12051 12049 12024
f 12028 12052 12051
f 12063 12062 12061
f 12061 12060 12059
f 12064 12063 12061
f 12059 11971 12064 12061
f 11971 12057 12056 12014
f 11971 12059 12058 12057
f 12071 12074 12073 12072
f 12065 12068 12067 12066
f 12078 12075 12070
f 12080 12079 12078
f 12075 12074 12071 12070
f 12078 12070 12069 12084 12083 12080
f 12080 12083 12082 12081
f 12084 12069 12068
f 12075 12078 12077 12076
f 12084 12065 11990 11991
f 12084 12068 12065
f 12087 12086 12085
f 12088 12091 12090 12089
f 12093 12092 12072 12073 12099
f 12098 12076 12077
f 12094 12093 12098 12077 12097
f 12094 12097 12096 12095
f 12093 12099 12098
f 12101 12100 12010 12011
f 12102 12105 12104 12103
f 12111 12110 12109
f 12113 12112 12111
f 12107 12106 12113 12111 12109
f 12109 12108 12107
f 12106 12115 12114 12113
f 12119 12118 12117
f 12126 12125 12121 12120 12119
f 12117 12116 12127
f 12119 12117 12127 12126
f 12125 12124 12123 12122 12121
f 12131 12130 12129 12128
f 12107 12108 12133
f 12132 12107 12133 12122 12123
f 12137 12136 12135 12134
f 12144 12143 12142
f 12144 12142 12141 12140 12139
f 12147 12146 12145 12138 12094
f 12138 12145 12144 12139
f 12148 12150 12149 12142 12143
f 12095 12154 12153 12148 12146 12147
f 12150 12148 12153 12152 12151
f 12158 12157 12156 12155
f 12161 12170 12169 12168 12162
f 12178 12177 12176 12175
f 12151 12152 12172 12171 12170 12161
f 12178 12175 12174 12160 12159 12179
f 12047 12048 12165 12164
f 12168 12163 12162
f 12167 12166 12047 12164 12163
f 12160 12173 12172 12152
f 12174 12173 12160
f 12168 12167 12163
f 12183 12182 12181 12180
f 12102 12103 12186 12185 12184
f 12135 12187 11980 11981
f 12200 12199 12198
f 12192 12191 12190
f 12188 12190 12189 12115
f 12196 12195 12194
f 12198 12197 12196
f 12194 12193 12192
f 12188 12200 12198 12196
f 12190 12188 12196 12194
f 12194 12192 12190
f 12213 12212 12211 12210
f 12215 12202 12201 12216
f 12213 12208 12206 12204 12214
f 12202 12215 12214
f 12204 12203 12202 12214
f 12208 12207 12206
f 12213 12210 12209 12208
f 12206 12205 12204
f 12221 12220 12217 12224 12223
f 12220 12219 12218
f 12223 12222 12221
f 12220 12218 12217
f 12226 12225 12229 12228 12227
f 12233 12232 12231 12230
f 11972 12234 12064 11971
f 12242 12241 12240
f 12237 12242 12240 12239 12238
f 11976 12245 12244 12235 12246
f 12244 12243 12235
f 12236 12235 12243 12242 12237
f 12250 12249 12248
f 12250 12248 12247 11979 11980
f 12095 12096 12252
f 12253 12095 12252 12251
f 12245 12254 12251 12244
f 12254 12253 12251
f 12256 12255 12090 12091
f 12187 12259 12258 12257
f 12135 12136 12261 12260
f 12135 12260 12259 12187
f 12253 12262 12154 12095
f 12264 12263 12262 12249 12250
f 12262 12253 12249
f 12267 12266 12178 12265
f 12269 12268 12273 12276
f 12187 12270 12275 12274
f 11980 12187 12273 12268 12272
f 12270 12269 12276 12275
f 12187 12274 12273
f 11980 12272 12271 12250
f 12277 12280 12279 12278
f 12132 12283 12282 12281
f 12132 12281 12280 12277
f 12114 12115 12189 12289
f 12286 12287 12212 12213
f 12284 12114 12289 12288
f 12287 12286 12130 12285
f 12130 12131 12285
f 12285 12284 12288 12287
f 12297 12300 12299 12298
f 12294 12293 12292
f 12291 12296 12295 12294 12292
f 12302 12301 12300 12297
f 12290 12302 12297 12296 12291
f 12305 12304 12303
f 12311 12310 12309 12308 12307
f 12307 12306 12311
f 12317 12314 12313 12312 12318
f 12317 12316 12315 12314
f 12325 12324 12323
f 12327 12322 12321 12320 12319
f 12319 12328 12327
f 12327 12326 12325 12323 12322
f 12332 12331 12330
f 12278 12334 12333 12332
f 12330 12050 12335
f 12050 12330 12329 12049
f 12335 12055 12278 12332 12330
f 12338 12337 12336
f 12341 12340 12339
f 12348 12347 12346
f 12215 12216 12345
f 12350 12349 12353 12352 12351
f 12358 12357 12356
f 12358 12356 12355 12339 12043 12044
f 12354 12353 12349
f 12342 12345 12344 12343
f 12346 12215 12345 12342 12341 12348
f 12354 12349 12348 12341 12339 12355
f 12365 12364 12363
f 12369 12368 12367
f 12359 12222 12371 12370 12369
f 12360 12231 12232
f 12367 12366 12365
f 12222 12223 12371
f 12360 12365 12363 12361
f 12363 12362 12361
f 12369 12367 12365 12360 12232 12359
f 12374 12373 12372
f 12375 12378 12377 12376
f 12381 12380 12379
f 12396 12395 12394
f 12393 12392 12391 12390
f 12387 12394 12393 12390 12389 12388
f 12394 12387 12386
f 12396 12394 12386 12385 12384 12383
f 12383 12382 12396
f 12399 12398 12397
f 12404 12403 12400 12337 12338 12405
f 12400 12403 12402 12401
f 12406 12409 12278
f 12278 12408 12407 12406
f 12413 12412 12411 12410 12415 12414
f 12361 12419 12418 12417
f 12360 12361 12417 12416
f 12423 12422 12421 12420 12424
f 12434 12428 12427 12426 12425
f 12429 12428 12433 12432 12431 12430
f 12434 12425 12436 12435
f 12428 12434 12433
f 12437 12310 12311
f 12438 12387 12388 12439
f 12398 12445 12444 12443
f 12397 12398 12443 12442 12441 12440
f 12302 12465 12464
f 12457 12456 12455
f 12301 12464 12463 12462
f 12461 12460 12459
f 12449 12448 12447 12446
f 12458 12450 12449 12459
f 12458 12457 12455
f 12452 12451 12450
f 12459 12449 12446 12301 12462 12461
f 12450 12458 12455 12454 12453 12452
f 12464 12301 12302
f 12468 12467 12466
f 12472 12471 12470 12469
f 12474 12478 12477 12476 12475
f 12317 12480 12478 12474 12316
f 12317 12481 12480
f 12385 12386 12483 12482
f 12480 12479 12478
f 12481 12473 12385 12482
f 12317 12473 12481
f 12283 12132 12124 12485 12484
f 9944 9945 12136 12137
f 12488 12487 12486
f 12356 12357 12490
f 12489 12492 12491 12356 12490
f 12486 12177 12178
f 12486 12178 12494 12493 12492 12488
f 12492 12489 12488
f 12350 12351 12501
f 12500 12495 12350 12501
f 12493 12494 12499
f 12499 12498 12496 12495 12500 12493
f 12498 12497 12496
f 12502 12361 12362
f 12506 12505 12504
f 12361 12502 12506
f 12504 12503 12419 12361 12506
f 12518 12521 12520 12519
f 12510 12509 12497
f 12508 12507 12496
f 12522 12521 12518
f 12515 12514 12513 12512
f 12523 12522 12518 12517
f 12497 12509 12508 12496
f 12524 12511 12510 12497
f 12524 12523 12517 12516
f 12524 12516 12515 12512 12511
f 12527 12526 12525
f 12530 12529 12528 12532 12531
f 12423 12535 12534 12533 12422
f 12539 12538 12537 12536
f 12542 12541 12540
f 12546 12545 12544 12543
f 12548 12547 12551
f 12550 12549 12548
f 12551 12550 12548
f 12555 12554 12553 12552
f 12408 12278 12279 12558
f 12556 12557 12282 12283
f 12558 12557 12556 12408
f 12136 12565 12564 12563
f 12562 12561 12560 12559
f 12136 12563 12562 12559 12261
f 9945 12566 12564 12565
f 12567 12568 12560 12561
f 12257 12258 12568
f 9945 12569 12257 12568 12567
f 12567 12566 9945
f 12310 12573 12572 12571
f 12570 12309 12310 12571
f 12576 12575 12574
f 12484 12485 12577
f 12577 12576 12574 12484
f 12266 12499 12178
f 12264 12585 12584 12583
f 12582 12581 12580 12579
f 12264 12583 12582
f 12263 12264 12582 12579 12578
f 12589 12588 12587 12586
f 12591 12497 12590
f 12594 12593 12592
f 12257 12595 12270 12187
f 12603 12602 12601
f 12595 12598 12597 12596
f 12601 12600 12599
f 12257 12599 12598 12595
f 12257 12603 12601 12599
f 12569 12604 12602 12603
f 12604 12569 12607 12606 12605
f 12610 12609 12608
f 12612 12611 12610 12608
f 12624 12623 12622 12621
f 12585 12615 12614 12613
f 12618 12617 12264
f 12616 12615 12585
f 12264 12617 12616 12585
f 12264 12624 12621 12620 12619 12618
f 12595 12625 12624 12270
f 12630 12637 12636 12635
f 12634 12633 12632
f 12437 12642 12641
f 12627 12639 12638 12630 12629 12628
f 12641 12640 12639
f 12310 12437 12641
f 12634 12632 12631
f 12630 12635 12634 12631
f 12310 12641 12639 12627 12626 12573
f 12638 12637 12630
f 12469 12470 12643
f 12646 12645 12644
f 12574 12575 12650
f 12648 12574 12650 12649
f 12648 12647 12574
f 12653 12652 12651
f 12656 12655 12654
f 12484 12657 12556 12283
f 12667 12660 12659 12658
f 12664 12661 12660
f 12661 12664 12663 12662
f 12665 12664 12660 12667 12666
f 12668 12658 12659 12670
f 12670 12663 12669 12668
f 12670 12662 12663
f 12675 12674 12673
f 12675 12673 12672
f 12484 12675 12672 12671 12657
f 9957 12676 12569 9945
f 12681 12680 12679 12678 12677
f 12688 12524 12497 12591 12690
f 12687 12686 12683 12682 98 12524
f 12684 12580 12581
f 12690 12689 12688
f 12683 12685 12684 12581
f 12524 12688 12687
f 12686 12685 12683
f 12695 12694 12693
f 12594 12693 12692 12691 12593
f 12594 12696 12695 12693
f 12699 12698 12697
f 12699 12697 12400 12401 12700
f 12702 12701 12408
f 12702 12408 12705 12704 12703
f 12710 12709 12708
f 12708 12707 12706
f 12411 12412 12711 12710
f 12411 12710 12708 12706
f 12716 12715 12714
f 12574 12647 12716
f 12712 12674 12574 12716 12714 12713
f 12727 12726 12725
f 12724 12723 12722 12721
f 12595 12596 12728
f 12724 12721 12720
f 12727 12725 12724
f 12724 12720 12719
f 12724 12719 12718
f 12724 12718 12717
f 12625 12595 12728 12727 12724 12717
f 12731 12730 12729 12610 12611
f 12606 12734 12733 12732
f 12623 12737 12736 12735
f 12740 12739 12738
f 12741 12740 12738
f 12623 12624 12625 12741 12738
f 12738 12737 12623
f 12743 12745 12744 9958
f 9957 9958 12744 12749
f 12746 12745 12743
f 9957 12749 12748
f 9957 12748 12747
f 12743 12742 9957 12747 12746
f 12752 12751 12750
f 12754 12753 12752
f 12666 12756 12754 12752 12750
f 12750 12665 12666
f 12756 12755 12754
f 12556 12768 12767 12766
f 12408 12759 12758 12757
f 12765 12764 12763 12762 12761
f 12760 12408 12556 12766 12765 12761
f 12760 12759 12408
f 12705 12769 12762 12763
f 12758 12769 12705 12757
f 12773 12772 12771
f 12771 12770 12523
f 12524 12777 12776 12773 12771 12523
f 12773 12776 12775 12774
f 12524 12778 12777
f 12631 12632 12790 12789
f 12788 12774 12775
f 12789 12788 12775 12787
f 12787 12786 12785 12784 12783
f 12779 12631 12789 12787 12783 12782
f 12779 12782 12781 12780
f 12793 12792 12791 12796 12795 12794
f 12799 12798 12797
f 12554 12802 12801 12800 12553
f 12806 12805 12804 12809 12808 12807
f 12803 12697 12698 12813 12809 12804
f 12810 12813 12812 12811
f 12813 12810 12809
f 12705 12814 12704
f 12817 12816 12815
f 12706 12707 12820 12819 12818
f 12742 12821 12676 9957
f 12822 12825 12824 12823
f 12680 12681 12826 12825 12822
f 12827 12778 12524
f 12831 12830 12829 12828
f 99 110 12832
f 12831 12828 12827
f 110 111 12832
f 12524 98 99 12832 12831 12827
f 12833 12798 12799
f 12833 12799 12784
f 12785 12834 12833 12784
f 12837 12836 12835
f 12838 12679 12680
f 12680 12839 12611 12612 12838
f 12841 12840 12607 12569
f 12768 12556 12844 12847
f 12845 12844 12556
f 12845 12556 12657
f 12846 12845 12657
f 12842 12768 12846 12657 12843
f 12768 12847 12846
f 12850 12849 12848 12696
f 12856 12852 12851
f 12856 12855 12854 12853 12852
f 12856 12851 12850
f 12594 12856 12850 12696
f 12861 12863 12622 12862
f 12864 12863 12861 12860 12859
f 12864 12859 12858 12857 12613 12614
f 12871 12870 12869
f 12865 12871 12869 12868 12867 12866
f 12682 12848 12849 12877
f 12875 98 12682 12876
f 12682 12877 12876
f 12873 12874 12853 12854
f 98 12873 12872 109
f 98 12875 12874 12873
f 12882 12767 12768
f 12881 12816 12817 12880
f 12764 12883 12879 12814 12878
f 12879 12883 12882
f 12880 12879 12882 12768 12881
f 12888 12887 12886
f 12743 12888 12886 12885
f 12743 12885 12884 12742
f 12892 12891 12890
f 2405 2406 12892 12890 12889
f 2405 12889 12887 12888
f 12895 12894 12893
f 12892 2406 12895 12893
f 12897 12896 12901 12900
f 12900 12899 12898 12897
f 12756 12907 12906 12905
f 12904 12903 12902 12755
f 12905 12904 12755 12756
f 2423 2424 12909 12908 12910
f 12914 12915 12797 12798
f 12913 12912 12713 12714 12911
f 12916 12915 12914
f 12911 12780 12781 12916 12914 12913
f 12919 12918 12917
f 12671 12843 12657
f 12923 12922 12921 12920
f 12925 12923 12920 12927 12926
f 12925 12924 12923
f 12931 12930 12929 12928 12944 12943
f 12935 12934 12933 12941 12940 12939
f 12939 12938 12937 12936 12935
f 12942 12941 12933 12932
f 12932 12931 12943 12942
f 12945 12948 12947 12946
f 12945 12950 12949 12948
f 12951 12960 12959
f 12952 12951 12959 12958 12957
f 12956 12955 12954 12953
f 12956 12953 12952 12957
f 12961 12964 12963 12962
f 12967 12966 12965
f 12971 12970 12969 12968
f 12972 12986 12985
f 12973 12972 12985 12984
f 12979 12974 12973 12980
f 12980 12983 12982 12981
f 12980 12973 12984 12983
f 12978 12977 12976 12975
f 12974 12979 12978 12975
f 12713 12990 12989
f 12713 12989 12988
f 12987 12712 12713 12988
f 12924 12925 13002 13001
f 12924 13001 13000 12993 12992 12991
f 12994 12998 12997 12996 12995
f 12999 12998 12994 12993 13000
f 13010 13009 13008
f 13007 13006 13005
f 13004 13003 13014
f 13008 13007 13005
f 13005 13013 13011 13010 13008
f 13013 2717 13012 13011
f 13004 13014 13013
f 13005 13004 13013
f 13016 13015 12958 12959
f 12971 13019 13018 13017 12970
f 12822 13026 13025 13024
f 13023 13022 12839
f 13022 13021 12839
f 12839 13020 12822 13024 13023
f 13030 13029 13028 13027 13032 13031
f 13033 12676 13037 13036 13035
f 13035 13034 13033
f 13038 13036 13037
f 12821 13040 13039 13038 13037
f 13041 12840 13033 13034 13044
f 13043 13042 13041
f 13044 13043 13041
f 13046 13045 13041 13042 13039 13040
f 13051 13050 13049
f 13047 13051 13049 13048
f 13054 13053 13052
f 13056 13055 12731
f 13058 13057 13056
f 13056 12731 12611 12839 13059 13058
f 13061 8739 13060
f 13063 12722 12723 13064
f 13063 13062 12722
f 13067 13071 13070 13069 13068
f 12840 13075 13074
f 13065 12733 13073 13072 13066
f 13066 13072 13071 13067
f 12733 12607 12840 13074 13073
f 13085 13084 13083 13082 13081
f 13077 13076 12861
f 13079 13078 12861 12623
f 13086 13085 13081 13080
f 13078 13077 12861
f 13079 12623 12735 13086 13080
f 13088 13093 13092 13091 13090 13089
f 13093 13088 13087
f 13087 13096 13095 13094 13093
f 13101 13100 13099
f 13097 13102 13101 13099 13098
f 13107 13106 13105 13104 13103
f 13107 13103 13102 13097
f 13108 109 12872
f 12625 13110 13109 12741
f 12625 13112 13111 13110
f 12625 12717 13113 13112
f 13117 13120 13119 13118
f 13122 13121 13120 13117 13116 13114
f 13116 13115 13114
f 13124 13123 13114 13115
f 13123 13124 12739 12740
f 12735 12736 13126
f 12735 13126 13125 13129 13128 13127
f 13133 13132 13131 13130
f 12816 13135 13134
f 12815 12816 13134
f 13139 13138 13137
f 13139 13137 13136
f 13136 13142 13141 13140
f 13140 13139 13136
f 13143 13150 13149 13148
f 13146 13145 13144 13143 13148 13147
f 13160 13159 13158 13157
f 13152 13151 13160
f 13156 13155 13154
f 13152 13160 13157 13156 13154 13153
f 13164 13163 13162 13161
f 13161 13166 13165 13164
f 12819 13168 13167 12818
f 12742 12884 13171
f 13170 13169 12821
f 12742 13171 13170 12821
f 13182 13181 13180 13179
f 2424 13183 13179 13178
f 13183 13182 13179
f 13176 13175 13174 13173 13172
f 13178 13177 12909 2424
f 13176 13172 12909 13177
f 12902 12903 13184
f 12898 12899 13186 13185
f 12893 13194 13193 13192
f 13189 13188 13187 13191 13190
f 13187 12893 13192 13191
f 12823 13196 13195 12822
f 13197 13200 13199 13198
f 12833 13201 12914 12798
f 12919 13206 13205 13204
f 12919 13204 13203 12918
f 13208 13207 13206 12919 13202
f 13202 12829 12830 13208
f 13223 13222 13221 13220
f 13226 13225 13217
f 13224 13223 13220
f 13213 13212 13211
f 13224 13220 13219 13218
f 12836 12837 13227
f 13209 12836 13227 13226 13217 13216
f 13215 13214 13213 13211 13210 13209
f 13217 13225 13224 13218
f 13216 13215 13209
f 13229 13232 13231 13230
f 13232 13229 13228
f 12881 12768 13235 13234 13233
f 12768 12842 13236
f 12768 13236 13235
f 13059 12839 13021 13238 13237
f 13239 13029 13030 13242 13241
f 13241 13240 13239
f 8748 8749 13245 13244 13243
f 13243 13246 8748
f 13249 8745 8739 13248 13247
f 13251 13250 13075
f 13252 13251 13075 12840
f 13045 13254 13253
f 13045 13253 13252 12840
f 13260 13259 13258 13257 13256 13255
f 13267 13263 13262 13261 13268
f 13264 13263 13267 13266
f 13266 13265 13264
f 109 13271 13270 13269
f 13278 13277 13276
f 13274 13273 13272
f 13275 13274 13272 13279 13278 13276
f 13280 13279 13272
f 109 13282 13280 13272 13271
f 13282 13281 13280
f 13277 13278 13283
f 13288 13287 13285 13284 13277 13283
f 13094 13095 13286 13285
f 13288 13283 13281 13108
f 13281 13282 13108
f 13287 13094 13285
f 13291 13290 13289 13294 13293 13292
f 13305 127 13269 13270
f 13296 13304 13303 13297
f 123 127 13305
f 13273 13274 13304
f 13301 13300 13299 13298
f 13296 13295 122
f 13302 13301 13298 13297
f 13296 122 123 13305 13273 13304
f 13303 13302 13297
f 13306 13309 13308 13307
f 13310 13313 13312 13311
f 13316 13315 13314
f 13053 13321 13320 13319 13318
f 13325 13324 13323 13322 13054 13317
f 13054 13322 13321 13053
f 13328 13327 13326
f 13332 13331 13330
f 13328 13333 13332 13330 13329
f 13328 13326 13335 13334 13333
f 13127 13337 13336 12735
f 13127 13352 13339 13338 13337
f 13341 13342 13084 13085
f 13348 13344 13343
f 13343 13342 13341 13340
f 13348 13351 13350 13349
f 13352 13351 13348 13343 13340 13339
f 13348 13347 13096 13345 13344
f 13096 13347 13346 13095
f 13353 13118 13119 13361
f 13358 13357 13349 13350 13356 13359
f 13354 13353 13361
f 13355 13354 13361 13360
f 13359 13356 13355 13360
f 13365 13364 13363 13362
f 13369 13368 13367 13366
f 13373 13372 13371 13370
f 13375 13374 12966 12967 13376
f 12955 12956 13380 13379
f 12955 13379 13378 13377
f 13382 13381 13385 13384 13383
f 13234 13387 13386 13233
f 13390 13389 13388
f 13394 13386 13393 13392 13391
f 13386 13387 13393
f 13395 13394 13391
f 13399 13398 13397
f 12979 13399 13397 13396 12978
f 13405 13412 13411 13410
f 13409 13408 13407
f 13410 13409 13407
f 13403 8740 13414 13413
f 13120 13121 13405 13410 13407 13406
f 13401 13400 12722 13062
f 13412 13404 13403 13413
f 13402 13401 13062 13060
f 13405 13404 13412
f 13402 13060 8739
f 8740 13403 13402 8739
f 13416 13415 13425
f 13422 8750 8751
f 13419 13418 13417 13416 13425 13424
f 13419 13423 13422 8751 13421 13420
f 13424 13423 13419
f 13426 13429 13428 13427
f 13433 13432 13431 13430
f 13436 13435 13434
f 13437 13440 13439 13438
f 13444 13442 13440 13437
f 13444 13443 13442
f 13442 13441 13440
f 13447 13446 13445
f 13449 13448 12990
f 12713 12912 13451 13450 13449 12990
f 13456 13452 12917 12918 13457
f 13453 13452 13456 13455
f 2717 13454 13453 13455 2727
f 2717 13013 13454
f 13459 2737 2738 13460
f 13458 13461 2737 13459
f 13479 13482 13481 13480
f 13395 13464 13462 13476 13475 13473
f 13468 13472 13471 13470
f 2717 2718 13482 13479
f 13470 13469 13468
f 13012 2717 13477
f 13464 13463 13462
f 13395 13465 13464
f 13462 13012 13477 13476
f 13467 13466 13394
f 13475 13474 13473
f 13477 2717 13479 13478
f 13395 13473 13468 13467 13394
f 13473 13472 13468
f 13499 13485 13484 13483
f 13488 13492 13491 13490 13489
f 13492 13488 13487 13486 13493
f 13496 13495 13494
f 13486 13485 13499 13498 13497
f 13486 13497 13496 13494 13493
f 2742 2743 13500
f 13504 13503 13502 13501
f 12821 13169 13507 13506 13505 13046
f 13508 13180 13512
f 13512 13511 13510 13509 13508
f 13516 13515 13514 13513
f 13524 13523 13522 13259 13521 13520
f 13517 13526 13525
f 13524 13520 13519 13518
f 13524 13518 13517 13525
f 13195 13527 13026 12822
f 13530 13529 13528 13188 13189
f 13534 13533 13532 13531
f 13049 13536 13535 13048
f 13539 13538 13537
f 13537 13543 13542
f 13539 13537 13542 13541 13540
f 13545 13548 13547 13546
f 13545 13544 13550
f 13550 13549 13548 13545
f 13557 13556 13555
f 13551 13557 13555 13554 13553 13552
f 13558 13566 13565 13564
f 13563 13562 13561 13559 13558 13564
f 13031 13559 13561 13560 13030
f 13571 13570 13569
f 13567 111 112
f 13569 13224 13225 13568
f 13569 13568 112 13574 13572 13571
f 13568 13567 112
f 13574 13573 13572
f 121 122 13576 13575
f 13579 13578 13577
f 13582 13581 13580
f 13584 13583 13582 13580 13585
f 12881 9230 13586 13135 12816
f 9230 9222 13586
f 13591 13286 13095 13346
f 13587 13591 13590
f 13589 13357 13358
f 13588 13587 13590 13589 13358
f 13587 13286 13591
f 13368 13593 13592 13367
f 13596 13595 13594
f 13335 13597 13596 13594 13334
f 13599 13598 13606 13605
f 13601 13600 13599 13605
f 13605 13604 13603 13602 13601
f 13610 13609 13608 13607
f 13611 13331 13332
f 13615 13614 13613 13612 13616
f 13372 13618 13617 13371
f 13619 13291 13292
f 13631 13630 13629 13628
f 13627 13626 13625
f 13621 13620 13364
f 13625 13624 13623
f 13431 13623 13621 13364 13365 13430
f 13623 13622 13621
f 13631 13628 13627
f 13431 13632 13631 13627 13625 13623
f 13633 13427 13428 13635 13634
f 13358 13638 13637 13636
f 13638 13358 13359
f 13642 13645 13644 13643
f 13445 13642 13641 13640 13639
f 13446 13647 13646
f 13642 13445 13446 13646 13645
f 13651 13650 13649 13648
f 13656 13655 13654 13653 13652 13657
f 13652 13659 13658 13657
f 13674 13673 13672 13671
f 13670 13669 13668 13667
f 13662 13661 13660
f 13670 13667 13666 13665
f 13664 13663 13662
f 13660 13674 13671
f 13665 13664 13662 13660 13671 13670
f 13688 13687 13691 13690 13689
f 13687 13686 13685 13684
f 13183 2424 13692 13684 13675
f 2424 2425 13692
f 13679 13678 13677
f 13682 13681 13680
f 13677 13683 13682 13680 13679
f 13675 13684 13683 13676
f 13692 13691 13687 13684
f 13683 13677 13676
f 13693 13512 13182
f 13711 13710 13709
f 13694 13194 13711
f 13697 13707 13706 13705 13698
f 13696 13695 13694 13711 13709 13708
f 13700 13699 13703
f 13189 13701 13700
f 13704 2420 13703
f 13697 13696 13708 13707
f 13703 13699 13705 13704
f 13189 13190 13701
f 13703 13702 13189 13700
f 13699 13698 13705
f 13203 13457 12918
f 13712 13212 13213 13715
f 13461 13714 13713 2737
f 13461 13712 13715 13714
f 13718 13717 13716
f 13728 13727 13726
f 13719 13738 13737
f 13719 13722 13721 13720
f 13722 13732 13731 13723
f 13725 13729 13728 13726
f 13724 13723 13731 13730
f 13733 13732 13722 13719 13737
f 13737 13736 13735 13734 13733
f 13724 13730 13729 13725
f 13742 13741 13740 13739
f 13743 13746 13745 13744
f 13748 13753 13752 13751 13750 13749
f 13748 13747 13229 13230 13754 13753
f 13755 13758 13757 13756
f 13763 13762 13761 13760
f 13759 13764 13763 13760
f 13767 13766 13765
f 13769 13768 9230 12881
f 13771 13770 13530
f 13773 13772 13771
f 13777 13776 13775
f 13775 13774 13779 13778 13777
f 13780 13779 13773
f 13189 13781 13780 13773 13771 13530
f 13779 13774 13773
f 13782 13522 13523
f 13788 13787 13786
f 13678 13679 13789
f 13785 13693 13678 13789 13788 13786
f 13511 13512 13693 13785 13784 13783
f 13680 13681 13790
f 13797 13796 13795
f 13797 13795 13794 13793 13792 13791
f 13798 13540 13541
f 13803 13806 13805 13804
f 13550 13807 13806 13802 13801 13549
f 13550 13799 13807
f 13806 13803 13802
f 13801 13800 13549
f 13812 13811 13810 13809 13808
f 13815 13814 13813
f 13817 13816 13577 13578
f 13820 13819 13818
f 13821 13820 13817
f 13817 13578 13821
f 13820 13818 13817
f 13824 13827 13826 13825
f 13822 13571 13572 13823
f 13823 13572 13828 13827 13824
f 13751 13830 13829 13750
f 13734 13833 13832 13831
f 13834 13833 13734 13735
f 13837 13836 13835
f 13857 13856 13855
f 13841 13853 13852 13851
f 13849 13848 13847
f 13840 13839 13838 13857 13855 13854
f 13843 13842 13841
f 13849 13847 13846 13843 13841 13851
f 13851 13850 13849
f 13843 13845 13728 13844
f 13846 13845 13843
f 13841 13840 13854 13853
f 13860 13859 13858
f 13745 13861 13744
f 13864 13863 13862
f 13867 13866 13865
f 13871 13870 13869
f 13868 13872 13871 13869
f 13874 13873 13872 13868
f 13877 13876 13875
f 13582 13583 13879 13878
f 13882 13881 13880
f 13884 13887 13886 13885
f 13882 13880 13890 13889
f 13884 13883 13882 13889 13888 13887
f 13892 13891 13703
f 13893 13892 13703 2422
f 13897 13896 13895 13894
f 13898 13901 13900 13899
f 13902 13901 13898
f 13908 13905 13904 13903 13911 13910
f 13908 13907 13906 13905
f 13910 13909 13908
f 13914 13913 13912
f 13917 13916 13915
f 13917 13915 13914 13912 13918
f 13560 13242 13030
f 13540 13921 8748 13920 13919 13539
f 8748 13246 13920
f 13934 13933 13924 13923 13922
f 13931 13930 13929
f 13258 13259 13936 13935 13934
f 13266 13925 13932 13931
f 13265 13266 13931 13929 13927 13926
f 13922 13258 13934
f 13924 13933 13932 13925
f 13929 13928 13927
f 13937 13935 13936
f 13941 13940 13939 13938 13937
f 13943 13942 13941
f 13943 13941 13937 13936 13522
f 13146 9231 9232
f 13945 13944 13145 13146 9232 13947
f 13947 13946 13945
f 9234 9235 13948
f 13949 13952 13951 13950
f 13154 13953 13153
f 13954 13957 13956 13955
f 13162 13959 13958 13954
f 13963 13962 13961
f 13958 13957 13954
f 13163 13966 13965 13964
f 13162 13163 13964 13963 13961 13960
f 13960 13959 13162
f 13955 13956 13970
f 13981 13980 13979
f 13973 13974 13965 13966
f 13969 13978 13977 13970
f 13978 13969 13968 13967 13981 13979
f 13967 13961 13962 13981
f 13972 13975 13974 13973
f 13971 13976 13975 13972
f 13971 13977 13976
f 13971 13955 13970 13977
f 13985 13984 13983 13982 13986
f 13988 13987 13503 13504
f 13994 13993 13992 13991
f 13999 13998 13990 13989
f 13996 13995 13994
f 13989 13576 122 13295 13999
f 13991 13298 13299 13997 13996 13994
f 13991 13990 13998 13298
f 14001 14005 14004 14003 14002
f 13307 13308 14006
f 13307 14006 14005 14001 14000
f 14010 14009 14008 14007
f 14012 14011 14020 14019
f 14017 13992 13993 14016
f 14022 14021 13572 14017 14016 14015
f 14020 14011 14018
f 14015 13995 13996 14014
f 14021 14020 14018
f 13572 13573 14017
f 14019 14022 14015 14014 14013 14012
f 14021 14018 13572
f 13318 13319 14024 14023
f 13330 13331 14026 14025
f 14030 14029 14028 14027
f 14039 14038 14037
f 14046 14045 14044 14043 14042
f 14031 14055 14054
f 14052 14051 14034 14033 14031 14054
f 14033 14032 14031
f 14050 14049 14048
f 14051 14050 14048
f 14041 14040 14039 14037 14036
f 14054 14053 14052
f 14046 14042 14041
f 14047 14046 14041 14036 14035 14034
f 14031 13646 13647 14056 14055
f 14034 14051 14048 14047
f 14057 8741 14064
f 14063 14062 14061 14060
f 14063 14058 14057 14064
f 14063 14060 14059 14058
f 14067 14066 14065
f 13632 14069 14068 13631
f 14070 14069 13632
f 14071 14075 14074
f 14071 14074 14073 14072
f 14106 14105 14104
f 14106 14104 14103
f 14087 14086 13668
f 14090 14089 14088
f 14077 14076 14115
f 14101 14112 14111 14110
f 14115 14114 14079 14078 14077
f 14103 14109 14108 14107 14106
f 14097 14096 14095 14094 14093
f 14084 14083 14098 14097 14093 14092
f 13669 14085 14091 14090
f 14091 14085 14084 14092
f 14098 14081 14079 14113 14100 14099
f 13668 13669 14090 14088 14087
f 14081 14080 14079
f 14079 14114 14113
f 14113 14112 14101 14100
f 14101 14110 14109 14103 14102
f 14098 14083 14082 14081
f 14116 14119 14118 14117
f 14123 14122 14121 14120
f 13358 14129 14128 14127
f 13358 14126 14124 13588
f 13358 14127 14126
f 14126 14125 14124
f 13636 14130 14128 14129
f 14132 14124 14125 14131 14133
f 14133 14131 14130 13636
f 13630 14136 14135 14134
f 2736 2737 13713 14139 14138 14137
f 13466 14141 14140 13394
f 13495 13496 14144 14143
f 13495 14142 14141 13466
f 14143 14142 13495
f 14154 14153 14152
f 14154 14152 14146 14145 13500 2743
f 14151 14150 14149
f 14146 14152 14151
f 14149 14148 14147 14146 14151
f 14161 14160 14159
f 14161 14159 14158 14157 14156 14155
f 14162 14166 14165
f 14165 14164 14163 14162
f 14169 14168 14167 14172 14171 14170
f 2744 14173 14154 2743
f 14179 14178 14177
f 2736 14175 14174 2735
f 14176 2736 14180 14179 14177
f 14176 14175 2736
f 14182 14181 14190
f 14149 14187 14186 14185
f 14183 14189 14188 14184
f 14188 14187 14149
f 14188 14149 14150
f 14178 14179 14189 14183 14182 14190
f 14188 14150 14184
f 14193 14192 14191 14195 14194
f 14196 14201 14200
f 14198 14185 14186 14197
f 14196 14200 14199
f 14197 14196 14199 14198
f 14206 14205 14204
f 13798 14207 14206
f 13798 14206 14204 14203
f 14202 13921 13540 13798 14203
f 14216 14210 14209 14208
f 616 14215 14214
f 14211 14210 14216
f 14212 14211 14216 616 14214 14213
f 14217 13522 13782 14220 14219 14218
f 14227 14226 14225 14224 14223 14222
f 14222 14221 14227
f 14217 14218 14228 13943
f 14235 14234 14233
f 14231 14230 14229
f 13776 13777 14232 14231 14229
f 13777 14235 14233
f 13777 14233 14232
f 14242 14241 14240 14239 14238
f 14238 14237 14236 14243 14242
f 14244 8747 8748 13921 14246 14245
f 14249 14248 14247
f 8743 14249 14247 8742
f 14252 14251 14253 13942 13943
f 14254 14250 13926 13927
f 14250 14254 14253 14251
f 13703 13891 14260 14259
f 13702 14257 14256 14255
f 14258 14257 13702
f 14259 14258 13702 13703
f 14266 14265 14264
f 14263 14267 14266 14264
f 14270 14269 14268
f 14261 13895 13896 14273 14272
f 14262 14271 14270 14268 14267 14263
f 14262 14261 14272 14271
f 13916 13917 14276 14275 14274
f 13917 14278 14277 14276
f 14281 14280 14279
f 13682 14283 14282 13681
f 14287 14286 14285 14284
f 14289 14288 14293 14292
f 14289 14292 14291 14290
f 14299 14298 13614
f 14297 14296 14295
f 14297 14300 14299 13614
f 14301 14300 14297 14295 14294
f 14294 13602 13603 14301
f 13587 13588 14302
f 14310 14309 14305 14304 14303
f 14309 14308 14307 14306 14305
f 14312 14311 14004
f 14312 14004 14005
f 14321 14319 14318 14317 14316
f 14323 14322 14315 14314 14313
f 14321 14316 14315
f 14321 14320 14319
f 14313 14324 14323
f 14315 14322 14321
f 14327 14326 14325
f 14030 14329 14328 14029
f 14331 14330 14026
f 14331 14335 14334 14333 14332
f 14335 14331 14026 13331 13611
f 14336 14340 14339
f 14336 14339 14338 14337
f 14018 14011 14344
f 14343 14342 14341 14018 14344
f 14346 14349 14348 14347
f 14346 14345 9236 9230 14352 14350
f 14350 14349 14346
f 14352 14351 14350
f 14354 14355 14347 14348
f 14357 14360 14359 14358
f 14351 14352 13768 14364 14362
f 14361 14354 14353
f 14361 14360 14357 14356 14355 14354
f 14364 14363 14362
f 14362 14361 14353 14351
f 14365 14366 14358 14359
f 14363 14364 14371
f 14367 14366 14365
f 14370 14369 14368
f 14371 14370 14368 14367 14365 14363
f 14374 14373 14372
f 14380 14379 14378 14377
f 14381 14375 14374 14372 14383 14382
f 14376 14381 14380 14377
f 14381 14376 14375
f 14388 14387 14386
f 14389 14388 14386 14385 14384 14390
f 14393 14392 14391
f 14395 14394 14393 14391
f 14397 14396 9235 9236 14398
f 14402 14401 14400 14399
f 14406 14405 14404 14403
f 14411 14410 14409 14408 14407
f 14409 14410 14121 14122
f 14407 14135 13631 14068 14411
f 14415 14418 14417 14416
f 14422 14421 14420
f 14419 14418 14415
f 14413 14412 14419 14415 14414
f 14423 14062 14425 14424
f 14414 14132 14133 14413
f 14422 14420 14419 14412 14062 14423
f 14426 14424 14425
f 14063 14427 14426 14425
f 14434 14431 14430
f 14428 14427 14063
f 14429 14428 14063
f 14421 14422 14432
f 14431 14434 14433 14421 14432
f 14434 14430 14429
f 14063 14434 14429
f 14435 14439 14438 14437 14436
f 14443 14442 14441
f 14446 14441 14440 14447
f 14443 14441 14446 14445 14444
f 13702 14255 14455 14454
f 13702 14449 14448 13780
f 14450 14449 13702 14454 14453
f 14453 14452 14451 14450
f 14457 14456 14265 14460
f 14460 14459 14458 14457
f 14468 14467 14466
f 13777 13778 14471 14470
f 14473 14469 14468 14474
f 14468 14466 14451
f 14473 14461 13777 14470 14469
f 14463 14452 14465 14464
f 14468 14451 14452 14463 14475 14474
f 14463 14462 14461 14472 14475
f 14473 14472 14461
f 14477 14476 13790 13681
f 14485 14484 14483
f 14486 14480 14479 14478
f 14481 14480 14486 14485 14483 14482
f 14491 14490 14489
f 14491 14494 14493 14492
f 14487 14495 14494 14488
f 14494 14491 14489 14488
f 13812 14499 14498 14497 14496 13811
f 14500 14503 14502 14501
f 14504 14507 14506 14505
f 14509 14511 13814 13815 14510
f 14508 14512 14511 14509
f 14512 14508 14515 14514 14513
f 13795 14518 14517 14516 13794
f 13918 14524 14523 14519
f 14520 14519 14523 14526
f 14520 14526 14525
f 14525 14524 13918
f 14521 14520 14525 13918 14522
f 14542 14541 14540 14539
f 13896 14538 14536 14535 14528 14527
f 14534 14533 14532
f 14529 14532 14531 14530
f 14538 13896 13897 14542 14539
f 14535 14534 14532 14529 14528
f 14538 14537 14536
f 14545 14544 14543
f 14551 14550 14549 14548 14547
f 13910 14552 14551 14547 14546
f 14554 14553 13846
f 14557 13847 14560 14559 14558
f 14556 14555 14554
f 14554 13846 13847 14557 14556
f 487 488 14564
f 13876 487 14564 14563
f 13875 13876 14563 14562 14561
f 14565 14561 14562
f 14139 14565 14562 14138
f 13883 13884 14567 14566
f 13872 14568 13871
f 13951 14573 14572 14571
f 13950 13951 14571 14570 14569
f 14396 14575 14574 13948 9235
f 14396 14576 14575
f 14577 14583 14582
f 14580 14579 14578 14577 14582 14581
f 13984 14585 14584 13983
f 14585 13984 14587 14586
f 14588 14595 14594
f 14590 14589 14588
f 14588 14594 14593 14592 14591 14590
f 13971 14599 14598 14597 14596
f 13971 13972 14600 14599
f 14603 14369 14370 14602
f 14603 14606 14605 14604
f 14601 14371 13768
f 13768 14164 14607 14606 14603 14601
f 14603 14602 14601
f 14611 14610 14609 14608
f 14613 14612 14616 14615 14614
f 14620 14619 14618
f 13877 14620 14618
f 14018 14629 14628
f 14624 14627 14626 14625
f 14622 14621 13876 13877 14618
f 14018 14628 14623 14617 13828 13572
f 14628 14627 14624 14623
f 14617 14623 14622 14618
f 14018 14631 14630 14629
f 14637 14325 14326
f 14640 14631 14018 14341
f 14326 14636 14635 14634 14633 14637
f 14639 14632 14631 14640
f 14635 14625 14626 14634
f 14633 14632 14639 14638
f 14633 14638 14637
f 14644 14643 14642 14641
f 14647 14646 14645
f 14648 14029 14328 14651 14650
f 14650 14649 14648
f 14655 14654 14653 14652
f 14656 14180 2736
f 14137 14657 14656 2736
f 14662 14659 14658 482 483
f 14660 14661 14200 14201
f 14662 14661 14660 14659
f 14198 14199 14665
f 490 491 14671 14670
f 14667 14666 14198 14665
f 490 14670 14669
f 14668 14667 14665 14664
f 14669 14663 490
f 14669 14668 14664 14663
f 14675 14674 14673 14672
f 14165 14607 14164
f 14148 14149 14677 14610 14676
f 8742 14679 14678 14063
f 8742 14247 14682 14681 14680
f 14680 14679 8742
f 14683 14685 14684 14326 14327
f 14686 14685 14683 14302 13588
f 14690 14689 14688
f 14686 14132 14692
f 14691 14690 14688 14687
f 14692 14691 14687 14685 14686
f 13777 14695 14694 14693
f 14701 14699 14696 13777 14461
f 14696 14695 13777
f 14701 14700 14699
f 14696 14699 14698 14697
f 14702 14693 14694 14707
f 14705 14703 14240 14241 14706
f 14706 14241 14702 14707
f 14705 14704 14703
f 625 14709 14708 14500 14501
f 625 626 14709
f 14710 619 616
f 14711 14710 616 14216 14713 14712
f 14227 14716 14715 14714 14226
f 14719 14718 14717
f 14621 14722 14721 14720
f 13876 14621 14720 14719 14717
f 14625 14724 14723 14624
f 14625 14725 14724
f 14734 14738 14737 14736 14735
f 14728 14733 14732 14729
f 14739 14726 14721 14722
f 14728 14727 14733
f 14739 14738 14734
f 14726 14739 14734 14733 14727
f 14732 14731 14717 14718 14730
f 14732 14730 14729
f 14743 14742 14741 14740
f 14747 14744 14735 14736
f 487 14731 14732 14746
f 14745 14744 14747
f 14747 487 14746 14745
f 14751 14750 14749 14748
f 14345 14398 9236
f 14393 14754 14753 14752 14392
f 14755 14377 14378
f 14378 14757 14756 14755
f 14760 14759 14758
f 14761 14776 14775
f 14769 14768 14767 14766
f 14773 14772 14764
f 14765 14770 14769 14766
f 14763 14762 14761 14775 14773
f 14765 14772 14771 14770
f 14773 14764 14763
f 14775 14774 14773
f 14772 14765 14764
f 14780 14779 14778 14777
f 14786 14785 14784
f 14781 14787 14786 14784 14783 14782
f 14781 14789 14788 14787
f 14793 14792 14791 14790
f 14797 14796 14795 14794
f 14798 14801 14800 14799
f 14807 14803 14802 14809 14808
f 14806 14805 14804 14803 14807
f 14812 14811 14810
f 14819 14816 14815 14814
f 14819 14818 14817 14816
f 14814 14813 14823 14822
f 14825 14824 14823 14813 14810 14811
f 14819 14814 14822 14821 14820
f 14828 14827 14826
f 14401 14830 14829 14400
f 14833 14832 14831
f 14406 14841 14840 14839
f 14837 14836 14844 14843 14842
f 14405 14406 14839 14838
f 14835 14834 14849 14848
f 14838 14837 14842 14405
f 14835 14848 14847 14846
f 14836 14835 14846 14845 14844
f 14850 14853 14852 14851
f 14520 14855 14854 14278 13917
f 14531 14870 14869
f 14527 14872 14865 14864 14863
f 14871 14530 14531 14869 14868 14867
f 14859 14862 14861 14860
f 14872 14871 14867 14866 14865
f 14270 14857 14856 14269
f 14273 13896 14527
f 14859 14858 14857
f 14863 14862 14859
f 14270 14273 14527 14863 14859 14857
f 14874 14878 14877 14876 14875
f 14874 14873 14879 14878
f 14549 14881 14880 14548
f 14881 14549 14884 14883 14882
f 14888 14887 14886 14885
f 14891 14890 14889
f 14898 14897 14896 14895
f 13921 14202 14895 14894 14892 14246
f 14894 14893 14892
f 14202 14898 14895
f 14215 616 617
f 14247 14248 14901
f 14247 14901 14900
f 14899 627 628
f 14899 628 14247 14900
f 14904 14903 14902
f 14906 14905 14904
f 13943 14228 14906 14904 14902 14252
f 14907 14225 14226 14909 14908
f 14914 14913 14912
f 14855 14914 14912 14911 14910
f 14854 14855 14910
f 14915 14461 14462
f 14919 14918 14917
f 14916 14874 14919 14917
f 14923 14922 14921
f 14485 14486 14924 14923 14921 14920
f 14925 14933 14932
f 14929 14928 14927 14926
f 14930 14929 14926 14925 14932 14931
f 14934 14501 14502
f 14942 14936 14935 14459
f 14940 14939 14938
f 14938 14937 14936 14942 14941 14940
f 14943 14947 14946 14945 14944
f 14579 14580 14952
f 14579 14952 14950 14949 14948
f 14952 14951 14950
f 14958 14956 14955 14954
f 14396 14958 14954 14953 14576
f 14958 14957 14956
f 14591 14592 14962
f 14961 14960 14959 14591 14962
f 14434 14063 14678 14965
f 14964 14681 14682
f 14434 14964 14682 14963
f 14434 14965 14964
f 14976 14975 14974
f 14969 14968 14967
f 14971 14970 14987 14976 14974 14973
f 14989 14969 14967 14966 14416 14417
f 14434 14984 14983
f 14977 14982 14981 14980 14979 14978
f 14691 14971 14973 14972 14690
f 14986 14985 14983
f 14985 14433 14434 14983
f 14970 14969 14989 14988
f 14977 14976 14987 14986 14983 14982
f 14970 14988 14987
f 14993 14992 14991 14990
f 14996 14995 14994 14998 14997
f 15000 14999 14520 14521
f 15006 15005 15004
f 15002 15001 14544
f 15002 14544 15007 15006 15004 15003
f 15012 15011 15010
f 15008 15009 14758 14759
f 14832 15020 15015
f 15016 15015 15019 15018 15017
f 15008 14614 14615
f 15010 15009 15008
f 15014 15013 15012
f 15025 14609 14610 15024 15023 15022
f 14615 15026 15014 15012 15010 15008
f 15015 15014 15026
f 14832 14833 15020
f 15020 15019 15015
f 15022 15021 14832 15015 15026 15025
f 15027 14603 14604 15028
f 15031 15030 15029
f 15032 14807 14808
f 15037 15036 15035
f 15037 15035 15034
f 14677 15037 15034 15033
f 14198 15040 15039
f 14677 14149 14198 15039 15038
f 15038 15037 14677
f 15041 15044 15043 15042
f 15049 14700 14701
f 15048 15047 15050 15049 14701
f 15045 14240 14703 15051 15046
f 15050 15047 15046 15051
f 15056 15055 15054
f 15059 15058 15062 15061 15060
f 15064 15067 15066 15065
f 15063 15062 15058 15057 15056 15054
f 15053 15052 14198 14666 15067 15064
f 15064 15063 15054 15053
f 14673 14674 15069 15068
f 15073 15060 15061 15072
f 15074 15070 14671 491
f 15071 15073 15072 15065 15066
f 15074 15073 15071
f 15074 15071 15070
f 15052 15053 15079
f 15077 15055 15056 15076
f 15075 15035 15036
f 15075 15036 15040 15078 15077 15076
f 15040 15052 15079 15078
f 15086 15085 15084 15083
f 15082 15088 15087 15086
f 15086 15083 15082
f 15088 15082 15081 15080 15089
f 15090 15092 2771 15091
f 15094 15093 15042 15043
f 15096 15095 15099 15098 15097
f 15104 15103 15102 15101
f 15100 14397 15104
f 15100 15104 15101 14958
f 14399 14400 15106 15105
f 15115 14635 15117 15116
f 15109 15110 14645 14646
f 14747 14737 15108
f 15112 15108 15107 15113
f 14625 14635 15115
f 14625 15115 15114
f 15107 14725 14625 15114 15113
f 15109 14747 15108 15112 15111
f 15111 15110 15109
f 14684 14636 14326
f 14690 15125 15124 15123
f 14689 15122 15121 15118
f 15118 15121 15120 15119
f 15122 14689 14690 15123
f 15128 15127 15126
f 15126 15124 15125
f 15131 15130 15129
f 15128 15126 15125 15132 15131 15129
f 15119 15120 15133 14646 14647
f 14829 15134 15106 14400
f 14842 14843 15136 15135
f 14818 15138 15137 14817
f 15138 14818 15140 15139
f 15144 15143 15142 15141
f 14805 14806 15147 15146 15145
f 15156 15155 15154
f 15154 15153 15152
f 15150 15149 15148
f 15159 15158 15156 15154 15152 15151
f 15158 15157 15156
f 10759 10760 15160
f 10759 15148 14831 14832
f 10759 15160 15150 15148
f 15150 15160 15159 15151
f 15164 15163 15162 15161
f 15166 15165 15102
f 15168 15103 15157 15158 15171 15170
f 15170 15169 15168
f 15168 15167 15103
f 15103 15167 15166 15102
f 15176 15175 15174
f 15174 15173 15172
f 625 14501 14934 15176 15174 15172
f 14929 15179 15178 15177
f 15182 15180 14701 14461 14915 15184
f 15184 15183 15182
f 15182 15181 15180
f 14938 14939 15186
f 14938 15186 15185
f 15190 15188 15187 14913
f 15190 15189 15188
f 15192 15191 15196 15195 15194 15193
f 14747 15196 15191 487
f 15191 486 487
f 14747 15197 15196
f 15207 15210 15209 15208
f 15192 15193 15231
f 15217 15216 15215 15214
f 15222 15221 15219
f 15219 15221 15220 15194 15195
f 15213 15218 15217 15214
f 15211 15207 15201 15230 15228 15226
f 15230 15229 15228
f 15224 15222 15219 15218 15213 15212
f 15211 15210 15207
f 15202 15206 15205 15204 15203
f 15225 15224 15212
f 15231 15230 15201 15199 15198 15192
f 15201 15207 15206 15202
f 15228 15227 15226
f 15201 15200 15199
f 15224 15223 15222
f 15198 15199 496 497
f 15211 15226 15225 15212
f 15236 15235 15234 15233
f 15233 15232 15238 15237 15236
f 15243 15242 15241
f 15241 15240 15239
f 15243 15241 15239 14520
f 14999 15244 15242 15243
f 14855 15239 15240 15246
f 14855 15246 15245
f 15245 15244 14999
f 14999 15247 14855 15245
f 15248 14868 14869
f 15250 15249 15248
f 15259 15252 15251 15250
f 15258 15256 15255 15254
f 15258 15257 15256
f 15258 15254 15253 15252 15259
f 15259 15250 15248 14869
f 15262 15261 15260
f 14876 15264 15263 14875
f 15265 15268 15267 15266
f 15269 15024 14610
f 15270 15269 14610
f 15272 15271 15270
f 14677 15273 15272
f 14610 14677 15272 15270
f 15279 15278 15277
f 15030 15275 15274
f 15030 15274 15271 15279 15277 15276
f 15271 15272 15279
f 14646 15133 15282
f 15281 15280 15109
f 15282 15281 15109 14646
f 15283 15129 15130
f 2469 15285 15284 15283 15130 15286
f 2778 15289 15288 15292 15291 15290
f 15288 15287 15293 15292
f 492 15293 15287 15074 491
f 14690 14972 15296 15295
f 15295 15294 15132 14690
f 14979 14980 15297
f 15300 15305 15304 15303 15302
f 15300 15299 15298 15307 15306 15305
f 15302 15301 15300
f 15310 15309 15308
f 15312 15311 15317
f 15313 15312 15317 15316 15315 15314
f 15323 15322 15321 15320 15319 15318
f 15328 15327 15326 15325 15324
f 15332 15331 15330 15329
f 15336 15335 15334
f 15337 15336 15334
f 15337 15334 15333
f 15338 15337 15333
f 15342 15341 15340 15339
f 15339 15345 15344 15343 15342
f 15349 15348 15347 15346 15350
f 15353 15352 15351
f 15356 15355 15354
f 15366 15369 15368 15367
f 14677 15364 15360 15359
f 15370 15369 15366
f 15363 15362 15361
f 15364 15363 15361 15360
f 15033 15370 15366 15365
f 14677 15033 15365 15364
f 14677 15359 15358 15357
f 15362 15367 15368
f 15372 15371 15361 15362 15368 15376
f 2776 15375 15374
f 2775 2776 15374 15373 15372 15376
f 15377 15380 15379 15378
f 15377 15273 15357 15383 15382 15381
f 15357 15358 15383
f 15381 15380 15377
f 15385 15384 15041 15042 15387 15386
f 15392 15388 14984 14434
f 15388 15392 15391 15390 15389
f 15397 15396 15395
f 15398 15397 15395 15394
f 15392 14963 15398 15393
f 15398 15394 15393
f 15393 15391 15392
f 15390 15396 15397 14980 14981 15399
f 15399 15389 15390
f 15172 15405 15404
f 625 15401 15400 624
f 15402 15401 625 15172 15404 15403
f 15406 15411 15410 15409 15408
f 15408 15407 15406
f 630 15407 15413 15412 629
f 15407 15408 15413
f 15414 15418 15417 15416 15415 15048
f 15180 15422 15421 15420 15419
f 15414 15180 15419 15418
f 15423 14747 15109 15425 15424
f 15423 15197 14747
f 15430 15429 15428
f 15434 15433 15432 15431
f 15430 15428 15427
f 15219 15435 15434 15431 15430 15427
f 15426 15218 15219
f 15427 15426 15219
f 15217 15436 15216
f 14957 14958 15442 15441
f 15440 15439 15438
f 14957 15440 15438 15437
f 14957 15441 15440
f 15247 15443 14914 14855
f 15445 15444 15449 15448 15447
f 14918 14875 15263
f 15266 15451 15450
f 15447 15446 15445
f 15266 15450 15449 15444 14918 15263
f 15453 15457 15456 15455 15454
f 15450 15451 15267
f 15457 15452 15450 15267
f 15453 15452 15457
f 15458 15460 15459 14930
f 15464 15463 15462 15461 15466 15465
f 15467 14999 15000 15470 15469 15468
f 15007 15473 15472 15471 15006
f 15476 15479 15478 15477
f 15474 15473 15007
f 15007 15479 15476 15475
f 15475 15474 15007
f 10759 14832 15482 15481 15480
f 14832 15021 15482
f 15483 15029 15030 15492 15491
f 15488 15486 15484 15483 15491 15490
f 15488 15487 15486
f 15490 15489 15488
f 15486 15485 15484
f 15398 14963 15495 15499
f 15494 15496 15495 14963
f 15398 15499 15498
f 15497 15496 15494
f 15493 15398 15498 15497 15494
f 14980 15398 15500 15297
f 15303 15304 15503
f 15503 15502 15501 15303
f 15519 15518 15517
f 15344 15509 15508 15343
f 15521 15520 15516 15515 15514 15513
f 15509 15344 15507 15506
f 15505 15523 15512 15511 15510
f 15516 15520 15519 15517
f 15513 15512 15523 15522 15521
f 15509 15506 15505 15510
f 15523 15505 15504 15524
f 15527 15526 15525
f 15530 15529 15528
f 15533 15532 15531
f 15535 15355 15356
f 15536 15535 15356 15534
f 15558 15557 15556
f 15543 15550 15549 15548 15547 15546
f 15554 15553 15552
f 15541 15540 15539
f 15546 15545 15544 15543
f 15539 15559 15551 15550 15543 15541
f 15539 15538 15537 15561 15560
f 15555 15552 15551 15558 15556
f 15539 15560 15559
f 15555 15554 15552
f 15559 15558 15551
f 15543 15542 15541
f 15562 15564 15563 15321
f 15568 15567 15566
f 15443 15568 15566 15565 15189 14914
f 15443 15569 15568
f 15181 15572 15571 15570 15180
f 15574 15573 15178
f 14930 15576 15575 15574
f 14930 15459 15577 15576
f 15574 15178 14930
f 15579 15583 15582 15581 15580
f 15579 15578 15445 15446 15583
f 15588 15587 15586 15585
f 15464 15588 15585 15584 15463
f 15591 15590 15594 15593 15592
f 15590 15589 15594
f 15597 15596 15595
f 15598 15597 15595
f 15456 15599 15598
f 15456 15598 15595 15455
f 15600 15185 15186
f 14999 15609 15608 15607
f 15601 15604 15603 15602
f 15605 15604 15601
f 14999 15607 15606
f 15601 15247 14999 15606 15605
f 15467 15602 15610 15608 15609
f 15602 15603 15610
f 15612 15611 15257
f 15616 15619 15618 15617
f 15620 15619 15616 15615 15614 15613
f 15258 15620 15613 15612 15257
f 15623 15621 15261 15624
f 15623 15622 15621
f 15627 15626 15625
f 15631 15630 15629 15628
f 15632 15204 15205 15648
f 15643 15642 15637
f 15632 15648 15647
f 15636 15635 15634
f 15636 15634 15633 15632 15647 15646
f 15641 15640 15639
f 15637 15636 15646 15645 15644 15643
f 15637 15642 15641 15639 15638
f 15215 15216 15649
f 15656 15659 15658 15657
f 15652 15655 15654 15653
f 15655 15652 15661 15660
f 15661 15652 15651 15650
f 15660 15659 15656 15655
f 15665 15664 15663 15662
f 15666 15672 15671
f 15669 15668 15667 15666 15671 15670
f 15677 15674 15673 15678
f 15677 15676 15675 15674
f 15688 15687 15686 15685
f 15679 15688 15685 15684
f 15684 15683 15681 15680 15679
f 15683 15682 15681
f 15291 15690 15689 15290
f 15693 15692 15691
f 15694 15700 15699 15698 15697
f 15694 15697 15696 15695
f 15703 15702 15701
f 15276 15492 15030
f 15704 15707 15706 15705
f 15708 15711 15710 15709
f 15489 15490 15723
f 15722 15712 15489 15723
f 15715 15714 15720 15719 15718
f 15714 15713 15712 15722 15721 15720
f 15718 15717 15716 15715
f 15101 15732 15724 15442 14958
f 15726 15439 15725
f 15728 15730 10752 15729
f 15726 15725 15731 15730 15728 15727
f 15725 15724 15732 15731
f 15735 15733 10767 10768
f 15735 15438 15726 15734
f 15734 15733 15735
f 15726 15727 15734
f 15741 15740 15739 15738
f 15737 15736 15378 15375
f 15716 15747 15746 15745
f 15737 15742 15741 15738
f 15742 15737 15375
f 15375 2776 15749 15748 15743
f 15716 15745 15744
f 15743 15748 15716 15744
f 15743 15742 15375
f 15736 15377 15378
f 15746 15747 15717 15740 15741
f 2470 2471 15753 15752
f 15425 15109 15280 2470 15750
f 2470 15752 15751
f 2470 15751 15750
f 15759 15758 15757
f 15755 15754 15760 15759 15757 15756
f 15760 15754 15434 15435
f 15767 15766 15765
f 15763 15762 15761
f 15769 15768 15767
f 15765 15764 15763
f 15321 15769 15767 15765
f 15321 15770 15769
f 15320 15321 15761
f 15321 15765 15763 15761
f 15286 15771 2468 2469
f 15352 15774 15773 15772 15351
f 15779 15778 15777
f 15777 15776 15775
f 15781 15780 15779
f 15775 15354 15355 15781 15779 15777
f 15784 15783 15782
f 15437 15438 15785 15784 15782
f 15410 15787 15786
f 15788 15410 15786 15591 15592
f 15216 15436 15789 15649
f 15792 15791 15790
f 15433 15794 15793 15432
f 15799 15798 15797
f 15794 15433 15799
f 15794 15799 15797 15796 15795
f 15803 15802 15801 15800
f 15806 15805 15804 15656 15807
f 15688 15803 15800 15687
f 15807 15656 15657 15808
f 15656 15804 15803 15688
f 15657 15809 15808
f 15812 15811 15810
f 15815 15814 15813
f 15816 15819 15818 15817
f 15826 15825 15824
f 15824 15823 15822 15821 15820 15826
f 15830 15829 15828 15827
f 15831 15689 15690
f 15832 15676 15677 15839 15838
f 15832 15838 15837 15836 15833
f 15833 15836 15835 15834
f 10765 15840 15843 15842 15841
f 15486 15844 15843 15840 15845
f 15848 15847 15846 15850 15849
f 15857 15853 15852 15851 15858
f 15854 15853 15857 15856 15855
f 15863 15862 15861 15860
f 15864 15863 15860 15859
f 15865 10764 15841 15871 15870 15869
f 15865 15869 15868 15867
f 15867 15866 15865
f 15841 15842 15871
f 15875 15874 15873 15872 15876
f 15880 15879 15878
f 15881 15880 15878
f 15881 15878 15877
f 15889 15888 15887 15886 15885
f 15885 15884 15883 15891 15890 15889
f 15894 15893 15892 15882
f 15882 15892 15891 15883
f 15900 15895 15477 15478
f 15900 15899 15897 15896 15895
f 15899 15898 15897
f 15903 15902 15901
f 15906 15905 15904
f 15467 15468 15907
f 15907 15906 15904 15467
f 15247 15909 15908 15443
f 15247 15601 15912 15911 15910
f 15910 15909 15247
f 15922 15921 15920
f 15627 15922 15920 15919
f 15917 15913 15456 15457 15622 15918
f 15626 15627 15919 15918
f 15915 15914 15913
f 15913 15917 15916 15915
f 15623 15626 15918
f 15622 15623 15918
f 15923 15629 15630 15924
f 15464 15465 15927 15926 15925
f 15933 15937 15936 15935 15934
f 2778 15932 15931 2777
f 2778 15290 15938 15937
f 15931 15930 2777
f 2778 15937 15933 15932
f 2777 15930 15929 15928
f 15940 15939 15601
f 15601 15467 15904 15941 15940
f 15899 15943 15942
f 15898 15899 15942
f 15951 15950 15949
f 15948 15952 15951 15949
f 15947 15946 15945
f 15945 15616 15944
f 15947 15945 15944 15953 15952 15948
f 15958 15630 15631 15959
f 15957 15956 15955 15954
f 15630 15958 15957 15954
f 15966 15965 15964
f 15976 15975 15974 15979 15978 15977
f 15964 15968 15967 15966
f 15980 15961 15960 15981
f 15980 15962 15961
f 15960 15785 15438 15982 15981
f 15438 15983 15982
f 15980 15979 15974 15973
f 15969 15968 15963
f 15969 15963 15962 15980 15973 15972
f 15968 15964 15963
f 15972 15971 15970 15969
f 15438 15735 15983
f 15984 15689 15988 15987 15986
f 15986 15985 15984
f 15689 15984 15938 15290
f 15994 15993 15992 15991 15990 15989
f 15995 15996 15987 15988
f 15928 15929 15999
f 15928 15999 15998 15997
f 15928 15997 15996 15995
f 16005 16008 16007 16006
f 15563 16013 16012
f 16011 16010 16002 16001 16000
f 16004 16009 16008 16005
f 16010 16009 16004 16003 16002
f 15563 16014 16013
f 15770 15321 15563 16012 16011 16000
f 15516 16017 16016 16015 15515
f 16023 16022 16021
f 16021 16020 16019
f 2468 16023 16021 16019
f 2468 15771 16023
f 15531 15532 16024 16018
f 16024 2468 16019 16018
f 16029 16028 16027
f 16025 16030 16029 16027 16026
f 16038 16039 15544 15545
f 16033 16031 16041 16039 16037 16036
f 16031 15781 15355 15535 16042
f 16033 16036 16035 16034
f 16033 16032 16031
f 16031 16042 16041
f 16041 16040 16039
f 16039 16038 16037
f 16044 16043 16047
f 16047 16046 16045 16044
f 16051 15532 15533 16050 16049
f 16051 16049 16048
f 15493 16051 16048 15500 15398
f 2777 16052 15749 2776
f 16059 16058 16057 16056
f 16059 16056 16055 16054 16053
f 16062 16061 16060
f 15756 15757 16062 16060
f 16080 16079 16078
f 16066 16065 16076 16075 16074
f 16080 16078 16077
f 16081 16080 16077
f 16072 16071 16070
f 16063 15753 2471
f 16067 16072 16070 16069 16068
f 16063 2471 16084
f 16077 16065 16064 16083 16082 16081
f 15797 15798 16072 16067
f 16081 16082 9786 9780
f 16073 15797 16067 16066
f 16063 16084 16083 16064
f 16074 16073 16066
f 16077 16076 16065
f 16087 16086 16085 16090 16089 16088
f 16091 9784 9785
f 16095 16094 16093 16092 16096
f 15456 15913 16099 16098 16097 15599
f 16104 16103 16102 16101 16100
f 15443 15908 16110 16107 16106 16105
f 16110 16109 16108 16107
f 16108 16109 16111
f 15569 16105 16106 16113
f 16112 16108 16111
f 16116 16115 16114 16112 16111 15911
f 16114 15569 16113 16112
f 16120 16119 16118
f 15588 15464 16121 16120 16118
f 16118 16117 15588
f 16124 16123 16122
f 16127 16126 16125 16124 16122
f 15593 16129 16128 15592
f 16130 15712 15713
f 16131 16130 15713 16138
f 16137 16136 16134
f 16131 16138 16137
f 16131 16137 16134 16133 16132 15881
f 16136 16135 16134
f 16146 16140 16139 16147
f 16140 16146 16145 16144 16143 16142
f 16142 16141 16140
f 15848 16149 16148 15847
f 16150 16153 16152 16151
f 15532 16051 16161 16160
f 16158 16157 16156
f 16155 16159 16158 16156
f 16154 16024 15532 16160 16159 16155
f 15788 15592 16128 16164
f 15788 16164 16163 16162
f 16165 16125 16126 16167 16166
f 16102 16103 16168
f 15865 16169 10764
f 16183 16182 16181 16180
f 16177 16170 16184 16178
f 16179 16178 16184 16183 16180
f 16175 16171 16170 16177 16176
f 16173 16172 16171 16175 16174
f 16187 16186 16185
f 16190 16189 16188
f 16193 16192 16191
f 16198 16197 16196 16195 16194
f 16202 16201 16200 16199
f 16213 16212 16211
f 16213 16204 16203 16215 16214
f 16210 16209 16208 16207
f 16207 16206 16205 16204 16213 16211
f 16211 16210 16207
f 16216 16222 16221 16220
f 16220 16219 16218 16217 16216
f 16227 16226 16225
f 16224 16223 16240 16239
f 16238 16233 16232 16225 16224
f 16224 16239 16238
f 16236 16235 16234
f 16229 16228 16227
f 16230 16229 16227
f 16225 16232 16231 16230 16227
f 16238 16237 16236 16234
f 16234 16233 16238
f 15795 15796 16244
f 15831 15795 16244 16243
f 15689 15831 16243 16242 16241
f 16247 16246 16245
f 16248 16252 16251 16250 16249
f 9787 9788 16254 16253
f 16241 16242 16255
f 15995 16241 16255 9832 9833
f 9789 16257 16256
f 16260 16259 16258
f 16263 16262 16261
f 16261 15912 15601 15939 16264 16263
f 16267 16266 16265
f 15954 16269 16268
f 15954 16268 15924 15630
f 16270 15913 15914 16273 16272 16271
f 16277 16276 16275
f 15925 16274 16279
f 16277 15925 16279 16278
f 16277 16275 15925
f 15928 16280 16052 2777
f 16283 16282 16281
f 16172 16291 16290
f 16283 16300 16299 16298 16284
f 15970 15971 16288 16287
f 16297 16296 16294 16293
f 16290 16292 16171 16172
f 16169 16294 16296 16295
f 16286 16289 15970 16287
f 16290 16289 16286 16297 16293
f 16295 10763 10764 16169
f 16281 10769 10770
f 16293 16292 16290
f 16297 16286 16285 16284 16298
f 16283 16281 10770 16301 16300
f 15976 16304 16303 16302 15975
f 16308 16307 16306
f 16310 16309 16308
f 16315 16314 15969 16320 16319 16318
f 16306 16305 16312 16311 16310 16308
f 16315 16318 16317 16316
f 15969 16313 15968
f 15969 16314 16313
f 16313 16312 16305 15968
f 16323 16309 16310 16322
f 16326 16325 16324
f 16328 9461 16326 16323 16322 16321
f 16328 16321 16316 16317
f 16328 16327 9461
f 16326 16324 16323
f 16120 15925 16275 16330 16329
f 16331 16335 16334 16333
f 16333 16332 16126 16127 16331
f 16270 16336 16099 15913
f 16103 16104 16337
f 16266 16267 16338 16103 16337
f 16261 16339 16115 15912
f 16341 16340 16133
f 16134 16346 16344 16343 16342
f 16346 16345 16344
f 16134 16342 16341
f 16133 16134 16341
f 16347 16351 16350 16349 16348
f 16351 16347 16181 16182
f 16362 16361 16360
f 16362 16352 16364 16363
f 16356 16354 16358 16346 16357
f 16353 16352 16362 16360
f 16358 16345 16346
f 16353 16360 16359
f 16354 16353 16359 16358
f 16356 16355 16354
f 16186 16366 16365 16185
f 16367 16196 16197
f 2472 11544 16377
f 16369 16372 16371 16370
f 16375 11552 11553 16374 16373
f 16377 16376 2471 2472
f 16368 16084 2471
f 16375 16373 16372
f 16369 16368 2471 16376 16375 16372
f 9784 16091 16382
f 16379 16382 16381 16380
f 16384 16378 16370 16371
f 16383 9784 16382 16379 16378 16384
f 16388 16387 16386
f 16386 16325 16326
f 15782 15783 16388
f 16326 16385 15782 16388 16386
f 15968 16305 16389
f 2468 16024 11550 11551 16390
f 16390 2467 2468
f 2473 16391 11548 2472
f 9833 16393 16392 15995
f 16411 16410 16409
f 16398 16401 16400 16399
f 16398 16397 16396
f 16408 16290 16412 16411 16409
f 16405 16404 16403 16402
f 16408 16407 16406
f 16402 16396 16395 16408 16406 16405
f 16396 16402 16401 16398
f 16290 16408 16395 16394 16289
f 16416 16415 16414 16413
f 16421 16418 16417 16423 16422
f 16421 16420 16419 16418
f 16424 16319 16320
f 16428 16429 16399 16400
f 9488 9461 16426
f 16425 16403 16435 16434 16433
f 16427 9461 16327 16429 16428
f 16431 16430 9488
f 9461 16427 16426
f 16433 16432 16431
f 16403 16404 16435
f 9488 16426 16425 16433 16431
f 16162 16437 16436 15788
f 16452 16451 16450
f 16446 16445 16444 16443
f 16443 16442 16441 16448 16447 16446
f 16450 16448 16441 16440 16439 16452
f 16439 16438 16452
f 16450 16449 16448
f 16453 16456 16455 16454
f 16260 16460 16459
f 16458 16457 16259 16260 16459
f 16463 16462 16461
f 16461 16468 16467
f 16467 16466 16465 16464 16463 16461
f 16471 16470 16469
f 16473 16332 16475 16474
f 16332 16473 16472 16167 16126
f 16163 16477 16476 16162
f 16478 16477 16163 16483 16482 16481
f 16481 16480 16479 16478
f 16484 16487 16486 16485
f 16338 16489 16488 16168 16103
f 16024 16491 16490 11550
f 16494 16493 16492
f 16024 16154 16494 16492 16491
f 16495 10670 10671 16498
f 16495 16498 16497 16496
f 16503 16502 16501
f 16501 10703 10704
f 16499 16492 16493 16505
f 16503 10704 16500 16499 16505 16504
f 16503 16501 10704
f 16509 16508 16507 16506
f 10286 16510 16161 16051
f 10669 16157 16158 16511
f 10286 10297 10669 16511 16510
f 16515 16518 16517 16516
f 16479 16480 16519
f 16476 16479 16519 16518 16515 16514
f 16514 16513 16512 16162 16476
f 16487 16520 16486
f 16521 16522 16516 16517
f 16512 16523 16521 16437
f 16523 16522 16521
f 16512 16513 16523
f 16526 16525 16524
f 16527 16526 16524
f 9833 9834 16527 16524 16393
f 16536 16535 16539 16538 16537
f 16530 16529 16528 9796
f 16534 16530 9796 9797 16539 16535
f 16534 16532 16530
f 16534 16533 16532
f 16532 16531 16530
f 9797 16540 16539
f 16464 16465 16542 16541
f 9436 9429 16543 16356 16357
f 16437 16545 16544 16436
f 16548 16547 16546
f 16437 10276 16548 16546 16545
f 16550 16549 16209
f 16210 16551 16550
f 16209 16210 16550
f 16557 16556 16555 16554
f 16218 16219 16561
f 16554 16553 16552
f 16557 16554 16552 16560 16559 16558
f 16218 16561 16552
f 16561 16560 16552
f 16566 16565 16564 16563
f 16543 9429 16567 16562
f 16567 16566 16563 16562
f 16570 16569 16568
f 16573 16572 16571
f 16576 16575 16574
f 16577 16420 16421 16585
f 16583 16577 16585 16584
f 16583 16582 16581
f 16578 16577 16583 16581 16580 16579
f 16586 9488 16430
f 16587 16230 16231
f 16231 16589 16588 16587
f 16594 16597 16596 16595
f 16600 16593 16592
f 16593 16600 16599 16598
f 16593 16598 16597 16594
f 16602 16601 16600 16592 16591
f 16591 16590 16604 16603 16602
f 16618 16617 16616
f 16606 16605 16609 16608 16607
f 16613 16612 9784 16619
f 16616 16615 16614 16619
f 16610 16609 16605
f 9784 16611 16610 16605 9783
f 16619 16618 16616
f 16614 16613 16619
f 16612 16611 9784
f 16622 16621 16620
f 10276 10277 16623 16548
f 16640 16624 11549 11550 16490
f 16633 10704 16638 16634
f 16628 16627 16639 16500
f 16635 16634 16638 16637 16636
f 16628 16632 16631 16629
f 16627 16626 16625 16624 16640 16639
f 16633 16632 16628 16500 10704
f 16631 16630 16629
f 10712 11567 16644
f 16646 16645 10715
f 16630 16631 16648
f 16647 16641 16630 16648
f 16643 11546 11547 16642
f 16646 10715 10712 16644 16641
f 16641 16647 16646
f 16641 16644 16643 16642
f 10283 10284 16652
f 16521 10283 16652 16651
f 16649 10285 10276
f 16437 16521 16650 16649 10276
f 16521 16651 16650
f 16658 16657 16656
f 16658 16654 16669 16668 16667 16659
f 16658 16656 16655 16654
f 16659 16667 16666 16662 16660
f 16662 16661 16660
f 16586 16670 16669
f 16666 16665 16664 16663 16662
f 16654 16653 9468 9488 16586 16669
f 16565 16566 16671
f 16567 9429 9430
f 9437 16674 16673 16672 16678
f 16675 16674 9437 9438
f 9438 16677 16676 16675
f 16681 16680 16679
f 16682 16685 16684 16683
f 16684 16688 16687 16686
f 16689 16691 16690 9463 9464
f 16695 16694 16693 16692
f 16697 16696 16701
f 16700 16698 16697 16701
f 16700 16621 16622
f 16700 16622 16699 16698
f 16702 16524 16525 16606 16607 16703
f 16707 16706 16705
f 16708 16711 16710 16709
f 11566 16713 16712 16718
f 16707 16705 16704 16618
f 10712 16716 16715 16714
f 16716 10712 10713 16717
f 16718 16712 16711 16708 16719
f 16713 11566 10712 16714
f 16719 16708 16707 16618 16619
f 16720 16749 16748
f 16737 16738 10721 10722
f 16722 16721 16720 16731 16730
f 16738 16737 16734 16741 16740 16739
f 16728 16724 16723 16722 16729
f 16747 16746 16741 16734 16733 16732
f 16746 16745 16744 16743 16742
f 16722 16730 16729
f 16725 16724 16728 16727 16726
f 16746 16742 16741
f 16732 16731 16720 16748 16747
f 16737 16736 16735 16734
f 16753 16752 16750
f 10277 16750 16752 16757
f 16751 16754 16753 16750
f 16757 16756 16623 10277
f 16755 16754 16751
f 16623 16756 16755 16751
f 16768 16771 10708 10709 16770 16769
f 16761 16771 16768 16767 16764 16762
f 16764 16767 16766 16765
f 16760 16772 16771 16761
f 16772 16760 16758 10704 10705
f 16764 16763 16762
f 16760 16759 16758
f 10695 10696 16773
f 16787 16774 16769 16770
f 16765 16766 16774
f 16782 11841 16781
f 16777 16776 16775
f 16777 16762 16763 16776
f 16758 16759 16777
f 16786 11818 11819
f 16779 16783 16782 16781 16780
f 16787 16786 11819 16785
f 16787 16785 16784 16775 16765 16774
f 16784 16783 16779
f 16775 16784 16779 16778 16758 16777
f 16788 10715 16645
f 16791 16790 16789 16794 16793 16792
f 16802 16801 10303
f 16800 16802 10303 10304
f 16795 10681 10682
f 10668 10297 16804 16798 16797 16795
f 16799 16798 16803 16802 16800
f 16795 10682 10668
f 16797 11821 11822 16796
f 16804 16803 16798
f 16797 16796 16795
f 11825 11826 16806 16805 16808 16807
f 16809 10697 10698
f 16810 11266 16813 16812 16811
f 11266 11267 16813
f 11270 11271 16815 16814
f 16736 16818 16817 16816 16735
f 16826 16825 16824 16823
f 16702 16821 16820 16819
f 16822 16821 16702
f 16826 16823 16822
f 16826 16822 16702 16703
f 16827 16819 16820 16824 16825
f 9463 16690 16831
f 16831 16830 16829 16828 9463
f 16834 16833 16832
f 16829 16830 16835
f 16837 16836 16829 16835
f 16840 16839 16838
f 16844 16843 16842 16841
f 16845 11290 9462
f 16846 16845 9462
f 9462 9463 16828 16846
f 16847 16848 10281 10282
f 16750 10277 10278 16849
f 16750 16849 16848 16847
f 16852 16851 16850 16854 16853
f 16857 16856 16855
f 16859 16858 16857
f 10715 16788 16859 16857 16855 10714
f 16861 16860 16779 16780 16863 16862
f 16858 16859 16864
f 16864 16866 16865 16858
f 16856 16868 10736 10737 16867
f 16867 16855 16856
f 16873 16872 16871 16870 16869 16874
f 16879 16878 16877
f 16883 16882 16881
f 16808 16883 16881 16880
f 16808 16879 16877 16807
f 16888 16887 16886 16885 16884 16876
f 16880 16879 16808
f 16876 16875 16888
f 16884 16883 16808 16876
f 16891 16890 16889
f 16800 16893 16892 16799
f 16895 16894 16898 16897 16896
f 16901 16900 16899
f 16902 16905 16904 16903
f 16908 16907 16906
f 16918 16917 16916
f 16866 16911 16910 16909
f 16914 16913 16919 16918 16916 16915
f 11837 16920 16919 16913 16912 11836
f 11836 16912 16911 16866
f 16909 16910 16924
f 16923 16922 16921 16865 16909 16924
f 9442 16925 16836 16837 9441
f 16931 16930 16929
f 16931 16929 16928 16927
f 16926 16932 16931 16927
f 16926 10724 10725 16932
f 10727 16934 16933
f 10726 10727 16933
f 16937 16936 16935
f 16950 16949 16948 16947
f 10735 16940 16939 16938
f 16943 16946 16945 16944
f 16950 16941 16940 10735 10736
f 16947 16946 16943 16942
f 16950 16947 16942 16941
f 16827 16951 16948 16949
f 16944 16945 16952
f 16944 16952 16827 16826
f 16952 16951 16827
f 7232 7233 16954 16953
f 16958 16961 16960 16959
f 16956 16955 16889 16890
f 16958 16957 16956
f 16958 16890 16965 16964 16962
f 16962 16961 16958
f 16964 16963 16962
f 16958 16956 16890
f 16967 16966 16886 16887 16971 16970
f 16970 16969 16967
f 16969 16968 16967
f 16972 16967 16968 16959 16960
f 16973 16967 16972 16963 16964
f 16950 10736 16868 16975 16974
f 16982 16981 16980
f 16977 16897 16982 16980 16979 16978
f 16977 16976 16896 16897
f 16985 16984 16983
f 16990 16989 16988 16987 16986 16991
f 16998 16997 16996
f 16996 16995 16994
f 16999 16994 16993 16992
f 16994 16999 16998 16996
f 11835 17003 17002 17001 17000 11834
f 17006 17005 17004
f 17007 11837 11838
f 17009 17012 17011 17010
f 17013 16899 16900 17014
f 17012 17009 17008
f 16899 17013 17012 17008
f 17018 17021 17020 17019
f 17028 17027 17026
f 17030 17029 17022
f 17028 17026 17025 17024 17023
f 17031 17017 17016 17015
f 17022 17029 17028 17023
f 17030 17022 17021 17018 17017 17031
f 17032 16852 16853
f 17036 17035 17034 17033
f 17040 17039 17038 17037
f 17040 17037 17046 17043 17042 17041
f 17046 17045 17044 17043
f 17060 17059 17058
f 17054 17053 17052
f 17049 17048 17047
f 17054 17052 17051
f 17056 17055 17054 17051 17050
f 17056 17050 17049 17047 17057
f 17047 17060 17058
f 17047 17058 17057
f 16847 17061 16965 16750
f 17065 17064 17063 17062
f 17069 17068 17067
f 17066 16827 17070 17069 17067
f 16827 16950 17071 17070
f 16954 17072 17064 17065
f 17073 16921 16922 17078 17077
f 17077 17076 17075
f 17075 17074 16974 16975 17073 17077
f 17079 16916 16917 17080
f 17083 17082 17081
f 16966 16973 17083 17081
f 17091 17090 17095 17094 17093 17092
f 17025 17026 17099 17098
f 17025 17098 17097 17096
f 17096 17095 17089 17085 17084 17025
f 17095 17090 17089
f 17089 17088 17087 17086 17085
f 17107 17103 17102 17101 17100 17108
f 17103 17107 17106 17105 17104
f 17083 17110 17109 17082
f 17104 17113 17112 17111
f 17116 17115 17114
f 17119 17118 17117 17122
f 17119 17122 17121 17120
f 17124 17123 17050 17051
f 17125 17052 17053
f 17125 17053 16998
f 17128 17127 17126
f 17129 17128 17126 17125
f 16998 16999 17131
f 17131 17130 17129 17125 16998
f 17132 17002 17003
f 17136 17135 17134
f 17133 16920 11837 17007 17136
f 17136 17134 17133
f 17138 17137 17001
f 17147 17146 17144 17143 17142
f 17146 17145 17144
f 17148 17140 17138 17001
f 17148 17147 17142 17141 17140
f 17140 17139 17138
f 17149 17135 17136
f 17136 17152 17151 17150 17149
f 17155 17154 17153 17158 17157 17156
f 17162 17161 17160 17159 17049
f 17050 17167 17165 17164 17163
f 17050 17163 17162 17049
f 17167 17166 17165
f 17170 17169 17168
f 17173 17172 17171
f 17175 17174 17178
f 17175 17178 17177 17176
f 17061 17179 16973 16965
f 8227 17066 17182 17181 17180
f 17180 8232 8227
f 17184 8239 8240 17183
f 17188 17187 17186 17185
f 17192 17191 17190
f 17190 17189 17071
f 17194 17193 17192
f 16950 17194 17192 17190 17071
f 17199 17198 17197
f 17196 17195 17193
f 17196 17200 17199 17197
f 17201 17200 17196 17193 17194
f 17203 17202 17207
f 17204 17182 17203 17207 17206
f 17206 17205 17204
f 17182 17068 17203
f 17210 17208 17197 17198
f 17210 17209 17204 17205 17208
f 17212 17211 7234 7235
f 7233 17213 17072 16954
f 17210 17224 17223
f 17218 17216 17215 17214
f 17218 17217 17216
f 17209 17210 17223
f 17221 17209 17223 17222
f 17225 17219 17218
f 17225 17220 17219
f 17225 17209 17221 17220
f 17074 17225 17218 17214 16974
f 17214 17200 16974
f 17232 17235 17234 17233
f 17231 17230 17229 17228
f 17227 17236 17232 17231 17228
f 17237 17236 17227
f 17236 17235 17232
f 7233 17238 17237 17227 17226 17213
f 7233 17240 17239 17238
f 17245 17229 17230 17244
f 17241 17240 17242 17233 17234
f 17241 17239 17240
f 17240 7234 17245 17243 17242
f 17245 17244 17243
f 17247 17246 17250 17249 17248
f 17251 17254 17253 17252
f 17257 17256 17179
f 16973 17179 17256 17261
f 17255 17258 17257 17179
f 16973 17260 17255 17110
f 17259 17258 17255
f 17260 17259 17255
f 16973 17261 17260
f 17175 17176 17264 17263 17262
f 17268 17079 17080 17267
f 17270 17269 17268
f 17265 17271 17270 17266
f 17270 17268 17267 17266
f 17151 17272 17271 17265 17150
f 17273 17278 17277 17276 17275 17274
f 17074 17281 17280 17279
f 17075 17282 17281 17074
f 17155 17156 17284 17283
f 17285 17290 17289 17288 17287 17286
f 17285 17291 17290
f 17002 17132 17293 17292
f 17292 17147 17002
f 17119 17120 17294
f 17296 17152 17295
f 17109 17110 17297 17296 17295
f 17305 17299 17298 17306
f 17145 17302 17301
f 17301 17300 17304 17303 17145
f 17304 17300 17299 17305
f 17123 17167 17050
f 17307 17172 17173
f 17168 17169 17308
f 17168 17308 17307 17173
f 17311 17310 17309 17212
f 17313 17312 17186
f 17186 17187 17314 17313
f 17315 17181 17182
f 17182 17209 17316 17315
f 17184 17319 17318
f 17317 17325 17324 17323
f 17322 17321 17320
f 17317 17323 17322
f 17322 17320 8239 17184 17318 17317
f 17327 17188 17329 17328
f 17335 17334 17333 17332
f 17330 17187 17188 17327 17335 17331
f 17327 17326 17335
f 17335 17332 17331
f 17339 17338 17337 17336
f 17245 17342 17341 17340
f 17345 17343 17245 7234
f 17343 17342 17245
f 17345 17344 17343
f 17341 17347 17349 17348 17340
f 17346 17352 17351 17350 17349 17347
f 17345 17309 17353 17352 17346 17344
f 17357 17356 17355 17354
f 17361 17360 17358 17357 17354
f 17360 17359 17358
f 17365 17364 17363 17362
f 17248 17249 17368 17367
f 17367 17366 17248
f 17371 17370 17369
f 17253 17373 17372 17252
f 17380 17379 17378
f 17380 17378 17377 17376
f 17276 17277 17380 17376 17375 17374
f 17384 17383 17382 17381
f 17387 17386 17385
f 17074 17388 17387 17385 17225
f 17279 17388 17074
f 17390 17385 17386 17389
f 17289 17290 17391 17390 17389
f 8228 17392 17310 17311
f 17399 17398 17397
f 17255 17399 17397 17396
f 17395 17394 17393
f 17110 17255 17396 17395 17393
f 17297 17402 17401
f 17297 17401 17400 17151
f 17407 17406 17405
f 17405 17404 17403
f 17403 10593 17277 17278 17407 17405
f 17408 17411 17410 17409
f 17411 17408 17290 17291 17413 17412
f 17225 17414 17316 17209
f 17225 17418 17417 17416
f 17225 17415 17414
f 17225 17416 17415
f 17425 17424 17423 17422
f 17427 17419 17324 17325
f 17420 17427 17426 17425 17422 17421
f 17420 17419 17427
f 17429 17428 17334 17440
f 17432 17437 17436 17435 17433
f 17435 17434 17433
f 17439 17430 17429 17440
f 17437 17432 17431 17430 17439 17438
f 17446 17445 17444
f 17447 17446 17444 17443
f 17448 17447 17339
f 17447 17443 17442
f 17339 17441 17451 17450 17449 17448
f 17339 17447 17442 17338
f 17454 17453 17452
f 17452 17392 8228 8229 17454
f 8237 17457 17456 17455
f 17459 17458 17312
f 17462 17461 17460
f 17463 17353 17309
f 17465 17464 17463
f 17310 17466 17465
f 17309 17310 17465 17463
f 17361 17472 17471 17470
f 17469 17468 17467 17360 17361 17470
f 17474 17473 17370 17371 17475
f 17477 17476 17457
f 17480 17479 17478
f 17477 17457 8239 17320 17480 17478
f 17487 17486 17485 17484
f 17490 17489 17483 17482 17481
f 17483 17489 17488 17487 17484
f 17492 17491 17314
f 17496 17495 17494
f 17493 17330 17496 17494
f 17187 17330 17493 17492 17314
f 17498 17497 17501 17500 17499
f 17506 17505 17504
f 17504 17503 17502
f 17506 17504 17502
f 17512 17511 17510
f 17512 17510 17509 17508 17507
f 10606 10603 17518 17517 17516
f 17399 17532 17531
f 17523 17522 17521
f 17535 17534 17533
f 17524 17523 17514
f 17537 17513 17402 17538
f 17519 17518 10603
f 17525 17535 17533 17398 17399 17531
f 17530 17529 17528 17527 17526
f 17537 17536 17514 17513
f 17394 17538 17402 17297
f 17531 17530 17526 17525
f 17525 17524 17514 17536 17535
f 17515 17520 17519 10603
f 17514 17523 17521 17520 17515
f 17539 10593 17403 17541 17540
f 17539 10602 10593
f 17409 17545 17544
f 17409 17544 17543 17542 17408
f 17225 17550 17549
f 17225 17549 17548 17547 17546
f 17556 17555 17554
f 17552 17551 17557 17556 17554 17553
f 17558 17382 17383 17561 17560 17559
f 17563 17277 10593 10594 17565 17564
f 17563 17562 17277
f 17569 17568 17567 17566 17570
f 17571 17572 10608 10609
f 17573 17391 17290
f 17290 17408 17574 17573
f 17579 17383 17384 17578 17577 17576
f 17579 17576 17575 17580
f 17591 17590 17589
f 17587 17592 17591 17589 17588
f 17602 17582 17581 17603
f 17598 17597 17585 17584 17583
f 17596 17595 17594 17593
f 17583 17582 17602 17599 17598
f 17602 17601 17600 17599
f 17586 17585 17597 17596 17593 17592
f 17592 17587 17586
f 17608 17607 17606
f 17608 17606 17605 17604
f 17462 17314 17491 17610
f 17462 17610 17609 17461
f 17615 17614 17613
f 17612 17611 17498
f 17498 17499 17620
f 17498 17620 17619
f 17617 17616 17615
f 17498 17619 17618
f 17612 17498 17618 17617 17615 17613
f 17453 17622 17621 17452
f 17476 17623 17456 17457
f 17629 17626 17625 17624
f 17629 17628 17627 17626
f 17489 17636 17635 17629 17624 17488
f 17635 17634 17633 17630 17629
f 17633 17632 17631 17630
f 17639 17638 17637
f 17641 17640 17639
f 17637 17643 17642 17641 17639
f 17338 17442 17645 17644
f 17650 17649 17648
f 17647 17646 17652 17651 17650 17648
f 17653 17433 17434
f 17654 17653 17434 17656 17655
f 17658 17657 17479
f 17659 17658 17479
f 17659 17479 17480
f 17660 17668 17667 17666
f 17665 17663 17489 17662 17661 17660
f 17489 17490 17662
f 17665 17664 17663
f 17660 17666 17665
f 17674 17673 17669 17667 17668
f 17672 17671 17663 17670
f 17663 17664 17670
f 17670 17669 17673 17672
f 17423 17424 17675
f 17677 17676 17680 17679 17678
f 17496 17682 17681 17495
f 17694 17685 17684 17683
f 17687 17686 17693 17692
f 17686 17685 17694 17693
f 17689 17688 17687
f 17692 17691 17690 17689 17687
f 17696 17695 17501 17683 17684 17705
f 17688 17689 17703
f 17698 17697 17704 17688 17703 17702
f 17695 17500 17501
f 17702 17701 17700 17699 17698
f 17696 17705 17704 17697
f 17466 17310 17392 17708 17707 17706
f 17468 17710 17709 17467
f 17606 17713 17712 17711
f 17556 17557 17724 17723
f 17594 17731 17717 17716 17715 17714
f 17556 17722 17721 17720
f 17594 17595 17731
f 17556 17723 17722
f 17727 17726 17729 17728 17602
f 17720 17719 17725 17556
f 17718 17717 17731 17730
f 17728 17601 17602
f 17718 17730 17729
f 17726 17725 17719 17718 17729
f 17732 17736 17735 17734
f 17732 17383 17738 17737 17736
f 17734 17733 17732
f 17733 17734 17741
f 17579 17739 17737 17738
f 17739 17579 17744 17740
f 17741 17740 17744 17743 17742
f 17742 17733 17741
f 17733 17742 17746 17745 17732
f 17750 17753 17752 17751
f 17567 17568 17748
f 17749 17748 17568 17753 17750
f 17748 17747 17567
f 17571 10609 17755 17754
f 17759 17758 17757
f 17756 17408 17542 17759 17757
f 17756 17574 17408
f 17764 17763 17762
f 17762 17761 17760
f 17762 17760 17602 17603 17765 17764
f 17768 17767 17766
f 17769 17773 17772 17771 17770
f 17775 17774 17773
f 17773 17769 17768
f 17579 17580 17775 17773 17768 17766
f 17780 17779 17778
f 17776 17392 17780 17778 17777
f 17785 17784 17783 17782
f 17452 17785 17782 17781
f 17452 17781 17779 17780
f 17786 17708 17776 17787 17783 17784
f 17776 17777 17787
f 17789 17788 11180 11177
f 17788 17790 11936 11180
f 17792 17791 17788 17789
f 11168 17793 11938 11929
f 11180 11936 11937 17794
f 11180 17794 17793 11168
f 17797 11931 11932 17796
f 17790 17797 17795 11935 11936
f 17797 17796 17795
f 17800 17803 17802 17801
f 17791 17806 17805
f 17791 17808 17807 17806
f 17790 17804 17803 17800
f 17790 17798 17791 17805 17804
f 17800 17799 17790
f 17810 17801 17802 17809
f 17811 17810 17809 17807 17808
f 17792 17818 17817 17816
f 17814 17813 17812
f 17816 17815 17792
f 17815 17814 17812
f 17792 17815 17812 17791
f 17820 17819 17817 17818
f 17820 11941 17812 17813 17819
f 17830 17829 17828 17827
f 17821 17797 17790 17826 17825
f 17790 17833 17832 17831
f 17790 17830 17827 17826
f 17821 17824 17823 17822
f 17825 17824 17821
f 17790 17831 17830
f 17836 17828 17829 17835
f 17799 17834 17832 17833
f 17842 17841 17840 17839 17838 17837
f 17834 17799 17842 17837 17836 17835
f 17810 17811 17843
f 17811 17791 11941 11942 17844
f 17853 11962 11963 17852
f 17861 17860 17859
f 17820 17862 17861
f 17851 17850 17849
f 17855 17854 17853
f 17820 17861 17859 17847 17846 17845
f 17855 17853 17852 17851 17849
f 17849 17857 17856
f 17849 17856 17855
f 17858 17857 17849 17848
f 17858 17848 17847 17859
f 17866 17865 17864 17863 17867
f 17873 17850 17851 17872
f 17869 17868 11955 17870
f 17868 17876 17875 17874
f 17870 11951 11941
f 11955 17868 17874 17873 17871 11954
f 17873 17872 17871
f 17870 11941 17845 17846 17869
f 17843 17811 17896 17895 17894
f 17891 17890 17889
f 17880 17883 17882 17881
f 17888 17887 17885 17884 17889
f 17889 17884 17883 17880 17891
f 17886 17885 17887
f 17879 17878 17892
f 17841 17843 17894 17893
f 17892 17891 17880 17879
f 17887 17821 17822 17886
f 17892 17878 17877 17840 17841 17893
f 17897 17895 17896
f 17844 17900 17898 17897 17896
f 17900 17899 17898
f 17902 17887 17888 17901
f 11987 17903 17901 17899 17900 11986
f 17903 17902 17901
f 17797 17905 11940 17904
f 17906 11964 11962 17853
f 17907 11981 11964 17906
f 17905 17910 17909 17908
f 17821 17915 17914 17913
f 17821 17913 17912
f 17911 17910 17905
f 17797 17821 17912 17911 17905
f 17908 17909 17916
f 17916 17914 17915
f 17915 17917 17908 17916
f 17917 12115 12106 17918
f 17921 17920 12200
f 17923 17922 17921
f 17923 17924 12030 12031
f 17919 17902 17925 17921 12200 17917
f 17921 17925 17924 17923
f 17905 12106 12028 11940
f 12106 12132 12055 17926
f 12134 12135 11981 17907
f 12264 12250 12271
f 12264 12271 12269
f 12264 12269 12270 12624
f 17937 17936 13233 17935 17934 17933
f 17931 17930 14140
f 17932 17931 14140 17929
f 17927 14163 14164
f 13768 17940 17939
f 17938 17937 17933 17932
f 13768 13233 17936 17940
f 13768 17939 17928 17927 14164
f 17939 17938 17932 17929 17928
f 17941 17934 17935
f 17930 17931 17941
f 17935 13394 17930 17941
f 14247 17944 17943 17942
f 14247 628 17948 17945
f 17948 17947 17946
f 17945 17944 14247
f 17948 17946 17945
f 17942 17943 17950
f 17949 17946 17947
f 17950 17949 17947
f 17942 17950 17947 14682
f 17954 17953 17952
f 17954 17952 17951 628
f 17959 17958 17957
f 17960 17959 17957 17956
f 629 17955 17953 17954
f 629 17960 17956 17955
f 17951 17952 17958
f 17951 17958 17959 17948
f 17948 15494 14963 14682
f 17960 17961 15494 17948
f 17960 629 15412 17964
f 17963 15409 15410
f 17960 17963 15410 17962
f 17960 17964 17963
f 15494 17972 17971 17970
f 17965 17968 17967 17966
f 17969 17968 17965
f 15494 17970 17969
f 15494 17969 17965 15493
f 17973 17971 17972
f 17966 17967 17973
f 17972 17961 17966 17973
f 17962 17974 17961 17960
f 15749 17977 16134 16135 17976
f 17975 15748 15749
f 17976 17975 15749
f 16436 17980 17979 17978
f 15410 17984 17983 17982
f 15410 17982 17981 17962
f 17962 17981 17980 16436
f 17984 15788 17978 17979 17985
f 17985 17983 17984
f 17965 10286 16051 15493
f 17962 16436 16544
f 17962 16544 16547
f 17962 16547 16548 17974
f 15995 16392 16280 15928
f 16052 17986 17977 15749
f 17987 17961 17991 17990 17989
f 17989 17988 17987
f 17992 17990 17991
f 17991 17974 17994 17993 17992
f 17987 17988 17997
f 17965 17987 17997 17996 17995
f 17999 17995 17998 17993 17994
f 17995 17996 17998
f 16280 18000 17986 16052
f 17999 10296 10286 17965
f 18002 18001 16357 16134
f 16548 16623 17999 17974
f 9462 18008 18007 18006
f 16326 9461 9462 18005
f 9462 18006 18005
f 18004 18003 16326
f 18005 18004 16326
f 18009 18007 18008
f 18003 18004 18010
f 18003 18010 18009
f 18003 18009 18008 11266
f 16385 18017 18016 18015
f 11266 18013 18012 18011
f 18014 18013 11266
f 16385 18015 18014
f 16385 18014 11266 16810
f 18018 18016 18017
f 18017 16326 18011 18012 18018
f 16392 18019 18000 16280
f 17986 18020 18001 17977
f 16393 18021 18019 16392
f 16751 18027 18026 18025
f 18023 18022 17999
f 17999 16623 16751 18024
f 18024 18023 17999
f 16751 18025 18024
f 10296 18028 18026 18027
f 18023 18028 10296 18022
f 18000 18029 18020 17986
f 18001 18030 9436 16357
f 16524 18031 18021 16393
f 18020 18032 18030 18001
f 18019 18033 18029 18000
f 18029 16953 18032 18020
f 18039 18038 18037 18036
f 18035 18034 10295
f 18039 18035 10295 10296
f 18039 18036 18035
f 18039 18041 18040 18038
f 18039 16751 16890 16891 18041
f 16875 18042 18044
f 18044 18043 16888 16875
f 16874 18046 18045 16873
f 18030 17062 9442 9436
f 18021 18047 18033 18019
f 18033 7232 16953 18029
f 18048 18051 18050 18049
f 18055 18054 18053
f 18031 18052 18051 18048
f 18055 18053 18031 16524
f 18053 18052 18031
f 18049 18050 18056
f 18056 18054 18055
f 18055 16702 18057 18049 18056
f 18057 18058 18048 18049
f 18031 18059 18047 18021
f 16750 16965 16890 16751
f 18032 17065 17062 18030
f 18058 18060 18059 18031
f 17062 17063 16925 9442
f 18047 7235 7232 18033
f 16953 16954 17065 18032
f 16827 17066 18058 16702
f 18059 17212 7235 18047
f 17066 18061 18060 18058
f 18060 17311 17212 18059
f 8227 8228 17311 18060
f 18072 18071 18070 18069
f 18064 18063 18062
f 17452 18074 18073 18072
f 18066 18065 18064
f 17785 18068 18064 18062
f 18068 18066 18064
f 18068 18067 18066
f 17785 17452 18072 18069 18068
f 18079 18078 18077 18076
f 17634 18081 18079 18076 18075 17633
f 17634 18082 18081
f 18081 18080 18079
f 18086 18085 18084 18083 18087
f 18092 18095 18094 18093
f 18088 18095 18091 18089
f 18095 18092 18091
f 18091 18090 18089
f 17617 18097 18096 17616
f 18100 18099 18098
f 18097 18101 18100 18098
f 18106 18105 18104 18103
f 18097 17617 18107 18106 18101
f 18106 18103 18102
f 18106 18102 18101
f 18110 18109 18108
f 18114 18113 18112 18111
f 18117 18116 18115
f 18118 18117 18115 17636 17489
f 18122 18121 18120 18119
f 17700 17701 18128 18127
f 17700 18127 18126 18125 18124 18123
f 18131 18130 18129 17690 17691
f 18132 18129 18130
f 18133 18132 18130
f 17617 17618 18133 18130 18134
f 18135 18139 18138 18137
f 18137 18136 18135
f 18149 18148 18152 18151 18150
f 18143 18142 17642
f 17643 18144 18143 17642
f 18152 18148 18147 18146 18145 18140
f 18140 18145 18144 17643 18141
f 18162 18161 18160
f 18164 18163 18162
f 18153 17655 17656 17547
f 18156 18155 18154
f 18159 18164 18162 18160
f 18159 18156 18154 17547 17548 18164
f 18154 18153 17547
f 18156 18159 18158 18157
f 18165 17555 18168
f 18168 18167 18166 18165
f 18118 17672 18172 18171 18170 18169
f 17691 17692 18176 18175
f 18175 18174 18173 17691
f 18134 18107 17617
f 18178 18110 18177
f 18114 18178 18177
f 18135 18136 18180
f 18135 18180 18179 18113 18114 18177
f 18187 18186 18185
f 18189 18188 18187
f 18120 18183 18182 18181
f 18192 18191 18190
f 18121 18192 18189 18185 18183 18120
f 18189 18187 18185
f 18192 18190 18189
f 18185 18184 18183
f 18087 18194 18193 18086
f 18198 18197 18196 18195
f 18208 18207 18206
f 18200 18199 18212 18211 18210
f 18202 18201 18210 18209 18208
f 18202 18208 18206 18205 18204 18203
f 18201 18200 18210
f 17691 18173 18215 18214 18213
f 18213 18131 17691
f 18217 18214 18215 18216
f 18157 18158 18218 18217 18216
f 18220 18219 18121 18122 18222 18221
f 18118 18169 18226 18225 18224 18223
f 18223 18117 18118
f 18228 18227 18139
f 18229 18234 18232 18231 18230
f 18234 18233 18232
f 18235 18238 18237 18236
f 18239 18242 18241 18240
f 18246 18245 18244 18243
f 18247 18167 18252 18251 18250 18249
f 17725 18255 18252 18167 17556
f 18249 18248 18247
f 18255 18254 18253 18252
f 18259 18258 18257
f 18257 18256 11670
f 18263 18262 18261
f 11677 18263 18261 18259 18257 11670
f 18261 18260 18259
f 18266 18250 18251 18265
f 18254 18268 18266 18264
f 18266 18265 18264
f 18268 18267 18266
f 18264 18253 18254
f 18158 18271 18270 18269
f 18158 18159 18272 18271
f 18273 18282 18281 18280
f 18276 18275 18274
f 18274 18273 18280 18279 18278 18276
f 18278 18277 18276
f 18284 18283 17746
f 18287 18286 18285
f 17746 17743 18287 18285 18284
f 18288 18291 18290 18289
f 18292 17744 17579 17766 18295
f 18292 18295 18294 18293
f 17602 18298 18297 18296
f 18296 17727 17602
f 17760 18299 18298 17602
f 17760 18300 18299
f 11676 18303 18302 18301 11675
f 18304 18307 18306 18305
f 10610 18311 18310 18309
f 10609 10610 18309 18308 17755
f 17755 18308 18307 18304
f 18321 18320 18319
f 18315 18314 18313
f 18322 18317 18316 18315
f 18318 18322 18321 18319
f 18325 18324 18323 18322 18315
f 18322 18318 18317
f 18313 18312 18325
f 18315 18313 18325
f 18326 18329 18328 18327
f 18219 18330 18329 18326
f 18331 18330 18219 18333 18332
f 18327 18328 18338
f 18192 18327 18338 18337
f 18336 18331 18332
f 18334 18192 18337 18336 18332 18335
f 18339 18229 18230 18350 18349
f 18343 18342 18341
f 18347 18346 18345
f 18348 18340 18339 18349
f 18345 18344 18343 18341 18347
f 18341 18340 18348
f 18341 18348 18347
f 18346 18236 18237 18345
f 18351 18342 18343
f 18352 18351 18343 18179
f 18352 18179 18180
f 18355 18354 18353 18240 18241
f 18359 18358 18357 18211 18356
f 18369 18368 18367
f 18367 18366 18365
f 18365 18364 18370 18369 18367
f 18364 18363 18362
f 18158 18269 18370
f 18158 18370 18364 18362 18361 18360
f 18372 18371 18277
f 18374 18365 18366 18373
f 18378 18377 18376 18362 18363 18375
f 18374 18373 18372
f 18278 18378 18374 18372 18277
f 18375 18374 18378
f 18379 18263 11677 18382 18381
f 18381 18380 18379
f 18387 18386 18385
f 18389 18388 18384 18383 18390
f 18279 18280 18384 18388 18387 18385
f 18393 18392 18391
f 18398 18397 18396 18395 18394
f 18400 18391 18389 18390 18401
f 18390 18404 18402 18401
f 18391 18400 18399 18398 18394 18393
f 18404 18403 18402
f 18407 18406 18405
f 18323 18324 18409 18408
f 18414 18417 18416 18415
f 18413 18412 18410 18418 18417 18414
f 18291 18410 18412 18411 18290
f 18423 18422 18421 18420
f 18424 18423 18420 18419 18425
f 18432 18428 18427 18426
f 18428 18432 18430 18429
f 18432 18431 18430
f 11678 18382 11677
f 18433 18422 18423 18435 18434
f 18438 18437 18436 18440 18439
f 18443 18442 18441
f 18444 18447 18446 18445
f 18396 18449 18448 18447 18444
f 18396 18397 18451 18450 18449
f 18453 18452 18406 18407
f 18460 18455 18453 18407
f 18455 18454 18453
f 18459 18458 18457
f 18460 18459 18457 18456
f 18460 18456 18455
f 18464 18463 18462 18461
f 18470 18469 18468
f 18466 18458 18459
f 18467 18377 18470 18468
f 18467 18466 18459
f 18377 18467 18459 18465
f 18474 18473 18472
f 18471 11685 11686
f 11686 18474 18472 18471
f 18465 18460 18477 18476 18475
f 18460 18478 18477
f 18485 18484 18483 18482
f 18485 18482 18481 18480 18479
f 18488 18487 18486
f 18490 18441 18442 18491
f 18441 18490 18488 18486
f 18490 18489 18488
f 18496 18499 18498 18497
f 18361 18465 18500 18496 18495 18492
f 18492 18495 18494 18493
f 18465 18501 18500
f 18500 18499 18496
f 18506 18505 18504
f 18504 18503 18502
f 18345 18506 18504 18502 18344
f 18507 18508 18493 18494
f 18497 18498 18513
f 18512 18507 18497 18513
f 18512 18479 18511 18510
f 18479 18480 18511
f 18503 18508 18507
f 18502 18503 18507 18512 18510 18509
f 18333 18515 18514 18335
